"Identifiant de la publication","ID de la Page","Nom de la page",Titre,Description,"Durée (s)","Heure de publication","Type de légende",Permalien,"Est un crosspostage","Est un partage","Type de publication",Langues,"Libellés personnalisés","Statut du contenu financé","Commentaire des données",Date,Vues,Couverture,"Réactions, commentaires et partages",Réactions,Commentaires,Partages,"Total des clics","Clics sur un lien","Autres clics","Vues de Publications organiques","Vues de Publications boostées","Couverture de Publications organiques","Couverture de Publications boostées","Vues de vidéo de 3 secondes","Vues de vidéo d’une minute","Spectateurs de 3 secondes","Spectateurs d’1 minute","Vues de vidéo de 3 secondes de Publications boostées","Vues de vidéo de 3 secondes de Publications organiques","Vues de vidéo d’1 minute de Recommandations","Vues de vidéo d’1 minute de Partages","Vues de vidéo d’1 minute de Followers","Vues de vidéo d’1 minute de Publications boostées","Secondes regardé(e) depuis Recommandations","Secondes regardé(e) depuis Partages","Secondes regardé(e) depuis Followers","Secondes regardé(e) depuis Publications boostées","Secondes moyen(ne) regardé(e) depuis Recommandations","Secondes moyen(ne) regardé(e) depuis Partages","Secondes moyen(ne) regardé(e) depuis Followers","Secondes moyen(ne) regardé(e) depuis Publications boostées","Commentaires négatifs de la part des utilisateurs","Avis négatifs uniques des utilisateurs","Pourcentage des vues de 15 secondes à un intervalle de 0","Pourcentage des vues de 15 secondes à un intervalle de 1","Pourcentage des vues de 15 secondes à un intervalle de 2","Pourcentage des vues de 15 secondes à un intervalle de 3","Pourcentage des vues de 15 secondes à un intervalle de 4","Pourcentage des vues de 15 secondes à un intervalle de 5","Pourcentage des vues de 15 secondes à un intervalle de 6","Pourcentage des vues de 15 secondes à un intervalle de 7","Pourcentage des vues de 15 secondes à un intervalle de 8","Pourcentage des vues de 15 secondes à un intervalle de 9","Pourcentage des vues de 15 secondes à un intervalle de 10","Pourcentage des vues de 15 secondes à un intervalle de 11","Pourcentage des vues de 15 secondes à un intervalle de 12","Pourcentage des vues de 15 secondes à un intervalle de 13","Pourcentage des vues de 15 secondes à un intervalle de 14","Pourcentage des vues de 15 secondes à un intervalle de 15","Pourcentage des vues de 15 secondes à un intervalle de 16","Pourcentage des vues de 15 secondes à un intervalle de 17","Pourcentage des vues de 15 secondes à un intervalle de 18","Pourcentage des vues de 15 secondes à un intervalle de 19","Pourcentage des vues de 15 secondes à un intervalle de 20","Pourcentage des vues de 15 secondes à un intervalle de 21","Pourcentage des vues de 15 secondes à un intervalle de 22","Pourcentage des vues de 15 secondes à un intervalle de 23","Pourcentage des vues de 15 secondes à un intervalle de 24","Pourcentage des vues de 15 secondes à un intervalle de 25","Pourcentage des vues de 15 secondes à un intervalle de 26","Pourcentage des vues de 15 secondes à un intervalle de 27","Pourcentage des vues de 15 secondes à un intervalle de 28","Pourcentage des vues de 15 secondes à un intervalle de 29","Pourcentage des vues de 15 secondes à un intervalle de 30","Pourcentage des vues de 15 secondes à un intervalle de 31","Pourcentage des vues de 15 secondes à un intervalle de 32","Consommation ciblage d’audience correspondante (Photo Click)","Consommation ciblage d’audience correspondante (Video Click)","Secondes regardé(e)","Secondes moyen(ne) regardé(e)","Revenus estimés (USD)","CPM publicitaire (USD)","Impressions publicitaires","Pourcentage du nombre total de vues à un intervalle de 0","Pourcentage du nombre total de vues à un intervalle de 1","Pourcentage du nombre total de vues à un intervalle de 2","Pourcentage du nombre total de vues à un intervalle de 3","Pourcentage du nombre total de vues à un intervalle de 4","Pourcentage du nombre total de vues à un intervalle de 5","Pourcentage du nombre total de vues à un intervalle de 6","Pourcentage du nombre total de vues à un intervalle de 7","Pourcentage du nombre total de vues à un intervalle de 8","Pourcentage du nombre total de vues à un intervalle de 9","Pourcentage du nombre total de vues à un intervalle de 10","Pourcentage du nombre total de vues à un intervalle de 11","Pourcentage du nombre total de vues à un intervalle de 12","Pourcentage du nombre total de vues à un intervalle de 13","Pourcentage du nombre total de vues à un intervalle de 14","Pourcentage du nombre total de vues à un intervalle de 15","Pourcentage du nombre total de vues à un intervalle de 16","Pourcentage du nombre total de vues à un intervalle de 17","Pourcentage du nombre total de vues à un intervalle de 18","Pourcentage du nombre total de vues à un intervalle de 19","Pourcentage du nombre total de vues à un intervalle de 20","Pourcentage du nombre total de vues à un intervalle de 21","Pourcentage du nombre total de vues à un intervalle de 22","Pourcentage du nombre total de vues à un intervalle de 23","Pourcentage du nombre total de vues à un intervalle de 24","Pourcentage du nombre total de vues à un intervalle de 25","Pourcentage du nombre total de vues à un intervalle de 26","Pourcentage du nombre total de vues à un intervalle de 27","Pourcentage du nombre total de vues à un intervalle de 28","Pourcentage du nombre total de vues à un intervalle de 29","Pourcentage du nombre total de vues à un intervalle de 30","Pourcentage du nombre total de vues à un intervalle de 31","Pourcentage du nombre total de vues à un intervalle de 32","Pourcentage du nombre total de vues à un intervalle de 33","Pourcentage du nombre total de vues à un intervalle de 34","Pourcentage du nombre total de vues à un intervalle de 35","Pourcentage du nombre total de vues à un intervalle de 36","Pourcentage du nombre total de vues à un intervalle de 37","Pourcentage du nombre total de vues à un intervalle de 38","Pourcentage du nombre total de vues à un intervalle de 39","Pourcentage du nombre total de vues à un intervalle de 40","Pourcentage des vues de 15 secondes à un intervalle de 33","Pourcentage des vues de 15 secondes à un intervalle de 34","Pourcentage des vues de 15 secondes à un intervalle de 35","Pourcentage des vues de 15 secondes à un intervalle de 36","Pourcentage des vues de 15 secondes à un intervalle de 37","Pourcentage des vues de 15 secondes à un intervalle de 38","Pourcentage des vues de 15 secondes à un intervalle de 39","Pourcentage des vues de 15 secondes à un intervalle de 40","Vues de vidéos de 3 secondes par audience principale (M, 25-34)","Vues de vidéos de 3 secondes par audience principale (M, 35-44)","Vues de vidéos de 3 secondes par audience principale (F, 25-34)","Vues de vidéos de 3 secondes par audience principale (M, 18-24)","Vues de vidéos de 3 secondes par audience principale (M, 45-54)","Vues de vidéos de 3 secondes par audience principale (F, 35-44)","Vues de vidéos de 3 secondes par audience principale (M, 65+)","Vues de vidéos de 3 secondes par audience principale (F, 18-24)","Vues de vidéos de 3 secondes par audience principale (M, 55-64)","Vues de vidéos de 3 secondes par audience principale (F, 45-54)","Vues de vidéos de 3 secondes par audience principale (F, 65+)","Vues de vidéos de 3 secondes par audience principale (F, 55-64)","Vues de vidéos de 3 secondes par pays (Togo (TG))","Vues de vidéos de 3 secondes par pays (France (FR))","Vues de vidéos de 3 secondes par pays (Burkina Faso (BF))","Vues de vidéos de 3 secondes par pays (Guinea-Bissau (GW))","Vues de vidéos de 3 secondes par pays (Benin (BJ))","Vues de vidéos de 3 secondes par pays (Canada (CA))","Vues de vidéos de 3 secondes par pays (Côte d'Ivoire (CI))","Vues de vidéos de 3 secondes par pays (Gabon (GA))","Vues de vidéos de 3 secondes par pays (Egypt (EG))","Vues de vidéos de 3 secondes par pays (United States (US))","Vues de vidéos de 3 secondes par pays (Tunisia (TN))","Vues de vidéos de 3 secondes par pays (Germany (DE))","Vues de vidéos de 3 secondes par pays (Switzerland (CH))","Vues de vidéos de 3 secondes par pays (Senegal (SN))","Vues de vidéos de 3 secondes par pays (Cameroon (CM))","Vues de vidéos de 3 secondes par pays (Russia (RU))","Vues de vidéos de 3 secondes par pays (Democratic Republic of the Congo (CD))","Vues de vidéos de 3 secondes par pays (Mali (ML))","Vues de vidéos de 3 secondes par pays (Belgium (BE))","Vues de vidéos de 3 secondes par pays (Niger (NE))","Vues de vidéos de 3 secondes par pays (Republic of the Congo (CG))","Vues de vidéos de 3 secondes par pays (Guinea (GN))","Vues de vidéos de 3 secondes par pays (French Polynesia (PF))","Vues de vidéos de 3 secondes par pays (Italy (IT))","Vues de vidéos de 3 secondes par pays (Central African Republic (CF))","Vues de vidéos de 3 secondes par pays (Mauritania (MR))","Vues de vidéos de 3 secondes par pays (Mayotte (YT))","Vues de vidéos de 3 secondes par pays (French Guiana (GF))","Vues de vidéos de 3 secondes par pays (Algeria (DZ))","Vues de vidéos de 3 secondes par pays (South Africa (ZA))","Vues de vidéos de 3 secondes par pays (Netherlands (NL))","Vues de vidéos de 3 secondes par pays (Ghana (GH))","Vues de vidéos de 3 secondes par pays (Mauritius (MU))","Vues de vidéos de 3 secondes par pays (New Caledonia (NC))","Vues de vidéos de 3 secondes par pays (Morocco (MA))","Vues de vidéos de 3 secondes par pays (Madagascar (MG))","Vues de vidéos de 3 secondes par pays (Mexico (MX))","Vues de vidéos de 3 secondes par pays (Réunion (RE))","Vues de vidéos de 3 secondes par pays (Nigeria (NG))","Vues de vidéos de 3 secondes par pays (China (CN))","Vues de vidéos de 3 secondes par pays (Chad (TD))","Vues de vidéos de 3 secondes par pays (Burundi (BI))","Vues de vidéos de 3 secondes par pays (Guadeloupe (GP))","Vues de vidéos de 3 secondes par pays (Latvia (LV))","Vues de vidéos de 3 secondes par pays (United Arab Emirates (AE))","Vues de vidéos de 3 secondes par pays (Saudi Arabia (SA))","Vues de vidéos de 3 secondes par pays (Haiti (HT))","Vues de vidéos de 3 secondes par pays (Rwanda (RW))","Vues de vidéos de 3 secondes par pays (Libya (LY))","Vues de vidéos de 3 secondes par pays (Comoros (KM))","Vues de vidéos de 3 secondes par pays (The Gambia (GM))","Vues de vidéos de 3 secondes par pays (United Kingdom (GB))","Vues de vidéos de 3 secondes par pays (Spain (ES))","Vues de vidéos de 3 secondes par pays (Uganda (UG))","Vues de vidéos de 3 secondes par pays (Yemen (YE))","Vues de vidéos de 3 secondes par pays (Angola (AO))","Vues de vidéos de 3 secondes par pays (Turkey (TR))","Vues de vidéos de 3 secondes par pays (Luxembourg (LU))","Vues de vidéos de 3 secondes par pays (Brazil (BR))","Vues de vidéos de 3 secondes par pays (Sweden (SE))","Vues de vidéos de 3 secondes par pays (Mozambique (MZ))","Vues de vidéos de 3 secondes par pays (Ireland (IE))","Vues de vidéos de 3 secondes par pays (Iraq (IQ))","Vues de vidéos de 3 secondes par pays (Tanzania (TZ))","Vues de vidéos de 3 secondes par pays (Belarus (BY))","Vues de vidéos de 3 secondes par pays (Ethiopia (ET))","Vues de vidéos de 3 secondes par pays (Israel (IL))","Vues de vidéos de 3 secondes par pays (Indonesia (ID))","Vues de vidéos de 3 secondes par pays (Vietnam (VN))","Vues de vidéos de 3 secondes par pays (Philippines (PH))","Vues de vidéos de 3 secondes par pays (Croatia (HR))","Vues de vidéos de 3 secondes par pays (Denmark (DK))","Vues de vidéos de 3 secondes par pays (Thailand (TH))","Vues de vidéos de 3 secondes par pays (Namibia (NA))","Vues de vidéos de 3 secondes par pays (Saint Vincent and the Grenadines (VC))","Commentaires négatifs des utilisateur(ice)s : Masquer","Avis négatifs uniques des utilisateurs : Masquer","Vues de vidéos de 3 secondes par pays (Martinique (MQ))","Vues de vidéos de 3 secondes par pays (Kuwait (KW))","Vues de vidéos de 3 secondes par pays (Seychelles (SC))","Vues de vidéos de 3 secondes par pays (Cape Verde (CV))","Vues de vidéos de 3 secondes par pays (Chile (CL))","Vues de vidéos de 3 secondes par pays (Ecuador (EC))","Vues de vidéos de 3 secondes par pays (Malaysia (MY))","Vues de vidéos de 3 secondes par pays (Portugal (PT))","Vues de vidéos de 3 secondes par pays (Turks and Caicos Islands (TC))","Vues de vidéos de 3 secondes par pays (Equatorial Guinea (GQ))","Vues de vidéos de 3 secondes par pays (Curaçao (CW))","Vues de vidéos de 3 secondes par pays (Malta (MT))","Vues de vidéos de 3 secondes par pays (India (IN))","Vues de vidéos de 3 secondes par pays (Djibouti (DJ))","Vues de vidéos de 3 secondes par pays (Qatar (QA))","Vues de vidéos de 3 secondes par pays (Kenya (KE))","Vues de vidéos de 3 secondes par pays (Iran (IR))","Vues de vidéos de 3 secondes par pays (Bangladesh (BD))","Vues de vidéos de 3 secondes par pays (Hong Kong (HK))","Vues de vidéos de 3 secondes par pays (Cuba (CU))","Vues de vidéos de 3 secondes par pays (Monaco (MC))","Vues de vidéos de 3 secondes par pays (Vanuatu (VU))","Vues de vidéos de 3 secondes par pays (South Korea (KR))","Vues de vidéos de 3 secondes par pays (Zambia (ZM))","Vues de vidéos de 3 secondes par pays (Somalia (SO))","Vues de vidéos de 3 secondes par pays (Japan (JP))","Vues de vidéos de 3 secondes par pays (Botswana (BW))","Vues de vidéos de 3 secondes par pays (Liberia (LR))","Vues de vidéos de 3 secondes par pays (Dominican Republic (DO))","Vues de vidéos de 3 secondes par pays (Oman (OM))","Vues de vidéos de 3 secondes par pays (Cyprus (CY))","Vues de vidéos de 3 secondes par pays (Finland (FI))","Vues de vidéos de 3 secondes par pays (Lebanon (LB))","Vues de vidéos de 3 secondes par pays (Australia (AU))","Vues de vidéos de 3 secondes par pays (Cambodia (KH))","Vues de vidéos de 3 secondes par pays (Bulgaria (BG))","Vues de vidéos de 3 secondes par pays (Poland (PL))","Vues de vidéos de 3 secondes par pays (Hungary (HU))","Vues de vidéos de 3 secondes par pays (Sierra Leone (SL))","Vues de vidéos de 3 secondes par pays (Ukraine (UA))","Vues de vidéos de 3 secondes par pays (Czech Republic (CZ))","Vues de vidéos de 3 secondes par pays (Norway (NO))","Vues de vidéos de 3 secondes par pays (Austria (AT))","Vues de vidéos de 3 secondes par pays (Estonia (EE))","Vues de vidéos de 3 secondes par pays (Sri Lanka (LK))","Vues de vidéos de 3 secondes par pays (Papua New Guinea (PG))","Vues de vidéos de 3 secondes par pays (Malawi (MW))","Vues de vidéos de 3 secondes par pays (Laos (LA))","Vues de vidéos de 3 secondes par pays (Singapore (SG))","Vues de vidéos de 3 secondes par pays (Peru (PE))","Vues de vidéos de 3 secondes par pays (Greece (GR))","Vues de vidéos de 3 secondes par pays (Sudan (SD))","Vues de vidéos de 3 secondes par pays (New Zealand (NZ))","Vues de vidéos de 3 secondes par pays (Serbia (RS))","Vues de vidéos de 3 secondes par pays (Slovakia (SK))","Vues de vidéos de 3 secondes par pays (Romania (RO))","Vues de vidéos de 3 secondes par pays (Mongolia (MN))","Vues de vidéos de 3 secondes par pays (Panama (PA))","Vues de vidéos de 3 secondes par pays (Georgia (GE))","Vues de vidéos de 3 secondes par pays (Pakistan (PK))","Vues de vidéos de 3 secondes par pays (Syria (SY))","Vues de vidéos de 3 secondes par pays (Lithuania (LT))","Vues de vidéos de 3 secondes par pays (Bahrain (BH))","Vues de vidéos de 3 secondes par pays (The Bahamas (BS))","Vues de vidéos de 3 secondes par pays (Trinidad and Tobago (TT))","Vues de vidéos de 3 secondes par pays (Guyana (GY))","Vues de vidéos de 3 secondes par pays (Zimbabwe (ZW))","Vues de vidéos de 3 secondes par pays (Antigua (AG))","Vues de vidéos de 3 secondes par pays (Barbados (BB))","Vues de vidéos de 3 secondes par pays (Fiji (FJ))","Vues de vidéos de 3 secondes par pays (Grenada (GD))","Vues de vidéos de 3 secondes par pays (Suriname (SR))","Vues de vidéos de 3 secondes par pays (Lesotho (LS))","Vues de vidéos de 3 secondes par pays (Jamaica (JM))"
1284047247169716,100066933574280,"Wakabi - Le guide des bons coins","Aujourd’hui, cap sur Banquet Royal, une adresse incontournable à Cotonou pour les amateurs de bonne cuisine et d’ambiance raffinée.

Situé au sein de l’élégant @royal_hnm à Cotonou (Akpakpa Sodjatinmè), ce restaurant offre un cadre chic et confortable, idéal pour une parenthèse gourmande en toute sérénité.

Entre plats savoureux, service attentionné et atmosphère soignée, chaque visite devient une véritable expérience culinaire. Que ce soit pour un déjeuner d’affaires, un dîner entre amis ou une occasion spéciale, Banquet Royal sait mettre tout le monde d’accord.

Retrouve Banquet Royal dès maintenant sur l’appli Wakabi et laisse-toi guider vers les meilleures adresses.

#wakabileguide #wakabi #wakabileguidedesbonscoins",,0,"03/30/2026 03:29",N/A,https://www.facebook.com/wakabileguide/posts/pfbid025QPk31F64YExaAzwgwRMKsseAitsC3i3gYnQBTZTcNiMjdQ889sVLUzd97GNEZLSl,0,0,Photos,,,,,Global,160,89,4,3,0,1,11,,3,160,0,89,0,0,0,0,0,0,0,0,0,0,0,0,0,0,0,0,0,0,0,0,0,,,,,,,,,,,,,,,,,,,,,,,,,,,,,,,,,,8,,,,,,,,,,,,,,,,,,,,,,,,,,,,,,,,,,,,,,,,,,,,,,,,,,,,,,,,,,,,,,,,,,,,,,,,,,,,,,,,,,,,,,,,,,,,,,,,,,,,,,,,,,,,,,,,,,,,,,,,,,,,,,,,,,,,,,,,,,,,,,,,,,,,,,,,,,,,,,,,,,,,,,,,,,,,,,,,,,,,,,,,,,,,,,,,,,,,,,,,,,,,,,,,,,,,,,,,,,
1391194983121608,100066933574280,"Wakabi - Le guide des bons coins","Le plus grand rendez-vous des passionnés de moto est de retour !
FTSM.Tg
BRéPAREZ-VOUS
Pendant 3 jours, viens vivre des démonstrations spectaculaires, découvrir des motos d'exception et partager une ambiance unique avec des centaines de passionnés.
CETEF Lomé
7 • 8 • 9 août 2026
1 000 FCFA / jour
Entrée gratuite pour les motards
Que tu sois motard ou amateur de sensations fortes, Moto Nation 3 t'attend. Ne manque pas l'événement !
#wakabi
#moto","Le plus grand rendez-vous des passionnés de moto est de retour !
FTSM.Tg
BRéPAREZ-VOUS
Pendant 3 jours, viens vivre des démonstrations spectaculaires, découvrir des motos d'exception et partager une ambiance unique avec des centaines de passionnés.
CETEF Lomé
7 • 8 • 9 août 2026
1 000 FCFA / jour
Entrée gratuite pour les motards
Que tu sois motard ou amateur de sensations fortes, Moto Nation 3 t'attend. Ne manque pas l'événement !
#wakabi
#moto",30,"07/31/2026 12:03",N/A,https://www.facebook.com/reel/2815973018777094/,0,0,Vidéos,,,,,Global,1683,1512,41,41,0,0,1,,1,1683,0,1512,0,495,0,480,0,0,495,0,0,0,0,4966.147,0,4233.527,0,4.198,0,11.859,0,0,0,1,1,1,0.99,0.99,0.99,1,1,1,1,1,1,1,1,1,1,1,0.99,0.97,0.93,0.9,0.88,0.85,0.82,0.73,0.57,0.46,0.41,0.37,0.32,0.26,0.21,0.16,,,9199.674,5.973,0,0,0,1,1,1,1,0.93,0.83,0.73,0.68,0.64,0.6,0.56,0.53,0.5,0.47,0.44,0.41,0.4,0.39,0.38,0.37,0.35,0.34,0.33,0.32,0.28,0.22,0.18,0.16,0.15,0.13,0.1,0.08,0.06,,,,,,,,,,,,,,,,,171,101,37,103,26,12,9,22,1,6,,,254,141,6,,12,3,9,5,,5,,,,2,4,,,3,13,1,,1,,1,,1,,,4,,,11,1,,5,1,,3,1,,,1,,,2,1,,,,,,,2,,,,1,,,,,,,,,,,,,,,,,,,,,,,,,,,,,,,,,,,,,,,,,,,,,,,,,,,,,1,,,,,,,,,,,,,,,,,,,,,,,,,,,,,,,,,,,,,,,,,
1391048429802930,100066933574280,"Wakabi - Le guide des bons coins","VSD avec Wakabi, c'est votre rendez-vous pour découvrir les meilleurs bons plans du week-end! Sorties, restos, événements et bonnes adresses... tout ce qu'il vous faut pour profiter de votre Vendredi, Samedi et Dimanche.
-• Téléchargez l'application Wakabi pour découvrir encore plus de bons plans près de chez vous et ne rien manquer!
#wakabi #wakabileguide#VSD","VSD avec Wakabi, c'est votre rendez-vous pour découvrir les meilleurs bons plans du week-end! Sorties, restos, événements et bonnes adresses... tout ce qu'il vous faut pour profiter de votre Vendredi, Samedi et Dimanche.
-• Téléchargez l'application Wakabi pour découvrir encore plus de bons plans près de chez vous et ne rien manquer!
#wakabi #wakabileguide#VSD",128,"07/31/2026 08:44",N/A,https://www.facebook.com/reel/869810642644655/,0,0,Vidéos,,,,,Global,811,733,19,19,0,0,3,,3,810,0,733,0,327,41,324,41,0,327,0,0,0,0,4248.847,0,3846.03,0,8.14,0,15.323,0,0,0,1,1,1,1,1,0.97,0.82,0.76,0.65,0.6,0.56,0.53,0.5,0.45,0.43,0.42,0.41,0.4,0.4,0.38,0.37,0.35,0.33,0.31,0.28,0.28,0.27,0.26,0.23,0.23,0.23,0.23,0.22,,,8094.877,10.472,0,0,0,1,0.96,0.64,0.48,0.37,0.33,0.28,0.26,0.22,0.2,0.2,0.18,0.17,0.15,0.15,0.14,0.14,0.13,0.13,0.13,0.13,0.12,0.12,0.1,0.09,0.09,0.09,0.09,0.08,0.08,0.08,0.08,0.07,0.06,0.04,0.03,0.03,0.02,0.02,0.02,0.01,0.16,0.12,0.1,0.08,0.05,0.05,0.05,0.04,100,47,36,66,12,14,12,23,5,7,2,1,223,13,3,1,10,2,9,2,,7,,,,1,3,,10,3,3,1,1,,,1,,,,,1,,,8,,,2,2,,,1,,1,,,,1,1,4,,,,,,,1,,2,1,,1,,,1,,,,,,,2,,,,,,,,,,1,,,1,,,,1,,,,,,,,,,,,,,,,,,,1,,,,,,,,1,,,,,,,,,,,,,,,,,,,,,,,,,,,,,,,,,,,,,,
1390160136558426,100066933574280,"Wakabi - Le guide des bons coins","Le plus grand rendez-vous des passionnés de moto est de retour !
Pendant 3 jours, prépare-toi à vivre une expérience hors du commun : démonstrations spectaculaires, motos d’exception, ambiance survoltée et des centaines de passionnés réunis au même endroit.
Que tu sois motard ou simplement amateur de sensations fortes, Moto Nation 3 est l’événement à ne surtout pas manquer.
📍CETEF Lomé
📆7 • 8 • 9 août 2026
Entrée publique: 1 000 FCFA / jour
Motards : entrée gratuite
Viens faire le plein d’adrénaline et vivre l’univers de la moto comme jamais auparavant. Rendez-vous à Moto Nation 3!
@FTSM.Tg 
#wakabileguide #wakabileguidedesbonscoins #wakabi",,0,"07/30/2026 09:46",N/A,https://www.facebook.com/wakabileguide/posts/pfbid02DbtnmRMpBYPsaJsdMHQsCPMs1rs4J3a8oDUvohYVpXXAKDxPbMwhSRTzyKQz7d1rl,0,0,Photos,,,,,Global,154,114,3,2,0,1,2,,1,154,0,114,0,0,0,0,0,0,0,0,0,0,0,0,0,0,0,0,0,0,0,0,0,,,,,,,,,,,,,,,,,,,,,,,,,,,,,,,,,,1,,,,,,,,,,,,,,,,,,,,,,,,,,,,,,,,,,,,,,,,,,,,,,,,,,,,,,,,,,,,,,,,,,,,,,,,,,,,,,,,,,,,,,,,,,,,,,,,,,,,,,,,,,,,,,,,,,,,,,,,,,,,,,,,,,,,,,,,,,,,,,,,,,,,,,,,,,,,,,,,,,,,,,,,,,,,,,,,,,,,,,,,,,,,,,,,,,,,,,,,,,,,,,,,,,,,,,,,,,
1389883283252778,100066933574280,"Wakabi - Le guide des bons coins","Le plus grand rendez-vous des passionnés de moto est de retour !
Pendant 3 jours, prépare-toi à vivre une expérience hors du commun : démonstrations spectaculaires, motos d'exception, ambiance survoltée et des centaines de passionnés réunis au même endroit.
Que tu sois motard ou simplement amateur de sensations fortes, Moto Nation 3 est l'événement à ne surtout pas manquer.
• CETEF Lomé
17 7 • 8 • 9 août 2026
Entrée publique: 1 000 FCFA / jour
Motards : entrée gratuite
Viens faire le plein d'adrénaline et vivre l'univers de la moto comme jamais auparavant. Rendez-vous à Moto Nation 3 !
@FTSM.Tg E
#wakabi #wakabileguide",,0,"07/30/2026 03:05",N/A,https://www.facebook.com/wakabileguide/posts/pfbid02i1mMLiCGC3A5Dd3dZotZpL1NMSdcjkFTDB5CsjE2LJi7EaNKXDMhkm382j8FpU7jl,0,0,Photos,,,,,Global,395,221,4,1,0,3,33,,14,395,0,221,0,0,0,0,0,0,0,0,0,0,0,0,0,0,0,0,0,0,0,0,0,,,,,,,,,,,,,,,,,,,,,,,,,,,,,,,,,,19,,,,,,,,,,,,,,,,,,,,,,,,,,,,,,,,,,,,,,,,,,,,,,,,,,,,,,,,,,,,,,,,,,,,,,,,,,,,,,,,,,,,,,,,,,,,,,,,,,,,,,,,,,,,,,,,,,,,,,,,,,,,,,,,,,,,,,,,,,,,,,,,,,,,,,,,,,,,,,,,,,,,,,,,,,,,,,,,,,,,,,,,,,,,,,,,,,,,,,,,,,,,,,,,,,,,,,,,,,
1388331243407982,100066933574280,"Wakabi - Le guide des bons coins","Immersion EVALA 2026
#wakabileguide
#immersionévala
#2026","Immersion EVALA 2026
#wakabileguide
#immersionévala
#2026",73,"07/28/2026 08:44",N/A,https://www.facebook.com/reel/1563770361815599/,0,0,Vidéos,,,,,Global,856,795,26,26,0,0,8,,8,856,0,795,0,471,35,448,35,0,471,0,0,0,0,4496.71,0,3582.628,0,8.976,0,12.023,0,0,0,0.98,0.97,0.99,0.99,0.99,1,1,0.98,0.98,0.92,0.85,0.81,0.76,0.71,0.66,0.66,0.63,0.61,0.61,0.6,0.56,0.54,0.53,0.51,0.49,0.44,0.41,0.39,0.39,0.36,0.37,0.35,0.34,,,8079.338,10.111,0,0,0,0.99,0.99,0.87,0.67,0.44,0.38,0.3,0.27,0.24,0.22,0.2,0.19,0.18,0.17,0.16,0.15,0.15,0.14,0.14,0.14,0.13,0.12,0.12,0.12,0.11,0.1,0.09,0.09,0.09,0.08,0.08,0.08,0.08,0.08,0.08,0.07,0.05,0.03,0.03,0.02,0.02,0.34,0.34,0.29,0.21,0.11,0.11,0.09,0.09,178,44,50,102,7,19,12,37,1,9,2,,334,18,,,25,4,21,4,,12,,,,,,1,7,7,2,4,,1,,,,1,,,,,,16,,,2,1,,,3,,,,,,,1,2,,,,,,,,,,1,,1,,,1,,,,,,,,,,,,,,,,,,,,,,,,,1,,,,,,,,,,,,,,,,,,,,,,,,,,,,,,,,,,,,,,,,,1,,,,,,,,,,,,,,,,,,,,,,,
1383746027199837,100066933574280,"Wakabi - Le guide des bons coins","La FTSM.Tg  vous donne
rendez-vous pour le Moto Nation Édition 3 !
Du 7 au 9 août, le CETEF Lomé vibrera au rythme des sports mécaniques.
Préparez-vous à un week-end de spectacle et d'adrénaline.
#moto
#Wakabi
#wakabileguide","La FTSM.Tg  vous donne
rendez-vous pour le Moto Nation Édition 3 !
Du 7 au 9 août, le CETEF Lomé vibrera au rythme des sports mécaniques.
Préparez-vous à un week-end de spectacle et d'adrénaline.
#moto
#Wakabi
#wakabileguide",45,"07/23/2026 05:43",auto,https://www.facebook.com/reel/1631618678583693/,0,0,Vidéos,,,,,Global,1251,1119,17,15,1,1,4,,4,1251,0,1119,0,447,0,444,0,0,447,0,0,0,0,4369.786,36.102,3220.167,0,5.574,2.778,9.227,0,0,0,1,1,1,1,1,1,1,1,1,1,1,1,1,0.99,0.97,0.94,0.91,0.89,0.84,0.81,0.79,0.75,0.74,0.72,0.71,0.67,0.65,0.55,0.49,0.46,0.46,0.45,0.45,,,7626.055,6.654,0,0,0,1,1,0.99,0.92,0.73,0.6,0.5,0.45,0.42,0.39,0.34,0.31,0.29,0.28,0.27,0.25,0.24,0.24,0.23,0.22,0.21,0.2,0.2,0.19,0.19,0.18,0.17,0.15,0.13,0.13,0.13,0.13,0.12,0.12,0.12,0.12,0.09,0.07,0.05,0.04,0.03,0.45,0.44,0.43,0.34,0.24,0.19,0.15,0.11,156,40,48,106,5,11,9,30,2,7,2,,348,13,12,,8,3,13,4,,9,1,,,,3,1,2,2,,4,1,1,,,,,,,1,,,6,1,1,3,1,,,,,,,1,,1,,2,,,,,,,,,,1,,,,,1,1,,,,,,,,,,,,,,,,,,,,,,,,,,,1,,,,,,,,,,,,,,,,,,,,,,,,,,,,,,,,,,,,,,,,,,,,,,,,,,,1,,,,,,,,,,
1382904960617277,100066933574280,"Wakabi - Le guide des bons coins","Ambiance Sans Filtres 🏁🔥

, les pneus ont chauffé et l’adrénaline était à son comble ! On s’est glissés dans l’événement pour poser quelques questions aux pilotes : sensations sur la piste, préparation avant la course, et petites confidences sur leur passion pour le drift. Entre virages maîtrisés et fumée de pneus, nui u l’ambiance était électrique.

Restez branchés, les réponses les plus fun arrivent très bientôt sur Wakabi 👀🔥
#wakabi
#drift
#wakabileguide","Ambiance Sans Filtres 🏁🔥

, les pneus ont chauffé et l’adrénaline était à son comble ! On s’est glissés dans l’événement pour poser quelques questions aux pilotes : sensations sur la piste, préparation avant la course, et petites confidences sur leur passion pour le drift. Entre virages maîtrisés et fumée de pneus, nui u l’ambiance était électrique.

Restez branchés, les réponses les plus fun arrivent très bientôt sur Wakabi 👀🔥
#wakabi
#drift
#wakabileguide",154,"07/22/2026 04:46",auto,https://www.facebook.com/reel/1584056603303554/,0,0,Vidéos,,,,,Global,1188,1143,39,39,0,0,5,,5,1186,0,1143,0,602,58,585,58,0,602,0,0,0,0,8569.601,0,5240.825,0,11.276,0,14.478,0,0,0,1,0.99,0.99,0.99,0.94,0.8,0.71,0.61,0.57,0.49,0.47,0.44,0.4,0.38,0.36,0.37,0.36,0.34,0.33,0.31,0.3,0.28,0.27,0.25,0.23,0.22,0.23,0.22,0.21,0.19,0.17,0.17,0.17,,,13810.426,12.308,0,0,0,0.99,0.81,0.53,0.35,0.26,0.22,0.2,0.17,0.16,0.14,0.13,0.12,0.11,0.1,0.1,0.1,0.1,0.1,0.09,0.09,0.08,0.08,0.07,0.07,0.06,0.06,0.06,0.06,0.06,0.05,0.05,0.05,0.05,0.04,0.04,0.04,0.04,0.03,0.02,0.01,0.01,0.16,0.14,0.15,0.16,0.11,0.07,0.04,0.04,184,65,55,134,27,17,17,47,1,5,1,,417,21,20,,20,7,16,5,,17,,3,,5,9,3,8,9,4,4,1,3,,1,,,1,,3,,,8,,,2,,,,1,,,1,1,,3,,3,,,,,,,,,,,,,,,1,,,,,,,,,,,,,,,,,1,,1,,,,,,,,,1,,,1,,,,,,,,,,,,,,,,,1,,,,,,,,,,,,,,,,,,,,,,,,,,,,,,,,,,,,,,,,,
1380389570868816,100066933574280,"Wakabi - Le guide des bons coins","JEU CONCOURS • LA SURPRISE
WAKABI
Alerte bon plan !
Vous aimez les découvertes et les
surprises ? Pour vous remercier d'être chaque jour plus nombreux ici, l'équipe de Wakabi le guide vous a préparé un cadeau très spécial : un coffret surprise unique à gagner !
Pour tenter votre chance et repartir avec ce super lot, c'est super simple. Il vous suffit de :
Vous abonner à notre page wakabileguide (si ce
n'est pas encore fait ! (3)
Liker cette vidéo et commenter en taguant un(e)
ami(e) avec qui vous aimeriez partager nos prochains bons plans. (Plus vous commentez en taguant des amis différents, plus vous augmentez vos chances !)
BONUS : Partagez cette vidéo dans votre story en nous identifiant pour doubler vos chances de tirage au sort! 1
Z Vous avez jusqu'au 26 juillet pour participer. Les résultats seront annoncés ce jour-là en story !
Bonne chance à tous les explorateurs de bons plans
#wakabi
#wakabileguide","JEU CONCOURS • LA SURPRISE
WAKABI
Alerte bon plan !
Vous aimez les découvertes et les
surprises ? Pour vous remercier d'être chaque jour plus nombreux ici, l'équipe de Wakabi le guide vous a préparé un cadeau très spécial : un coffret surprise unique à gagner !
Pour tenter votre chance et repartir avec ce super lot, c'est super simple. Il vous suffit de :
Vous abonner à notre page wakabileguide (si ce
n'est pas encore fait ! (3)
Liker cette vidéo et commenter en taguant un(e)
ami(e) avec qui vous aimeriez partager nos prochains bons plans. (Plus vous commentez en taguant des amis différents, plus vous augmentez vos chances !)
BONUS : Partagez cette vidéo dans votre story en nous identifiant pour doubler vos chances de tirage au sort! 1
Z Vous avez jusqu'au 26 juillet pour participer. Les résultats seront annoncés ce jour-là en story !
Bonne chance à tous les explorateurs de bons plans
#wakabi
#wakabileguide",17,"07/19/2026 06:35",N/A,https://www.facebook.com/reel/1973959346567469/,0,0,Vidéos,,,,,Global,2340,1910,88,61,23,4,29,,29,2337,0,1910,0,1147,0,1095,0,0,1147,0,0,0,0,8261.561,162.233,4891.256,0,5.698,4.507,8.992,0,0,0,1,1,1,1,1,1,1,1,1,1,1,1,1,1,1,1,1,1,1,0.89,0.74,,,,,,,,,,,,,,,13315.05,6.559,0,0,0,1,1,1,1,0.93,0.77,0.65,0.51,0.46,0.42,0.38,0.34,0.31,0.29,0.27,0.26,0.25,0.23,0.2,0.16,0.13,,,,,,,,,,,,,,,,,,,,,,,,,,,,,358,118,142,226,35,84,20,111,10,15,11,6,817,38,16,,43,12,43,11,,25,,4,2,9,16,2,12,8,9,8,2,7,,1,3,1,,,2,1,,30,2,,2,1,,2,3,1,1,,,,1,1,1,,,,,1,1,,,1,,,,,,1,,,,,,,,,,,,,,,,,1,,1,1,,,,,2,,,,,,,,,,,,,,,,,,,,,,,,,,,,,,,,,,,,,,,,,,,,1,,,,,,,,,,,,,,,,,,,,
1380166744224432,100066933574280,"Wakabi - Le guide des bons coins","Wakabi t'offre 2 passes duo pour assister à ALPHEENOMENAL - English Comedy Tour présenté par Alphée !
Pour participer :
Être abonné à wakabileguide et
@alpheenomenal
Taguer 2 amis en commentaire qui devront traduire la phrase « Essô koumè
Léna Avou ».
On a hâte de voir vos traductions
#wakabileguide #wakabi
#wakabileguidedesbonscoins #togo","Wakabi t'offre 2 passes duo pour assister à ALPHEENOMENAL - English Comedy Tour présenté par Alphée !
Pour participer :
Être abonné à wakabileguide et
@alpheenomenal
Taguer 2 amis en commentaire qui devront traduire la phrase « Essô koumè
Léna Avou ».
On a hâte de voir vos traductions
#wakabileguide #wakabi
#wakabileguidedesbonscoins #togo",46,"07/19/2026 00:45",N/A,https://www.facebook.com/reel/1002605245981203/,0,0,Vidéos,,,,,Global,1657,1491,30,29,1,0,7,,7,1657,0,1491,0,646,0,642,0,0,646,0,0,0,0,6411.722,0,2784.223,0,5.635,0,6.909,0,0,0,1,1,1,1,1,1,1,1,1,1,1,1,1,1,0.95,0.92,0.88,0.81,0.78,0.72,0.72,0.67,0.63,0.57,0.52,0.5,0.5,0.46,0.45,0.41,0.39,0.36,0.34,,,9195.945,5.967,0,0,0,1,1,1,0.93,0.69,0.59,0.52,0.43,0.37,0.33,0.28,0.24,0.22,0.2,0.19,0.18,0.17,0.16,0.15,0.14,0.14,0.13,0.12,0.11,0.1,0.1,0.1,0.09,0.09,0.08,0.08,0.07,0.07,0.06,0.06,0.06,0.05,0.04,0.03,0.03,0.02,0.31,0.29,0.28,0.23,0.19,0.17,0.16,0.13,198,84,87,145,20,32,11,47,6,7,1,,416,22,15,,17,15,32,6,,20,,3,,7,5,2,16,18,3,4,1,4,,2,2,,,1,2,,,10,1,,3,1,,,4,,2,,,,3,1,,,,,,,,,,,,1,,,,1,,,,,,,,,1,,,,,,,,,,,,,,1,,2,,,,,,1,,,1,,,,,,,,,,,,,,,,,,,,,,,,,,,,,,,,,,,,,,,,,,,,,,,,,,,,,,,
1379289757645464,100066933574280,"Wakabi - Le guide des bons coins","C’était la finale de yadèbowou
#sans filtre 
#Evala2026
#kara","C’était la finale de yadèbowou
#sans filtre 
#Evala2026
#kara",63,"07/18/2026 02:57",auto,https://www.facebook.com/reel/1805159657117838/,0,0,Vidéos,,,,,Global,1928,1845,63,63,0,0,13,,13,1928,0,1845,0,907,40,872,40,0,907,0,0,0,0,13874.257,0,4161.75,0,9.84,0,10.102,0,0,0,1,1,1,1,1,1,1,1,1,1,0.94,0.84,0.78,0.75,0.66,0.64,0.64,0.62,0.6,0.6,0.59,0.59,0.59,0.57,0.55,0.54,0.53,0.51,0.5,0.47,0.46,0.43,0.43,,,18036.007,9.899,0,0,0,1,1,0.97,0.79,0.66,0.59,0.54,0.45,0.36,0.34,0.3,0.27,0.25,0.24,0.21,0.21,0.21,0.2,0.19,0.19,0.19,0.19,0.19,0.19,0.18,0.18,0.17,0.16,0.16,0.15,0.15,0.14,0.14,0.14,0.13,0.12,0.11,0.08,0.05,0.03,0.03,0.43,0.39,0.37,0.33,0.23,0.15,0.1,0.09,286,100,135,184,18,48,12,72,8,18,10,1,594,28,25,,36,8,50,4,,17,2,7,1,7,9,1,19,12,5,7,4,8,,6,,1,,,2,,,24,,,8,3,1,,3,1,,,,,2,,2,,,3,,,,,,1,1,1,1,,1,,,,,,,,,,,,,,,,,,,,,,,,,,1,,,,,,,,,,,,1,,,,,,,,,,,,,,,,,,,,,,,,,,,,,,,,,,,,,,,,,,,,,,,,,,,,
1379257644315342,100066933574280,"Wakabi - Le guide des bons coins","Immersion totale dans l’univers du drift 🔥
Fumée, vitesse, adrénaline pure… On était sur place pour vous faire vivre cet événement drift comme si vous y étiez ! 🚗💨
#wakabi
#sans filtre 
#wakabileguide","Immersion totale dans l’univers du drift 🔥
Fumée, vitesse, adrénaline pure… On était sur place pour vous faire vivre cet événement drift comme si vous y étiez ! 🚗💨
#wakabi
#sans filtre 
#wakabileguide",141,"07/18/2026 01:59",auto,https://www.facebook.com/reel/1551416359761983/,0,0,Vidéos,,,,,Global,21354,18303,1306,1282,11,13,512,,512,21299,0,18303,0,14123,4150,12644,3961,0,14123,0,0,0,0,574878.512,932.703,77958.426,0,32.434,10.721,52.675,0,0,0,1,1,1,1,1,0.94,0.89,0.84,0.75,0.72,0.68,0.64,0.62,0.6,0.57,0.55,0.53,0.53,0.51,0.49,0.49,0.48,0.47,0.45,0.43,0.43,0.42,0.4,0.39,0.34,0.3,0.27,0.25,,,653769.641,33.888,0,0,0,1,0.97,0.76,0.64,0.57,0.53,0.5,0.47,0.42,0.4,0.38,0.36,0.35,0.34,0.32,0.31,0.3,0.3,0.29,0.28,0.27,0.27,0.26,0.25,0.24,0.24,0.23,0.23,0.22,0.19,0.17,0.15,0.14,0.13,0.13,0.13,0.12,0.11,0.1,0.1,0.09,0.23,0.23,0.22,0.21,0.2,0.18,0.17,0.16,6675,2006,489,3601,289,150,324,364,44,34,11,13,10985,155,189,,288,109,407,69,,251,,48,9,54,14,34,7,161,44,91,11,41,,22,,5,,,9,5,6,711,,,54,4,,,140,10,4,,,,52,,,,,4,,5,,,,,5,3,7,,,5,,,,,,,,5,,,,,,,,,4,,,,,,,,10,,,9,,,,,,,,,,,,,4,,4,,,,,3,,,,,,,,,,,,,,,,,,,,,,,,,,,5,,,,,,,,,,,,,,
1379161410991632,100066933574280,"Wakabi - Le guide des bons coins","Peu importe la situation, il y a un réflexe à avoir : Wakabi. -""
Trouve les meilleurs endroits, les événements du moment et plein d'autres bons plans en quelques clics.
Télécharge dès maintenant Wakabi et ne manque plus aucune sortie !
#wakabi
#application wakabi

https://play.google.com/store/apps/details?id=com.wakabi.wakabimobile","Peu importe la situation, il y a un réflexe à avoir : Wakabi. -""
Trouve les meilleurs endroits, les événements du moment et plein d'autres bons plans en quelques clics.
Télécharge dès maintenant Wakabi et ne manque plus aucune sortie !
#wakabi
#application wakabi

https://play.google.com/store/apps/details?id=com.wakabi.wakabimobile",13,"07/17/2026 23:07",N/A,https://www.facebook.com/reel/1074902451738209/,0,0,Vidéos,,,,,Global,1788,1531,33,32,0,1,1,,1,1786,0,1531,0,695,0,687,0,0,695,0,0,0,0,5436.845,56.64,1927.137,0,4.639,7.08,4.942,0,0,0,1,1,1,1,1,1,1,1,1,1,1,1,1,1,1,1,0.85,,,,,,,,,,,,,,,,,,,7420.622,4.726,0,0,0,1,1,1,1,0.96,0.82,0.71,0.64,0.54,0.46,0.4,0.33,0.3,0.27,0.21,0.16,0.12,,,,,,,,,,,,,,,,,,,,,,,,,,,,,,,,,226,78,81,169,20,22,8,52,3,11,5,3,475,20,14,,33,7,30,3,,12,,3,,2,12,3,7,13,2,4,4,2,,,2,,1,,1,,1,20,,,6,1,,,1,2,4,,,,2,,,,,1,,,,,,,1,,1,,,1,,,,,,,,,,1,,,,,,,1,,,,,,,,1,,,,,,,,,,,,,,,,,,,,,,1,,,,,,,,,,,,,,,,,,,,,,,,,,,,,,,,,,,,,,,,,,
1378930317681408,100066933574280,"Wakabi - Le guide des bons coins","VSD avec Wakabi, c'est votre rendez-vous pour découvrir les meilleurs bons plans du week-end ! Sorties, restos, événements et bonnes adresses... tout ce qu'il vous faut pour profiter de votre Vendredi, Samedi et Dimanche.
Téléchargez l'application Wakabi pour découvrir encore plus de bons plans près de chez vous et ne rien manquer !
#wakabi
#VSD
#wakabileguide","VSD avec Wakabi, c'est votre rendez-vous pour découvrir les meilleurs bons plans du week-end ! Sorties, restos, événements et bonnes adresses... tout ce qu'il vous faut pour profiter de votre Vendredi, Samedi et Dimanche.
Téléchargez l'application Wakabi pour découvrir encore plus de bons plans près de chez vous et ne rien manquer !
#wakabi
#VSD
#wakabileguide",9,"07/17/2026 15:14",auto,https://www.facebook.com/reel/1478855594268393/,0,0,Vidéos,,,,,Global,2270,1627,59,59,0,0,2,,2,2269,0,1627,0,855,0,849,0,0,855,0,0,0,0,7024.059,0,2329.236,0,5.629,0,5.912,0,0,0,1,1,1,1,1,1,1,1,1,1,1,1,0.99,,,,,,,,,,,,,,,,,,,,,,,9353.295,5.696,0,0,0,1,1,1,1,1,0.91,0.81,0.73,0.66,0.6,0.57,0.54,0.52,,,,,,,,,,,,,,,,,,,,,,,,,,,,,,,,,,,,,276,92,97,202,20,25,19,69,1,7,4,2,596,22,11,,39,5,44,8,,18,,6,,4,5,2,7,13,6,4,3,3,,3,1,,,,2,1,,27,,,6,,,,5,1,,,1,,2,1,1,,,,,,1,,,2,,,1,,,1,,,,,,1,,,,,,,,,,,,,,,,,,,,,,,,,,,,,,,,,,,,,,,,,,,,,,,,,,,,,,,,,,,,,,,1,1,,,,,,,,,,,,,,,,,,,
1377084437865996,100066933574280,"Wakabi - Le guide des bons coins","Le Sans Filtres de Wakabi s'est rendu à Djamdè pour les Evala 2026 !
Entre confiance, détermination et esprit de compétition, les habitants nous ont partagé leurs préparatifs ainsi que les nouveautés à découvrir cette année.
Découvrez toute l'ambiance des Evala avec Wakabi et téléchargez l'application pour ne rien manquer des meilleurs spots et expériences au
Togo
#kara #evala2026 #wakabi
#wakabileguide","Le Sans Filtres de Wakabi s'est rendu à Djamdè pour les Evala 2026 !
Entre confiance, détermination et esprit de compétition, les habitants nous ont partagé leurs préparatifs ainsi que les nouveautés à découvrir cette année.
Découvrez toute l'ambiance des Evala avec Wakabi et téléchargez l'application pour ne rien manquer des meilleurs spots et expériences au
Togo
#kara #evala2026 #wakabi
#wakabileguide",157,"07/15/2026 11:09",N/A,https://www.facebook.com/reel/2499961820463365/,0,0,Vidéos,,,,,Global,2321,2207,133,128,3,2,55,,55,2317,0,2207,0,1491,174,1456,173,0,1491,0,0,0,0,27521.777,472.342,11281.666,0,16.56,11.521,23.902,0,0,0,1,1,1,1,0.95,0.72,0.61,0.56,0.53,0.52,0.48,0.46,0.44,0.41,0.4,0.36,0.35,0.34,0.33,0.31,0.28,0.28,0.27,0.25,0.25,0.24,0.24,0.22,0.22,0.2,0.18,0.16,0.15,,,39275.785,18.057,0,0,0,0.99,0.88,0.6,0.45,0.32,0.24,0.21,0.19,0.18,0.17,0.16,0.15,0.15,0.14,0.13,0.12,0.12,0.11,0.11,0.1,0.1,0.09,0.09,0.08,0.08,0.08,0.08,0.07,0.07,0.07,0.06,0.05,0.05,0.05,0.05,0.05,0.04,0.04,0.02,0.02,0.01,0.16,0.15,0.14,0.13,0.12,0.06,0.05,0.04,459,186,190,269,40,73,24,119,6,21,13,2,1068,49,29,,46,20,62,4,,32,1,9,1,11,11,1,3,18,10,11,3,7,,2,,1,,,2,,1,40,,,10,,,,7,1,2,1,,,6,1,,,1,,2,2,,,,1,,,1,,,,,,,,,,,,,,,,,,,,,,,1,,,,,3,,,1,,,,,,1,,,,,,,,,1,,,,,2,,,,,,1,,1,,,,,,,,,,,,,,,,,,,,,,,,,,,,,,,,,
1376215961286177,100066933574280,"Wakabi - Le guide des bons coins","BIJOULIE BAR KARA, c'est l'adresse parfaite pour découvrir de beaux accessoires et profiter d'un moment de détente autour d'un repas ou d'un verre en plein air à Kara.
Téléchargez Wakabi pour découvrir encore plus de bonnes adresses près de chez vous et dites-nous en commentaire si vous connaissez déjà
Bijoulie !
#kara
#bijoulie
#wakabi
#explorewithwakabi","BIJOULIE BAR KARA, c'est l'adresse parfaite pour découvrir de beaux accessoires et profiter d'un moment de détente autour d'un repas ou d'un verre en plein air à Kara.
Téléchargez Wakabi pour découvrir encore plus de bonnes adresses près de chez vous et dites-nous en commentaire si vous connaissez déjà
Bijoulie !
#kara
#bijoulie
#wakabi
#explorewithwakabi",238,"07/14/2026 10:37",auto,https://www.facebook.com/reel/1780678019953136/,0,0,Vidéos,,,,,Global,1799,1630,50,48,0,2,16,,16,1794,0,1630,0,582,119,568,116,0,582,0,0,0,0,22255.027,10.979,7709.064,0,16.873,10.979,20.076,0,0,0,1,1,1,0.91,0.78,0.63,0.58,0.52,0.48,0.45,0.42,0.4,0.39,0.37,0.35,0.35,0.34,0.34,0.31,0.3,0.3,0.3,0.3,0.3,0.3,0.29,0.3,0.3,0.29,0.29,0.29,0.29,0.29,,,29975.07,17.591,0,0,0,1,0.75,0.55,0.44,0.37,0.3,0.28,0.25,0.23,0.21,0.2,0.19,0.19,0.18,0.17,0.17,0.16,0.16,0.15,0.14,0.14,0.14,0.15,0.15,0.14,0.14,0.14,0.14,0.14,0.14,0.14,0.14,0.14,0.14,0.13,0.13,0.12,0.11,0.07,0.04,0.02,0.28,0.28,0.27,0.24,0.22,0.15,0.08,0.05,163,69,112,78,23,46,10,44,7,8,10,3,395,25,16,,24,6,28,6,,17,,1,,4,2,2,5,4,4,7,2,7,,2,,1,,,1,,,7,,,3,,,,2,1,1,1,,,1,,,,,1,,1,,,,,,,,,,1,,,,,,,,,,,,,,,,,,,,,,,,,,,,,,,,,,1,,,,,,,,,,,,,,,,,,,,,,1,,,,,,,,,,,2,,,,,,,,,,,,,,,,,,,,,,
1376207797953660,100066933574280,"Wakabi - Le guide des bons coins","Vous n'avez pas pu assister au concert de ROB-T SELF à Kara ? 00
On vous emmène revivre les meilleurs moments de la soirée en compagnie de Eugène GUENOU
#yaka crazy
#telephate15 Août stade omnisports 
#KingMaz","Vous n'avez pas pu assister au concert de ROB-T SELF à Kara ? 00
On vous emmène revivre les meilleurs moments de la soirée en compagnie de Eugène GUENOU
#yaka crazy
#telephate15 Août stade omnisports 
#KingMaz",148,"07/14/2026 10:24",auto,https://www.facebook.com/reel/1059081646676937/,0,0,Vidéos,,,,,Global,3101,3094,174,173,1,0,98,,98,3087,0,3094,0,1869,268,1869,264,0,1869,0,0,0,0,44599.699,0,12716.25,0,18.021,0,28.322,0,0,0,1,1,1,1,1,0.91,0.77,0.67,0.61,0.55,0.49,0.45,0.43,0.37,0.35,0.33,0.31,0.3,0.27,0.25,0.24,0.24,0.23,0.23,0.22,0.21,0.2,0.18,0.17,0.17,0.16,0.15,0.15,,,57315.949,19.601,0,0,0,1,0.93,0.69,0.56,0.48,0.43,0.36,0.32,0.29,0.26,0.23,0.21,0.2,0.17,0.16,0.16,0.14,0.14,0.13,0.12,0.12,0.11,0.11,0.11,0.1,0.1,0.09,0.09,0.08,0.08,0.08,0.07,0.07,0.07,0.06,0.06,0.06,0.04,0.02,0.02,0.01,0.15,0.14,0.13,0.12,0.08,0.05,0.03,0.02,682,185,259,351,47,89,42,126,17,28,20,3,1320,58,31,,36,15,94,10,,39,1,8,1,15,6,,86,10,9,6,12,9,,3,1,1,,,2,,1,25,,,10,4,,4,5,1,4,,1,,6,1,5,,,,,2,3,,,5,,1,2,,,2,,,,,,,,,,,,,,,,,,,,,,,,1,,,,2,,,,,,,,,,,,,,,1,1,,,,,,,,,,,,,,,,,,,,,,,,,,,,,,,,,,,,,,,,,,,,,
1375417948032645,100066933574280,"Wakabi - Le guide des bons coins","Vous cherchez un endroit sympa pour vous détendre et passer un bon moment?
Le BAMBOO GRILL
HOUSE est l'adresse qu'il vous faut !
Situé à Togo 2000, à environ 300 m après la station Yatt&Co, ce spot vaut vraiment le détour.
Et ce n'est qu'un des nombreux bons plans à découvrir sur l'application
Wakabi. Téléchargez-la dès maintenant pour ne plus rien manquer des meilleures adresses et sorties !","Vous cherchez un endroit sympa pour vous détendre et passer un bon moment?
Le BAMBOO GRILL
HOUSE est l'adresse qu'il vous faut !
Situé à Togo 2000, à environ 300 m après la station Yatt&Co, ce spot vaut vraiment le détour.
Et ce n'est qu'un des nombreux bons plans à découvrir sur l'application
Wakabi. Téléchargez-la dès maintenant pour ne plus rien manquer des meilleures adresses et sorties !",194,"07/13/2026 12:19",auto,https://www.facebook.com/reel/1980955092589941/,0,0,Vidéos,,,,,Global,2228,2115,68,67,0,1,65,,65,2226,0,2115,0,1049,126,1036,126,0,1049,0,0,0,0,24171.215,10.589,7004.732,0,13.805,2.118,20.663,0,0,0,1,1,0.99,0.98,0.77,0.69,0.64,0.61,0.54,0.52,0.49,0.44,0.39,0.37,0.36,0.3,0.28,0.29,0.28,0.27,0.26,0.23,0.22,0.23,0.22,0.2,0.19,0.19,0.19,0.18,0.17,0.17,0.17,,,31186.536,14.886,0,0,0,1,0.8,0.54,0.33,0.25,0.23,0.21,0.2,0.18,0.17,0.16,0.14,0.13,0.12,0.12,0.1,0.09,0.09,0.09,0.09,0.09,0.08,0.07,0.07,0.07,0.07,0.06,0.06,0.06,0.06,0.06,0.05,0.05,0.05,0.05,0.05,0.05,0.05,0.04,0.02,0.02,0.16,0.15,0.15,0.15,0.14,0.12,0.08,0.05,354,118,197,142,26,77,17,65,5,24,9,3,778,43,20,,25,19,27,8,1,28,,10,1,7,8,1,2,16,6,3,2,6,,1,2,,,,3,,,13,,,5,,,,1,2,,,,,1,1,,,1,,,,,,,,1,,,,,2,,,,,,,,,,,,,,,,,,,,,,,,,1,,,1,,,,1,,,,,,,,,,,,,,,,,1,,,,,,,,,,,,,,,,,1,,,,,,,,,,,,,,,,,,,,,,,
1375321404708966,100066933574280,"Wakabi - Le guide des bons coins","À la recherche de linge de qualité à Lomé ?
Wakabi est alle decouvrir @Orithane maison du linge , la boutique n°1 du linge a Lomé. Draps, serviettes, couettes et bien d'autres articles de qualité vous y attendent, le tout à des prix adaptés à tous les budgets.
Faites-y un tour et téléchargez l'application Wakabi pour découvrir encore plus de bonnes adresses et de bons plans partout au Togo. #wakabileguide #wakabi
#wakabileguidedesbonscoins #explorewithwakabi","À la recherche de linge de qualité à Lomé ?
Wakabi est alle decouvrir @Orithane maison du linge , la boutique n°1 du linge a Lomé. Draps, serviettes, couettes et bien d'autres articles de qualité vous y attendent, le tout à des prix adaptés à tous les budgets.
Faites-y un tour et téléchargez l'application Wakabi pour découvrir encore plus de bonnes adresses et de bons plans partout au Togo. #wakabileguide #wakabi
#wakabileguidedesbonscoins #explorewithwakabi",100,"07/13/2026 09:41",auto,https://www.facebook.com/reel/27345046185188370/,0,0,Vidéos,,,,,Global,2066,1920,64,61,0,3,17,,17,2060,0,1920,0,1214,114,1180,114,0,1214,0,0,0,0,19116.683,10.503,6502.961,0,12.177,1.501,17.25,0,0,0,1,1,1,1,0.99,1,0.99,0.86,0.81,0.74,0.69,0.67,0.61,0.55,0.49,0.43,0.4,0.39,0.38,0.36,0.34,0.32,0.31,0.3,0.29,0.27,0.27,0.26,0.26,0.25,0.25,0.22,0.22,,,25630.147,13.116,0,0,0,1,1,0.76,0.59,0.47,0.37,0.34,0.29,0.28,0.25,0.23,0.23,0.21,0.19,0.17,0.14,0.14,0.13,0.13,0.12,0.12,0.11,0.11,0.1,0.1,0.09,0.09,0.09,0.09,0.08,0.08,0.08,0.07,0.05,0.04,0.03,0.02,0.02,0.02,0.01,0.01,0.16,0.12,0.09,0.07,0.05,0.05,0.03,0.03,331,108,209,185,25,97,22,124,6,32,11,3,879,48,20,,44,21,51,13,1,18,1,9,,9,20,4,3,12,7,8,2,4,,1,1,,1,,1,,,15,,,7,2,,,,2,1,,,,1,1,,,1,,,,,,,,,,,,,2,,,,,,,,,,,,,,,,,1,,,,,,,,,,,1,,,,,,,,,,,,,,,1,,,,,,,,,,,,,,,,,,,,,,,,,,,,,,,,,,,,,,,,,,,,,,
1374956174745489,100066933574280,"Wakabi - Le guide des bons coins","L'odorat de Michael_mbj la conduit lui et son Acolyte dans un coin assez Cuiteux du nom de chez eliz gbigan2 regardez toute la vidéo pour en savoir plus et y faire un tour quand vous serez à Kara.
N'oubliez surtout pas de télécharger l'application Wakabi pour être au courant de tout les bon plans !!!
#kara
#wakabi
#onvaoùlà","L'odorat de Michael_mbj la conduit lui et son Acolyte dans un coin assez Cuiteux du nom de chez eliz gbigan2 regardez toute la vidéo pour en savoir plus et y faire un tour quand vous serez à Kara.
N'oubliez surtout pas de télécharger l'application Wakabi pour être au courant de tout les bon plans !!!
#kara
#wakabi
#onvaoùlà",331,"07/12/2026 23:47",auto,https://www.facebook.com/reel/4404282913221371/,0,0,Vidéos,,,,,Global,22791,21199,2178,2131,40,7,1439,,1439,22631,0,21199,0,15011,5794,14621,5794,0,15011,0,0,0,0,1357255.518,1346.126,273984.5,0,72.492,42.067,149.555,0,0,0,1,1,0.96,0.87,0.78,0.71,0.68,0.66,0.65,0.64,0.63,0.61,0.6,0.58,0.57,0.55,0.54,0.54,0.53,0.52,0.52,0.52,0.51,0.5,0.5,0.49,0.48,0.47,0.46,0.45,0.42,0.41,0.4,,,1632586.144,79.301,0,0,0,0.99,0.72,0.56,0.5,0.45,0.42,0.39,0.38,0.38,0.37,0.37,0.36,0.35,0.34,0.33,0.32,0.32,0.31,0.31,0.3,0.3,0.3,0.3,0.29,0.29,0.28,0.28,0.27,0.27,0.26,0.25,0.24,0.23,0.23,0.23,0.23,0.22,0.21,0.2,0.19,0.04,0.4,0.39,0.39,0.39,0.37,0.34,0.33,0.08,5032,1487,1832,3112,301,749,275,1214,49,171,114,42,11268,327,243,,445,158,458,87,11,311,4,80,9,92,29,29,16,165,54,91,11,38,,34,4,10,,,3,3,,643,,,68,,,,117,14,7,,,,39,4,,5,,10,,4,,,,,12,4,11,,,5,,,,,,,,,,,,,,,,,8,,,4,,,,,12,,,11,,,,,,,,,,,,,,,,,,,,6,,,,,,,,,,,,,,,,,,,,,,,,,,,,,,,,,,,,,,,,,
1374610771446696,100066933574280,"Wakabi - Le guide des bons coins","En pleine recherche de quoi manger dans les forêts de Lassa, à Kara, @michael_mbj tombe sur le tournage de quelqu'un que vous connaissez sürement bien... ••
Impossible pour lui de repartir sans une petite interview Sans Filtres.
Et cette personne n'était autre que @s.e.n.z.a.a_•
Suivez toute la vidéo pour en apprendre davantage.
Téléchargez l'application Wakabi pour découvrir les meilleurs bons plans, événements et adresses partout au Togo. + #wakabileguide #sansfiltre
#wakabileguidedesbonscoins #togo #wakabi","En pleine recherche de quoi manger dans les forêts de Lassa, à Kara, @michael_mbj tombe sur le tournage de quelqu'un que vous connaissez sürement bien... ••
Impossible pour lui de repartir sans une petite interview Sans Filtres.
Et cette personne n'était autre que @s.e.n.z.a.a_•
Suivez toute la vidéo pour en apprendre davantage.
Téléchargez l'application Wakabi pour découvrir les meilleurs bons plans, événements et adresses partout au Togo. + #wakabileguide #sansfiltre
#wakabileguidedesbonscoins #togo #wakabi",231,"07/12/2026 11:57",auto,https://www.facebook.com/reel/882193248279373/,0,0,Vidéos,,,,,Global,20970,19421,1855,1832,20,3,1411,,1411,20870,0,19421,0,13062,6114,12521,6114,0,13062,0,0,0,0,941905.529,12260.433,158271.594,0,54.205,55.228,97.458,0,0,0,1,1,1,0.97,0.92,0.88,0.84,0.8,0.75,0.73,0.69,0.66,0.63,0.59,0.55,0.5,0.47,0.46,0.45,0.44,0.42,0.4,0.4,0.39,0.37,0.36,0.36,0.36,0.35,0.35,0.35,0.35,0.34,,,1112437.556,57.87,0,0,0,0.99,0.79,0.7,0.67,0.63,0.6,0.58,0.55,0.52,0.5,0.47,0.46,0.44,0.41,0.38,0.35,0.32,0.32,0.31,0.3,0.29,0.28,0.27,0.27,0.25,0.25,0.25,0.25,0.24,0.24,0.24,0.24,0.24,0.23,0.23,0.22,0.22,0.22,0.18,0.07,0.04,0.34,0.33,0.33,0.32,0.31,0.26,0.1,0.06,4240,1378,2031,2462,317,817,240,1034,63,186,128,56,10115,292,207,,351,125,368,77,10,277,,80,9,72,15,27,7,131,42,78,10,41,,20,5,9,,,4,,4,406,,,41,,,,87,6,5,,,,24,,,,6,3,,4,,,,,8,4,6,,,4,,,,,4,,,,,,,,,,,,6,,,3,,,,,4,,,9,,,,,,,,,,,,,,,,,3,,,7,,,,,,,,,,,,,,,,,,,,,,,,,,,,,,,,,,,,,,,,,
1374262498148190,100066933574280,"Wakabi - Le guide des bons coins","MEET THE SMILES 3 - Le Safari des Sourires
Organisé par @ Gloriavi Smile
Performance live avec Fofotché .
Creative workshop, mixology experience, foodie time & networking, et un Di Set pour clôturer en beauté.
Des lots à gagner, dont un billet d'avion destination au choix.
Samedi 25 juillet 2026 14h
Musée Paul Ahyi, Agnassan
30.000 fcfa
BBE
Infoline : +228 91 08 49 85
Télécharge l'app Wakabi dès maintenant pour ne rater aucun event
#wakabi
#wakabileguide
#FofoSkarfo","MEET THE SMILES 3 - Le Safari des Sourires
Organisé par @ Gloriavi Smile
Performance live avec Fofotché .
Creative workshop, mixology experience, foodie time & networking, et un Di Set pour clôturer en beauté.
Des lots à gagner, dont un billet d'avion destination au choix.
Samedi 25 juillet 2026 14h
Musée Paul Ahyi, Agnassan
30.000 fcfa
BBE
Infoline : +228 91 08 49 85
Télécharge l'app Wakabi dès maintenant pour ne rater aucun event
#wakabi
#wakabileguide
#FofoSkarfo",52,"07/12/2026 02:54",auto,https://www.facebook.com/reel/1796799628348698/,0,0,Vidéos,,,,,Global,1702,1554,73,71,1,1,13,,13,1701,0,1554,0,944,0,923,0,0,944,0,0,0,0,9412.997,9.028,4833.802,0,8.094,2.257,12.146,0,0,0,1,1,1,1,1,1,1,1,1,0.99,0.99,0.99,0.97,0.91,0.86,0.77,0.73,0.7,0.67,0.66,0.63,0.62,0.61,0.59,0.54,0.53,0.52,0.48,0.46,0.45,0.45,0.45,0.42,,,14255.827,9.109,0,0,0,0.99,0.99,0.99,0.76,0.63,0.58,0.48,0.42,0.36,0.33,0.29,0.26,0.24,0.23,0.22,0.19,0.18,0.18,0.17,0.17,0.16,0.16,0.15,0.15,0.14,0.13,0.13,0.12,0.11,0.11,0.11,0.11,0.1,0.09,0.09,0.09,0.08,0.07,0.07,0.05,0.04,0.37,0.35,0.34,0.3,0.28,0.26,0.22,0.17,323,83,125,205,16,48,20,89,4,10,6,5,682,32,12,,34,12,34,6,,21,2,3,,8,4,2,,12,2,6,4,3,,5,2,,,,1,,,27,,,5,,1,,5,2,2,,,,1,1,,1,,,,,1,,,,1,,1,,,1,,,,,,,,,,,,,,,,,1,,,,,,,,2,,,1,,,,,,,,,,,,1,,,,,1,,,,,,,,1,1,,,,,,,,,,,,,,,,,,,,,,,,,,,,,,,,,,,
1372866998287740,100066933574280,"Wakabi - Le guide des bons coins","Vous savez qu'on adore vous dénicher les meilleures adresses du pays... Cette fois-ci, l'équipe s'est posée à Kara et on vous a trouvé une véritable pépite pour prendre soin de vous !
Dans cette vidéo, on vous emmène pousser les portes de Drath House. Si vous cherchez l'endroit parfait à Kara pour un soin de visage deep, une routine skincare au top ou des produits cosmétiques de qualité, c'est l'adresse qu'il vous faut valider.
Suivez le guide, on vous montre tout l'espace et ce qui vous у attend !
#WakabiLeGuide #ExploreTogo #Kara
#wakabi","Vous savez qu'on adore vous dénicher les meilleures adresses du pays... Cette fois-ci, l'équipe s'est posée à Kara et on vous a trouvé une véritable pépite pour prendre soin de vous !
Dans cette vidéo, on vous emmène pousser les portes de Drath House. Si vous cherchez l'endroit parfait à Kara pour un soin de visage deep, une routine skincare au top ou des produits cosmétiques de qualité, c'est l'adresse qu'il vous faut valider.
Suivez le guide, on vous montre tout l'espace et ce qui vous у attend !
#WakabiLeGuide #ExploreTogo #Kara
#wakabi",264,"07/10/2026 13:44",auto,https://www.facebook.com/reel/1514388287398654/,0,0,Vidéos,,,,,Global,4084,3601,344,332,10,2,173,,173,4040,0,3601,0,2765,605,2648,604,0,2765,0,0,0,0,98838.711,72.925,31213.115,0,33.246,6.63,45.368,0,0,0,1,1,0.99,0.87,0.78,0.68,0.6,0.54,0.48,0.44,0.41,0.37,0.33,0.31,0.28,0.27,0.26,0.25,0.25,0.23,0.23,0.22,0.21,0.19,0.19,0.18,0.18,0.18,0.19,0.19,0.2,0.21,0.21,,,130124.751,35.437,0,0,0,0.99,0.84,0.51,0.43,0.39,0.34,0.29,0.27,0.23,0.22,0.2,0.18,0.16,0.15,0.14,0.13,0.13,0.12,0.12,0.11,0.11,0.11,0.1,0.09,0.09,0.09,0.09,0.09,0.1,0.1,0.1,0.1,0.1,0.1,0.1,0.1,0.08,0.07,0.06,0.02,0.01,0.21,0.21,0.21,0.16,0.14,0.13,0.05,0.03,837,222,481,556,53,163,48,301,10,37,19,6,2074,70,38,,78,38,66,11,1,80,,22,,13,4,8,6,26,16,18,1,6,,6,,,,,2,,2,78,,,18,,,,30,3,,,,,8,1,,,2,,,1,,,,,2,,,3,,2,1,,,,1,,,,,,,,,,,,5,,,,,,,,2,,,4,,,2,,,1,,,,,,,1,,3,,2,,,2,,,,1,,,,,,,,,,,,,,,,,,,,,,,,,,,,,,,,,,,,,
1372486458325794,100066933574280,"Wakabi - Le guide des bons coins","Vous faites partie de ceux qui passent tous leurs week-ends à dire « il n’y a rien à faire » ou « je ne sais pas où sortir » ? Avec le VSD de Wakabi, vous n’avez plus d’excuse.

Chaque semaine, découvrez les meilleures sorties, les bons restos, les événements et les adresses à ne pas manquer pour profiter pleinement de votre Vendredi, Samedi et Dimanche.

📲 Téléchargez l’application Wakabi et trouvez facilement les meilleurs bons plans près de chez vous.
#wakabi
#VSD
#wakabileguide","Vous faites partie de ceux qui passent tous leurs week-ends à dire « il n’y a rien à faire » ou « je ne sais pas où sortir » ? Avec le VSD de Wakabi, vous n’avez plus d’excuse.

Chaque semaine, découvrez les meilleures sorties, les bons restos, les événements et les adresses à ne pas manquer pour profiter pleinement de votre Vendredi, Samedi et Dimanche.

📲 Téléchargez l’application Wakabi et trouvez facilement les meilleurs bons plans près de chez vous.
#wakabi
#VSD
#wakabileguide",96,"07/10/2026 03:28",N/A,https://www.facebook.com/reel/1007186372299881/,0,0,Vidéos,,,,,Global,1674,1597,75,75,0,0,16,,16,1673,0,1597,0,899,118,884,118,0,899,0,0,0,0,15357.186,0,6769.033,0,12.938,0,18.003,0,0,0,1,1,0.99,1,1,1,1,0.9,0.81,0.71,0.62,0.58,0.55,0.5,0.47,0.46,0.45,0.43,0.42,0.41,0.41,0.4,0.39,0.37,0.34,0.33,0.31,0.29,0.29,0.27,0.27,0.27,0.26,,,22126.219,14.156,0,0,0,0.99,0.99,0.82,0.64,0.56,0.46,0.41,0.36,0.32,0.28,0.25,0.23,0.22,0.2,0.19,0.18,0.18,0.17,0.17,0.16,0.16,0.16,0.16,0.15,0.14,0.13,0.12,0.12,0.12,0.11,0.11,0.11,0.11,0.1,0.08,0.08,0.07,0.06,0.04,0.03,0.02,0.25,0.19,0.19,0.17,0.15,0.11,0.07,0.06,308,99,86,231,20,43,17,62,4,12,2,3,621,27,20,,25,16,42,6,1,26,1,4,1,4,5,4,3,15,7,7,4,1,,3,1,,,,2,,,25,,,5,,,,4,3,3,,,,1,1,,,,,,1,,,,,,,1,,,,,1,,,,,,,,,,,,,,,2,,,,,,,,2,,,1,,1,1,,,,,,,,,,,,,,1,,,,,,,,,,,,,,,,,,,,,,,,,,,,,,,,,,,,,,,,,,,,
1371800315061075,100066933574280,"Wakabi - Le guide des bons coins","Découvrez 3 raisons de participer aux
Évala, de vibrer face à l'énergie brute des luttes traditionnelles, de vous immerger dans la culture Kabyé et de partager des moments uniques au cœur de la région de Kara !
Avec Wakabi le guide, on vous emmène vivre tout ça de l'intérieur, en mode 100% authentique et sans filtre.
Téléchargez l'application Wakabi pour découvrir encore plus de bons plans !
#wakabileguide #sansfiltre
#wakabileguidedesbonscoins #evala2026","Découvrez 3 raisons de participer aux
Évala, de vibrer face à l'énergie brute des luttes traditionnelles, de vous immerger dans la culture Kabyé et de partager des moments uniques au cœur de la région de Kara !
Avec Wakabi le guide, on vous emmène vivre tout ça de l'intérieur, en mode 100% authentique et sans filtre.
Téléchargez l'application Wakabi pour découvrir encore plus de bons plans !
#wakabileguide #sansfiltre
#wakabileguidedesbonscoins #evala2026",125,"07/09/2026 06:46",N/A,https://www.facebook.com/reel/1581956846825440/,0,0,Vidéos,,,,,Global,2062,1982,133,131,2,0,51,,51,2061,0,1982,0,1281,95,1262,94,0,1281,0,0,0,0,23600.974,0,7725.03,0,15.296,0,18.393,0,0,0,1,1,1,1,0.99,0.96,0.81,0.7,0.6,0.56,0.51,0.48,0.44,0.4,0.35,0.3,0.29,0.23,0.21,0.2,0.18,0.17,0.16,0.14,0.14,0.14,0.14,0.13,0.13,0.11,0.11,0.11,0.11,,,31326.004,15.958,0,0,0,0.99,0.98,0.86,0.61,0.48,0.39,0.32,0.28,0.24,0.22,0.2,0.2,0.18,0.16,0.14,0.12,0.11,0.09,0.08,0.08,0.07,0.07,0.06,0.06,0.06,0.06,0.06,0.05,0.05,0.05,0.05,0.04,0.04,0.04,0.04,0.04,0.04,0.03,0.02,0.02,0.01,0.11,0.1,0.1,0.1,0.06,0.05,0.04,0.03,444,150,136,264,28,60,22,86,8,19,6,1,918,40,22,,44,13,44,5,,47,,9,1,6,4,1,7,12,9,6,6,7,,3,,2,,,2,,,29,,,10,1,1,,8,3,1,,,,3,1,,,,,1,,2,,,1,1,2,,,,1,,,,,,,,,,,,,,,,,,,,,,,,,2,,,2,,,,,,1,,,,,,,,,1,1,,,,,,,,,,1,,,,,,,,,,,,,,,,,,,,,,,,,,,,,,,,,,,
1371214578452982,100066933574280,"Wakabi - Le guide des bons coins","À la fin on n'a pas du tout raté @michael_mbj
Koh
dessert !!.... En tout cas Merci à @supreme_foodies_tg pour ces plats délicieux n'hésitez surtout à passez vos commandes chez eux et à visiter leurs pages pour plus d'informations
#wakabi #onvaoulà
#wakabileguidedesbonscoins
#wakabileguide","À la fin on n'a pas du tout raté @michael_mbj
Koh
dessert !!.... En tout cas Merci à @supreme_foodies_tg pour ces plats délicieux n'hésitez surtout à passez vos commandes chez eux et à visiter leurs pages pour plus d'informations
#wakabi #onvaoulà
#wakabileguidedesbonscoins
#wakabileguide",163,"07/08/2026 12:28",auto,https://www.facebook.com/reel/28099450179640009/,0,0,Vidéos,,,,,Global,15378,14268,1552,1488,55,9,783,,783,15315,0,14268,0,9073,5276,8984,5276,0,9073,0,0,0,0,662390.215,610.7,129034.118,0,54.536,14.896,83.356,0,0,0,1,1,1,1,0.99,0.98,0.97,0.95,0.91,0.88,0.87,0.86,0.85,0.84,0.84,0.83,0.82,0.79,0.76,0.75,0.74,0.71,0.68,0.67,0.65,0.63,0.61,0.59,0.55,0.55,0.54,0.53,0.52,,,792035.033,57.665,0,0,0,0.99,0.93,0.78,0.71,0.7,0.69,0.68,0.67,0.64,0.61,0.61,0.6,0.6,0.59,0.59,0.58,0.57,0.55,0.54,0.52,0.52,0.5,0.48,0.47,0.45,0.44,0.43,0.41,0.39,0.38,0.38,0.37,0.37,0.36,0.36,0.35,0.35,0.35,0.28,0.14,0.08,0.52,0.51,0.5,0.5,0.5,0.4,0.2,0.11,3157,828,1198,2137,143,375,160,796,21,83,61,20,6882,177,139,,270,90,256,56,6,170,3,44,3,48,11,22,8,102,33,66,11,26,,15,3,,,,6,,4,407,,,39,4,,,58,5,,,,,20,3,,3,,,,4,3,,,,7,,5,,,,2,,,,,,,,,,,,,,,,5,,,,,,,,7,,,10,,,2,,,,,,,,,,,,,,2,,,,2,,,,,,,,,,,,,,,,,2,,,,,,,,,,,,,,,,,,,,,,,
1371120678462372,100066933574280,"Wakabi - Le guide des bons coins","Envie d'une soirée ciné en plein air ?
On est allés tester les soirées Ciné sous les Étoiles au CIKAGOLDENHOTELANDSUITES
et l'expérience vaut le détour.
Tous les jeudis à partir de 19h
L'entrée est gratuite : il suffit
simplement de faire une consommation sur place pour profiter de la projection.
Regardez le vlog et dites-nous en commentaire : vous iriez avec qui ?
* Téléchargez Wakabi pour découvrir encore plus de bons plans
#wakabileguide
#wakabi","Envie d'une soirée ciné en plein air ?
On est allés tester les soirées Ciné sous les Étoiles au CIKAGOLDENHOTELANDSUITES
et l'expérience vaut le détour.
Tous les jeudis à partir de 19h
L'entrée est gratuite : il suffit
simplement de faire une consommation sur place pour profiter de la projection.
Regardez le vlog et dites-nous en commentaire : vous iriez avec qui ?
* Téléchargez Wakabi pour découvrir encore plus de bons plans
#wakabileguide
#wakabi",67,"07/08/2026 10:02",N/A,https://www.facebook.com/reel/944833755296056/,0,0,Vidéos,,,,,Global,1927,1728,71,71,0,0,15,,15,1922,0,1728,0,1088,182,1066,180,0,1088,0,0,0,0,20029.845,0,6808.388,0,14.97,0,16.811,0,0,0,0.99,0.99,0.99,0.99,0.99,1,1,1,1,1,0.96,0.94,0.91,0.87,0.84,0.82,0.8,0.78,0.76,0.75,0.74,0.73,0.71,0.7,0.69,0.67,0.64,0.61,0.59,0.57,0.55,0.54,0.52,,,26838.233,15.397,0,0,0,0.99,0.99,0.94,0.79,0.64,0.52,0.48,0.42,0.4,0.37,0.35,0.35,0.34,0.32,0.31,0.3,0.3,0.29,0.28,0.28,0.28,0.27,0.26,0.26,0.26,0.25,0.24,0.23,0.22,0.21,0.2,0.2,0.19,0.19,0.19,0.18,0.17,0.16,0.13,0.12,0.08,0.51,0.51,0.49,0.46,0.42,0.34,0.31,0.23,421,96,139,219,14,49,19,94,6,8,5,4,794,28,14,4,41,10,39,10,1,19,2,6,1,5,5,5,6,13,8,7,1,2,,1,1,2,1,,4,,,31,3,,6,,1,,2,3,,,,,,2,,1,1,,1,,,,,,,2,,,,,,,,,,,,,,,,,,,,,1,,,,,,,,,,,1,,,,,,,,,,,,,,,,,1,,,1,,,,,,,1,,,,,,,,,,,,,,,,,,,,,,,,,,,,,,,,,,
1370297891877984,100066933574280,"Wakabi - Le guide des bons coins","On est allé  à la rencontre des locaux pour qu'ils nous expliquent avec leurs propres mots l'importance de ce rite d'initiation Kabyè. Une immersion brute, sans filtre et pleine de passion. Tu connaissais la vraie signification de l'Evala ? Réponds-nous en commentaire !
#wakabi #evala2026
#kara
#sansfiltre
#wakabileguide","On est allé  à la rencontre des locaux pour qu'ils nous expliquent avec leurs propres mots l'importance de ce rite d'initiation Kabyè. Une immersion brute, sans filtre et pleine de passion. Tu connaissais la vraie signification de l'Evala ? Réponds-nous en commentaire !
#wakabi #evala2026
#kara
#sansfiltre
#wakabileguide",121,"07/07/2026 12:47",auto,https://www.facebook.com/reel/985288210996943/,0,0,Vidéos,,,,,Global,1682,1514,73,70,2,1,26,,26,1680,0,1514,0,977,79,955,79,0,977,0,0,0,0,13858.015,32.163,5223.725,0,11.444,4.021,14.551,0,0,0,1,1,1,1,1,1,0.86,0.8,0.76,0.72,0.64,0.6,0.58,0.54,0.5,0.47,0.46,0.4,0.36,0.35,0.33,0.31,0.29,0.28,0.27,0.25,0.23,0.23,0.23,0.21,0.2,0.19,0.19,,,19113.903,12.112,0,0,0,0.99,0.99,0.59,0.4,0.31,0.25,0.22,0.2,0.19,0.18,0.16,0.15,0.15,0.14,0.13,0.12,0.12,0.1,0.09,0.09,0.08,0.08,0.08,0.07,0.07,0.06,0.06,0.06,0.06,0.05,0.05,0.05,0.05,0.04,0.04,0.04,0.03,0.01,0.01,0.01,0.01,0.17,0.16,0.15,0.1,0.06,0.04,0.03,0.03,304,120,114,202,24,39,23,71,8,17,6,1,661,32,19,,36,11,52,5,,21,1,9,,7,3,3,9,12,12,3,2,4,,3,1,1,,,,,,33,,1,3,1,,,2,2,3,1,,,1,1,2,,1,1,,1,3,,,1,1,1,1,,,2,,,,,,,,,,,,,,,,,1,,,,,,,,,,,1,,,,,,,,,,,,,,,,,,,,,,,,,,,,,,,,,,,,,,,,,,,,,,,,,,,,,,,1,,,,,,
1369271828647257,100066933574280,"Wakabi - Le guide des bons coins","Alors, vous lui donnez combien sur 10 pour sa prononciation ?
Abonnez-vous et téléchargez l'application Wakabi pour être au courant de tout les bon plans
#Wakabi
#evala
#kara
#wakabileguide","Alors, vous lui donnez combien sur 10 pour sa prononciation ?
Abonnez-vous et téléchargez l'application Wakabi pour être au courant de tout les bon plans
#Wakabi
#evala
#kara
#wakabileguide",197,"07/06/2026 11:34",auto,https://www.facebook.com/reel/4217366205174580/,0,0,Vidéos,,,,,Global,12528,12488,1114,1065,44,5,846,,846,12495,0,12488,0,7622,2459,7469,2459,0,7622,0,0,0,0,404026.857,484.889,85049.201,0,39.584,12.761,64.924,0,0,0,1,1,1,1,0.93,0.87,0.79,0.72,0.68,0.61,0.56,0.54,0.52,0.49,0.48,0.46,0.45,0.43,0.42,0.41,0.41,0.4,0.39,0.38,0.38,0.37,0.34,0.34,0.33,0.32,0.31,0.3,0.3,,,489560.947,42.367,0,0,0,0.99,0.85,0.72,0.64,0.59,0.55,0.5,0.46,0.43,0.39,0.35,0.34,0.33,0.31,0.3,0.29,0.28,0.27,0.26,0.26,0.26,0.25,0.25,0.24,0.24,0.23,0.22,0.21,0.21,0.2,0.2,0.19,0.19,0.18,0.17,0.16,0.16,0.15,0.08,0.04,0.03,0.28,0.27,0.26,0.25,0.24,0.13,0.07,0.05,2582,834,979,1531,154,382,150,597,25,86,53,18,5709,177,135,,221,86,221,45,2,167,,46,7,40,10,23,6,104,37,41,4,25,,18,,5,,,6,2,4,286,,,35,,,,59,4,2,,,,18,,2,,5,,2,3,2,,,,6,,4,,,2,,,,,,,,3,,,,,,,,,3,,2,,,,,,5,,,8,,,,,,,,,,,,,,,,,,,,4,,,,,,,,,,,,,,,,,,,,,,,,,,,,,,,,,,,,,,,,,
1368558345385272,100066933574280,"Wakabi - Le guide des bons coins","Finalement ils n'ont pas pu prendre la moto à 150000f donc ils sont encore à Kara et pour ne rien arranger la faim de Michael_mbj ne cesse de les embarquer dans des aventures pas possible au point de finir dans une station  ZENER SA .
Restez connecté pour ne pas rater le troisième épisode et surtout n'oubliez pas de télécharger lappli Wakabi
#onvaoulawakabi #
#wakabileguide
#kara
#zener","Finalement ils n'ont pas pu prendre la moto à 150000f donc ils sont encore à Kara et pour ne rien arranger la faim de Michael_mbj ne cesse de les embarquer dans des aventures pas possible au point de finir dans une station  ZENER SA .
Restez connecté pour ne pas rater le troisième épisode et surtout n'oubliez pas de télécharger lappli Wakabi
#onvaoulawakabi #
#wakabileguide
#kara
#zener",284,"07/05/2026 17:17",auto,https://www.facebook.com/reel/1522499189888882/,0,0,Vidéos,,,,,Global,35682,33440,3065,2978,75,12,2320,,2320,35511,0,33440,0,24397,9232,22658,9051,0,24397,0,0,0,0,1962813.793,3140.651,260528.204,0,65.096,28.042,127.212,0,0,0,1,1,1,0.88,0.8,0.75,0.7,0.68,0.67,0.66,0.65,0.64,0.63,0.6,0.56,0.54,0.51,0.5,0.49,0.49,0.48,0.48,0.47,0.47,0.46,0.46,0.45,0.44,0.44,0.43,0.43,0.42,0.42,,,2226482.648,68.903,0,0,0,0.99,0.73,0.57,0.49,0.45,0.42,0.39,0.38,0.38,0.37,0.36,0.36,0.35,0.34,0.31,0.3,0.29,0.28,0.28,0.28,0.27,0.27,0.26,0.26,0.26,0.26,0.25,0.25,0.24,0.24,0.24,0.24,0.23,0.23,0.23,0.22,0.22,0.22,0.22,0.2,0.06,0.42,0.4,0.4,0.39,0.39,0.38,0.36,0.1,8285,2807,3035,4543,595,1282,418,1710,104,298,171,65,17771,538,423,,803,239,800,142,15,586,7,165,24,152,31,45,24,281,110,147,20,75,,52,11,21,,,9,9,,1175,,,103,,,,282,22,10,,,,73,6,,,10,6,,11,,,,,12,7,18,,,9,,,,,,,,,,,,,,,,,8,,,,,,,,16,,,20,,,,,,,,,,,,,,,7,,,,,11,,,,,,,,,,,,,,,,,,,,,,,,,,,,,,,,,,,,,,,,,
1368021965438910,100066933574280,"Wakabi - Le guide des bons coins","Explore with Wakabi a pris les devants pour vous dénicher le spot parfait à Kara avant que tout soit complet. 🔥

Aujourd'hui, focus sur le complexe panoramik !

Regardez la vidéo pour la visite guidée ! 🎬

📲 Télécharge l’application Wakabi pour retrouver tous nos bons plans en un clic !
Abonne-toi, enregistre le post et partage à tes potes ! ✈️

#ExploreWithWakabi #Evala  #KaraTogo #complexe
#Wakabi","Explore with Wakabi a pris les devants pour vous dénicher le spot parfait à Kara avant que tout soit complet. 🔥

Aujourd'hui, focus sur le complexe panoramik !

Regardez la vidéo pour la visite guidée ! 🎬

📲 Télécharge l’application Wakabi pour retrouver tous nos bons plans en un clic !
Abonne-toi, enregistre le post et partage à tes potes ! ✈️

#ExploreWithWakabi #Evala  #KaraTogo #complexe
#Wakabi",174,"07/05/2026 03:13",N/A,https://www.facebook.com/reel/948788934286557/,0,0,Vidéos,,,,,Global,2194,1964,103,98,5,0,32,,32,2190,0,1964,0,1096,257,1081,257,0,1096,0,0,0,0,33806.776,0,13225.659,0,21.103,0,32.982,0,0,0,1,1,1,0.99,0.9,0.81,0.69,0.65,0.63,0.6,0.57,0.55,0.51,0.49,0.44,0.41,0.39,0.36,0.36,0.32,0.32,0.3,0.29,0.28,0.27,0.26,0.26,0.26,0.26,0.23,0.23,0.22,0.22,,,47032.435,23.48,0,0,0,0.99,0.92,0.68,0.56,0.47,0.43,0.36,0.34,0.33,0.32,0.3,0.29,0.26,0.26,0.23,0.22,0.21,0.19,0.19,0.17,0.17,0.16,0.15,0.15,0.14,0.14,0.13,0.14,0.13,0.12,0.12,0.12,0.11,0.11,0.11,0.11,0.08,0.08,0.05,0.03,0.02,0.21,0.21,0.2,0.16,0.14,0.08,0.06,0.04,361,160,117,184,47,66,34,66,21,10,7,1,693,37,25,,38,12,59,9,1,41,,7,3,4,6,1,32,32,8,5,5,10,,3,,3,,,2,,2,19,,,5,,,3,6,4,2,,,,2,1,2,,,,,,3,,,3,,,1,,,2,,,,,1,,,,,,,,,,,,,,,,,,,,1,,,,,,,,,,,,,,,,,,,,1,,1,,,,,,,1,,,,,,,,,,,,,,,,,,,,,,,,,,,,,,,,,,,
1367006432207130,100066933574280,"Wakabi - Le guide des bons coins","Dans affaire de manger là on va
Vendre michael_mbj un jour
Restez Connecté pour la partie 2 et surtout n'oubliez pas de télécharger l'application
Wakabi Bonici Africa
#wakabi #onvaoùlà #wakabileguide
#wakabileguidedesbonscoins","Dans affaire de manger là on va
Vendre michael_mbj un jour
Restez Connecté pour la partie 2 et surtout n'oubliez pas de télécharger l'application
Wakabi @[100067488304723:2048:Bonici Africa]
#wakabi #onvaoùlà #wakabileguide
#wakabileguidedesbonscoins",360,"07/04/2026 02:45",N/A,https://www.facebook.com/reel/1998884364392452/,0,0,Vidéos,,,,,Global,76756,68690,6602,6443,132,27,2553,1,2552,76293,0,68690,0,56717,20076,54134,19584,0,56717,0,0,0,0,5011719.923,7669.507,438296.753,0,75.406,30.802,177.377,0,0,0,1,1,0.95,0.86,0.78,0.74,0.71,0.66,0.63,0.61,0.6,0.56,0.54,0.53,0.51,0.49,0.48,0.48,0.47,0.46,0.45,0.45,0.44,0.42,0.41,0.4,0.38,0.37,0.36,0.34,0.34,0.33,0.33,,,5457686.183,78.886,0,0,0,0.99,0.76,0.48,0.44,0.4,0.38,0.36,0.34,0.32,0.31,0.3,0.29,0.27,0.27,0.26,0.25,0.25,0.24,0.24,0.23,0.23,0.23,0.22,0.22,0.21,0.2,0.19,0.19,0.18,0.18,0.17,0.17,0.17,0.17,0.16,0.16,0.15,0.15,0.15,0.15,0.05,0.32,0.31,0.31,0.3,0.3,0.3,0.29,0.11,17651,5539,6951,12419,1083,2715,762,4763,238,663,341,150,40638,948,929,,2430,526,2006,332,35,1116,,238,34,282,83,93,53,602,175,372,46,160,,89,16,38,,,22,15,13,3672,,,197,12,,,833,30,24,,,,123,27,,,24,28,,35,,,,,22,15,26,,,,,,,,,,,,,,,,,,,,38,,,,,,,,30,,,24,,,,,,,,,,,,,,,13,,,,,32,,,,,,,,,,,,,,,,,,,,,,,,,,,,,,,,,,,,,,,,,
1366169568957483,100066933574280,"Wakabi - Le guide des bons coins","VSD avec Wakabi, c’est votre rendez-vous pour découvrir les meilleurs bons plans du week-end ! Sorties, restos, événements et bonnes adresses… tout ce qu’il vous faut pour profiter de votre Vendredi, Samedi et Dimanche.

📲 Téléchargez l’application Wakabi pour découvrir encore plus de bons plans près de chez vous et ne rien manquer !

#Vsd #explorewithwakabi #wakatrip #wakap 
#Wakabi
#wakabileguide","VSD avec Wakabi, c’est votre rendez-vous pour découvrir les meilleurs bons plans du week-end ! Sorties, restos, événements et bonnes adresses… tout ce qu’il vous faut pour profiter de votre Vendredi, Samedi et Dimanche.

📲 Téléchargez l’application Wakabi pour découvrir encore plus de bons plans près de chez vous et ne rien manquer !

#Vsd #explorewithwakabi #wakatrip #wakap 
#Wakabi
#wakabileguide",112,"07/03/2026 04:05",N/A,https://www.facebook.com/reel/805275832670604/,0,0,Vidéos,,,,,Global,840,686,19,19,0,0,0,,,840,0,686,0,397,26,380,26,0,397,0,0,0,0,5723.785,0,2471.015,0,9.852,0,13.503,0,0,0,1,1,0.99,0.99,0.99,0.99,0.81,0.63,0.51,0.46,0.43,0.35,0.35,0.3,0.29,0.26,0.26,0.24,0.22,0.2,0.19,0.17,0.17,0.16,0.16,0.15,0.14,0.15,0.13,0.12,0.13,0.12,0.13,,,8194.8,10.726,0,0,0,0.99,0.99,0.69,0.57,0.48,0.43,0.32,0.25,0.2,0.18,0.17,0.14,0.14,0.12,0.11,0.1,0.1,0.1,0.09,0.08,0.08,0.07,0.07,0.06,0.06,0.06,0.06,0.06,0.05,0.05,0.05,0.05,0.05,0.05,0.03,0.03,0.02,0.02,0.02,0.01,0.01,0.13,0.08,0.06,0.04,0.04,0.04,0.02,0.02,159,50,43,54,9,17,14,25,3,5,5,4,239,30,7,,14,6,20,3,,13,,3,,5,3,2,11,7,,,,6,,1,1,1,,,1,,,6,,,3,,,,2,2,3,,,,1,1,,,1,1,,,,,,,,,,,,1,,,,,,,,,,,,,,,,,,,,,,,,,,,,,,,,,,,,,,,,,,,,,1,1,1,,,,,,,,,,,,,,,,,,,,,,,,,,,,,,,,,,,,,,,,,,
1364397649134675,100066933574280,"Wakabi - Le guide des bons coins","Hôtel ROYAM à Saly sur la
Petite Côte au
Sénégal. »
L'Hôtel Royam, situé à Saly sur la Petite Côte au
Sénégal, vous ottre une expérience inoubliable dans un cadre idyllique. Niché au cœur d'un jardin tropical luxuriant et à quelques pas d'une plage bordée de cocotiers, cet hôtel allie calme et dépaysement.

A tester vraiment lors de votre prochaine virée .

N’oubliez pas de tester l’application wakabi pour vos bons plans .https://play.google.com/store/apps/details?id=com.wakabi.wakabimobile",,0,"07/01/2026 07:40",N/A,https://www.facebook.com/wakabileguide/posts/pfbid02vt7BRk44fpHiH7Ebb8kQyQnc9A1zQxaudCEWzrkuyMD4XNuVoAYagn4ZaabqFVnBl,0,0,Photos,,,,,Global,248,138,3,2,0,1,2,,,248,0,138,0,0,0,0,0,0,0,0,0,0,0,0,0,0,0,0,0,0,0,0,0,,,,,,,,,,,,,,,,,,,,,,,,,,,,,,,,,,2,,,,,,,,,,,,,,,,,,,,,,,,,,,,,,,,,,,,,,,,,,,,,,,,,,,,,,,,,,,,,,,,,,,,,,,,,,,,,,,,,,,,,,,,,,,,,,,,,,,,,,,,,,,,,,,,,,,,,,,,,,,,,,,,,,,,,,,,,,,,,,,,,,,,,,,,,,,,,,,,,,,,,,,,,,,,,,,,,,,,,,,,,,,,,,,,,,,,,,,,,,,,,,,,,,,,,,,,,,
1362697382638035,100066933574280,"Wakabi - Le guide des bons coins","Chill, grill & bonne humeur au rendez-vous !
Retour en images sur un moment rempli de rires, de bonne nourriture et d'une ambiance incroyable.
Qui aurait aimé être avec nous ? 
@bamboo_grillhouse @relfa_fa
#wakap #wakabi #Togo #barbecue #goodvibes
#wakabileguide","Chill, grill & bonne humeur au rendez-vous !
Retour en images sur un moment rempli de rires, de bonne nourriture et d'une ambiance incroyable.
Qui aurait aimé être avec nous ? 
@bamboo_grillhouse @relfa_fa
#wakap #wakabi #Togo #barbecue #goodvibes
#wakabileguide",140,"06/29/2026 16:18",auto,https://www.facebook.com/reel/27783335181284611/,0,0,Vidéos,,,,,Global,744,619,16,13,2,1,6,,6,740,0,619,0,351,31,344,31,0,351,0,0,0,0,5503.507,24.291,2507.189,0,10.307,4.859,17.533,0,0,0,0.99,0.99,0.99,0.99,1,0.92,0.76,0.63,0.6,0.5,0.46,0.45,0.42,0.38,0.35,0.32,0.29,0.3,0.28,0.27,0.28,0.26,0.27,0.27,0.21,0.21,0.21,0.2,0.21,0.2,0.17,0.2,0.16,,,8034.987,11.781,0,0,0,0.99,0.88,0.54,0.4,0.35,0.29,0.24,0.2,0.19,0.16,0.15,0.14,0.14,0.13,0.11,0.1,0.09,0.1,0.09,0.09,0.09,0.08,0.09,0.09,0.07,0.07,0.07,0.06,0.07,0.06,0.05,0.06,0.05,0.04,0.05,0.04,0.03,0.03,0.03,0.01,0.01,0.13,0.15,0.13,0.1,0.09,0.08,0.04,0.04,127,42,41,40,10,25,11,18,12,6,5,5,200,14,7,,15,15,9,2,1,29,,3,,2,7,,2,8,1,,,3,,,,,,1,,1,,4,,,1,,,1,2,2,,,,,2,1,,,,,,1,,,,,1,,1,,,2,,,,,,,,,,,,,,,,,,1,,1,,,,,,,,,,,,,,,,,,,,,,,,1,1,,1,,,,,,,,,,,,,,,,,,1,,,,,,,,,,,,,,,1,2,,,1,1,1,1,,
1360672732840500,100066933574280,"Wakabi - Le guide des bons coins","WonderVibesGetaway nous a fait passer des moments incroyables à l'Aqua trip Safari au Ghana si ce genre d'activités vous intéresse n'hésitez pas à vous abonner à leurs comptes et surtout à télécharger l'application Wakabi pour ne rater aucun bon plan
#wakabi 
#wakabileguide","WonderVibesGetaway nous a fait passer des moments incroyables à l'Aqua trip Safari au Ghana si ce genre d'activités vous intéresse n'hésitez pas à vous abonner à leurs comptes et surtout à télécharger l'application Wakabi pour ne rater aucun bon plan
#wakabi 
#wakabileguide",125,"06/27/2026 11:19",auto,https://www.facebook.com/reel/1311290690987904/,0,0,Vidéos,,,,,Global,531,438,6,5,1,0,0,,,530,0,438,0,288,46,281,46,0,288,0,0,0,0,5482.017,0,2995.662,0,15.937,0,19.972,0,0,0,1,0.99,1,1,0.99,0.96,0.81,0.74,0.75,0.7,0.68,0.67,0.63,0.61,0.59,0.56,0.53,0.55,0.55,0.53,0.51,0.52,0.53,0.52,0.48,0.45,0.46,0.47,0.46,0.47,0.45,0.45,0.44,,,8477.679,17.161,0,0,0,0.99,0.96,0.67,0.44,0.34,0.31,0.26,0.24,0.24,0.23,0.22,0.22,0.2,0.2,0.2,0.18,0.17,0.18,0.18,0.18,0.16,0.17,0.17,0.17,0.16,0.15,0.15,0.15,0.15,0.16,0.15,0.15,0.15,0.13,0.12,0.1,0.1,0.09,0.08,0.07,0.03,0.4,0.37,0.32,0.31,0.28,0.26,0.2,0.09,105,35,38,36,6,26,11,12,3,4,,3,162,15,2,,12,7,11,2,,19,,3,,3,1,,1,8,3,,,1,,1,,,,,1,4,,13,,,,,,,1,2,,,,,1,2,,,,,,,,,,,,,,,,1,,,,,,,,,,,,,,,,,,,,,,,,,,,,,,1,4,,,,,,,,1,,,1,,,1,,1,,,,,,,,,,,,,,,3,,,,,,,,,,,,,,,,,,,,,,,,,,,
1359619412945832,100066933574280,"Wakabi - Le guide des bons coins","WonderVibesGetaway nous a fait passer des moments incroyables à l'Aqua trip Safari au Ghana si ce genre d'activités vous intéresse n'hésitez pas à vous abonner à leurs comptes et surtout à télécharger l'application Wakabi pour ne pas rater aucun bon plan
#wakabi # #safarighana
#aquatrip
#wakabileguide","WonderVibesGetaway nous a fait passer des moments incroyables à l'Aqua trip Safari au Ghana si ce genre d'activités vous intéresse n'hésitez pas à vous abonner à leurs comptes et surtout à télécharger l'application Wakabi pour ne pas rater aucun bon plan
#wakabi # #safarighana
#aquatrip
#wakabileguide",125,"06/26/2026 06:58",auto,https://www.facebook.com/reel/1775571043582638/,0,0,Vidéos,,,,,Global,730,690,11,11,0,0,1,,1,730,0,690,0,269,27,263,27,0,269,0,0,0,0,4622.149,0,1518.231,0,8.482,0,9.796,0,0,0,1,1,1,1,1,0.91,0.8,0.73,0.65,0.62,0.61,0.58,0.54,0.53,0.5,0.46,0.43,0.41,0.41,0.41,0.36,0.38,0.36,0.35,0.36,0.35,0.32,0.32,0.32,0.32,0.32,0.3,0.28,,,6140.38,8.771,0,0,0,1,0.96,0.53,0.39,0.29,0.25,0.22,0.2,0.18,0.17,0.17,0.16,0.16,0.15,0.14,0.13,0.12,0.12,0.12,0.12,0.1,0.1,0.1,0.1,0.1,0.1,0.09,0.09,0.09,0.09,0.09,0.08,0.08,0.07,0.07,0.06,0.05,0.04,0.03,0.03,0.01,0.27,0.24,0.2,0.19,0.16,0.12,0.09,0.04,82,42,25,50,9,17,9,17,3,4,5,1,140,16,4,,2,7,7,,,17,,2,,1,,,2,8,,,,1,,1,,,,,,4,1,8,,,2,,,,16,2,,,,,1,2,,,,,,1,,1,,,,,,,,2,,3,,,,,,,,,,,,,,,,,,,,,,,,,,,,1,4,,,,,,,,4,,,1,,,,,1,,,,,,,,,1,,,,,,3,,,,,,,,,,,,,,,,,,1,1,1,,,,,,,
1359605586280548,100066933574280,"Wakabi - Le guide des bons coins","Alerte rosé  + alerte Jäger  = soirée qui risque de mal (bien) finir. Rendez-vous le 10 Juillet à La Vie en Rosé Edition IV.
De parler encore ? 😂
#wakabi
#wakabileguide
#Ami Gbédéma","Alerte rosé  + alerte Jäger  = soirée qui risque de mal (bien) finir. Rendez-vous le 10 Juillet à La Vie en Rosé Edition IV.
De parler encore ? 😂
#wakabi
#wakabileguide
#Ami Gbédéma",38,"06/26/2026 06:38",auto,https://www.facebook.com/reel/1044714024757164/,0,0,Vidéos,,,,,Global,577,520,3,3,0,0,0,,,577,0,520,0,194,0,189,0,0,194,0,0,0,0,1402.819,0,1235.179,0,4.139,0,6.467,0,0,0,1,1,1,1,1,0.98,0.98,0.98,0.98,0.98,0.98,1,1,1,1,1,1,0.81,0.79,0.79,0.73,0.65,0.6,0.54,0.52,0.5,0.5,0.48,0.46,0.46,0.44,0.44,0.4,,,2637.998,4.977,0,0,0,0.99,0.99,0.99,0.99,0.82,0.58,0.47,0.44,0.4,0.37,0.34,0.31,0.28,0.28,0.26,0.25,0.25,0.2,0.2,0.2,0.18,0.16,0.15,0.13,0.13,0.12,0.12,0.12,0.11,0.11,0.11,0.11,0.1,0.09,0.09,0.09,0.09,0.07,0.07,0.07,0.07,0.38,0.38,0.38,0.38,0.29,0.29,0.27,0.27,72,25,22,22,9,16,9,7,2,3,3,,116,15,2,,6,6,4,,,9,,1,,3,3,,2,10,4,,,1,,,,,,,,,,5,,,1,,,1,1,1,,,,,,1,,,,,,,,,,,1,,,,,1,,,,,,,,,,,,,,,,,,,,,,,,,,,,,,,,,,,,,,,,,,,,,,,,,,,,,,,,,,,,,,,,,,,,,,,,,,,,,,,,,,,,,,,,,
1358029123104861,100066933574280,"Wakabi - Le guide des bons coins",,,0,"06/24/2026 12:36",N/A,https://www.facebook.com/wakabileguide/posts/pfbid0eF8LzxUXBiMUkxvkyVgV9An9JefdvNKihrDsmCqYNQ934KUgTLZdLyRrjZKNxCDDl,0,1,Vidéos,,,,,Global,108,55,0,0,0,0,0,,,108,0,55,0,29,2,29,2,0,29,0,0,0,0,0,484.493,62.999,0,,,,,0,0,,,,,,,,,,,,,,,,,,,,,,,,,,,,,,,,,,,,,,,,,,,,,,,,,,,,,,,,,,,,,,,,,,,,,,,,,,,,,,,,,,,,,,,,,,,,,,,,,,,,,,,,,,,,,,,,,,,,,,,,,,,,,,,,,,,,,,,,,,,,,,,,,,,,,,,,,,,,,,,,,,,,,,,,,,,,,,,,,,,,,,,,,,,,,,,,,,,,,,,,,,,,,,,,,,,,,,,,,,,,,,,,,,,,,,,,,,,,,,,,,,,,,,,,,,,,
1357969769777463,100066933574280,"Wakabi - Le guide des bons coins","Retour sur une journée qui a tenu toutes ses promesses.
Il y a eu de la tension, du suspense, des remontées inattendues, des cris de joie et forcément quelques déceptions. Mais surtout, il y a eu de très beaux matchs.
Au bout du compte, l'Université de Lomé et l'IAEC ont décroché leur place pour la grande finale et tenteront d'inscrire leur nom au palmarès de cette 5€ édition.
* Rendez-vous le 04 juillet à 15h00 à l'UNIPOD de l'Université de Lomé pour le dernier chapitre de cette aventure.
Tickets: 1 000 FCFA • 3 000 FCFA • 5 000 FCFA
C'est Du Génie
#Wakabi
#wakabileguide","Retour sur une journée qui a tenu toutes ses promesses.
Il y a eu de la tension, du suspense, des remontées inattendues, des cris de joie et forcément quelques déceptions. Mais surtout, il y a eu de très beaux matchs.
Au bout du compte, l'Université de Lomé et l'IAEC ont décroché leur place pour la grande finale et tenteront d'inscrire leur nom au palmarès de cette 5€ édition.
* Rendez-vous le 04 juillet à 15h00 à l'UNIPOD de l'Université de Lomé pour le dernier chapitre de cette aventure.
Tickets: 1 000 FCFA • 3 000 FCFA • 5 000 FCFA
@[100069936849645:2048:C'est Du Génie]
#Wakabi
#wakabileguide",139,"06/24/2026 11:12",N/A,https://www.facebook.com/reel/2040062283270656/,0,0,Vidéos,,,,,Global,485,439,8,8,0,0,1,,1,485,0,439,0,178,7,177,7,0,178,0,0,0,0,2118.933,0,1164.684,0,7.111,0,7.515,0,0,0,1,0.98,1,1,0.98,0.95,0.75,0.73,0.6,0.53,0.43,0.4,0.33,0.3,0.3,0.2,0.2,0.2,0.2,0.2,0.18,0.15,0.13,0.13,0.13,0.13,0.13,0.1,0.1,0.1,0.1,0.08,0.08,,,3283.617,7.248,0,0,0,0.99,0.86,0.54,0.33,0.25,0.21,0.17,0.17,0.13,0.12,0.1,0.09,0.07,0.07,0.07,0.04,0.04,0.05,0.04,0.04,0.04,0.04,0.03,0.03,0.03,0.03,0.03,0.02,0.02,0.02,0.02,0.02,0.02,0.02,0.02,0.02,0.02,0.01,0.01,0.01,0.01,0.08,0.08,0.08,0.08,0.05,0.05,0.05,0.05,70,19,21,27,,13,6,14,1,4,,1,116,8,2,,7,6,7,1,,9,,2,,1,,,,3,1,,,,,,,1,,,,,,5,,,1,,,,2,1,,,,,1,2,,,,,,,,,,,,,,,,1,,,,,,,,,,,,,,,,,,,,,,,,,,,,,,,,,,,,,,,,,,,,,,,1,,,,,,,,,,,,,,,,,,,,,,,,,,,,,,,,,,,,,,,,,,
1356073169967123,100066933574280,"Wakabi - Le guide des bons coins","Si tu cherches un endroit où faire du karaoké ou juste chiller Le Rossignol Karaoké est clairement un spot à connaître.
#wakabileguide
#Wakabi
#explorewithwakabi","Si tu cherches un endroit où faire du karaoké ou juste chiller @[61572950085887:2048:Le Rossignol Karaoké] est clairement un spot à connaître.
#wakabileguide
#Wakabi
#explorewithwakabi",172,"06/22/2026 08:33",auto,https://www.facebook.com/reel/1392514539356625/,0,0,Vidéos,,,,,Global,747,746,19,18,1,0,7,,7,745,0,746,0,333,38,330,38,0,333,0,0,0,0,6219.008,0,2551.859,0,11.146,0,17.6,0,0,0,1,1,1,1,0.91,0.85,0.8,0.73,0.66,0.59,0.54,0.52,0.5,0.51,0.49,0.44,0.43,0.43,0.4,0.39,0.39,0.39,0.33,0.33,0.32,0.32,0.3,0.3,0.3,0.3,0.3,0.28,0.26,,,8770.867,12.476,0,0,0,0.99,0.81,0.42,0.28,0.23,0.21,0.2,0.18,0.17,0.14,0.14,0.13,0.13,0.13,0.12,0.11,0.11,0.11,0.1,0.1,0.1,0.1,0.08,0.08,0.08,0.08,0.08,0.08,0.08,0.08,0.08,0.07,0.06,0.06,0.06,0.05,0.05,0.04,0.03,0.02,0.02,0.26,0.23,0.2,0.18,0.17,0.11,0.1,0.07,129,46,50,41,5,23,11,18,,3,3,,229,20,2,,6,10,8,1,,14,,3,1,3,3,2,4,9,2,3,,1,,,,,,,,,,2,,,1,,,,,1,,,,,2,1,,,,,,,,,,,,,1,,,1,,,,,,,,,,,,,,,,,,,,,,,,,1,,,,,,,,,,,,,,,,,,,,,,1,1,,,,,,,,,,,,,,,,,,,,,,,,,,,,,,,,,,,,,,,,,
1354585240115916,100066933574280,"Wakabi - Le guide des bons coins","Qu'est-ce que @Michael_mbj et son acolyte ne sont pas prêt à faire pour manger?
Aujourd’hui ' l’un d'entre eux en a payé le prix, regardez jusqu'à à la fin  et surtout n'oubliez pas de télécharger l'application wakabi
#on va où là?
Wakabi #wakabi
#wakabileguide","Qu'est-ce que @Michael_mbj et son acolyte ne sont pas prêt à faire pour manger?
Aujourd’hui ' l’un d'entre eux en a payé le prix, regardez jusqu'à à la fin  et surtout n'oubliez pas de télécharger l'application wakabi
#on va où là?
Wakabi #wakabi
#wakabileguide",235,"06/20/2026 15:10",auto,https://www.facebook.com/reel/1329373398634844/,0,0,Vidéos,,,,,Global,25421,23166,2460,2390,60,10,1328,,1328,25289,0,23166,0,18746,7516,18032,7502,0,18746,0,0,0,0,1402354.57,4422.745,195382.923,0,66.062,30.929,129.737,0,0,0,1,1,1,0.95,0.87,0.83,0.81,0.8,0.79,0.77,0.76,0.76,0.75,0.72,0.7,0.69,0.69,0.69,0.68,0.65,0.63,0.62,0.61,0.61,0.6,0.59,0.58,0.56,0.56,0.54,0.54,0.53,0.53,,,1602160.238,70.033,0,0,0,0.99,0.77,0.56,0.5,0.45,0.43,0.42,0.42,0.41,0.4,0.4,0.4,0.39,0.38,0.37,0.36,0.36,0.36,0.35,0.34,0.33,0.32,0.32,0.32,0.31,0.31,0.3,0.29,0.29,0.28,0.28,0.28,0.28,0.27,0.27,0.27,0.26,0.26,0.26,0.2,0.07,0.52,0.52,0.51,0.51,0.5,0.49,0.38,0.14,6340,2295,2536,3312,486,1130,395,1419,93,324,184,70,12239,783,339,,765,339,681,141,13,738,6,190,28,164,41,51,24,246,141,110,20,69,,70,,17,,,12,5,10,814,,,96,,,,225,15,8,,,,66,9,,,,,,29,9,,,,15,13,16,,,9,,,,,,,,,,,,,,,,,27,,,,,,,,14,,,17,,,,,,,,,,,,,,,6,,,,,17,5,,,,,,,,,,,,,,,,,,,,,,,,,,,,,,,,,,,,,,,,
1354076406833466,100066933574280,"Wakabi - Le guide des bons coins","Sethlo Officiel toi aussi tu déjà vu le film 🎥 ?!
#wakabileguide
#Wakabi",,0,"06/20/2026 01:25",N/A,https://www.facebook.com/wakabileguide/posts/pfbid04bKnx7VVCw2AZhcCnAQeYmS4Y8RscA6sGUWvepr9JC2rnpuy3m5ra9CEQAoGHydfl,0,0,Photos,,,,,Global,329,209,11,10,0,1,15,,7,329,0,209,0,0,0,0,0,0,0,0,0,0,0,0,0,0,0,0,0,0,0,0,0,,,,,,,,,,,,,,,,,,,,,,,,,,,,,,,,,,8,,,,,,,,,,,,,,,,,,,,,,,,,,,,,,,,,,,,,,,,,,,,,,,,,,,,,,,,,,,,,,,,,,,,,,,,,,,,,,,,,,,,,,,,,,,,,,,,,,,,,,,,,,,,,,,,,,,,,,,,,,,,,,,,,,,,,,,,,,,,,,,,,,,,,,,,,,,,,,,,,,,,,,,,,,,,,,,,,,,,,,,,,,,,,,,,,,,,,,,,,,,,,,,,,,,,,,,,,,
1353788906862216,100066933574280,"Wakabi - Le guide des bons coins","Félicitations à Sethlo Officiel🔥","Félicitations à @[100044384141179:2048:Sethlo Officiel]🔥",18,"06/19/2026 16:54",N/A,https://www.facebook.com/reel/1361042519424007/,0,0,Vidéos,,,,,Global,1337,1277,32,32,0,0,21,,21,1336,0,1277,0,498,0,478,0,0,498,0,0,0,0,5912.629,0,1134.822,0,6.065,0,8.798,0,0,0,1,1,1,1,1,1,1,1,1,1,1,1,1,1,1,1,1,0.99,0.96,0.92,0.9,,,,,,,,,,,,,,,7047.451,6.383,0,0,0,1,1,1,1,0.85,0.76,0.66,0.59,0.52,0.49,0.45,0.42,0.39,0.37,0.35,0.33,0.32,0.31,0.3,0.29,0.28,,,,,,,,,,,,,,,,,,,,,,,,,,,,,202,80,48,71,13,23,15,19,,9,6,3,269,32,8,,14,8,35,3,3,25,,4,,6,4,2,2,10,4,1,4,14,,1,,1,,,1,,,9,,,1,,,,24,1,,,,,,1,,,1,,,1,,,,,,,1,,,1,,,,,,,,,,,,,,,,,,,,,,,,,2,,,1,,,,,,,,,,,,,,,,,,,,,,,,,,,,,,,,,,,,,,,4,,,,,,,,,,,,,,,,,,,,,,
1353759000198540,100066933574280,"Wakabi - Le guide des bons coins","Sortie d’album de Sethlo à l’institut français 🔥
Sethlo Officiel
#wakabileguide
#Wakabi","Sortie d’album de Sethlo à l’institut français 🔥
@[100044384141179:2048:Sethlo Officiel]
#wakabileguide
#Wakabi",26,"06/19/2026 15:55",N/A,https://www.facebook.com/reel/1348536330551895/,0,0,Vidéos,,,,,Global,2057,2353,81,79,0,2,50,,50,2056,0,2353,0,866,0,855,0,0,866,0,0,0,0,12253.682,53.05,922.087,0,7.29,5.895,7.319,0,0,0,1,1,1,1,1,1,1,1,1,1,1,1,1,1,1,1,1,0.99,0.93,0.88,0.85,0.8,0.78,0.76,0.76,0.75,0.73,0.72,0.69,,,,,,,13228.819,7.284,0,0,0,1,1,1,1,0.91,0.8,0.68,0.63,0.58,0.53,0.51,0.47,0.45,0.42,0.4,0.37,0.36,0.35,0.32,0.31,0.3,0.28,0.27,0.27,0.27,0.26,0.26,0.25,0.24,,,,,,,,,,,,,,,,,,,,,355,138,76,126,36,24,30,33,8,6,7,6,577,58,7,,14,13,23,4,2,32,,12,,6,,6,3,11,5,2,2,3,,2,1,,,,3,,,17,,,4,,,1,1,,,,,,2,,2,1,,,,1,,,,,,,,,,,,1,,3,,2,7,8,,1,2,1,,,,,,,,,,,,,,,,7,,,,,,,,,,,,,,,,,,,,,,,,,,,,,,,,5,1,1,1,1,1,1,,,,,,,,,,,,,,,,,,,,,,,
1353510906890016,100066933574280,"Wakabi - Le guide des bons coins","Tu seras là à la finale C'est Du Génie??
Dis moi en commentaire 
#apkwakabi
#wakabileguide
#Wakabi","Tu seras là à la finale @[100069936849645:2048:C'est Du Génie]??
Dis moi en commentaire 
#apkwakabi
#wakabileguide
#Wakabi",176,"06/19/2026 08:44",auto,https://www.facebook.com/reel/1717846129239688/,0,0,Vidéos,,,,,Global,643,572,11,10,0,1,2,,2,643,0,572,0,348,20,347,20,0,348,0,0,0,0,4831.253,0,1535.007,0,9.511,0,15.506,0,0,0,1,1,1,1,0.81,0.73,0.56,0.47,0.42,0.41,0.38,0.36,0.3,0.3,0.26,0.25,0.23,0.23,0.23,0.22,0.19,0.18,0.18,0.19,0.19,0.16,0.16,0.16,0.14,0.14,0.14,0.12,0.12,,,6366.26,10.488,0,0,0,0.99,0.8,0.44,0.24,0.17,0.15,0.12,0.1,0.09,0.09,0.08,0.07,0.06,0.06,0.05,0.05,0.05,0.05,0.05,0.05,0.04,0.04,0.04,0.04,0.04,0.03,0.03,0.03,0.03,0.03,0.03,0.03,0.03,0.02,0.02,0.02,0.02,0.02,0.01,0.01,0.01,0.11,0.11,0.11,0.11,0.1,0.07,0.04,0.03,122,42,38,51,16,25,11,12,10,6,8,3,165,14,8,,6,7,37,3,,15,,3,,3,13,1,32,7,3,3,4,4,,,1,,,1,,,1,8,,,,,,,2,,,,,,1,1,1,,,1,1,,,,,,,,,,,1,,,,,,,,,,,,,,,,,,,,,,,,,,,,,,,,,,,,,,,,,,,,,,,1,,,,,,,,,,,,,,,,,,,,,,,,,,,,,,,,,,,,,,,,,,
1352031410371299,100066933574280,"Wakabi - Le guide des bons coins","Quelques mots a savoir en vernaculaire 😆
Dites nous en commentaire pour vous🇹🇬😀
#wakabi
#wakabileguide
#apkwakabi
#Togo","Quelques mots a savoir en vernaculaire 😆
Dites nous en commentaire pour vous🇹🇬😀
#wakabi
#wakabileguide
#apkwakabi
#Togo",77,"06/17/2026 13:58",N/A,https://www.facebook.com/reel/996097436537999/,0,0,Vidéos,,,,,Global,307,258,6,4,0,2,1,,1,307,0,258,0,143,25,141,25,0,143,0,0,0,0,2319.895,120.944,1165.737,0,12.34,13.439,13.4,0,0,0,1,1,1,1,1,1,1,1,1,0.87,0.75,0.69,0.65,0.62,0.6,0.59,0.59,0.59,0.54,0.53,0.47,0.47,0.46,0.47,0.46,0.46,0.43,0.41,0.41,0.41,0.41,0.38,0.37,,,3606.576,12.699,0,0,0,1,1,0.92,0.8,0.71,0.63,0.57,0.57,0.48,0.41,0.36,0.33,0.31,0.29,0.29,0.28,0.28,0.28,0.26,0.25,0.22,0.22,0.22,0.22,0.22,0.22,0.2,0.2,0.2,0.2,0.2,0.18,0.17,0.15,0.1,0.04,0.02,0.01,0.01,0.01,0.01,0.31,0.21,0.07,0.04,0.01,0.01,0.01,0.01,58,16,18,23,2,9,2,7,2,1,2,,84,8,3,,3,4,6,1,,11,,2,,4,2,1,,4,,,1,,,1,,,,,,,,4,,,,,,,1,,,,,,1,1,,,,,,,,,,,,,,,,1,,,,,,,,,,,,,,,,,,,,,,,,,,,,,,,,,,,,,,,,,,,,,,,,,,,,,,,,,,,,,,,,,,,,,,,,,,,,,,,,,,,,,,,,,
1351622053745568,100066933574280,"Wakabi - Le guide des bons coins","La Vie en Rosé Edition IV est de retour !

Carnet Artistique vous invite à une soirée tout en rose à La Bodega : vin rosé, mousseux, Jägermeister et pizza pour passer un bon moment entre amis 🍷✨

📍 La Bodega, coin pharmacie de la cité, direction école des cadres à Avenou
📅 10 Juillet 2026 — 19H
☎️ 00228 98 87 45 99

Salons disponibles de 1 à 8 personnes, viens vite réserver ta place ! carnet artistique",,0,"06/17/2026 03:29",N/A,https://www.facebook.com/wakabileguide/posts/pfbid0H9D7ufAGx4gaH1md9QGQDPArWwzGdxmRhCbARQHHz9gwKmfcWc8puNeE2xWTosWwl,0,0,Photos,,,,,Global,140,82,5,2,0,3,2,,,140,0,82,0,0,0,0,0,0,0,0,0,0,0,0,0,0,0,0,0,0,0,0,0,,,,,,,,,,,,,,,,,,,,,,,,,,,,,,,,,,2,,,,,,,,,,,,,,,,,,,,,,,,,,,,,,,,,,,,,,,,,,,,,,,,,,,,,,,,,,,,,,,,,,,,,,,,,,,,,,,,,,,,,,,,,,,,,,,,,,,,,,,,,,,,,,,,,,,,,,,,,,,,,,,,,,,,,,,,,,,,,,,,,,,,,,,,,,,,,,,,,,,,,,,,,,,,,,,,,,,,,,,,,,,,,,,,,,,,,,,,,,,,,,,,,,,,,,,,,,
1351601160414324,100066933574280,"Wakabi - Le guide des bons coins","La Vie en Rosé Edition IV est de retour !

Carnet Artistique vous invite à une soirée tout en rose à La Bodega : vin rosé, mousseux, Jägermeister et pizza pour passer un bon moment entre amis 🍷✨

📍 La Bodega, coin pharmacie de la cité, direction école des cadres à Avenou
📅 10 Juillet 2026 — 19H
☎️ 00228 98 87 45 99

Salons disponibles de 1 à 8 personnes, viens vite réserver ta place !",,0,"06/17/2026 02:53",N/A,https://www.facebook.com/wakabileguide/posts/pfbid02WMY3aZEftNMSN1pkf8xsPkjobjVhkBcknTX7vm96QpzGGs824aqrApg2E28nzfhwl,0,0,Photos,,,,,Global,87,49,5,4,0,1,0,,,87,0,49,0,0,0,0,0,0,0,0,0,0,0,0,0,0,0,0,0,0,0,0,0,,,,,,,,,,,,,,,,,,,,,,,,,,,,,,,,,,,,,,,,,,,,,,,,,,,,,,,,,,,,,,,,,,,,,,,,,,,,,,,,,,,,,,,,,,,,,,,,,,,,,,,,,,,,,,,,,,,,,,,,,,,,,,,,,,,,,,,,,,,,,,,,,,,,,,,,,,,,,,,,,,,,,,,,,,,,,,,,,,,,,,,,,,,,,,,,,,,,,,,,,,,,,,,,,,,,,,,,,,,,,,,,,,,,,,,,,,,,,,,,,,,,,,,,,,,,
1350845533823220,100066933574280,"Wakabi - Le guide des bons coins","Azalaï Hôtel Cotonou

Un hôtel idyllique au cœur de Cotonou, au Bénin

Un hôtel idyllique à Cotonou, au Bénin, situé au cœur de la capitale, en bordure de la flotte atlantique, et à quelques pas de la célèbre place Etoile Rouge, l'Azalaï Hotel Cotonou se dévoile à travers un immeuble éminent, bénéficiant de 120 chambres dont 12 suites avec une vue sur la piscine.

Ses chambres bénéficient d'un panorama somptueux, vous procurant cette sensation de joie, le tout dans un confort absolu.

Retrouvez d’autres hôtels et restaurants sur wakabi
#wakabileguide
#wakabi 
#apkwakabi",,0,"06/16/2026 05:38",N/A,https://www.facebook.com/wakabileguide/posts/pfbid0vDtGv2o7AqogUeKXXEusMGhPEfbyHfKHp8EcXzA6WsAiEvq4f1mofT3SsjQdCuPFl,0,0,Photos,,,,,Global,161,103,4,3,0,1,7,,2,161,0,103,0,0,0,0,0,0,0,0,0,0,0,0,0,0,0,0,0,0,0,0,0,,,,,,,,,,,,,,,,,,,,,,,,,,,,,,,,,,5,,,,,,,,,,,,,,,,,,,,,,,,,,,,,,,,,,,,,,,,,,,,,,,,,,,,,,,,,,,,,,,,,,,,,,,,,,,,,,,,,,,,,,,,,,,,,,,,,,,,,,,,,,,,,,,,,,,,,,,,,,,,,,,,,,,,,,,,,,,,,,,,,,,,,,,,,,,,,,,,,,,,,,,,,,,,,,,,,,,,,,,,,,,,,,,,,,,,,,,,,,,,,,,,,,,,,,,,,,
1350187097222397,100066933574280,"Wakabi - Le guide des bons coins","Situé au cœur de la célèbre station balnéaire de sweet home ressort en Côte d’Ivoire, Hôtel Assinie est un complexe hôtelier d’exception niché en bordure de la lagune, offrant un cadre paisible où la nature, le confort et la détente se rencontrent. Assinie-Mafia est reconnue pour ses paysages uniques entre lagune et océan, à environ 80 km d’Abidjan.
A tester absolument lors de votre prochaine virée 

Nom Home sweet ressort  et bien d’autres adresses sont à découvrir sur Wakabi…
Explorez et trouvez facilement les meilleurs lieux
#wakabileguide
#Wakabi
#cotedivoire",,0,"06/15/2026 10:02",N/A,https://www.facebook.com/wakabileguide/posts/pfbid0SjR8Xr2T8swoCdzuozc6kuKhqcZ5tWEHXmYXFFwK3urVVM1VhvDLvSMZr3o26DYzl,0,0,Photos,,,,,Global,136,63,5,3,0,2,2,,,136,0,63,0,0,0,0,0,0,0,0,0,0,0,0,0,0,0,0,0,0,0,0,0,,,,,,,,,,,,,,,,,,,,,,,,,,,,,,,,,,2,,,,,,,,,,,,,,,,,,,,,,,,,,,,,,,,,,,,,,,,,,,,,,,,,,,,,,,,,,,,,,,,,,,,,,,,,,,,,,,,,,,,,,,,,,,,,,,,,,,,,,,,,,,,,,,,,,,,,,,,,,,,,,,,,,,,,,,,,,,,,,,,,,,,,,,,,,,,,,,,,,,,,,,,,,,,,,,,,,,,,,,,,,,,,,,,,,,,,,,,,,,,,,,,,,,,,,,,,,
1347556514152122,100066933574280,"Wakabi - Le guide des bons coins","Prêt pour la CDM 
Souhaitez bonne chance à l’équipe wakabi 🙏🇹🇬
#wakabi
#wakabileguide
#téléchargerl’applicationwakabi","Prêt pour la CDM 
Souhaitez bonne chance à l’équipe wakabi 🙏🇹🇬
#wakabi
#wakabileguide
#téléchargerl’applicationwakabi",32,"06/12/2026 10:08",N/A,https://www.facebook.com/reel/955038407502518/,0,0,Vidéos,,,,,Global,9635,9490,223,191,27,5,817,,817,9613,0,9490,0,4687,0,4687,0,0,4687,0,0,0,0,95261.473,1601.645,5412.461,0,12.108,15.55,19.682,0,0,0,1,1,1,1,1,1,1,1,1,1,1,1,1,1,1,1,0.98,0.96,0.94,0.92,0.9,0.87,0.82,0.76,0.73,0.7,0.69,0.65,0.51,0.43,0.39,0.34,0.31,,,102275.579,12.403,0,0,0,1,1,1,1,0.91,0.84,0.8,0.76,0.7,0.67,0.63,0.6,0.58,0.57,0.55,0.54,0.53,0.52,0.5,0.49,0.48,0.47,0.44,0.41,0.39,0.38,0.37,0.35,0.27,0.23,0.21,0.18,0.16,,,,,,,,,,,,,,,,,2169,582,505,754,95,172,152,133,29,27,36,2,3316,242,62,,87,120,146,21,12,129,,60,8,48,8,17,59,44,18,20,6,28,,17,4,5,,,3,2,,51,,,29,,3,,7,,2,,,,19,3,10,,2,,,,3,,,6,6,5,4,,3,,,3,,,3,,,,,,,,,,,,,,,,,,,,3,,,4,,,,,2,,,,,,,,,,,,,,,,,,,,,,,,,,,,,,,,,,,,,,,,,,,,,,,,,,,,,,,,
1346842744223499,100066933574280,"Wakabi - Le guide des bons coins","🔥 Retour sur la 1ère journée du Championnat National de Drift !

Pneus qui fument, moteurs qui rugissent et adrénaline au rendez-vous 🔥🏎️

Revivez les meilleurs moments de l’événement avec ce nouveau Wakap
#wakabi
#wakabileguide
#apkwakabi","🔥 Retour sur la 1ère journée du Championnat National de Drift !

Pneus qui fument, moteurs qui rugissent et adrénaline au rendez-vous 🔥🏎️

Revivez les meilleurs moments de l’événement avec ce nouveau Wakap
#wakabi
#wakabileguide
#apkwakabi",140,"06/11/2026 13:00",auto,https://www.facebook.com/reel/769579559509433/,0,0,Vidéos,,,,,Global,1180,1180,28,24,1,3,20,,20,1178,0,1180,0,605,125,583,125,0,605,0,0,0,0,17877.412,270.855,3467.749,0,18.355,19.347,33.027,0,0,0,1,1,1,1,1,0.93,0.86,0.79,0.73,0.7,0.67,0.65,0.65,0.62,0.6,0.54,0.49,0.45,0.43,0.42,0.39,0.38,0.36,0.33,0.32,0.29,0.27,0.25,0.22,0.21,0.19,0.16,0.15,,,21616.016,19.776,0,0,0,1,0.94,0.71,0.59,0.49,0.44,0.4,0.37,0.34,0.33,0.32,0.31,0.31,0.29,0.28,0.25,0.23,0.21,0.2,0.2,0.19,0.18,0.17,0.16,0.15,0.14,0.13,0.12,0.1,0.1,0.09,0.08,0.07,0.06,0.06,0.06,0.05,0.02,0.01,0.01,0.01,0.14,0.13,0.13,0.1,0.04,0.02,0.02,0.02,267,78,44,98,16,22,33,22,4,6,5,1,462,16,6,,9,12,12,1,,20,,3,,9,,2,,6,3,1,1,2,,2,,,,,,1,2,8,,,5,,1,,4,,,,,,2,2,,,1,,,,,,1,,2,,,,,,1,,,,,,,,,,,,,,,,,,,,,,,,,,,2,,,,,,,,,,,,,,,,,,,1,,,,,,1,,,,,2,,,,,,,,,,1,1,,,,,,,,,,,,,,,,,,,,
1345130981061342,100066933574280,"Wakabi - Le guide des bons coins","😂😂Michael et son acolyte on mis dans Galidossi des debouts chez Miss kech aujourd’hui , et comme d’habitude rien ne s’est  pas passé comme prévu
#wakabileguide
#Wakabi","😂😂Michael et son acolyte on mis dans Galidossi des debouts chez Miss kech aujourd’hui , et comme d’habitude rien ne s’est  pas passé comme prévu
#wakabileguide
#Wakabi",221,"06/09/2026 13:43",auto,https://www.facebook.com/reel/1368504875119725/,0,0,Vidéos,,,,,Global,27194,26304,2152,2099,44,9,2153,1,2152,27204,0,26304,0,20346,7156,19586,7040,0,20346,0,0,0,0,1315038.244,1567.174,166750.359,0,56.211,38.224,118.515,0,0,0,1,1,1,0.94,0.84,0.81,0.78,0.75,0.73,0.72,0.71,0.69,0.68,0.67,0.66,0.65,0.64,0.64,0.63,0.62,0.62,0.61,0.61,0.6,0.58,0.55,0.53,0.52,0.5,0.5,0.49,0.49,0.48,,,1483355.777,59.709,0,0,0,0.99,0.78,0.57,0.47,0.43,0.41,0.39,0.38,0.37,0.36,0.36,0.35,0.34,0.34,0.33,0.32,0.32,0.32,0.32,0.31,0.31,0.31,0.31,0.3,0.29,0.28,0.27,0.26,0.25,0.25,0.25,0.25,0.24,0.24,0.23,0.22,0.21,0.2,0.2,0.14,0.05,0.47,0.46,0.43,0.42,0.4,0.4,0.28,0.09,6653,1806,3699,3630,322,1278,387,1792,61,239,239,75,14112,709,398,,955,337,653,147,20,578,8,174,27,171,62,44,47,228,112,132,29,64,,64,,,,,7,7,,657,,,97,10,,,149,19,15,,,,51,9,,6,11,,,13,9,,,,17,9,11,,,7,,,,,,,,,,,,,,,,,11,,,,,,,,14,,,19,,,,,,,,,,,,,,,6,,,,,12,,,,,,,,,,,,,,,,,,,,,,,,,,,,,,,,,,,,,,,,,
1344259864481787,100066933574280,"Wakabi - Le guide des bons coins","🇧🇯✨ Cap sur le Bénin avec Afrique Expérience Togo !

Découvrez Ouidah, Ganvié, le Temple des Pythons et bien d’autres merveilles lors d’un week-end riche en découvertes et en détente.

📅 04 au 05 juillet 2026
🕕 Départ : 6h
📍 Rond-point CIMTOGO

Réservez vite votre place et vivez une expérience inoubliable !","🇧🇯✨ Cap sur le Bénin avec Afrique Expérience Togo !

Découvrez Ouidah, Ganvié, le Temple des Pythons et bien d’autres merveilles lors d’un week-end riche en découvertes et en détente.

📅 04 au 05 juillet 2026
🕕 Départ : 6h
📍 Rond-point CIMTOGO

Réservez vite votre place et vivez une expérience inoubliable !",45,"06/08/2026 13:49",N/A,https://www.facebook.com/reel/1496296418153061/,0,0,Vidéos,,,,,Global,675,620,13,13,0,0,2,,2,675,0,620,0,223,0,222,0,0,223,0,0,0,0,3052.799,0,944.46,0,5.838,0,10.156,0,0,0,0.98,0.98,0.98,0.98,1,1,1,1,1,1,1,1,1,1,0.98,0.95,0.89,0.8,0.79,0.79,0.77,0.75,0.73,0.71,0.71,0.7,0.7,0.7,0.66,0.63,0.63,0.63,0.59,,,3997.259,6.489,0,0,0,1,1,1,0.94,0.81,0.65,0.57,0.49,0.42,0.37,0.34,0.32,0.27,0.26,0.25,0.24,0.22,0.2,0.2,0.2,0.19,0.19,0.18,0.18,0.18,0.17,0.17,0.17,0.17,0.16,0.16,0.16,0.15,0.14,0.14,0.12,0.08,0.07,0.07,0.06,0.05,0.57,0.57,0.46,0.3,0.29,0.27,0.23,0.2,88,26,25,29,6,12,10,8,3,7,4,1,116,9,7,,6,4,25,,,15,,1,,2,4,1,8,5,1,1,,,,2,1,1,,,,,,2,,,2,,,,1,,3,,1,,1,1,2,,,,1,,,,,,,,,,,,,,,,,,,,,,,,,,,,,,,,,,,,,,,,,,,,,,,,,,,,,,,,,,,,,,,,,,,,,,,,,,,,,,,,,,,,,,,,,,,,,,,,,,,,
1342554971318943,100066933574280,"Wakabi - Le guide des bons coins","VSD : votre guide des sorties du week-end.

📍 Voici la sélection des événements de ce week-end :

• Lomé Fight Night — 06 juin 2026 à 19h00
• Imani Bounka — 06 juin 2026 à 14h00
• Saïd – Sur Mon Cœur — 07 juin 2026 à 16h00
• Table & Harmonie — 07 juin 2026

Lequel sera votre programme ? 👀","VSD : votre guide des sorties du week-end.

📍 Voici la sélection des événements de ce week-end :

• Lomé Fight Night — 06 juin 2026 à 19h00
• Imani Bounka — 06 juin 2026 à 14h00
• Saïd – Sur Mon Cœur — 07 juin 2026 à 16h00
• Table & Harmonie — 07 juin 2026

Lequel sera votre programme ? 👀",74,"06/06/2026 14:20",N/A,https://www.facebook.com/reel/1021205717101572/,0,0,Vidéos,,,,,Global,524,454,3,3,0,0,0,,,524,0,454,0,169,4,168,4,0,169,0,0,0,0,1959.792,0,432.642,0,4.645,0,6.271,0,0,0,1,1,1,1,1,1,1,1,1,0.9,0.83,0.69,0.59,0.52,0.48,0.48,0.45,0.41,0.38,0.34,0.31,0.28,0.28,0.24,0.21,0.17,0.17,0.17,0.17,0.17,0.17,0.17,0.17,,,2392.434,4.872,0,0,0,1,1,0.81,0.52,0.45,0.38,0.31,0.22,0.18,0.15,0.14,0.12,0.1,0.09,0.08,0.08,0.08,0.08,0.07,0.06,0.05,0.05,0.05,0.04,0.04,0.03,0.03,0.03,0.03,0.03,0.03,0.03,0.03,0.02,0.02,0.02,0.01,0.01,0,0,0,0.14,0.14,0.14,0.07,0.03,0,0,0,58,22,16,22,8,12,11,6,2,5,3,1,66,8,13,,6,4,26,1,,7,,1,,9,4,,6,2,2,1,2,,,1,,,,,,,,,,,3,,,,1,,,1,,,1,1,,,,,,,,,,2,1,,,,,,,,,,,,,,,,,,,,,,,,,,,,,,,,,,,,,,,,,,,,,,,,,,,,,,,,,,,,,,,,,,,,,,,,,,,,,,,,,,,,,,,,,,,,,,
1339695018271605,100066933574280,"Wakabi - Le guide des bons coins","Le Speed test  et le drift au championnat de drift
#Wakabi
#wakabileguide
#FSTM","Le Speed test  et le drift au championnat de drift
#Wakabi
#wakabileguide
#FSTM",70,"06/03/2026 11:07",N/A,https://www.facebook.com/reel/1750736306361095/,0,0,Vidéos,,,,,Global,776,639,13,12,0,1,6,,6,776,0,639,0,312,26,309,26,0,312,0,0,0,0,4406.393,598.407,1169.467,0,8.13,7.041,14.262,0,0,0,1,1,0.99,0.99,0.99,0.99,0.99,0.99,0.99,0.95,0.84,0.75,0.75,0.73,0.73,0.69,0.6,0.58,0.58,0.57,0.54,0.52,0.47,0.47,0.46,0.43,0.4,0.38,0.37,0.38,0.36,0.32,0.31,,,6174.267,8.708,0,0,0,1,1,0.92,0.66,0.58,0.47,0.42,0.37,0.34,0.31,0.28,0.25,0.24,0.24,0.24,0.22,0.2,0.19,0.19,0.19,0.18,0.17,0.15,0.15,0.15,0.14,0.13,0.13,0.12,0.13,0.12,0.11,0.1,0.1,0.09,0.07,0.06,0.05,0.05,0.03,0.02,0.3,0.28,0.21,0.19,0.17,0.16,0.09,0.07,104,46,19,41,27,14,14,12,20,5,2,2,147,10,3,,9,7,8,,2,20,2,5,1,,2,,,1,1,,,,1,6,,,,,,3,4,6,2,,7,4,,,,,,,,,3,,,,,,,4,5,,,,,1,,,,,,,,,,,,,3,,,,,,,,,,,,,1,,,,,,1,,,,,,,,,,,,,,,,,,,1,,,,1,5,5,,,6,,2,,,,,,,,2,1,,1,1,3,2,1,1,1,1,,,,,,,,,,,,,
1338714948369612,100066933574280,"Wakabi - Le guide des bons coins","C’est du Génie débarque à Lomé et ça va chauffer. Des questions, des équipes, de l’ambiance et un seul grand gagnant. Le cadre ? L’Hôtel Sarakawa. Le niveau ? Pas pour les timides.

Si vous êtes du genre à tout savoir sur tout, c’est le moment de montrer de quoi votre équipe est capable
#Wakabi
#wakabileguide
#c’estdugénie","C’est du Génie débarque à Lomé et ça va chauffer. Des questions, des équipes, de l’ambiance et un seul grand gagnant. Le cadre ? L’Hôtel Sarakawa. Le niveau ? Pas pour les timides.

Si vous êtes du genre à tout savoir sur tout, c’est le moment de montrer de quoi votre équipe est capable
#Wakabi
#wakabileguide
#c’estdugénie",90,"06/02/2026 11:56",auto,https://www.facebook.com/reel/1379015770914429/,0,0,Vidéos,,,,,Global,570,526,8,8,0,0,1,,1,570,0,526,0,193,16,191,16,0,193,0,0,0,0,3201.905,0,753.612,0,7.053,0,11.083,0,0,0,1,1,1,1,1,1,1,0.97,0.91,0.74,0.69,0.63,0.62,0.55,0.52,0.45,0.43,0.38,0.37,0.35,0.34,0.34,0.32,0.29,0.28,0.26,0.25,0.25,0.23,0.23,0.23,0.23,0.18,,,3955.517,7.577,0,0,0,1,0.99,0.76,0.5,0.45,0.39,0.35,0.33,0.31,0.25,0.23,0.21,0.21,0.19,0.18,0.15,0.15,0.14,0.13,0.12,0.12,0.12,0.11,0.1,0.09,0.09,0.08,0.08,0.08,0.08,0.08,0.08,0.06,0.05,0.05,0.04,0.03,0.03,0.02,0.02,0.01,0.15,0.14,0.11,0.09,0.08,0.06,0.05,0.03,53,26,23,22,12,13,9,16,4,6,7,1,91,10,7,,8,6,12,,1,13,,,,4,4,,4,6,1,,1,1,,1,,1,,,1,,,2,,1,4,1,,,2,,1,1,1,,1,1,1,,,,,,1,,,,,,,,,,,,,,,,,,,,,,,,,,,,,,,,,,,,,,,,1,,,,,,,,,1,,,2,,,,,,,,,,,,,,,,,,,,,,,,,,,,,,,,,,,,,,,,,,,,,,
1338571575050616,100066933574280,"Wakabi - Le guide des bons coins","Le grand jour approche pour notre très chère @senzaa. 💍✨

Rendez-vous dans quelques jours sur Wakabi pour vivre avec nous les plus beaux moments de cette célébration
#Wakabi
#wakabileguide
Senzaa","Le grand jour approche pour notre très chère @senzaa. 💍✨

Rendez-vous dans quelques jours sur Wakabi pour vivre avec nous les plus beaux moments de cette célébration
#Wakabi
#wakabileguide
@[100044286016565:2048:Senzaa]",50,"06/02/2026 08:48",auto,https://www.facebook.com/reel/1696193008082258/,0,0,Vidéos,,,,,Global,1275,1066,43,41,1,1,3,,3,1275,0,1066,0,756,0,756,0,0,756,0,0,0,0,15601.503,44.918,3927.815,0,16.118,44.918,35.07,0,0,0,1,1,1,1,1,1,1,1,1,1,1,1,1,0.99,0.97,0.95,0.93,0.93,0.91,0.9,0.9,0.89,0.87,0.85,0.85,0.83,0.82,0.81,0.79,0.79,0.78,0.78,0.78,,,19574.236,18.107,0,0,0,1,1,1,0.87,0.72,0.65,0.57,0.53,0.51,0.48,0.46,0.45,0.44,0.44,0.43,0.42,0.41,0.41,0.4,0.4,0.4,0.39,0.38,0.38,0.37,0.37,0.36,0.36,0.35,0.35,0.35,0.34,0.35,0.35,0.34,0.34,0.33,0.28,0.23,0.18,0.15,0.78,0.78,0.77,0.75,0.65,0.53,0.41,0.34,227,80,116,94,26,59,21,71,13,13,7,5,214,25,38,,37,12,101,8,1,19,,1,,12,47,,105,23,6,3,13,21,,6,3,1,2,,4,1,,10,1,,5,10,,1,1,,7,1,,,1,3,1,,,2,,2,,,,1,1,,1,,,1,1,,,,,,,,,,,,,,,,,,,,,,,,,,,,,,1,,,,,,,,,,,,1,,,,,,,,,,,1,,,,,,,,,,,,,,,,,,,,,,,,,,,,,,,,,,,
1337905558450551,100066933574280,"Wakabi - Le guide des bons coins","À AURUM, on ne vient pas seulement pour manger, on vient vivre un moment.

Une équipe aux petits soins, des plats généreux et des saveurs qui donnent envie de revenir encore et encore. Une adresse qui mérite sa place parmi les incontournables d’Agbodrafo.

Disponible sur Wakabi.
#Wakabi
#wakabileguide
AURUM","À AURUM, on ne vient pas seulement pour manger, on vient vivre un moment.

Une équipe aux petits soins, des plats généreux et des saveurs qui donnent envie de revenir encore et encore. Une adresse qui mérite sa place parmi les incontournables d’Agbodrafo.

Disponible sur Wakabi.
#Wakabi
#wakabileguide
@[61574485711592:2048:AURUM]",12,"06/01/2026 15:00",auto,https://www.facebook.com/reel/973714902086418/,0,0,Vidéos,,,,,Global,1096,772,13,13,0,0,1,,1,1095,0,772,0,506,0,503,0,0,506,0,0,0,0,4840.768,0,992.28,0,6.79,0,8.482,0,0,0,1,1,1,1,1,1,1,1,1,1,1,1,0.86,,,,,,,,,,,,,,,,,,,,,,,5833.048,7.027,0,0,0,1,1,1,1,0.83,0.72,0.64,0.6,0.55,0.51,0.46,0.43,0.36,,,,,,,,,,,,,,,,,,,,,,,,,,,,,,,,,,,,,154,65,74,43,24,42,16,36,9,15,10,7,197,26,21,2,28,15,60,4,,26,1,2,1,7,20,,17,12,2,5,4,8,,4,1,1,,,4,,,15,,,6,1,1,1,1,,,,,,,2,3,,,,,3,1,,,1,1,,,,,1,,,,,,,,,,,,,,,,,,,,,,,,,,,,,,,1,,,,,,,,,,,,,,,,,,,,,,,,,,,,,,,,,,,,,,,,,,,,,,,,,,,,,,,,,,
1337486801825760,100066933574280,"Wakabi - Le guide des bons coins","Le 13 juin, embarquez pour une journée d’évasion à Ada avec WonderVibes Getaway. Transport aller-retour, buffet, accès à la piscine et plusieurs activités incluses pour une expérience inoubliable. 🏊‍♂️✨

💰 50 000 FCFA par personne

📲 Réservez vite votre place sur Wakabi !
#Wakabi
#wakabileguide
@wondervibesgetaway","Le 13 juin, embarquez pour une journée d’évasion à Ada avec WonderVibes Getaway. Transport aller-retour, buffet, accès à la piscine et plusieurs activités incluses pour une expérience inoubliable. 🏊‍♂️✨

💰 50 000 FCFA par personne

📲 Réservez vite votre place sur Wakabi !
#Wakabi
#wakabileguide
@wondervibesgetaway",62,"06/01/2026 05:07",N/A,https://www.facebook.com/reel/1878885486117870/,0,0,Vidéos,,,,,Global,625,603,6,5,0,1,0,,,625,0,603,0,214,5,212,5,0,214,0,0,0,0,2160.424,42.238,561.981,0,4.123,4.224,8.515,0,0,0,1,1,1,1,1,1,1,1,1,1,1,0.86,0.75,0.71,0.64,0.57,0.54,0.5,0.46,0.43,0.43,0.43,0.43,0.43,0.43,0.43,0.39,0.39,0.39,0.39,0.39,0.36,0.32,,,2764.643,4.607,0,0,0,1,1,0.99,0.6,0.36,0.26,0.25,0.21,0.15,0.14,0.13,0.11,0.1,0.09,0.08,0.07,0.07,0.07,0.06,0.06,0.06,0.06,0.06,0.06,0.06,0.06,0.05,0.05,0.05,0.05,0.05,0.05,0.04,0.04,0.04,0.04,0.03,0.03,0.03,0.02,0.01,0.32,0.32,0.32,0.21,0.21,0.21,0.14,0.11,90,20,26,27,11,10,9,10,4,2,1,3,94,16,7,,8,6,13,1,,6,,1,,3,10,,7,6,3,3,5,6,,,1,,,,2,,,3,,,1,4,,,,,,2,,,,1,2,,,,,,1,,,,1,,,,,,,,,,,,,,,,,,,,,,,,,,,,,,,,,,,,,,,,,,,,,,,,,,,,,,,,,,,,,,,,,,,,,,,,1,,,,,,,,,,,,,,,,,,,,,,
1336805061893934,100066933574280,"Wakabi - Le guide des bons coins","Le Championnat National de Drift  est en pleine action. Voici quelques clichés capturés au cœur de l’événement. 🏁

#wakabi #wakabileguide #drift",,0,"05/31/2026 10:45",N/A,https://www.facebook.com/wakabileguide/posts/pfbid0FFnGLav6irvE8ziHyoSCzMKNd2ipGm2FsHwgXooCYBHXzqHQ4CkzoDjbRW7qJp7ul,0,0,Photos,,,,,Global,721,434,12,11,0,1,66,,18,721,0,434,0,0,0,0,0,0,0,0,0,0,0,0,0,0,0,0,0,0,0,0,0,,,,,,,,,,,,,,,,,,,,,,,,,,,,,,,,,,48,,,,,,,,,,,,,,,,,,,,,,,,,,,,,,,,,,,,,,,,,,,,,,,,,,,,,,,,,,,,,,,,,,,,,,,,,,,,,,,,,,,,,,,,,,,,,,,,,,,,,,,,,,,,,,,,,,,,,,,,,,,,,,,,,,,,,,,,,,,,,,,,,,,,,,,,,,,,,,,,,,,,,,,,,,,,,,,,,,,,,,,,,,,,,,,,,,,,,,,,,,,,,,,,,,,,,,,,,,
1336443648596742,100066933574280,"Wakabi - Le guide des bons coins","On parle de vivre l'expérience d'une montée d'adrénaline, le championnat national de drift se prépare.

T'es prêt à y participer ou à soutenir ? C'est aujourd'hui que tout se passe.
#Wakabi
#wakabileguide
#FTSM","On parle de vivre l'expérience d'une montée d'adrénaline, le championnat national de drift se prépare.

T'es prêt à y participer ou à soutenir ? C'est aujourd'hui que tout se passe.
#Wakabi
#wakabileguide
#FTSM",66,"05/31/2026 02:11",auto,https://www.facebook.com/reel/983994181273953/,0,0,Vidéos,,,,,Global,697,572,7,6,0,1,0,,,697,0,572,0,211,7,211,7,0,211,0,0,0,0,2027.299,231.957,888.561,0,3.769,3.866,14.332,0,0,0,1,1,1,1,0.97,0.97,0.97,0.97,0.97,0.97,0.89,0.74,0.71,0.66,0.54,0.46,0.43,0.37,0.34,0.37,0.37,0.37,0.34,0.34,0.34,0.31,0.29,0.31,0.31,0.23,0.23,0.26,0.26,,,3147.817,4.769,0,0,0,1,1,0.89,0.55,0.36,0.27,0.22,0.19,0.18,0.16,0.15,0.12,0.12,0.11,0.09,0.08,0.07,0.06,0.06,0.06,0.06,0.06,0.06,0.06,0.06,0.05,0.05,0.05,0.05,0.04,0.04,0.04,0.04,0.04,0.04,0.04,0.03,0.03,0.03,0.02,0.02,0.26,0.26,0.23,0.2,0.2,0.2,0.14,0.11,66,30,19,23,34,6,10,7,9,3,3,,68,52,,,5,4,7,,,7,1,5,,1,2,,1,5,6,,,,,2,,1,,,2,2,2,2,,1,8,1,,1,,,,,,,,1,,,,,,1,7,,,,2,,,,,,1,,,,1,,,1,,,,,,,,,,,,,,,1,,,,,1,,,,,,,,,,,,,,,,,,,1,,,1,,1,2,,,1,1,1,1,,,,,,,,,,,,,,,,,,,,,,,,,,,,,,
1336438485263925,100066933574280,"Wakabi - Le guide des bons coins","Aujourd’hui, nous célébrons celles qui nous ont appris à marcher, à rêver et à croire en nous. ❤️
Bonne fête à toutes les mamans !
Et si cette année, vous lui offriez de nouveaux souvenirs à créer et de nouveaux endroits à découvrir ?

#wakabi  #wakabileguide #fetedesgrandsmères",,0,"05/31/2026 02:03",N/A,https://www.facebook.com/wakabileguide/posts/pfbid033Un9Lf1FqUR4E4idtqFU7xANiqhYPhENrQRya8Q7bpkNer6Pe5RJrXm9DGM5tT8Zl,0,0,Photos,,,,,Global,96,70,1,1,0,0,0,,,96,0,70,0,0,0,0,0,0,0,0,0,0,0,0,0,0,0,0,0,0,0,0,0,,,,,,,,,,,,,,,,,,,,,,,,,,,,,,,,,,,,,,,,,,,,,,,,,,,,,,,,,,,,,,,,,,,,,,,,,,,,,,,,,,,,,,,,,,,,,,,,,,,,,,,,,,,,,,,,,,,,,,,,,,,,,,,,,,,,,,,,,,,,,,,,,,,,,,,,,,,,,,,,,,,,,,,,,,,,,,,,,,,,,,,,,,,,,,,,,,,,,,,,,,,,,,,,,,,,,,,,,,,,,,,,,,,,,,,,,,,,,,,,,,,,,,,,,,,,
1336419048599202,100066933574280,"Wakabi - Le guide des bons coins","✨ Hello les Wakabiens !

Aujourd’hui, toute l’équipe de Wakabi célèbre les mamans, ces femmes extraordinaires qui donnent sans compter, inspirent par leur force et illuminent nos vies par leur amour.

Merci pour votre patience, votre courage et tous les sacrifices que vous faites chaque jour. Que cette journée vous apporte autant de bonheur que celui que vous semez autour de vous.

💖 À toutes les mamans, nous vous souhaitons une merveilleuse Fête des Mères !

L’équipe Wakabi 💞
#Wakabi
#wakabileguidedesbonscoins",,0,"05/31/2026 01:32",N/A,https://www.facebook.com/wakabileguide/posts/pfbid08PvpnGR8fwo2YQSmUji8HJQVCM6ghNWNKjgfph446xQY7675umzWKucVN49aaehkl,0,0,Photos,,,,,Global,105,81,1,0,0,1,0,,,105,0,81,0,0,0,0,0,0,0,0,0,0,0,0,0,0,0,0,0,0,0,0,0,,,,,,,,,,,,,,,,,,,,,,,,,,,,,,,,,,,,,,,,,,,,,,,,,,,,,,,,,,,,,,,,,,,,,,,,,,,,,,,,,,,,,,,,,,,,,,,,,,,,,,,,,,,,,,,,,,,,,,,,,,,,,,,,,,,,,,,,,,,,,,,,,,,,,,,,,,,,,,,,,,,,,,,,,,,,,,,,,,,,,,,,,,,,,,,,,,,,,,,,,,,,,,,,,,,,,,,,,,,,,,,,,,,,,,,,,,,,,,,,,,,,,,,,,,,,
1334826815425092,100066933574280,"Wakabi - Le guide des bons coins","Entre reggae, liberté et conscience spirituelle… bienvenue dans l’univers rasta
#wakabileguide
#wakabi","Entre reggae, liberté et conscience spirituelle… bienvenue dans l’univers rasta
#wakabileguide
#wakabi",60,"05/29/2026 05:42",N/A,https://www.facebook.com/reel/1653144815802555/,0,0,Vidéos,,,,,Global,526,479,3,3,0,0,1,,1,526,0,479,0,133,11,132,11,0,133,0,0,0,0,1692.826,0,511.553,0,3.805,0,10.031,0,0,0,1,1,1,1,1,1,1,1,1,1,1,0.92,0.92,0.83,0.83,0.75,0.67,0.67,0.67,0.63,0.58,0.58,0.58,0.58,0.58,0.54,0.5,0.5,0.5,0.5,0.5,0.46,0.46,,,2204.379,4.444,0,0,0,0.99,0.99,0.99,0.63,0.43,0.31,0.26,0.2,0.19,0.19,0.18,0.17,0.17,0.15,0.15,0.14,0.12,0.12,0.12,0.11,0.11,0.11,0.11,0.11,0.11,0.1,0.09,0.09,0.09,0.09,0.09,0.08,0.08,0.08,0.08,0.08,0.08,0.08,0.08,0.08,0.08,0.46,0.46,0.46,0.46,0.46,0.46,0.46,0.42,37,18,8,9,21,8,10,6,14,1,1,,33,34,3,,1,6,4,2,,3,,1,1,1,2,,2,5,10,,1,,1,3,,,,,3,,,2,,,4,,,2,,,,,,,1,1,,,,,,,1,,,,,,,,,,,,,,,,,1,,,,,,,,,,,,,,,,,,,,,,,,,,,,,,,,,,,,,,,,,1,1,1,1,1,,,,,,,,,,,,,,,,,,,,,,,,,,,,,,,,,,,,
1334249695482804,100066933574280,"Wakabi - Le guide des bons coins","Notre micro-trottoir pendant le lancement de l’événement C’est du Génie a donné lieu à des échanges super intéressants et des réactions inattendues 👀🔥
Regardez jusqu’à la fin, certaines réponses vont vous surprendre#wakabileguide#wakabi","Notre micro-trottoir pendant le lancement de l’événement C’est du Génie a donné lieu à des échanges super intéressants et des réactions inattendues 👀🔥
Regardez jusqu’à la fin, certaines réponses vont vous surprendre#wakabileguide#wakabi",60,"05/28/2026 12:32",auto,https://www.facebook.com/reel/2203992053715493/,0,0,Vidéos,,,,,Global,524,517,4,4,0,0,1,,1,524,0,517,0,233,10,232,10,0,233,0,0,0,0,2569.322,0,634.269,0,6.075,0,9.193,0,0,0,1,1,1,1,1,1,1,1,1,1,1,0.88,0.79,0.76,0.7,0.61,0.58,0.55,0.52,0.52,0.48,0.42,0.42,0.39,0.39,0.39,0.39,0.36,0.36,0.36,0.36,0.36,0.33,,,3203.591,6.511,0,0,0,1,1,1,0.82,0.66,0.51,0.33,0.27,0.21,0.16,0.14,0.12,0.11,0.11,0.1,0.09,0.08,0.08,0.07,0.07,0.07,0.06,0.06,0.06,0.06,0.06,0.06,0.05,0.05,0.05,0.05,0.05,0.05,0.05,0.05,0.05,0.04,0.04,0.04,0.04,0.04,0.33,0.33,0.33,0.3,0.3,0.3,0.27,0.27,85,35,20,27,17,10,17,8,4,3,4,1,82,9,14,,5,8,28,3,,9,,2,1,5,8,1,25,10,2,,2,3,,1,2,1,,,,,,1,,,2,,,,,,2,,,,,1,1,,,,1,,1,,,,,,,,,,,,,,,,,,,,,,,,,,,,,,,,,,,,,,,,,,,,,,,,1,,,,1,,,,,,,,,,,,,,,,,,,1,,,,,,,,,,,,,,,,,,,,,,,,,,,
1333019465605827,100066933574280,"Wakabi - Le guide des bons coins","✨ Tabaski Mubarak à tous !
Besoin d’une idée sortie après le festin ? 😄
Wakabi vous guide vers les meilleurs spots de la ville 📍

#wakabi #wakabileguide #tabaski228",,0,"05/27/2026 03:22",N/A,https://www.facebook.com/wakabileguide/posts/pfbid02NBZgCygnmHE1ozyExqyScAMN6KmTbrtxsAgNikUayBfKDQaSbSh926oZLHTh24c6l,0,0,Photos,,,,,Global,48,31,0,0,0,0,0,,,48,0,31,0,0,0,0,0,0,0,0,0,0,0,0,0,0,0,0,0,0,0,0,0,,,,,,,,,,,,,,,,,,,,,,,,,,,,,,,,,,,,,,,,,,,,,,,,,,,,,,,,,,,,,,,,,,,,,,,,,,,,,,,,,,,,,,,,,,,,,,,,,,,,,,,,,,,,,,,,,,,,,,,,,,,,,,,,,,,,,,,,,,,,,,,,,,,,,,,,,,,,,,,,,,,,,,,,,,,,,,,,,,,,,,,,,,,,,,,,,,,,,,,,,,,,,,,,,,,,,,,,,,,,,,,,,,,,,,,,,,,,,,,,,,,,,,,,,,,,
1333011435606630,100066933574280,"Wakabi - Le guide des bons coins","✨ Tabaski Mubarak à tous !
Besoin d’une idée sortie après le festin ? 😄
Wakabi vous guide vers les meilleurs spots de la ville 📍

#Wakabi #wakabileguide #Tabaski",,0,"05/27/2026 03:10",N/A,https://www.facebook.com/wakabileguide/posts/pfbid037PwFaCrUqxfRDXm5TEaejfQVoHpVRLpciHnZTwmRdiKM1zpvxerkXHfva98qRT6wl,0,0,Photos,,,,,Global,129,84,1,0,0,1,0,,,129,0,84,0,0,0,0,0,0,0,0,0,0,0,0,0,0,0,0,0,0,0,0,0,,,,,,,,,,,,,,,,,,,,,,,,,,,,,,,,,,,,,,,,,,,,,,,,,,,,,,,,,,,,,,,,,,,,,,,,,,,,,,,,,,,,,,,,,,,,,,,,,,,,,,,,,,,,,,,,,,,,,,,,,,,,,,,,,,,,,,,,,,,,,,,,,,,,,,,,,,,,,,,,,,,,,,,,,,,,,,,,,,,,,,,,,,,,,,,,,,,,,,,,,,,,,,,,,,,,,,,,,,,,,,,,,,,,,,,,,,,,,,,,,,,,,,,,,,,,
1332658115641962,100066933574280,"Wakabi - Le guide des bons coins","@michael_mbj a laissé femme pour aller manger et avec son acolyte  chez @jcsbbqlme 😂😂😂suivez toute à vidéo pour en savoir plus 

#wakabileguide #wakabi #wakabionvaoula","@michael_mbj a laissé femme pour aller manger et avec son acolyte  chez @jcsbbqlme 😂😂😂suivez toute à vidéo pour en savoir plus 

#wakabileguide #wakabi #wakabionvaoula",169,"05/26/2026 17:09",auto,https://www.facebook.com/reel/2051473452470854/,0,0,Vidéos,,,,,Global,977,887,48,42,5,1,8,,8,974,0,887,0,419,143,409,139,0,419,0,0,0,0,18253.313,1.234,8294.66,0,22.425,1.234,103.684,0,0,0,1,1,1,0.99,0.94,0.88,0.85,0.84,0.83,0.83,0.82,0.81,0.81,0.8,0.8,0.79,0.77,0.77,0.76,0.75,0.76,0.74,0.73,0.72,0.71,0.71,0.71,0.69,0.69,0.67,0.67,0.66,0.65,,,26549.207,29.663,0,0,0,1,0.92,0.55,0.45,0.41,0.38,0.37,0.36,0.36,0.36,0.35,0.35,0.35,0.35,0.34,0.34,0.33,0.33,0.33,0.32,0.32,0.32,0.32,0.31,0.31,0.3,0.3,0.3,0.3,0.29,0.29,0.28,0.28,0.28,0.28,0.28,0.27,0.27,0.26,0.19,0.06,0.65,0.66,0.64,0.63,0.62,0.62,0.44,0.15,153,53,44,71,23,20,15,22,7,4,4,,136,9,19,,33,11,82,1,,12,,,,10,7,,21,25,2,3,4,10,,2,,2,,,1,1,,7,,,4,,,,1,,,1,,,,1,4,,1,,1,1,1,,,,2,,1,,,1,,,,,,,,,,,,,,,,,,,,,,,,,,,,,,,,,,,,,,,,,,,,,,,,,,,,,,1,,,,,,,,1,,,,,,,,,,,,,,,,,,,,,,,,,,,
1332152995692474,100066933574280,"Wakabi - Le guide des bons coins","WAKABI RECRUTE
Responsable Commercial & Développement Business

Nous recherchons un profil stratégique, orienté résultats, capable de prospecter, négocier, signer des contrats et développer des partenariats solides.

Profil :
• Excellent sens commercial
• Fort(e) en négociation
• Autonome et proactif(ve)
• À l’aise avec les décideurs
• Expérience en business development / vente / marketing (minimum 1 an)

Candidature :
Envoyez votre CV + prétention salariale à
contact@wakabileguide.com

Date limite : 29 mai 2026

Rejoignez l’aventure Wakabi.
#Wakabi
#wakabileguidedesbonscoins
#wakabileguide","WAKABI RECRUTE
Responsable Commercial & Développement Business

Nous recherchons un profil stratégique, orienté résultats, capable de prospecter, négocier, signer des contrats et développer des partenariats solides.

Profil :
• Excellent sens commercial
• Fort(e) en négociation
• Autonome et proactif(ve)
• À l’aise avec les décideurs
• Expérience en business development / vente / marketing (minimum 1 an)

Candidature :
Envoyez votre CV + prétention salariale à
contact@wakabileguide.com

Date limite : 29 mai 2026

Rejoignez l’aventure Wakabi.
#Wakabi
#wakabileguidedesbonscoins
#wakabileguide",54,"05/26/2026 03:25",N/A,https://www.facebook.com/reel/27100638049569803/,0,0,Vidéos,,,,,Global,488,468,9,9,0,0,2,,2,488,0,468,0,85,0,84,0,0,85,0,0,0,0,1246.214,0,336.583,0,3.18,0,5.343,0,0,0,1,1,1,0.94,0.94,0.94,0.94,0.94,0.94,0.94,0.94,0.94,0.88,0.88,0.88,0.81,0.81,0.75,0.63,0.63,0.63,0.63,0.56,0.56,0.56,0.56,0.44,0.44,0.44,0.5,0.38,0.38,0.38,,,1582.797,3.478,0,0,0,1,1,1,0.72,0.53,0.44,0.4,0.32,0.27,0.22,0.2,0.19,0.16,0.16,0.16,0.15,0.15,0.14,0.12,0.12,0.12,0.12,0.11,0.11,0.11,0.11,0.08,0.08,0.08,0.09,0.07,0.07,0.07,0.07,0.07,0.07,0.05,0.05,0.05,0.04,0.02,0.38,0.38,0.38,0.25,0.25,0.25,0.19,0.13,,,,,,,,,,,,,,,,,,,,,,,,,,,,,,,,,,,,,,,,,,,,,,,,,,,,,,,,,,,,,,,,,,,,,,,,,,,,,,,,,,,,,,,,,,,,,,,,,,,,,,,,,,,,,,,,,,,,,,,,,,,,,,,,,,,,,,,,,,,,,,,,,,,,,,,,,,,,,,,,,,,
1328865302687910,100066933574280,"Wakabi - Le guide des bons coins","À la recherche de tissus d’exception ? ✨

Découvrez Grety's LDM, la maison du Java, partenaire de  Vlisco￼ : Java, Superwax, Hollandais… en détail comme en gros.

À retrouver sur l’application  Wakabi  !

#wakabileguidedesbonscoins #wakabileguide #Wakabi","À la recherche de tissus d’exception ? ✨

Découvrez @[61569956667555:2048:Grety's LDM], la maison du Java, partenaire de  Vlisco￼ : Java, Superwax, Hollandais… en détail comme en gros.

À retrouver sur l’application  Wakabi  !

#wakabileguidedesbonscoins #wakabileguide #Wakabi",19,"05/22/2026 04:56",N/A,https://www.facebook.com/reel/1503786157821044/,0,0,Vidéos,,,,,Global,552,502,7,7,0,0,0,,,552,0,502,0,206,0,202,0,0,206,0,0,0,0,2292.02,0,368.719,0,5.393,0,5.587,0,0,0,1,1,1,1,1,1,1,1,1,1,1,1,1,1,1,1,1,0.94,0.71,0.65,0.54,,,,,,,,,,,,,,,2660.739,5.419,0,0,0,1,1,1,1,0.87,0.72,0.6,0.49,0.44,0.39,0.36,0.32,0.29,0.28,0.27,0.26,0.24,0.22,0.17,0.15,0.13,,,,,,,,,,,,,,,,,,,,,,,,,,,,,32,17,34,10,9,34,4,18,1,20,13,8,55,11,6,,8,6,28,,,5,,1,,2,13,,21,6,1,2,6,5,,,1,,1,,7,,,1,1,,,6,,1,,,,1,,,,1,4,,,2,,2,,,,1,,,,,,,,,,,,,,,,,,,,,,,,,,,,,,,,,,,,,,,,,,,,,,,,,,1,,,,,,,,,,,,,,,,,,,,,,,,,,,,,,,,,,,,,,,,,,,,,
1328307462743694,100066933574280,"Wakabi - Le guide des bons coins","Un clic, une destination, une ambiance 🎶✨
Avec l’application Wakabi, découvre des spots uniques comme Rossignol Karaoke pour des moments inoubliables entre amis

#wakabi #wakabileguidedesbonscoins #wakabileguide","Un clic, une destination, une ambiance 🎶✨
Avec l’application Wakabi, découvre des spots uniques comme Rossignol Karaoke pour des moments inoubliables entre amis

#wakabi #wakabileguidedesbonscoins #wakabileguide",39,"05/21/2026 11:43",uploaded,https://www.facebook.com/reel/35701079422871401/,0,0,Vidéos,,,,,Global,817,776,12,12,0,0,0,,,817,0,776,0,294,0,292,0,0,294,0,0,0,0,4427.118,0,847.803,0,6.407,0,13.458,0,0,0,1,1,1,1,1,1,1,1,1,1,1,1,1,1,1,1,1,0.97,0.95,0.95,0.95,0.9,0.88,0.87,0.86,0.84,0.81,0.78,0.72,0.71,0.71,0.7,0.67,,,5274.921,6.995,0,0,0,1,0.99,1,1,0.78,0.72,0.64,0.58,0.51,0.47,0.44,0.38,0.34,0.34,0.31,0.3,0.3,0.29,0.28,0.28,0.28,0.27,0.26,0.26,0.26,0.25,0.24,0.23,0.21,0.21,0.21,0.2,0.2,0.19,0.18,0.17,0.17,0.16,0.12,0.09,0.07,0.65,0.62,0.58,0.56,0.52,0.38,0.3,0.23,110,33,33,42,14,22,6,13,4,9,,2,85,9,14,1,3,4,54,,,6,,,,5,16,,49,8,1,6,2,6,,,2,,,,1,,1,4,,,1,2,,,,,1,3,,,1,1,3,,1,,,,,,,2,1,,,,1,,,,,,,,,,,,,,,,,,,,,,,,,,,,,,,,,,,,,,,,,,,,,,,,,,,,,,,,,,,,,,,,,,,,,,,,,,,,,,,,,,,,,,,,,,
1327511456156628,100066933574280,"Wakabi - Le guide des bons coins","Tu veux découvrir l’univers Wakabi ? 👀

Rien de plus simple : tape WakabiLeGuide.com sur Google et plonge dans tout ce qu’on te prépare ✨
📰 Des articles & actus d’événements
📲 L’application Wakabi à télécharger directement
🔥 Toute l’expérience Wakabi, au même endroit

Wakabi Le Guide, ton réflexe sorties & découvertes

#Wakabi #wakabileguide #wakabileguidedesbonscoins","Tu veux découvrir l’univers Wakabi ? 👀

Rien de plus simple : tape WakabiLeGuide.com sur Google et plonge dans tout ce qu’on te prépare ✨
📰 Des articles & actus d’événements
📲 L’application Wakabi à télécharger directement
🔥 Toute l’expérience Wakabi, au même endroit

Wakabi Le Guide, ton réflexe sorties & découvertes

#Wakabi #wakabileguide #wakabileguidedesbonscoins",23,"05/20/2026 13:34",N/A,https://www.facebook.com/reel/1518599679793809/,0,0,Vidéos,,,,,Global,412,386,4,4,0,0,1,,1,412,0,386,0,124,0,123,0,0,124,0,0,0,0,1342.029,0,422.195,0,4.117,0,7.54,0,0,0,1,1,1,1,1,1,1,1,1,1,1,1,1,1,1,1,1,0.93,0.9,0.88,0.8,0.8,0.76,0.56,0.37,,,,,,,,,,,1764.224,4.618,0,0,0,1,1,1,1,0.82,0.67,0.58,0.54,0.48,0.44,0.43,0.4,0.36,0.36,0.35,0.34,0.33,0.31,0.3,0.29,0.27,0.27,0.25,0.19,0.12,,,,,,,,,,,,,,,,,,,,,,,,,44,14,13,11,11,4,4,9,5,3,2,,42,11,4,,3,6,12,1,,4,1,1,,3,4,,9,6,2,,2,1,,2,,,,,2,,,,,,2,,,,,,1,,,,,1,1,,,,,,1,,,,1,,,1,,,,,,,,,,,,,,,,,,,,,,,,,,,,,,,,,,,,,,,,,,,,,,,,,,,,,,,,,,,,,,,,,,,,,,,,,,,,,,,,,,,,,,,,,,,
1326605642913876,100066933574280,"Wakabi - Le guide des bons coins","Élégance et raffinement à l’italienne 

Situé aux Almadies à Dakar, Barolo by  @nolianedakar vous accueille dans un cadre chic et élégant avec une cuisine italienne raffinée.

L’adresse idéale pour vos dîners, rendez-vous et événements spéciaux 

Barolo by Noliane et bien d’autres adresses sont à découvrir sur Wakabi…
Explorez et trouvez facilement les meilleurs lieux.

📍 Dakar

#wakabi #wakabileguidedesbonscoins #wakabileguide",,0,"05/19/2026 12:19",N/A,https://www.facebook.com/wakabileguide/posts/pfbid0iAq9akjigJdmSffSELKkrxDa2Syy5wPQHETZ4tRxGWShcLxRFpHzQLTiTM25B3Vjl,0,0,Photos,,,,,Global,78,49,0,0,0,0,1,,,78,0,49,0,0,0,0,0,0,0,0,0,0,0,0,0,0,0,0,0,0,0,0,0,,,,,,,,,,,,,,,,,,,,,,,,,,,,,,,,,,1,,,,,,,,,,,,,,,,,,,,,,,,,,,,,,,,,,,,,,,,,,,,,,,,,,,,,,,,,,,,,,,,,,,,,,,,,,,,,,,,,,,,,,,,,,,,,,,,,,,,,,,,,,,,,,,,,,,,,,,,,,,,,,,,,,,,,,,,,,,,,,,,,,,,,,,,,,,,,,,,,,,,,,,,,,,,,,,,,,,,,,,,,,,,,,,,,,,,,,,,,,,,,,,,,,,,,,,,,,
1325741523000288,100066933574280,"Wakabi - Le guide des bons coins","Chez AURUM , chaque expérience commence par une belle assiette.

Ici, la cuisine est généreuse, soignée et pensée avec attention pour satisfaire toutes vos envies. Un menu varié, des plats maîtrisés et une vraie passion du goût à chaque service.

Une adresse à découvrir sur Wakabi… téléchargez l’application et explorez les meilleurs spots autour de vous.

#wakabileguidedesbonscoins #Wakabi #wakabileguide","Chez @[61574485711592:2048:AURUM] , chaque expérience commence par une belle assiette.

Ici, la cuisine est généreuse, soignée et pensée avec attention pour satisfaire toutes vos envies. Un menu varié, des plats maîtrisés et une vraie passion du goût à chaque service.

Une adresse à découvrir sur Wakabi… téléchargez l’application et explorez les meilleurs spots autour de vous.

#wakabileguidedesbonscoins #Wakabi #wakabileguide",16,"05/18/2026 11:51",uploaded,https://www.facebook.com/reel/1365220745436498/,0,0,Vidéos,,,,,Global,440,359,4,3,1,0,0,,,440,0,359,0,121,0,118,0,0,121,0,0,0,0,1626.163,0,473.719,0,5.28,0,8.168,0,0,0,1,1,1,1,1,1,1,1,1,1,1,1,1,1,1,1,0.82,,,,,,,,,,,,,,,,,,,2099.882,5.737,0,0,0,0.99,0.99,1,0.99,0.85,0.72,0.67,0.62,0.57,0.51,0.5,0.49,0.45,0.44,0.41,0.4,0.26,,,,,,,,,,,,,,,,,,,,,,,,,,,,,,,,,36,13,20,8,8,8,4,7,1,6,6,1,44,9,6,,3,7,13,,,6,,,1,1,7,,9,6,1,,,,,,,,,1,1,,,1,,1,1,,,,,,,1,,,,,,,,,,,,,,,1,,,,,1,,,,,,,,,,,,,,,,,,,,,,,,,,,,,,,,,,,,,,,,,,,,,,,,,,,,,,,,,,,,,,,,,,,,,,,,,,,,,,,,,,,,,,,,,
1324833533091087,100066933574280,"Wakabi - Le guide des bons coins","Au Festival Son & Lumières , on a tendu le micro à quelques Togolais… et leurs réponses sont plutôt intéressantes 👀🎤

Découvrez la vidéo et surtout, n’oubliez pas de télécharger l’application Wakabi 👇

https://play.google.com/store/apps/details?id=com.wakabi.wakabimobile

#Wakabi #wakabileguidedesbonscoins #wakabisansfiltre","Au Festival Son & Lumières , on a tendu le micro à quelques Togolais… et leurs réponses sont plutôt intéressantes 👀🎤

Découvrez la vidéo et surtout, n’oubliez pas de télécharger l’application Wakabi 👇

https://play.google.com/store/apps/details?id=com.wakabi.wakabimobile

#Wakabi #wakabileguidedesbonscoins #wakabisansfiltre",125,"05/17/2026 09:52",auto,https://www.facebook.com/reel/976412805090399/,0,0,Vidéos,,,,,Global,472,484,8,8,0,0,1,,1,471,0,484,0,249,28,249,28,0,249,0,0,0,0,4441.105,0,1299.673,0,11.076,0,25.484,0,0,0,1,1,1,1,0.98,0.93,0.82,0.7,0.66,0.59,0.56,0.54,0.52,0.52,0.49,0.49,0.49,0.49,0.48,0.48,0.46,0.43,0.39,0.38,0.34,0.34,0.34,0.33,0.3,0.3,0.31,0.28,0.28,,,5740.778,12.7,0,0,0,1,0.99,0.71,0.51,0.28,0.23,0.2,0.17,0.16,0.14,0.14,0.13,0.13,0.13,0.12,0.12,0.12,0.12,0.12,0.12,0.11,0.1,0.1,0.09,0.08,0.08,0.08,0.08,0.07,0.07,0.08,0.07,0.07,0.06,0.06,0.04,0.04,0.04,0.02,0.01,0.01,0.26,0.23,0.18,0.18,0.15,0.1,0.05,0.03,95,40,21,23,23,13,11,4,2,6,4,2,62,11,9,2,12,5,55,2,,8,1,2,,3,12,,29,4,3,,3,7,,,,,,,,1,,1,,,1,,,1,,,3,,,,,1,3,,,2,1,,1,,,,1,,1,,,,,,,,,,,,,,,,,,,,,,,,,,,,,,,,,,,,,,,,,,,,,,,1,,,,,,,,,,,,,,,,,,,,,,,,,,,,,,,,,,,,,,,,,,,,,1
1324279673146473,100066933574280,"Wakabi - Le guide des bons coins","Aujourd'hui @Michael_mbj nous a montré ses talents de chanteur au Le Rossignol Karaoké sur les sons de Kiko Golden Boy, Sethlo Officiel et autres. Et comme d'habitude la bouffe était au rendez-vous

#Wakabi #wakabileguide #wakabionvaoula  #wakabileguidedesbonscoins","Aujourd'hui @Michael_mbj nous a montré ses talents de chanteur au @[61572950085887:2048:Le Rossignol Karaoké] sur les sons de @[100075946243850:2048:Kiko Golden Boy], @[100044384141179:2048:Sethlo Officiel] et autres. Et comme d'habitude la bouffe était au rendez-vous

#Wakabi #wakabileguide #wakabionvaoula  #wakabileguidedesbonscoins",283,"05/16/2026 18:22",auto,https://www.facebook.com/reel/27044813908464629/,0,0,Vidéos,,,,,Global,679,537,35,32,3,0,6,,6,679,0,537,0,256,84,253,83,0,256,0,0,0,0,14430.786,0,5873.136,0,26.382,0,83.902,0,0,0,1,1,1,0.89,0.8,0.78,0.73,0.72,0.72,0.72,0.71,0.68,0.66,0.6,0.58,0.58,0.53,0.48,0.48,0.48,0.49,0.49,0.49,0.49,0.49,0.47,0.47,0.46,0.45,0.46,0.44,0.42,0.41,,,20303.922,32.907,0,0,0,1,0.63,0.46,0.4,0.36,0.35,0.33,0.33,0.32,0.33,0.32,0.31,0.3,0.27,0.26,0.26,0.24,0.22,0.22,0.22,0.22,0.22,0.22,0.22,0.22,0.21,0.21,0.21,0.2,0.21,0.2,0.19,0.18,0.18,0.18,0.18,0.18,0.18,0.17,0.17,0.03,0.41,0.41,0.41,0.4,0.39,0.37,0.36,0.07,92,30,29,32,16,12,11,19,1,7,1,3,134,16,3,,10,5,13,1,1,11,,1,,,13,1,5,2,5,2,2,3,,,,,,,,,,5,3,,3,3,,,,,,1,,,,1,2,1,,1,,,,,,2,1,,,,,1,1,,,,,,,,,,,,,,,,,,,,,,,,,,,,,,,,,,,,,,,,,,,3,,,,,,,,,,,,,,,,,,,,,,,,,,,,,,,,,,,,,,,,,,,,,
1322918913282549,100066933574280,"Wakabi - Le guide des bons coins","Le rendez-vous des esprits brillants est lancé.
La 5ᵉ édition de C’est du Génie C'est Du Génie  t’attend ce 16 mai à 16h à l’Hôtel Sarakawa.

Challenge, réflexion et grosses vibes au programme ⚡

#Wakabi #wakabileguide #wakabileguidedesbonscoins","Le rendez-vous des esprits brillants est lancé.
La 5ᵉ édition de C’est du Génie @[100069936849645:2048:C'est Du Génie]  t’attend ce 16 mai à 16h à l’Hôtel Sarakawa.

Challenge, réflexion et grosses vibes au programme ⚡

#Wakabi #wakabileguide #wakabileguidedesbonscoins",41,"05/15/2026 04:29",N/A,https://www.facebook.com/reel/1430669705496871/,0,0,Vidéos,,,,,Global,350,343,5,5,0,0,1,,1,350,0,343,0,105,0,105,0,0,105,0,0,0,0,1106.714,0,256.556,0,3.884,0,5.459,0,0,0,1,1,1,1,1,1,1,1,1,1,1,1,1,1,1,1,0.9,0.8,0.75,0.6,0.6,0.6,0.5,0.5,0.45,0.45,0.4,0.4,0.4,0.4,0.35,0.35,0.35,,,1363.27,4.106,0,0,0,1,1,1,0.98,0.75,0.52,0.45,0.37,0.35,0.33,0.31,0.29,0.27,0.26,0.22,0.19,0.17,0.15,0.14,0.11,0.11,0.11,0.1,0.1,0.09,0.09,0.08,0.08,0.08,0.08,0.07,0.07,0.07,0.07,0.07,0.06,0.05,0.03,0.01,0.01,0.01,0.35,0.35,0.3,0.25,0.15,0.05,0.05,0.05,31,15,16,10,5,5,4,10,3,1,2,1,36,10,4,,6,2,9,2,,2,,,,2,,,9,5,1,,2,2,,2,1,,,,3,,,1,1,,1,1,,,1,,,,,,,1,,,,,,,,,,,,,,,,,1,,,,,,,,,,,,,,,,,,,,,,,,,,,,,,,,,,,,,,,,,,,,,,,,,,,,,,,,,,,,,,,,,,,,,,,,,,,,,,,,,,,,,,,,
1321130600128047,100066933574280,"Wakabi - Le guide des bons coins","De belles rencontres, de bons conseils et de good vibes ✨

La vente privée Archka à Tokoin Wuiti a été un vrai moment de partage 💚

Merci à tous d’avoir été au rendez-vous… à très vite 

#wakabileguidedesbonscoins #wakap #wakabileguide","De belles rencontres, de bons conseils et de good vibes ✨

La vente privée @[100067182250420:2048:Archka] à Tokoin Wuiti a été un vrai moment de partage 💚

Merci à tous d’avoir été au rendez-vous… à très vite 

#wakabileguidedesbonscoins #wakap #wakabileguide",173,"05/13/2026 02:36",auto,https://www.facebook.com/reel/1000220705789821/,0,0,Vidéos,,,,,Global,614,603,5,5,0,0,1,,1,614,0,603,0,116,7,114,7,0,116,0,0,0,0,2053.067,0,283.682,0,3.74,0,6.448,0,0,0,1,1,1,1,0.85,0.7,0.35,0.35,0.35,0.35,0.35,0.35,0.35,0.35,0.35,0.35,0.35,0.3,0.3,0.3,0.25,0.25,0.25,0.25,0.25,0.25,0.25,0.25,0.2,0.2,0.2,0.2,0.15,,,2336.749,3.94,0,0,0,1,0.68,0.31,0.2,0.15,0.12,0.06,0.06,0.06,0.06,0.06,0.06,0.06,0.06,0.06,0.06,0.06,0.05,0.05,0.05,0.04,0.04,0.04,0.04,0.04,0.04,0.04,0.04,0.03,0.03,0.03,0.03,0.03,0.02,0.02,0.02,0.02,0.02,0.01,0,0,0.1,0.1,0.1,0.1,0.1,0.05,0,0,27,18,21,4,5,9,7,14,1,2,2,,22,4,3,,2,2,3,1,,3,,,,,4,,7,1,1,,1,1,,,,,,,1,3,,1,,1,3,4,,,15,,1,,,,,1,,,,1,,,,,,1,,,,,1,,,1,,2,,,,,,,,,,,,,,,,,,,,,,,,,,,8,,,,,,,,1,,,1,1,,,,,,,,,,,2,,,,,,,,3,,,,,7,,,,,,,,,,,,,,,1,,,,,,1,
1319833750257732,100066933574280,"Wakabi - Le guide des bons coins","À Agbodrafo, AURUM c’est l’endroit parfait pour s’évader entre plage, détente et sensations fortes.

Balades en quad face à la mer, moments chill et ambiance 100% good vibes… tout est réuni pour profiter à fond, de jour comme de nuit.

Retrouvez cette adresse et plein d’autres pépites sur Wakabi. Téléchargez l’application et partez à la découverte des meilleurs spots autour de vous.

#wakabi #wakabileguidedesbonscoins #wakabileguide","À Agbodrafo, @[61574485711592:2048:AURUM] c’est l’endroit parfait pour s’évader entre plage, détente et sensations fortes.

Balades en quad face à la mer, moments chill et ambiance 100% good vibes… tout est réuni pour profiter à fond, de jour comme de nuit.

Retrouvez cette adresse et plein d’autres pépites sur Wakabi. Téléchargez l’application et partez à la découverte des meilleurs spots autour de vous.

#wakabi #wakabileguidedesbonscoins #wakabileguide",19,"05/11/2026 12:14",auto,https://www.facebook.com/reel/940588195694159/,0,0,Vidéos,,,,,Global,501,444,7,6,0,1,0,,,501,0,444,0,158,0,158,0,0,158,0,0,0,0,1739.035,15.078,674.108,0,4.752,1.676,10.371,0,0,0,1,1,1,1,1,1,1,1,1,1,1,1,1,1,1,1,1,0.89,0.84,0.84,0.73,,,,,,,,,,,,,,,2428.221,5.518,0,0,0,1,1,1,1,0.82,0.7,0.58,0.5,0.43,0.37,0.32,0.3,0.28,0.27,0.27,0.27,0.23,0.21,0.2,0.2,0.17,,,,,,,,,,,,,,,,,,,,,,,,,,,,,36,31,18,15,18,12,6,6,3,5,4,1,45,4,12,1,7,2,11,4,,6,,,,,10,,20,5,2,1,4,3,,1,2,,1,,,1,,2,,,1,4,,,,,1,,,,,1,3,,,1,,,,,,1,,,,,,,,,,,,,,,,,,,,,,,,,,,,,1,,,,,,,,,,,,,,,,1,,,,,,,,,,,,,,,,,,,,,,,,,,,,,,,,,,,,,,,,,,,,,,,,,,
1319064143668026,100066933574280,"Wakabi - Le guide des bons coins","Une super ambiance, de belles rencontres et de vrais moments de partage 💚

Merci à Archka pour l’accueil, et merci à toutes les personnes présentes d’avoir rendu cette vente privée aussi belle.

On a adoré vous faire vivre ce moment avec nous… et ce n’est pas fini 
#wakabileguide #Wakabi #wakabileguidedesbonscoins","Une super ambiance, de belles rencontres et de vrais moments de partage 💚

Merci à @[100067182250420:2048:Archka] pour l’accueil, et merci à toutes les personnes présentes d’avoir rendu cette vente privée aussi belle.

On a adoré vous faire vivre ce moment avec nous… et ce n’est pas fini 
#wakabileguide #Wakabi #wakabileguidedesbonscoins",16,"05/10/2026 13:27",uploaded,https://www.facebook.com/reel/784724061245227/,0,0,Vidéos,,,,,Global,464,406,6,6,0,0,1,,1,464,0,406,0,252,0,251,0,0,252,0,0,0,0,2332.38,0,325.877,0,6.664,0,5.718,0,0,0,1,1,1,1,1,1,1,1,1,1,1,1,1,1,1,1,0.81,,,,,,,,,,,,,,,,,,,2658.257,6.531,0,0,0,1,1,1,1,0.87,0.73,0.62,0.53,0.48,0.45,0.4,0.37,0.3,0.26,0.21,0.15,0.1,,,,,,,,,,,,,,,,,,,,,,,,,,,,,,,,,21,10,83,4,4,60,4,23,1,19,10,12,40,15,23,,9,5,62,1,,6,,,1,2,25,,15,3,4,1,6,15,,2,1,,1,,1,,,2,,,1,1,,,1,,,,,,,1,2,,,,,1,,,,1,1,,,1,,,,,,,,,,,,,,,,,,,,,,,,,,,,,,,1,,,,,,,,,,,,,,,,,,,,,,,,,1,,,,,,,,,,,,,,,,,,,,,,,,,,,,,,,,,,,
1318177850423322,100066933574280,"Wakabi - Le guide des bons coins","Aujourd'hui seulement ils ont essayé d'être chics, mais avec eux rien n'est sûr🤣🤣. @Michael_mbj et son acolyte de la bouffe ont encore frappé. Regardez jusqu'à la fin leurs aventures au restaurant Bonici Africa

#wakabionvaoula #wakabileguide  #wakabi","Aujourd'hui seulement ils ont essayé d'être chics, mais avec eux rien n'est sûr🤣🤣. @Michael_mbj et son acolyte de la bouffe ont encore frappé. Regardez jusqu'à la fin leurs aventures au restaurant @[100067488304723:2048:Bonici Africa]

#wakabionvaoula #wakabileguide  #wakabi",185,"05/09/2026 14:26",auto,https://www.facebook.com/reel/2029530124649204/,0,0,Vidéos,,,,,Global,515,441,15,14,1,0,6,,6,514,0,441,0,228,74,222,73,0,228,0,0,0,0,10053.306,0,3922.311,0,24.284,0,75.43,0,0,0,1,0.99,0.99,0.99,0.93,0.9,0.89,0.86,0.82,0.82,0.79,0.78,0.77,0.76,0.72,0.71,0.71,0.7,0.7,0.7,0.68,0.66,0.65,0.66,0.64,0.63,0.62,0.6,0.56,0.57,0.57,0.57,0.55,,,13975.617,29.99,0,0,0,0.99,0.76,0.57,0.44,0.4,0.39,0.39,0.37,0.36,0.36,0.34,0.33,0.33,0.32,0.31,0.31,0.31,0.3,0.3,0.3,0.29,0.29,0.28,0.29,0.28,0.27,0.27,0.26,0.24,0.25,0.25,0.25,0.24,0.23,0.22,0.22,0.22,0.21,0.21,0.08,0.04,0.54,0.52,0.52,0.51,0.5,0.48,0.19,0.09,69,25,36,22,15,16,9,16,5,4,3,5,83,11,10,,12,6,35,4,,6,1,,,7,10,1,12,5,1,4,2,1,,1,,,,,1,,,3,1,,1,3,,1,,,,,,,,1,,,,,,,1,,,,1,,,,,,,,,,,,,,,,,,,,,1,,,,1,,,,,,,,1,,,,,,,,,,,,,,,,,,,,,,,,,,,,,,,,,,,,,,,,,,,,,,,,,,,,,,,,,,,,,
1317835507124223,100066933574280,"Wakabi - Le guide des bons coins","C’est parti ! La Vente Privée Archka est officiellement ouverte.

On vous attend à Tokoin Wuiti jusqu’à 21h pour découvrir, profiter et vous faire plaisir.

Passez faire un tour… on vous attend 

#wakabileguidedesbonscoins #wakabileguide #Wakabi","C’est parti ! La Vente Privée @[100067182250420:2048:Archka] est officiellement ouverte.

On vous attend à Tokoin Wuiti jusqu’à 21h pour découvrir, profiter et vous faire plaisir.

Passez faire un tour… on vous attend 

#wakabileguidedesbonscoins #wakabileguide #Wakabi",17,"05/09/2026 05:46",N/A,https://www.facebook.com/reel/2180571259361996/,0,0,Vidéos,,,,,Global,351,369,6,6,0,0,0,,,351,0,369,0,104,0,103,0,0,104,0,0,0,0,993.011,0,229.576,0,3.585,0,4.592,0,0,0,1,1,1,1,1,1,1,1,1,1,1,1,1,1,1,1,1,1,1,0.75,0.58,,,,,,,,,,,,,,,1222.587,3.738,0,0,0,1,1,1,1,0.89,0.72,0.63,0.59,0.5,0.44,0.37,0.3,0.24,0.2,0.18,0.18,0.16,0.14,0.13,0.1,0.08,,,,,,,,,,,,,,,,,,,,,,,,,,,,,23,16,17,7,12,9,5,3,2,5,3,2,36,2,6,,5,2,17,1,,2,,,,2,9,,8,2,3,1,,5,,,,,1,,,,,,,,,1,,,,,,,,,,,,,,,,,,,,1,,,,,,,,,,,,,,,,,,,,,,,,,,,,,,,,,,,,,,,,,,,,,,,,,,,,,,,,,,,,,,,,,,,,,,,,,,,,,,,,,,,,,,,,,,,,,,,
1317739217133852,100066933574280,"Wakabi - Le guide des bons coins","Bonjour les wakabiens!

Archka vous attend à sa vente privée aujourd’hui 9 mai à partir de 10h à 21h 

Vos cheveux ont besoin d’aide, c’est une opportunité alors pour leur trouver une solution.🌚

Entrée gratuite yé élooo

📍 Tokoin Wuiti
#wakabi #wakabileguide #wakabileguidedesbonscoins",,0,"05/09/2026 03:13",N/A,https://www.facebook.com/wakabileguide/posts/pfbid02Zy11oGpQVsbSgfQtGTCK1kn6yPo2HTVxdK7RVuJNg1k6KdaFoP2mjXSUj5pXUrC5l,0,0,Photos,,,,,Global,85,55,1,1,0,0,0,,,85,0,55,0,0,0,0,0,0,0,0,0,0,0,0,0,0,0,0,0,0,0,0,0,,,,,,,,,,,,,,,,,,,,,,,,,,,,,,,,,,,,,,,,,,,,,,,,,,,,,,,,,,,,,,,,,,,,,,,,,,,,,,,,,,,,,,,,,,,,,,,,,,,,,,,,,,,,,,,,,,,,,,,,,,,,,,,,,,,,,,,,,,,,,,,,,,,,,,,,,,,,,,,,,,,,,,,,,,,,,,,,,,,,,,,,,,,,,,,,,,,,,,,,,,,,,,,,,,,,,,,,,,,,,,,,,,,,,,,,,,,,,,,,,,,,,,,,,,,,
1317696887138085,100066933574280,"Wakabi - Le guide des bons coins","Tu cherches les meilleures adresses et les meilleurs bons plans en ville ? 📍
Tout est sur Wakabi.

Télécharge l’application et découvre Lomé autrement. 🚀

#Wakabi #wakabileguidedesbonscoins #wakabileguide","Tu cherches les meilleures adresses et les meilleurs bons plans en ville ? 📍
Tout est sur Wakabi.

Télécharge l’application et découvre Lomé autrement. 🚀

#Wakabi #wakabileguidedesbonscoins #wakabileguide",28,"05/09/2026 01:59",uploaded,https://www.facebook.com/reel/1477313947380239/,0,0,Vidéos,,,,,Global,456,423,10,9,0,1,1,,1,455,0,423,0,193,0,191,0,0,193,0,0,0,0,1944.836,92.735,379.914,0,5.3,5.796,7.754,0,0,0,1,1,1,1,1,1,1,1,1,1,1,1,1,1,1,1,0.97,0.87,0.87,0.83,0.7,0.7,0.7,0.67,0.5,0.43,0.33,0.3,0.27,,,,,,,2417.485,5.596,0,0,0,1,1,1,1,0.75,0.65,0.49,0.4,0.35,0.32,0.29,0.25,0.22,0.2,0.18,0.16,0.15,0.13,0.13,0.13,0.11,0.11,0.11,0.1,0.08,0.07,0.05,0.05,0.04,,,,,,,,,,,,,,,,,,,,,65,25,18,24,15,13,7,13,2,6,4,1,75,5,10,,8,,23,4,,4,,1,,6,6,,18,5,2,5,5,6,,,,,,,,,,1,,,3,1,,,,,,,,,,1,,,,,,,1,,,,1,1,,,1,,,,,,,,,,,,,,,,,,,,,,,,,,,,,,,,,,,,,,,,,,,,,,,,,,,,,,,,,,,,,,,,,,,,,,,,,,,,,,,,,,,,,,,,,,
1317117177196056,100066933574280,"Wakabi - Le guide des bons coins","Le week-end commence maintenant. 🔥
T’as pas encore prévu quoi faire ? Pas de stress — VSD a déjà tout sélectionné pour toi.
Soirées, spots chill, événements incontournables… on a compilé les meilleurs plans du vendredi au dimanche pour que tu passes à côté de rien.
Il te reste plus qu’à choisir et profiter.
Et pour ne jamais rater un bon plan en temps réel, télécharge l’appli Wakabi dès maintenant. 👇
#wakabi #wakabileguidedesbonscoins #wakabileguide","Le week-end commence maintenant. 🔥
T’as pas encore prévu quoi faire ? Pas de stress — VSD a déjà tout sélectionné pour toi.
Soirées, spots chill, événements incontournables… on a compilé les meilleurs plans du vendredi au dimanche pour que tu passes à côté de rien.
Il te reste plus qu’à choisir et profiter.
Et pour ne jamais rater un bon plan en temps réel, télécharge l’appli Wakabi dès maintenant. 👇
#wakabi #wakabileguidedesbonscoins #wakabileguide",134,"05/08/2026 08:20",N/A,https://www.facebook.com/reel/1340836754570791/,0,0,Vidéos,,,,,Global,347,348,7,7,0,0,2,,2,347,0,348,0,138,8,137,8,0,138,0,0,0,0,2020.13,0,565.565,0,6.734,0,14.884,0,0,0,1,1,0.98,1,0.98,0.83,0.8,0.66,0.63,0.59,0.46,0.34,0.34,0.27,0.27,0.27,0.24,0.22,0.2,0.17,0.17,0.17,0.17,0.17,0.17,0.17,0.17,0.15,0.15,0.12,0.12,0.12,0.12,,,2585.695,7.649,0,0,0,1,0.9,0.41,0.36,0.3,0.25,0.24,0.2,0.19,0.18,0.14,0.1,0.1,0.08,0.08,0.08,0.07,0.07,0.06,0.05,0.05,0.05,0.05,0.05,0.05,0.05,0.05,0.04,0.04,0.04,0.04,0.04,0.04,0.04,0.03,0.03,0.02,0.02,0.02,0.01,0,0.12,0.1,0.1,0.07,0.07,0.07,0.02,0,50,19,14,15,7,9,7,3,6,6,,,43,4,10,,5,2,18,1,,4,,,,4,9,,10,5,1,2,3,5,,,1,,,,,,,3,,,1,1,,,,,,2,,,,1,1,,,,,,,,,1,,,,,,,,,,,,,,,,,,,,,,,,,,,,,,,,,,,,,,,,,,,,,,,,,,,,,,,,,,,,,,,,,,,,,,,,,,,,,,,,,,,1,,,,,,,,,,,,
1316429807264793,100066933574280,"Wakabi - Le guide des bons coins","Tes cheveux refusent de coopérer dès que le peigne sort ? 👀😭
Et malgré tous les tutos TikTok… toujours le même combat devant le miroir ?

Bonne nouvelle ✨
Ce samedi 09 mai 2026 dès 10h, Archka te donne rendez-vous pour une vente privée spéciale cheveux nappy 💆🏾‍♀️

🎟️ Entrée gratuite

Au programme :
• Diagnostic capillaire
• Vente de produits
• DJ
• Tombola
• Buffet

Viens apprendre à aimer tes cheveux autrement… et arrêter de les menacer avec le peigne
 
#wakabi #wakabileguidedesbonscoins #explorewithwakabi","Tes cheveux refusent de coopérer dès que le peigne sort ? 👀😭
Et malgré tous les tutos TikTok… toujours le même combat devant le miroir ?

Bonne nouvelle ✨
Ce samedi 09 mai 2026 dès 10h, @[100067182250420:2048:Archka] te donne rendez-vous pour une vente privée spéciale cheveux nappy 💆🏾‍♀️

🎟️ Entrée gratuite

Au programme :
• Diagnostic capillaire
• Vente de produits
• DJ
• Tombola
• Buffet

Viens apprendre à aimer tes cheveux autrement… et arrêter de les menacer avec le peigne
 
#wakabi #wakabileguidedesbonscoins #explorewithwakabi",73,"05/07/2026 12:02",N/A,https://www.facebook.com/reel/1027308423159023/,0,0,Vidéos,,,,,Global,454,491,8,7,0,1,2,,2,454,0,491,0,237,3,235,3,0,237,0,0,0,0,2127.017,0,423.472,0,5.399,0,10.587,0,0,0,1,1,1,1,1,1,1,1,1,0.86,0.75,0.68,0.57,0.46,0.36,0.36,0.32,0.29,0.25,0.25,0.21,0.21,0.21,0.21,0.21,0.21,0.18,0.18,0.14,0.14,0.14,0.11,0.11,,,2550.489,5.876,0,0,0,1,1,0.9,0.53,0.35,0.22,0.16,0.14,0.12,0.1,0.09,0.08,0.07,0.05,0.04,0.04,0.04,0.04,0.03,0.03,0.03,0.03,0.03,0.03,0.03,0.03,0.02,0.02,0.02,0.02,0.02,0.01,0.01,0.01,0.01,0.01,0.01,0.01,0.01,0.01,0.01,0.11,0.11,0.11,0.11,0.11,0.07,0.07,0.07,22,5,68,5,3,48,5,26,1,28,12,7,45,16,11,,5,6,53,4,,4,,1,1,3,34,,13,2,2,1,3,13,,1,1,,2,,,,,2,,,2,4,,1,,,1,,,,,1,1,,,1,,1,,,,2,,,,,,,,,,,,,,,,,,,,,,,,,,,,,,,,,,,,,,,,,,,,,,,,,,,,,,,,,,,,,,,,,,,,,,,,,,,,,,,,,,,,,,,,,,,,,,,
1316087917298982,100066933574280,"Wakabi - Le guide des bons coins","Tes cheveux naturels te donnent du fil à retordre ? Tu ne sais pas comment les traiter comme il faut ? 

Archka organise une vente privée ce samedi 09 mai 2026 à 10h spécialement pour les cheveux nappy. 

ENTRÉE GRATUITE 

Au programme :
- Diagnostic Capillaires
- Vente des produits 
- Dj - Tombola - Buffet

#explorewithwakabi #wakabileguidedesbonscoins #Wakabi","Tes cheveux naturels te donnent du fil à retordre ? Tu ne sais pas comment les traiter comme il faut ? 

@[100067182250420:2048:Archka] organise une vente privée ce samedi 09 mai 2026 à 10h spécialement pour les cheveux nappy. 

ENTRÉE GRATUITE 

Au programme :
- Diagnostic Capillaires
- Vente des produits 
- Dj - Tombola - Buffet

#explorewithwakabi #wakabileguidedesbonscoins #Wakabi",29,"05/07/2026 03:01",uploaded,https://www.facebook.com/reel/1532178598613893/,0,0,Vidéos,,,,,Global,147,168,1,1,0,0,0,,,147,0,168,0,38,0,38,0,0,38,0,0,0,0,332.281,0,141.253,0,3.357,0,4.036,0,0,0,1,1,1,1,1,1,1,1,1,1,1,1,1,1,1,1,1,1,0.6,0.6,0.4,0.4,0.4,0.4,0.4,0.4,0.4,0.4,0.2,0.2,0.2,0.2,0.2,,,473.534,3.533,0,0,0,1,1,1,1,0.92,0.74,0.61,0.55,0.47,0.47,0.42,0.37,0.29,0.24,0.21,0.16,0.13,0.13,0.08,0.08,0.05,0.05,0.05,0.05,0.05,0.05,0.05,0.05,0.03,0.03,0.03,0.03,0.03,,,,,,,,,,,,,,,,,,,,,,,,,,,,,,,,,,,,,,,,,,,,,,,,,,,,,,,,,,,,,,,,,,,,,,,,,,,,,,,,,,,,,,,,,,,,,,,,,,,,,,,,,,,,,,,,,,,,,,,,,,,,,,,,,,,,,,,,,,,,,,,,,,,,,,,,,,,,,,,,,,,,,,,,,,,,,,,,,,,
1315607514013689,100066933574280,"Wakabi - Le guide des bons coins","Explore le festival son et lumière qui a eu lieux au Palais de Lomé avec Wakabi et @Mildred  . Qu’est-ce que vous avez le plus aimé sur l’édition de cette année ? Dites nous tout en commentaire 

#explorewithwakabi #Wakabi #wakabileguidedesbonscoins","Explore le festival son et lumière qui a eu lieux au @[100070288269283:2048:Palais de Lomé] avec Wakabi et @Mildred  . Qu’est-ce que vous avez le plus aimé sur l’édition de cette année ? Dites nous tout en commentaire 

#explorewithwakabi #Wakabi #wakabileguidedesbonscoins",164,"05/06/2026 12:08",auto,https://www.facebook.com/reel/1482532763550343/,0,0,Vidéos,,,,,Global,467,521,6,6,0,0,2,,2,467,0,521,0,167,6,166,6,0,167,0,0,0,0,2386.573,0,284.7,0,5.807,0,7.695,0,0,0,1,1,1,1,0.92,0.76,0.64,0.52,0.48,0.48,0.44,0.36,0.32,0.2,0.2,0.24,0.2,0.2,0.2,0.2,0.2,0.12,0.12,0.12,0.12,0.12,0.12,0.08,0.04,0.04,0.04,0.04,0.04,,,2671.273,5.962,0,0,0,1,0.67,0.37,0.26,0.14,0.11,0.1,0.08,0.08,0.07,0.07,0.05,0.05,0.03,0.03,0.04,0.03,0.03,0.03,0.03,0.03,0.02,0.02,0.02,0.02,0.02,0.02,0.02,0.01,0.01,0.01,0.01,0.01,0.01,0.01,0.01,0.01,0.01,0.01,0.01,0.01,0.04,0.04,0.04,0.04,0.04,0.04,0.04,0.04,39,29,18,18,22,12,9,7,3,6,3,,27,12,12,,4,5,36,2,,1,1,,,4,12,,18,8,,2,4,7,,1,1,,,,,,,1,,,1,3,,,,,,,,,,1,2,,,,,,1,,,,,,,,,,,,,,,,,,,,,,,,,,,,,,,,,,,,,,,,,,,,,,,,,,,,1,,,,,,,,,,,,,,,,,,,,,,,,,,,,,,,,,,,,,,,,,,,,,,
1314856620755445,100066933574280,"Wakabi - Le guide des bons coins","Wakatrip – Danyi (Golden Eye)

2 jours hors de la ville… juste nous, la nature et des moments forts 
Entre tyrolienne, cascades et nuits sous les étoiles, chaque instant avait un petit goût d’aventure.

Un grand merci à Afri Road 🌍 pour l’organisation 🙌

Ce vlog, c’est juste un aperçu… parce qu’en vrai, il fallait le vivre.

Tu viens au prochain Wakatrip ?
💁‍♀️: @___Sther 

#wakatrip  #Wakabi #wakabileguidedesbonscoins","Wakatrip – Danyi (Golden Eye)

2 jours hors de la ville… juste nous, la nature et des moments forts 
Entre tyrolienne, cascades et nuits sous les étoiles, chaque instant avait un petit goût d’aventure.

Un grand merci à Afri Road 🌍 pour l’organisation 🙌

Ce vlog, c’est juste un aperçu… parce qu’en vrai, il fallait le vivre.

Tu viens au prochain Wakatrip ?
💁‍♀️: @___Sther 

#wakatrip  #Wakabi #wakabileguidedesbonscoins",122,"05/05/2026 13:13",auto,https://www.facebook.com/reel/965090029472522/,0,0,Vidéos,,,,,Global,493,521,5,5,0,0,1,,1,493,0,521,0,183,18,177,17,0,183,0,0,0,0,3198.634,0,535.075,0,7.422,0,14.864,0,0,0,1,1,1,1,1,1,0.84,0.84,0.81,0.78,0.72,0.66,0.63,0.63,0.63,0.63,0.63,0.63,0.59,0.56,0.53,0.53,0.53,0.5,0.5,0.5,0.5,0.5,0.5,0.47,0.47,0.47,0.47,,,3733.709,7.995,0,0,0,1,0.99,0.39,0.28,0.21,0.17,0.15,0.15,0.14,0.14,0.13,0.11,0.11,0.11,0.11,0.11,0.11,0.11,0.1,0.1,0.09,0.09,0.09,0.09,0.09,0.09,0.09,0.09,0.09,0.08,0.08,0.08,0.08,0.08,0.08,0.08,0.08,0.08,0.08,0.07,0.04,0.47,0.47,0.47,0.47,0.47,0.47,0.41,0.22,52,20,15,12,12,10,23,7,15,8,4,3,61,31,5,,1,14,15,,,2,1,1,,2,10,,1,2,5,,2,1,2,,,,1,1,10,,,3,,,6,1,,2,,,1,,,,,1,,,,,,,1,,,,,,,,,,,,,,,,,,,,,,,,,,,,,,,,,,,,,,,,,,,,,,,,,,,,,,,,,,,,,,,,,,,,,,,,,,,,,,,,,,,,,,,,,,,,,,,,,,
1314718350769272,100066933574280,"Wakabi - Le guide des bons coins","UNBOXING Archka— des produits soigneusement sélectionnés pour révolutionner votre routine Nappy !
Ce que vous venez de voir ? C’est juste le début. 
🗓️ 09 Mai | Vente Privée
Activités exclusives • Découvertes • Bonne ambiance
📍 Salon Archka, Tokoin Wuiti — 📞 99 77 83 77

#wakabileguide #wakabi #wakabileguidedesbonscoins","UNBOXING @[100067182250420:2048:Archka]— des produits soigneusement sélectionnés pour révolutionner votre routine Nappy !
Ce que vous venez de voir ? C’est juste le début. 
🗓️ 09 Mai | Vente Privée
Activités exclusives • Découvertes • Bonne ambiance
📍 Salon Archka, Tokoin Wuiti — 📞 99 77 83 77

#wakabileguide #wakabi #wakabileguidedesbonscoins",64,"05/05/2026 09:16",N/A,https://www.facebook.com/reel/1673777553815288/,0,0,Vidéos,,,,,Global,326,344,2,2,0,0,0,,,326,0,344,0,131,3,128,3,0,131,0,0,0,0,1470.225,0,242.18,0,5.426,0,6.728,0,0,0,1,1,1,1,1,1,1,1,1,1,1,0.95,0.86,0.73,0.64,0.64,0.64,0.64,0.55,0.55,0.5,0.41,0.41,0.27,0.23,0.23,0.23,0.23,0.23,0.18,0.18,0.18,0.14,,,1712.405,5.577,0,0,0,0.99,1,0.94,0.53,0.41,0.34,0.29,0.26,0.21,0.18,0.17,0.16,0.15,0.12,0.11,0.11,0.11,0.11,0.09,0.09,0.08,0.07,0.07,0.05,0.04,0.04,0.04,0.04,0.04,0.03,0.03,0.03,0.02,0.02,0.02,0.02,0.02,0.02,0.02,0.02,0.02,0.14,0.14,0.14,0.14,0.14,0.14,0.14,0.14,6,5,50,6,,24,1,12,,17,3,6,27,8,7,,8,1,23,3,,1,1,,1,2,17,,10,,3,2,4,3,,,,,,,,1,,,,,3,3,,,,,,,,,,1,,,,2,,,,,,,,,,,,,,,,,,,,,,,,,,,,,,,,,,,,,,,,,,,,,,,,,,,,,,,,,,,,,,,,,,,,,,,,,,,,,,,,,,,,,,,,,,,,,,,,,,,,,
1313952267512547,100066933574280,"Wakabi - Le guide des bons coins","À Agbodrafo, AURUM  vous plonge dans une ambiance unique entre détente et loisirs au bord de la mer.

Entre sensations fortes en quad sur la plage, moments chill et vibes Only Good Vibes, c’est le spot parfait pour profiter de jour comme de nuit ✨🔥

Cette adresse et bien d’autres sont disponibles sur Wakabi… alors n’hésitez pas à télécharger l’application et découvrir les meilleurs spots autour de vous

#wakabionvaoula #wakabileguidedesbonscoins #Wakabi","À Agbodrafo, @[61574485711592:2048:AURUM]  vous plonge dans une ambiance unique entre détente et loisirs au bord de la mer.

Entre sensations fortes en quad sur la plage, moments chill et vibes Only Good Vibes, c’est le spot parfait pour profiter de jour comme de nuit ✨🔥

Cette adresse et bien d’autres sont disponibles sur Wakabi… alors n’hésitez pas à télécharger l’application et découvrir les meilleurs spots autour de vous

#wakabionvaoula #wakabileguidedesbonscoins #Wakabi",29,"05/04/2026 10:10",mixed,https://www.facebook.com/reel/1651422982978609/,0,0,Vidéos,,,,,Global,618,556,11,11,0,0,1,,1,618,0,556,0,166,0,162,0,0,166,0,0,0,0,2762.973,0,487.741,0,5.605,0,8.869,0,0,0,1,1,1,1,1,1,1,1,1,1,1,1,1,1,1,1,1,1,1,1,0.94,0.91,0.89,0.85,0.83,0.83,0.81,0.81,0.76,0.74,0.7,0.63,0.52,,,3250.714,5.931,0,0,0,0.99,0.99,0.99,0.99,0.89,0.8,0.7,0.66,0.62,0.57,0.51,0.48,0.43,0.42,0.4,0.37,0.34,0.33,0.33,0.33,0.31,0.3,0.29,0.28,0.27,0.27,0.27,0.27,0.25,0.24,0.23,0.2,0.17,,,,,,,,,,,,,,,,,47,21,16,23,13,12,3,8,4,7,1,,44,5,11,,6,,27,,,4,,,,3,14,,23,3,,1,4,4,,1,1,2,,,,,,,,,3,,,1,,,1,2,,,,1,1,,,,,,,,,1,,,,,,,1,,,,,,,,,,,,,,,,1,,,,,,,,,,,,,,,,,,,,,,,,,,,,,,,,,,,,,1,,,,,,,,,,,,,,,,,,,,,,,,,,,,,,,,,,,
1312453970995710,100066933574280,"Wakabi - Le guide des bons coins","Et c'est parti encore pour un tour! 😅

Michael et son acolyte  qui font don de sang au C.N.T.S  par générosité ou ...? 🤔

En tout cas suivez la vidéo au complet pour comprendre.

#wakabionvaoula #Wakabi #wakabileguidedesbonscoins","Et c'est parti encore pour un tour! 😅

Michael et son acolyte  qui font don de sang au C.N.T.S  par générosité ou ...? 🤔

En tout cas suivez la vidéo au complet pour comprendre.

#wakabionvaoula #Wakabi #wakabileguidedesbonscoins",158,"05/02/2026 14:24",auto,https://www.facebook.com/reel/2398168740658472/,0,0,Vidéos,,,,,Global,1710,1630,68,60,6,2,71,,71,1706,0,1630,0,981,244,974,243,0,981,0,0,0,0,34342.259,2746.941,7313.982,0,25.16,29.223,64.726,0,0,0,1,1,1,1,0.98,0.9,0.85,0.81,0.8,0.78,0.77,0.76,0.74,0.74,0.74,0.74,0.72,0.72,0.7,0.7,0.7,0.7,0.69,0.69,0.69,0.69,0.69,0.68,0.67,0.66,0.66,0.66,0.65,,,44403.182,28.246,0,0,0,1,0.88,0.52,0.38,0.33,0.3,0.29,0.27,0.27,0.27,0.26,0.26,0.25,0.25,0.25,0.25,0.24,0.24,0.24,0.24,0.24,0.24,0.23,0.23,0.23,0.23,0.23,0.23,0.23,0.22,0.22,0.22,0.22,0.22,0.21,0.21,0.2,0.2,0.2,0.19,0.08,0.65,0.63,0.63,0.6,0.6,0.6,0.57,0.23,375,146,107,132,50,50,40,30,14,13,8,3,506,62,33,,20,21,78,6,,19,,14,1,16,35,5,39,28,7,7,5,10,,3,,,1,1,2,1,,10,2,,6,2,,3,,1,4,,,,1,1,3,,,8,,1,4,,,2,,,2,,,,,,,,,,,,,,,,,,,,,,,1,,,,,,,1,,,1,,,,,,,,,,,,,,2,,,,,,,,,,,,,,,,,,,,,,,,,,,,,,,,1,,1,,,,,,,,,,,
1312077457700028,100066933574280,"Wakabi - Le guide des bons coins","VSD est là 🔥

Tu sais déjà où sortir ce week-end ? 👀
Sinon t’inquiète… on t’a préparé les meilleurs plans de vendredi, samedi et dimanche 🎉

Entre soirées, chill spots et événements à ne pas rater, tout est dedans 👇
Regarde, choisis… et profite 😎

📲 Pour encore plus de bons plans en temps réel, télécharge l’application Wakabi maintenant et ne rate plus jamais un week-end !

#Wakabi #wakabileguidedesbonscoins #vsdwakabi","VSD est là 🔥

Tu sais déjà où sortir ce week-end ? 👀
Sinon t’inquiète… on t’a préparé les meilleurs plans de vendredi, samedi et dimanche 🎉

Entre soirées, chill spots et événements à ne pas rater, tout est dedans 👇
Regarde, choisis… et profite 😎

📲 Pour encore plus de bons plans en temps réel, télécharge l’application Wakabi maintenant et ne rate plus jamais un week-end !

#Wakabi #wakabileguidedesbonscoins #vsdwakabi",144,"05/02/2026 04:37",N/A,https://www.facebook.com/reel/959227230413275/,0,0,Vidéos,,,,,Global,398,381,12,11,1,0,2,,2,398,0,381,0,136,5,136,5,0,136,0,0,0,0,1375.833,0,420.121,0,4.12,0,9.134,0,0,0,1,1,1,1,1,0.79,0.57,0.5,0.5,0.5,0.43,0.43,0.36,0.36,0.36,0.36,0.36,0.36,0.36,0.43,0.21,0.21,0.21,0.21,0.21,0.21,0.21,0.14,0.14,0.14,0.14,0.14,0.14,,,1795.954,4.726,0,0,0,0.99,0.78,0.29,0.18,0.12,0.08,0.06,0.05,0.05,0.05,0.04,0.05,0.04,0.04,0.04,0.04,0.04,0.04,0.04,0.05,0.02,0.02,0.02,0.02,0.02,0.03,0.02,0.01,0.01,0.01,0.01,0.01,0.01,0.01,0.01,0.01,0.01,0.01,0.01,0.01,0,0.14,0.14,0.14,0.07,0.07,0.07,0.07,0,41,31,13,10,6,10,6,6,5,7,1,,47,2,7,,5,,15,2,,,,,,3,10,,14,5,1,1,6,,,,,,1,,,,,,,,2,3,,3,,,1,,,,,1,,,,,,,,,,,,,,1,2,,1,,,,,,1,,,,,,,,,,,,,,,,,,,,,,,1,,,,,,,,,,,,,,,,,,,,,,1,,,,,,,,,,,,,,,,,,,,,,,,,,,,,,,,,,,,,
1311668701074237,100066933574280,"Wakabi - Le guide des bons coins","Aujourd’hui, on célèbre bien plus que le travail…
On célèbre celles et ceux qui se lèvent chaque jour pour bâtir, créer, servir et avancer 💪
De la vendeuse au menuisier, du conducteur au créateur de contenus…
Après une journée bien remplie, il est temps de se retrouver, souffler et profiter ✨
Avec Wakabi, trouvez en quelques clics l’endroit parfait pour vous détendre et célébrer comme il se doit 🍽️🎉
📍 Et si cette année, on se retrouvait au Hype Lomé?
Bonne fête du travail à tous les travailleurs 🙌
Wakabi, votre guide pour mieux vivre chaque moment.
#wakabi #Wakabi #wakabileguidedesbonscoins #premiermai","Aujourd’hui, on célèbre bien plus que le travail…
On célèbre celles et ceux qui se lèvent chaque jour pour bâtir, créer, servir et avancer 💪
De la vendeuse au menuisier, du conducteur au créateur de contenus…
Après une journée bien remplie, il est temps de se retrouver, souffler et profiter ✨
Avec Wakabi, trouvez en quelques clics l’endroit parfait pour vous détendre et célébrer comme il se doit 🍽️🎉
📍 Et si cette année, on se retrouvait au @[100064346245687:2048:Hype Lomé]?
Bonne fête du travail à tous les travailleurs 🙌
Wakabi, votre guide pour mieux vivre chaque moment.
#wakabi #Wakabi #wakabileguidedesbonscoins #premiermai",111,"05/01/2026 15:27",mixed,https://www.facebook.com/reel/2979581949100012/,0,0,Vidéos,,,,,Global,516,494,9,7,1,1,7,,7,516,0,494,0,283,18,269,18,0,283,0,0,0,0,4187.892,86.554,804.326,0,9.972,5.41,14.363,0,0,0,1,1,0.98,0.98,0.98,0.98,0.9,0.78,0.59,0.54,0.52,0.46,0.45,0.44,0.43,0.4,0.35,0.3,0.29,0.27,0.26,0.23,0.23,0.23,0.21,0.18,0.15,0.16,0.16,0.16,0.15,0.13,0.13,,,5078.772,10.322,0,0,0,0.99,0.99,0.67,0.45,0.35,0.3,0.27,0.23,0.17,0.16,0.16,0.13,0.13,0.13,0.13,0.12,0.1,0.09,0.09,0.08,0.07,0.07,0.07,0.07,0.06,0.05,0.04,0.05,0.05,0.05,0.04,0.04,0.04,0.04,0.04,0.04,0.03,0.03,0.02,0,0,0.13,0.13,0.13,0.11,0.11,0.09,0,0,61,40,34,10,13,29,24,11,21,13,12,10,96,56,8,,4,22,26,2,,5,1,1,1,,17,1,4,1,7,2,3,1,,,,,,1,1,,,2,1,,1,1,,5,,,3,,3,,1,1,,,,1,,1,,,,,,,,,,,1,,,,,,,,,,,,,,,1,,,,,,,,,,,,,,1,,,,,,,,,,,,,,,,,,,,,,,,,,,,,,,,,,,,,,,,,,,,,,,,,,,,,,,,,,,
1311322391108868,100066933574280,"Wakabi - Le guide des bons coins","1er Mai — mais tu sais pourquoi tu ne travailles pas aujourd’hui ?

Tu profites du repos… mais ça vient d’une vraie histoire.

En 1886 à Chicago, des ouvriers se sont battus contre des journées de 16h de travail. Leur mouvement a changé l’histoire et a donné naissance au 1er mai comme jour férié dans plus de 160 pays.

Donc aujourd’hui, tu te reposes grâce à eux.

👉 Dis-nous en commentaire : repos ou travail en cachette ?
👍 Like | 🔁 Partage | 🔔 Abonne-toi à Wakabi pour des infos que tu n’entends pas ailleurs.

#Wakabi #wakabileguide  #premiermai","1er Mai — mais tu sais pourquoi tu ne travailles pas aujourd’hui ?

Tu profites du repos… mais ça vient d’une vraie histoire.

En 1886 à Chicago, des ouvriers se sont battus contre des journées de 16h de travail. Leur mouvement a changé l’histoire et a donné naissance au 1er mai comme jour férié dans plus de 160 pays.

Donc aujourd’hui, tu te reposes grâce à eux.

👉 Dis-nous en commentaire : repos ou travail en cachette ?
👍 Like | 🔁 Partage | 🔔 Abonne-toi à Wakabi pour des infos que tu n’entends pas ailleurs.

#Wakabi #wakabileguide  #premiermai",92,"05/01/2026 06:09",mixed,https://www.facebook.com/reel/941056775374383/,0,0,Vidéos,,,,,Global,584,577,10,8,0,2,2,,2,584,0,577,0,228,8,224,8,0,228,0,0,0,0,3209.239,34.1,204.528,0,6.293,2.624,5.114,0,0,0,1,1,0.98,0.98,0.98,0.98,0.98,0.93,0.6,0.49,0.45,0.38,0.35,0.31,0.31,0.27,0.25,0.24,0.2,0.18,0.16,0.16,0.16,0.16,0.16,0.16,0.16,0.16,0.16,0.16,0.16,0.13,0.13,,,3447.867,6.124,0,0,0,1,1,0.73,0.5,0.39,0.32,0.26,0.22,0.14,0.12,0.11,0.1,0.08,0.08,0.07,0.07,0.06,0.06,0.05,0.04,0.04,0.04,0.04,0.04,0.04,0.04,0.04,0.04,0.04,0.04,0.04,0.03,0.03,0.03,0.03,0.03,0.02,0.01,0,0,0,0.13,0.13,0.13,0.07,0.04,0.02,0.02,0.02,74,47,15,15,19,14,7,9,14,5,4,3,38,18,16,,8,5,47,1,,1,,1,,4,17,1,29,5,,3,5,9,,,1,,,,2,,,1,,,,2,,,1,,2,,1,,,,2,1,1,,,,,,,2,,,,,,,1,,,,,,,,,,,,,,,,,,,,,,,,,,,,,,,,,,,,,,,,,,,1,,1,,,,,,,,,,,1,,,,,,,,,,,,,,,,,,,,,,,,,,,,,,,,
1311196991121408,100066933574280,"Wakabi - Le guide des bons coins","Un événement à ne pas manquer pour les amoureux du naturel !

@archka_concept vous donne rendez-vous pour une vente privée exceptionnelle 💚
Au programme : diagnostics capillaires, produits naturels, ambiance DJ, tombola et buffet.

📅 09 mai 2026
⏰ 10H

Une belle occasion de découvrir des soins adaptés à vos cheveux et de passer un moment agréable 🌿

#wakabi #wakabileguide #wakabileguidedesbonscoins",,0,"05/01/2026 02:49",N/A,https://www.facebook.com/wakabileguide/posts/pfbid02if7cpng5rSVqGY7E9yK9YWhFxrKfQdxHvv9GYxAUvHtwe1uB7dixPywQT7cPJwd4l,0,0,Photos,,,,,Global,71,42,0,0,0,0,1,,1,71,0,42,0,0,0,0,0,0,0,0,0,0,0,0,0,0,0,0,0,0,0,0,0,,,,,,,,,,,,,,,,,,,,,,,,,,,,,,,,,,,,,,,,,,,,,,,,,,,,,,,,,,,,,,,,,,,,,,,,,,,,,,,,,,,,,,,,,,,,,,,,,,,,,,,,,,,,,,,,,,,,,,,,,,,,,,,,,,,,,,,,,,,,,,,,,,,,,,,,,,,,,,,,,,,,,,,,,,,,,,,,,,,,,,,,,,,,,,,,,,,,,,,,,,,,,,,,,,,,,,,,,,,,,,,,,,,,,,,,,,,,,,,,,,,,,,,,,,,,
1311156917792082,100066933574280,"Wakabi - Le guide des bons coins","Aujourd’hui, on célèbre celles et ceux qui construisent, innovent et donnent le meilleur d’eux-mêmes chaque jour. 💙
Chez Wakabi, on vous dit merci pour votre travail, votre engagement et votre détermination.

Bonne fête du Travail à tous ! 👷‍♂️✨

#wakabi #wakabileguide #fetedutravail",,0,"05/01/2026 01:33",N/A,https://www.facebook.com/wakabileguide/posts/pfbid02x5TN5CfrLtMxjxVNQd4pTraankqpuVv58EXek1AHX1zhunmjugCATTQ3xtChn4qql,0,0,Photos,,,,,Global,72,36,0,0,0,0,0,,,72,0,36,0,0,0,0,0,0,0,0,0,0,0,0,0,0,0,0,0,0,0,0,0,,,,,,,,,,,,,,,,,,,,,,,,,,,,,,,,,,,,,,,,,,,,,,,,,,,,,,,,,,,,,,,,,,,,,,,,,,,,,,,,,,,,,,,,,,,,,,,,,,,,,,,,,,,,,,,,,,,,,,,,,,,,,,,,,,,,,,,,,,,,,,,,,,,,,,,,,,,,,,,,,,,,,,,,,,,,,,,,,,,,,,,,,,,,,,,,,,,,,,,,,,,,,,,,,,,,,,,,,,,,,,,,,,,,,,,,,,,,,,,,,,,,,,,,,,,,
1309703181270789,100066933574280,"Wakabi - Le guide des bons coins","Quelque chose se prépare… 👀✨
Une expérience exclusive vous attend.
📅 09 mai 2026
📍 Salon Archka

Serez-vous de la partie ?

#wakabileguidedesbonscoins #wakabileguide #Wakabi","Quelque chose se prépare… 👀✨
Une expérience exclusive vous attend.
📅 09 mai 2026
📍 Salon @[100067182250420:2048:Archka]

Serez-vous de la partie ?

#wakabileguidedesbonscoins #wakabileguide #Wakabi",16,"04/29/2026 08:06",N/A,https://www.facebook.com/reel/3417926238382372/,0,0,Vidéos,,,,,Global,206,188,0,0,0,0,1,,1,206,0,188,0,58,0,57,0,0,58,0,0,0,0,459.25,0,102.375,0,2.907,0,3.103,0,0,0,1,1,1,1,1,1,1,1,1,1,1,1,1,1,1,1,1,,,,,,,,,,,,,,,,,,,561.625,2.94,0,0,0,1,1,1,1,0.76,0.64,0.5,0.45,0.33,0.28,0.28,0.14,0.07,0.07,0.02,0.02,0.02,,,,,,,,,,,,,,,,,,,,,,,,,,,,,,,,,,,,,,,,,,,,,,,,,,,,,,,,,,,,,,,,,,,,,,,,,,,,,,,,,,,,,,,,,,,,,,,,,,,,,,,,,,,,,,,,,,,,,,,,,,,,,,,,,,,,,,,,,,,,,,,,,,,,,,,,,,,,,,,,,,,,,,,,,,,,,,,,,,,,,,,,,,,,,,,,,,,
1309673281273779,100066933574280,"Wakabi - Le guide des bons coins","Bonne nouvelle 🔥

Tu veux juste chill sans faire l’atelier ? C’est maintenant possible.

Un ticket à 5 000 FCFA te donne accès au Skybar du Cika Golden Hotel & Suites, avec restauration + conso 🍹

👉 Viens chill, profiter de l’ambiance et passer un bon moment, même sans participer à l’atelier Batik.

🔥 Réserve ta place dès maintenant
🔥 Abonne-toi à Wakabi pour ne rater aucun bon plan
 #Wakabi #wakabileguide  #wakabileguidedesbonscoins","Bonne nouvelle 🔥

Tu veux juste chill sans faire l’atelier ? C’est maintenant possible.

Un ticket à 5 000 FCFA te donne accès au Skybar du Cika Golden Hotel & Suites, avec restauration + conso 🍹

👉 Viens chill, profiter de l’ambiance et passer un bon moment, même sans participer à l’atelier Batik.

🔥 Réserve ta place dès maintenant
🔥 Abonne-toi à Wakabi pour ne rater aucun bon plan
 #Wakabi #wakabileguide  #wakabileguidedesbonscoins",33,"04/29/2026 07:24",N/A,https://www.facebook.com/reel/1284627436539004/,0,0,Vidéos,,,,,Global,164,155,1,1,0,0,2,,2,164,0,155,0,48,0,46,0,0,48,0,0,0,0,452.687,0,171.915,0,3.773,0,5.373,0,0,0,1,1,1,1,1,1,1,1,1,1,1,1,1,1,1,1,1,1,1,1,1,0.78,0.78,0.78,0.78,0.67,0.56,0.56,0.56,0.44,0.44,0.44,0.44,,,624.602,4.109,0,0,0,1,1,1,1,0.79,0.6,0.52,0.4,0.38,0.35,0.33,0.31,0.29,0.29,0.29,0.21,0.19,0.19,0.19,0.19,0.21,0.15,0.15,0.15,0.15,0.13,0.1,0.1,0.1,0.08,0.08,0.08,0.08,0.08,0.08,0.06,0.06,,,,,0.44,0.44,0.33,0.33,,,,,,,,,,,,,,,,,,,,,,,,,,,,,,,,,,,,,,,,,,,,,,,,,,,,,,,,,,,,,,,,,,,,,,,,,,,,,,,,,,,,,,,,,,,,,,,,,,,,,,,,,,,,,,,,,,,,,,,,,,,,,,,,,,,,,,,,,,,,,,,,,,,,,,,,,,,,,,,,,,,,,,,
1309544587953315,100066933574280,"Wakabi - Le guide des bons coins","Situé sur la route Abobo – Lac Togo à Tsévié, le Centre Magbatrova est un espace de détente qui allie loisirs, restauration et hébergement.

Dans un cadre naturel agréable, profitez de nombreuses activités : restaurant, piscine, salle de conférence, parc de loisirs et espace événementiel. Idéal pour se relaxer, organiser un événement ou passer du temps en famille.

Découvrez Centre Magbatrova et bien d’autres adresses sur Wakabi.
Explorez et trouvez facilement les meilleurs lieux.

#wakabileguide #wakabileguidedesbonscoins #wakabi",,0,"04/29/2026 04:05",N/A,https://www.facebook.com/wakabileguide/posts/pfbid07eu9xR3vto6Fa525aKyf9jtd1GjNe1ruzzJtAJynaDn1WUp9Hmdf9qaGzHUKaes6l,0,0,Photos,,,,,Global,201,127,3,3,0,0,11,,2,201,0,127,0,0,0,0,0,0,0,0,0,0,0,0,0,0,0,0,0,0,0,0,0,,,,,,,,,,,,,,,,,,,,,,,,,,,,,,,,,,9,,,,,,,,,,,,,,,,,,,,,,,,,,,,,,,,,,,,,,,,,,,,,,,,,,,,,,,,,,,,,,,,,,,,,,,,,,,,,,,,,,,,,,,,,,,,,,,,,,,,,,,,,,,,,,,,,,,,,,,,,,,,,,,,,,,,,,,,,,,,,,,,,,,,,,,,,,,,,,,,,,,,,,,,,,,,,,,,,,,,,,,,,,,,,,,,,,,,,,,,,,,,,,,,,,,,,,,,,,
1308024498105324,100066933574280,"Wakabi - Le guide des bons coins","""La liberté appartient à tout le monde."" 
​Aujourd'hui, nous célébrons cet héritage. Que ce soit à Lomé ou ailleurs, n’oublions jamais le chemin parcouru.
​Et vous, quelle anecdote sur l'indépendance de votre pays vous a le plus marqué ? Dites-le nous en commentaire !

#Wakabi #wakabileguide #TogoIndependance","""La liberté appartient à tout le monde."" 
​Aujourd'hui, nous célébrons cet héritage. Que ce soit à Lomé ou ailleurs, n’oublions jamais le chemin parcouru.
​Et vous, quelle anecdote sur l'indépendance de votre pays vous a le plus marqué ? Dites-le nous en commentaire !

#Wakabi #wakabileguide #TogoIndependance",81,"04/27/2026 09:54",N/A,https://www.facebook.com/reel/1257300992816865/,0,0,Vidéos,,,,,Global,360,359,4,4,0,0,3,,3,362,0,359,0,91,2,87,2,0,91,0,0,0,0,944.7,0,270.731,0,3.009,0,8.204,0,0,0,1,1,1,1,1,1,1,1,1,0.9,0.9,0.6,0.6,0.6,0.4,0.4,0.4,0.3,0.2,0.2,0.2,0.2,0.2,0.2,0.2,0.2,0.2,0.2,0.2,0.2,0.2,0.2,0.2,,,1215.431,3.502,0,0,0,1,1,0.82,0.47,0.29,0.21,0.18,0.12,0.11,0.1,0.1,0.07,0.07,0.07,0.04,0.04,0.04,0.03,0.02,0.02,0.02,0.02,0.02,0.02,0.02,0.02,0.02,0.02,0.02,0.02,0.02,0.02,0.02,0.02,0.02,0.02,0,0,0,0,0,0.2,0.2,0.2,0,0,0,0,0,,,,,,,,,,,,,,,,,,,,,,,,,,,,,,,,,,,,,,,,,,,,,,,,,,,,,,,,,,,,,,,,,,,,,,,,,,,,,,,,,,,,,,,,,,,,,,,,,,,,,,,,,,,,,,,,,,,,,,,,,,,,,,,,,,,,,,,,,,,,,,,,,,,,,,,,,,,,,,,,,,,
1307848338122940,100066933574280,"Wakabi - Le guide des bons coins","Wakabi célèbre avec vous 66 ans de liberté, d’histoire et de fierté 🇹🇬

Aujourd’hui, on avance ensemble, vers encore plus de découvertes, de connexions et de belles adresses à partager.

Bonne fête de l’indépendance à tous. ✨

Restez connectés sur Wakabi pour ne rien manquer des bons plans.

#wakabi #wakabileguide #wakabileguidedesbonscoins #togoindependanceday❤️🇹🇬",,0,"04/27/2026 05:59",N/A,https://www.facebook.com/wakabileguide/posts/pfbid0LYDzVGhhj7suFmG5GQGzXBr7ZMY1tAB8RGThvykUQ6vz3VBYRiNW5xhdF5YpiEnvl,0,0,Photos,,,,,Global,189,115,3,2,0,1,1,,,189,0,115,0,0,0,0,0,0,0,0,0,0,0,0,0,0,0,0,0,0,0,0,0,,,,,,,,,,,,,,,,,,,,,,,,,,,,,,,,,,1,,,,,,,,,,,,,,,,,,,,,,,,,,,,,,,,,,,,,,,,,,,,,,,,,,,,,,,,,,,,,,,,,,,,,,,,,,,,,,,,,,,,,,,,,,,,,,,,,,,,,,,,,,,,,,,,,,,,,,,,,,,,,,,,,,,,,,,,,,,,,,,,,,,,,,,,,,,,,,,,,,,,,,,,,,,,,,,,,,,,,,,,,,,,,,,,,,,,,,,,,,,,,,,,,,,,,,,,,,
1307234058184368,100066933574280,"Wakabi - Le guide des bons coins","Envie de t’évader ?

Cap sur Accra avec GHANA Découverte du 01 au 03 mai 🇬🇭

Au programme : transport A/R, 2 nuitées, petits déjeuners, balade sur le lac Volta, aqua safari et soirée Beach Club

💰 130.000 FCFA / personne
📍 Départ : Frontière Togo/Ghana à 07h

Places limitées

👉 Réserve vite
🔔 Abonne-toi à Wakabi pour plus de bons plans

@travel_club_togo 

#wakabi #wakabileguide #wakabileguidedesbonscoins",,0,"04/26/2026 12:57",N/A,https://www.facebook.com/wakabileguide/posts/pfbid02grvq4gJC2fZb95meG8UsM8AkZZjRSHmyL3WhrFqZFRemL3qC14gmLzc4c8sLAThKl,0,0,Photos,,,,,Global,78,50,1,1,0,0,3,,1,78,0,50,0,0,0,0,0,0,0,0,0,0,0,0,0,0,0,0,0,0,0,0,0,,,,,,,,,,,,,,,,,,,,,,,,,,,,,,,,,,2,,,,,,,,,,,,,,,,,,,,,,,,,,,,,,,,,,,,,,,,,,,,,,,,,,,,,,,,,,,,,,,,,,,,,,,,,,,,,,,,,,,,,,,,,,,,,,,,,,,,,,,,,,,,,,,,,,,,,,,,,,,,,,,,,,,,,,,,,,,,,,,,,,,,,,,,,,,,,,,,,,,,,,,,,,,,,,,,,,,,,,,,,,,,,,,,,,,,,,,,,,,,,,,,,,,,,,,,,,
1305897654984675,100066933574280,"Wakabi - Le guide des bons coins","Tu vas rater ça ? Mauvaise idée.

Ce samedi 02 mai, le Batik & Chill t’attend au  Skybar du Cika Golden Hotel and Suites pour un moment unique : créer, chill et repartir avec ton propre tote bag.

💰 17 000 FCFA / personne
💰 32 000 FCFA / couple

👉 Places limitées, réserve vite.

🔥 Abonne-toi à Wakabi pour ne rater aucun bon plan.

 #wakabileguidedesbonscoins #Wakabi #wakabileguide","Tu vas rater ça ? Mauvaise idée.

Ce samedi 02 mai, le Batik & Chill t’attend au  Skybar du @[100094972902005:2048:Cika Golden Hotel and Suites] pour un moment unique : créer, chill et repartir avec ton propre tote bag.

💰 17 000 FCFA / personne
💰 32 000 FCFA / couple

👉 Places limitées, réserve vite.

🔥 Abonne-toi à Wakabi pour ne rater aucun bon plan.

 #wakabileguidedesbonscoins #Wakabi #wakabileguide",46,"04/25/2026 02:49",N/A,https://www.facebook.com/reel/1733544190948250/,0,0,Vidéos,,,,,Global,124,134,2,2,0,0,0,,,125,0,134,0,37,0,36,0,0,37,0,0,0,0,380.752,0,289.853,0,4.882,0,7.834,0,0,0,1,1,1,1,1,1,1,1,1,1,1,1,1,1,1,1,0.9,0.9,0.9,0.9,0.9,0.9,0.8,0.8,0.8,0.8,0.7,0.7,0.7,0.5,0.4,0.3,0.3,,,670.605,5.831,0,0,0,1,1,1,0.89,0.78,0.68,0.59,0.59,0.57,0.54,0.46,0.43,0.3,0.27,0.27,0.27,0.24,0.24,0.24,0.24,0.24,0.24,0.22,0.22,0.22,0.22,0.19,0.19,0.19,0.14,0.11,0.08,0.08,0.08,0.08,0.08,0.08,0.08,0.05,0.05,0.05,0.3,0.3,0.3,0.3,0.3,0.2,0.2,0.2,,,,,,,,,,,,,,,,,,,,,,,,,,,,,,,,,,,,,,,,,,,,,,,,,,,,,,,,,,,,,,,,,,,,,,,,,,,,,,,,,,,,,,,,,,,,,,,,,,,,,,,,,,,,,,,,,,,,,,,,,,,,,,,,,,,,,,,,,,,,,,,,,,,,,,,,,,,,,,,,,,,
1305879881653119,100066933574280,"Wakabi - Le guide des bons coins","Aujourd’hui michael et son acolyte se sont retrouvés  au DOM'S Restaurant pour de nouvelles aventures riches en rebondissements 😂😂. Vous connaissez ce coin de fried rice avant ? Dites nous tout en commentaire !!! Et surtout restez abonné à Wakabi pour être au courant des bon plan 

#wakabileguide #wakabileguidedesbonscoins #wakabionvaoula","Aujourd’hui michael et son acolyte se sont retrouvés  au @[100063630144986:2048:DOM'S Restaurant] pour de nouvelles aventures riches en rebondissements 😂😂. Vous connaissez ce coin de fried rice avant ? Dites nous tout en commentaire !!! Et surtout restez abonné à Wakabi pour être au courant des bon plan 

#wakabileguide #wakabileguidedesbonscoins #wakabionvaoula",160,"04/25/2026 02:20",auto,https://www.facebook.com/reel/4447917345440840/,0,0,Vidéos,,,,,Global,971,948,27,25,1,1,13,,13,970,0,948,0,382,57,371,56,0,382,0,0,0,0,9095.15,712.863,2248.557,0,10.893,29.703,44.09,0,0,0,1,1,1,0.99,0.91,0.84,0.77,0.76,0.75,0.76,0.75,0.72,0.71,0.7,0.69,0.68,0.66,0.63,0.62,0.62,0.61,0.6,0.59,0.59,0.57,0.57,0.57,0.56,0.54,0.54,0.54,0.53,0.54,,,12056.57,13.248,0,0,0,1,0.88,0.45,0.25,0.21,0.19,0.18,0.17,0.17,0.17,0.17,0.16,0.16,0.16,0.16,0.15,0.15,0.14,0.14,0.14,0.14,0.14,0.13,0.13,0.13,0.13,0.13,0.13,0.12,0.12,0.12,0.12,0.12,0.12,0.12,0.12,0.12,0.12,0.12,0.05,0.03,0.54,0.54,0.53,0.51,0.51,0.51,0.22,0.13,131,58,32,49,24,17,15,32,6,2,3,1,84,7,40,1,16,3,50,4,,2,,,,19,16,,63,14,1,3,4,4,,3,5,1,3,1,3,1,,4,,,3,8,,1,1,,4,2,,,,1,4,,1,2,,,,,,,,,,,,,1,,,,,,,,,,,,,,,,,,,,,,,,1,,,,,,,,,,,,,,,,,,,1,,,,,,,,,,,,,,,,,,,,,,,,,,,,,,,,,,,,,,,,,,,,,
1304918291749278,100066933574280,"Wakabi - Le guide des bons coins","Envie de créer, te détendre et passer un bon moment ?

Le Batik & Chill t’attend ce samedi 02 mai au @skybar_tg du @cikagoldenhotel 

Au programme : création sur tissu et tote bag, ambiance chill et conviviale, avec collation incluse. Que tu viennes seul(e) ou en duo, c’est le spot parfait pour laisser parler ta créativité.

📍 Lieu : Cika Golden Hotel & Suites (Skybar)
🕒 Heure : 15h à 18h
💰 17 000 FCFA / personne — 32 000 FCFA / couple

Réserve ta place et viens vivre l’expérience

#wakabi #wakabileguide #wakabileguidedesbonscoins",,0,"04/24/2026 02:23",N/A,https://www.facebook.com/wakabileguide/posts/pfbid0Q99KED9fY9HGztpnPsjLqsd6bc6Ym1LuPRcLegoXgPJemrxi87MmTbvnzhjdo3Pbl,0,0,Photos,,,,,Global,74,38,1,1,0,0,0,,,74,0,38,0,0,0,0,0,0,0,0,0,0,0,0,0,0,0,0,0,0,0,0,0,,,,,,,,,,,,,,,,,,,,,,,,,,,,,,,,,,,,,,,,,,,,,,,,,,,,,,,,,,,,,,,,,,,,,,,,,,,,,,,,,,,,,,,,,,,,,,,,,,,,,,,,,,,,,,,,,,,,,,,,,,,,,,,,,,,,,,,,,,,,,,,,,,,,,,,,,,,,,,,,,,,,,,,,,,,,,,,,,,,,,,,,,,,,,,,,,,,,,,,,,,,,,,,,,,,,,,,,,,,,,,,,,,,,,,,,,,,,,,,,,,,,,,,,,,,,
1304577635116677,100066933574280,"Wakabi - Le guide des bons coins","Élégance et vue imprenable sur l’océan ✨
Situé sur la Corniche Ouest à Fann Résidence, à Dakar, Noom Hotel Dakar Sea Plaza offre un cadre élégant avec une vue exceptionnelle. Ouvert 24h/24, il combine confort moderne et ambiance apaisante.

Idéal pour un séjour chic ou professionnel 🌊

Noom Hotel Dakar Sea Plaza et bien d’autres adresses sont à découvrir sur Wakabi…
Explorez et trouvez facilement les meilleurs lieux.

📍 Dakar

#wakabi #wakabileguide #explorewhitwakabi",,0,"04/23/2026 15:36",N/A,https://www.facebook.com/wakabileguide/posts/pfbid09BUBQn99oTEFX2hyK5U4yy9aWk7p8FKVAxUsMfq5F8L5RzYg3kad5zdhh1s7TWsWl,0,0,Photos,,,,,Global,151,102,1,1,0,0,2,,,151,0,102,0,0,0,0,0,0,0,0,0,0,0,0,0,0,0,0,0,0,0,0,0,,,,,,,,,,,,,,,,,,,,,,,,,,,,,,,,,,2,,,,,,,,,,,,,,,,,,,,,,,,,,,,,,,,,,,,,,,,,,,,,,,,,,,,,,,,,,,,,,,,,,,,,,,,,,,,,,,,,,,,,,,,,,,,,,,,,,,,,,,,,,,,,,,,,,,,,,,,,,,,,,,,,,,,,,,,,,,,,,,,,,,,,,,,,,,,,,,,,,,,,,,,,,,,,,,,,,,,,,,,,,,,,,,,,,,,,,,,,,,,,,,,,,,,,,,,,,
1303578121883295,100066933574280,"Wakabi - Le guide des bons coins","Un smartphone sans rien payer, ça te tente ?

Wakabi met en jeu un téléphone Infinix — et il peut être à toi.

Comment participer :
Installe l’application Wakabi, crée ton compte, rejoins la chaîne WhatsApp et ajoute un lieu que tu aimes dans l’app.
Ensuite, envoie les captures au +228 72303333 pour confirmer ta participation.

Objectif : 5000 téléchargements
Sélection par tirage au sort
Clôture : 27 avril

Tu es peut-être déjà à un pas de gagner.
 #Wakabileguide  #Wakabi #wakabileguidedesbonscoins","Un smartphone sans rien payer, ça te tente ?

Wakabi met en jeu un téléphone Infinix — et il peut être à toi.

Comment participer :
Installe l’application Wakabi, crée ton compte, rejoins la chaîne WhatsApp et ajoute un lieu que tu aimes dans l’app.
Ensuite, envoie les captures au +228 72303333 pour confirmer ta participation.

Objectif : 5000 téléchargements
Sélection par tirage au sort
Clôture : 27 avril

Tu es peut-être déjà à un pas de gagner.
 #Wakabileguide  #Wakabi #wakabileguidedesbonscoins",35,"04/22/2026 11:41",N/A,https://www.facebook.com/reel/1358011106165077/,0,0,Vidéos,,,,,Global,179,161,3,3,0,0,1,,1,179,0,161,0,57,0,56,0,0,57,0,0,0,0,571.049,0,277.501,0,4.533,0,7.709,0,0,0,1,1,1,1,1,1,1,1,1,1,1,1,1,1,1,1,1,1,1,1,1,0.9,0.9,0.9,0.9,0.9,0.9,0.9,0.9,0.9,0.9,0.9,0.8,,,848.55,5.237,0,0,0,1,1,1,1,0.81,0.7,0.58,0.42,0.37,0.3,0.28,0.26,0.23,0.21,0.19,0.18,0.18,0.18,0.18,0.18,0.18,0.16,0.16,0.16,0.16,0.16,0.16,0.16,0.16,0.16,0.16,0.16,0.14,0.14,0.11,0.09,0.07,,,,,0.8,0.6,0.5,0.4,,,,,,,,,,,,,,,,,,,,,,,,,,,,,,,,,,,,,,,,,,,,,,,,,,,,,,,,,,,,,,,,,,,,,,,,,,,,,,,,,,,,,,,,,,,,,,,,,,,,,,,,,,,,,,,,,,,,,,,,,,,,,,,,,,,,,,,,,,,,,,,,,,,,,,,,,,,,,,,,,,,,,,,
1302866898621084,100066933574280,"Wakabi - Le guide des bons coins","Une soirée d’élégance au service d’une belle cause ✨

Le Gala de Charité organisé par JCI Agoè-Nyivé Pioneer a réuni des cœurs engagés autour d’un même objectif : soutenir les enfants atteints de la trisomie 21 💙

Entre moments de partage, ambiance chic et mobilisation collective, l’impact était bien réel.

Des événements comme celui-ci, on en veut plus.

#wakabi #wakabileguidedesbonscoins #wakabileguide","Une soirée d’élégance au service d’une belle cause ✨

Le Gala de Charité organisé par JCI Agoè-Nyivé Pioneer a réuni des cœurs engagés autour d’un même objectif : soutenir les enfants atteints de la trisomie 21 💙

Entre moments de partage, ambiance chic et mobilisation collective, l’impact était bien réel.

Des événements comme celui-ci, on en veut plus.

#wakabi #wakabileguidedesbonscoins #wakabileguide",120,"04/21/2026 14:34",auto,https://www.facebook.com/reel/974162235068501/,0,0,Vidéos,,,,,Global,373,375,6,6,0,0,2,,2,373,0,375,0,94,0,93,0,0,94,0,0,0,0,1003.71,0,192.544,0,3.098,0,5.067,0,0,0,1,1,1,1,1,1,1,0.89,0.78,0.78,0.44,0.33,0.22,0.22,0.11,0,0,0,0,0,0,0,0.11,0,0,0,0,0,0,0,0,0,0,,,1196.254,3.304,0,0,0,0.99,0.99,0.47,0.23,0.16,0.1,0.1,0.09,0.07,0.07,0.04,0.03,0.02,0.02,0.01,0,0,0,0,0,0,0,0.02,0.01,0,0,0,0,0,0,0,0,0,0,0,0,0,0,0,0,0,0,0,0,0,0,0,0,0,,,,,,,,,,,,,,,,,,,,,,,,,,,,,,,,,,,,,,,,,,,,,,,,,,,,,,,,,,,,,,,,,,,,,,,,,,,,,,,,,,,,,,,,,,,,,,,,,,,,,,,,,,,,,,,,,,,,,,,,,,,,,,,,,,,,,,,,,,,,,,,,,,,,,,,,,,,,,,,,,,,
1301896015384839,100066933574280,"Wakabi - Le guide des bons coins","Élégance, art et détente réunis ✨
À Porto-Novo,  @artresidencebj vous plonge dans un univers raffiné entre confort moderne, rooftop et ambiance apaisante.

L’endroit parfait pour s’évader et vivre un moment d’exception 🌆

Art Residence et bien d’autres adresses sont à découvrir sur Wakabi…
Explorez et réservez facilement vos meilleures expériences.

📍 Porto-Novo

#wakabileguide #wakabi #cotonoubenin",,0,"04/20/2026 14:09",N/A,https://www.facebook.com/wakabileguide/posts/pfbid0YUqRfpsVHXB1CdJPvew6iC9JZ4PFWCM9Pd8wepSmuCEKPJfSuB9u7LXb1EwpAoVnl,0,0,Photos,,,,,Global,236,156,4,3,0,1,9,,,236,0,156,0,0,0,0,0,0,0,0,0,0,0,0,0,0,0,0,0,0,0,0,0,,,,,,,,,,,,,,,,,,,,,,,,,,,,,,,,,,9,,,,,,,,,,,,,,,,,,,,,,,,,,,,,,,,,,,,,,,,,,,,,,,,,,,,,,,,,,,,,,,,,,,,,,,,,,,,,,,,,,,,,,,,,,,,,,,,,,,,,,,,,,,,,,,,,,,,,,,,,,,,,,,,,,,,,,,,,,,,,,,,,,,,,,,,,,,,,,,,,,,,,,,,,,,,,,,,,,,,,,,,,,,,,,,,,,,,,,,,,,,,,,,,,,,,,,,,,,
1300096485564792,100066933574280,"Wakabi - Le guide des bons coins","Ce n’était pas juste un concert… c’était un moment à part.

SUBO  SUBO – Adoration avec Luc Dario  a réuni des voix, des émotions et une atmosphère forte à l’Agora Senghor.

Une énergie unique, des instants marquants… clairement un événement qui a laissé son empreinte.

Et si tu n’y étais pas, tu peux déjà sentir l’ambiance à travers ces images. #wakap #Wakabi #wakabileguidedesbonscoins","Ce n’était pas juste un concert… c’était un moment à part.

SUBO  SUBO – Adoration avec Luc Dario  a réuni des voix, des émotions et une atmosphère forte à l’Agora Senghor.

Une énergie unique, des instants marquants… clairement un événement qui a laissé son empreinte.

Et si tu n’y étais pas, tu peux déjà sentir l’ambiance à travers ces images. #wakap #Wakabi #wakabileguidedesbonscoins",135,"04/18/2026 14:13",auto,https://www.facebook.com/reel/1279373384324563/,0,0,Vidéos,,,,,Global,926,920,17,17,0,0,5,,5,925,0,920,0,307,4,307,4,0,307,0,0,0,0,3288.684,0,544.211,0,3.874,0,12.657,0,0,0,1,1,1,1,1,0.97,0.8,0.57,0.43,0.34,0.29,0.26,0.26,0.2,0.2,0.2,0.17,0.14,0.11,0.11,0.11,0.11,0.11,0.11,0.11,0.11,0.11,0.11,0.11,0.11,0.09,0.09,0.09,,,3832.895,4.296,0,0,0,1,0.88,0.4,0.21,0.12,0.11,0.09,0.07,0.05,0.04,0.03,0.03,0.03,0.03,0.03,0.02,0.02,0.02,0.01,0.01,0.01,0.01,0.01,0.01,0.01,0.01,0.01,0.01,0.01,0.01,0.01,0.01,0.01,0.01,0.01,0.01,0,0,0,0,0,0.09,0.09,0.09,0.03,0.03,0.03,0.03,0.03,87,56,24,27,27,18,11,16,11,9,7,2,29,7,43,,18,,76,5,,1,,,,9,40,,36,9,1,2,5,8,,,,1,,2,2,2,,1,,,,2,,,,,6,1,,,,,,,,1,,,,,,,,,,,,,,,,,,,,,,,,,,,,,,,,,,,,,,,,,,,,,,,,,,,,,,,,,,,,,,,,,,,,,,,,,,,,,,,,,,,,,,,,,,,,,,,,,,,,,
1299184855655955,100066933574280,"Wakabi - Le guide des bons coins","Escapade gourmande à @nolianedakar 

Un cadre chic, une ambiance douce et une carte qui fait voyager… Noliane Caffè, c’est le spot parfait pour bruncher, travailler ou simplement savourer un bon moment entre amis, amoureux...

Entre cafés soigneusement préparés, douceurs irrésistibles et plats savoureux, chaque visite est une expérience à part entière.

Un incontournable à Dakar pour les amoureux de belles adresses.

À tester absolument lors de votre prochaine virée.

#wakabileguide #wakabi #wakabileguidedesbonscoins",,0,"04/17/2026 13:30",N/A,https://www.facebook.com/wakabileguide/posts/pfbid0k5a1kG3C3aEXmWox21qBwbh4AVT5UVHE8exSePHeYjPKErbrv1d238JmwpMrdvJul,0,0,Photos,,,,,Global,118,80,2,1,0,1,5,,2,118,0,80,0,0,0,0,0,0,0,0,0,0,0,0,0,0,0,0,0,0,0,0,0,,,,,,,,,,,,,,,,,,,,,,,,,,,,,,,,,,3,,,,,,,,,,,,,,,,,,,,,,,,,,,,,,,,,,,,,,,,,,,,,,,,,,,,,,,,,,,,,,,,,,,,,,,,,,,,,,,,,,,,,,,,,,,,,,,,,,,,,,,,,,,,,,,,,,,,,,,,,,,,,,,,,,,,,,,,,,,,,,,,,,,,,,,,,,,,,,,,,,,,,,,,,,,,,,,,,,,,,,,,,,,,,,,,,,,,,,,,,,,,,,,,,,,,,,,,,,
1298102302430877,100066933574280,"Wakabi - Le guide des bons coins","Envie de changer d’air le temps d’un week-end ?
Afriroad t’emmène à Danyi pour 2 jours entre nature, détente et activités.

📅 25 & 26 avril 2026
💰 40 000 FCFA (paiement en 2 fois possible)

Transport, repas et hébergement inclus.
Places limitées, réservation ouverte.

#Wakabi #wakabileguide #wakabileguidedesbonscoins","Envie de changer d’air le temps d’un week-end ?
Afriroad t’emmène à Danyi pour 2 jours entre nature, détente et activités.

📅 25 & 26 avril 2026
💰 40 000 FCFA (paiement en 2 fois possible)

Transport, repas et hébergement inclus.
Places limitées, réservation ouverte.

#Wakabi #wakabileguide #wakabileguidedesbonscoins",41,"04/16/2026 06:28",N/A,https://www.facebook.com/reel/1287666449998292/,0,0,Vidéos,,,,,Global,563,571,4,4,0,0,0,,,563,0,571,0,250,0,247,0,0,250,0,0,0,0,1870.806,0,256.9,0,3.705,0,9.175,0,0,0,1,1,1,1,1,1,1,1,1,1,1,1,1,1,1,1,0.94,0.71,0.65,0.65,0.59,0.59,0.59,0.53,0.47,0.47,0.47,0.47,0.47,0.47,0.47,0.47,0.47,,,2127.706,3.991,0,0,0,1,1,1,0.98,0.56,0.39,0.3,0.24,0.2,0.16,0.12,0.1,0.09,0.08,0.07,0.07,0.06,0.05,0.04,0.05,0.04,0.04,0.04,0.04,0.03,0.03,0.03,0.03,0.03,0.04,0.04,0.03,0.03,0.03,0.03,0.03,0.02,0.02,0.02,0.02,0.02,0.41,0.41,0.41,0.35,0.35,0.29,0.24,0.24,57,38,26,16,32,15,26,14,14,3,1,6,31,18,24,,6,3,27,2,,1,5,,1,7,20,,33,6,2,3,4,3,,1,,1,,,12,1,,2,1,1,5,13,,,1,,2,3,,,1,,,,,3,,,3,,,1,,,,,,,,,,,,,,,,,,,,,,,,,,,,,,,,,,,2,,,,,,,,1,,,,,,,,,,,,,,,,,,,,,,,,,,,,,,,,,,,,,,,,,,,,,,,,,,,,
1297472755827165,100066933574280,"Wakabi - Le guide des bons coins","Envie de déconnecter et de faire le plein d’adrénaline ?

​Rejoignez-nous les 25 et 26 avril pour un voyage inoubliable sur les hauteurs de Danyi (Golden Eye). Entre nature sauvage, cascades rafraîchissantes et soirées au coin du feu, c’est l’évasion dont vous avez besoin !

#wakabi #wakabileguide #wakabileguidedesbonscoins",,0,"04/15/2026 12:05",N/A,https://www.facebook.com/wakabileguide/posts/pfbid02cXCXhXdg8zAb6LFdkRdVriqFRChUtZ4AxK1ygNsNmhUEjv8nhCDubW4AYGwk7H73l,0,0,Photos,,,,,Global,145,97,2,0,0,2,3,,,145,0,97,0,0,0,0,0,0,0,0,0,0,0,0,0,0,0,0,0,0,0,0,0,,,,,,,,,,,,,,,,,,,,,,,,,,,,,,,,,,3,,,,,,,,,,,,,,,,,,,,,,,,,,,,,,,,,,,,,,,,,,,,,,,,,,,,,,,,,,,,,,,,,,,,,,,,,,,,,,,,,,,,,,,,,,,,,,,,,,,,,,,,,,,,,,,,,,,,,,,,,,,,,,,,,,,,,,,,,,,,,,,,,,,,,,,,,,,,,,,,,,,,,,,,,,,,,,,,,,,,,,,,,,,,,,,,,,,,,,,,,,,,,,,,,,,,,,,,,,
1296638649243909,100066933574280,"Wakabi - Le guide des bons coins","Envie de vous détendre à Ouidah ? Il existe un endroit où le temps ralentit...
Bienvenue à Casa del Papa Resort ! 

Ici, chaque détail invite à la déconnexion : le bruit apaisant des vagues, le sable chaud sous les pieds, et cette sensation rare d’être exactement là où il faut être.

Que ce soit pour un week-end d’évasion, un moment en amoureux ou simplement pour respirer autrement, @casadelpaparesortspa offre bien plus qu’un séjour…

Et si votre prochaine destination était celle-ci ?

#wakabi #wakabileguide #wakabileguidedesbonscoins",,0,"04/14/2026 14:17",N/A,https://www.facebook.com/wakabileguide/posts/pfbid09biNPmh7uFpvHPSnJtL8VNdtDxuxqpfGESPLg8PY9BgncgELDpsLDS92xuWoAr9Al,0,0,Photos,,,,,Global,175,111,5,4,0,1,11,,4,175,0,111,0,0,0,0,0,0,0,0,0,0,0,0,0,0,0,0,0,0,0,0,0,,,,,,,,,,,,,,,,,,,,,,,,,,,,,,,,,,7,,,,,,,,,,,,,,,,,,,,,,,,,,,,,,,,,,,,,,,,,,,,,,,,,,,,,,,,,,,,,,,,,,,,,,,,,,,,,,,,,,,,,,,,,,,,,,,,,,,,,,,,,,,,,,,,,,,,,,,,,,,,,,,,,,,,,,,,,,,,,,,,,,,,,,,,,,,,,,,,,,,,,,,,,,,,,,,,,,,,,,,,,,,,,,,,,,,,,,,,,,,,,,,,,,,,,,,,,,
1296536499254124,100066933574280,"Wakabi - Le guide des bons coins","Ce samedi, offre-toi une vraie expérience hors du commun

La cascade de Yikpa t’attend pour une aventure intense et inoubliable.
Une randonnée qui te challenge… et une récompense spectaculaire à l’arrivée.

🥾 1h30 aller / 1h30 retour
Un effort qui vaut largement le coup pour découvrir un décor exceptionnel.

🎯 Tout est déjà inclus :
✔️ Transport A/R depuis Lomé
✔️ Repas local
✔️ Accès au site

💰 30 000 FCFA seulement
📅 Samedi 18 Avril 2026

📞 Réserve maintenant : 90773825

⚠️ Places très limitées — premier arrivé, premier servi. Ne rate pas ta place.

#wakabileguide #wakabileguidedesbonscoins #wakabi","Ce samedi, offre-toi une vraie expérience hors du commun

La cascade de Yikpa t’attend pour une aventure intense et inoubliable.
Une randonnée qui te challenge… et une récompense spectaculaire à l’arrivée.

🥾 1h30 aller / 1h30 retour
Un effort qui vaut largement le coup pour découvrir un décor exceptionnel.

🎯 Tout est déjà inclus :
✔️ Transport A/R depuis Lomé
✔️ Repas local
✔️ Accès au site

💰 30 000 FCFA seulement
📅 Samedi 18 Avril 2026

📞 Réserve maintenant : 90773825

⚠️ Places très limitées — premier arrivé, premier servi. Ne rate pas ta place.

#wakabileguide #wakabileguidedesbonscoins #wakabi",34,"04/14/2026 11:21",N/A,https://www.facebook.com/reel/1963749784233295/,0,0,Vidéos,,,,,Global,492,538,5,4,0,1,1,,1,492,0,538,0,152,0,151,0,0,152,0,0,0,0,1721.443,84.946,269.949,0,4.149,9.439,6.585,0,0,0,1,1,1,1,1,1,1,1,1,1,1,1,1,1,1,1,1,0.92,0.92,0.81,0.73,0.62,0.57,0.43,0.43,0.38,0.27,0.22,0.19,0.19,0.19,0.19,0.19,,,2076.338,4.465,0,0,0,0.99,0.99,0.99,0.99,0.85,0.72,0.62,0.51,0.46,0.41,0.38,0.34,0.32,0.32,0.27,0.26,0.25,0.23,0.23,0.2,0.18,0.16,0.14,0.11,0.11,0.09,0.07,0.05,0.05,0.05,0.05,0.05,0.05,0.05,0.04,0.04,0.04,,,,,0.19,0.16,0.16,0.16,,,,,42,35,13,13,14,8,4,8,8,2,1,,33,9,10,,3,2,50,2,,,,1,,4,5,,13,3,,3,1,4,,1,,,,,,,,2,,,2,,,,,,,,,,,1,,,,,,,1,,,,,1,,,,,,,,,,,,,,,,,,,,,,,,,,,,,1,,,,,,,,,,,,,,,,,,,,,,,,,,,,,,,,,,,,,,,,,,,,,,,,,,,,,,,,,,,,,,,,
1295792765995164,100066933574280,"Wakabi - Le guide des bons coins","À la découverte d’une adresse incontournable à Abidjan…

Au cœur de la ville, @bushman.cafe offre une expérience unique mêlant authenticité, convivialité et saveurs africaines revisitées.

Retrouvez cette adresse et bien d’autres sur Wakabi : explorez, comparez et réservez facilement depuis votre téléphone.

📍 Abidjan, Côte d’Ivoire

#wakabi #wakabileguide #wakabileguidedesbonscoins",,0,"04/13/2026 13:14",N/A,https://www.facebook.com/wakabileguide/posts/pfbid02hbJUA5VePxsuTgaDod5QJE4HaxxggNHB2bhDb7PuTPwoPNmUN8GiVX1XYqnnrAYql,0,0,Photos,,,,,Global,124,80,1,0,0,1,4,,2,124,0,80,0,0,0,0,0,0,0,0,0,0,0,0,0,0,0,0,0,0,0,0,0,,,,,,,,,,,,,,,,,,,,,,,,,,,,,,,,,,2,,,,,,,,,,,,,,,,,,,,,,,,,,,,,,,,,,,,,,,,,,,,,,,,,,,,,,,,,,,,,,,,,,,,,,,,,,,,,,,,,,,,,,,,,,,,,,,,,,,,,,,,,,,,,,,,,,,,,,,,,,,,,,,,,,,,,,,,,,,,,,,,,,,,,,,,,,,,,,,,,,,,,,,,,,,,,,,,,,,,,,,,,,,,,,,,,,,,,,,,,,,,,,,,,,,,,,,,,,
1294681026106338,100066933574280,"Wakabi - Le guide des bons coins","Plus qu’un brunch, une parenthèse enchantée. 
​Le Mama’s Brunch  , c’est ce moment où l’on dépose sa casquette de « Super Maman » pour redevenir simplement « Femme ». Entre rires, larmes d’émotion et confidences croustillantes, on a célébré la sororité dans toute sa splendeur à l’ ONOMO Hotel Lomé . ​Parce qu’une maman épanouie, c’est toute une famille qui sourit.

#wakap #wakabileguide #wakabileguidedesbonscoins","Plus qu’un brunch, une parenthèse enchantée. 
​Le Mama’s Brunch  , c’est ce moment où l’on dépose sa casquette de « Super Maman » pour redevenir simplement « Femme ». Entre rires, larmes d’émotion et confidences croustillantes, on a célébré la sororité dans toute sa splendeur à l’ @[100063527980673:2048:ONOMO Hotel Lomé] . ​Parce qu’une maman épanouie, c’est toute une famille qui sourit.

#wakap #wakabileguide #wakabileguidedesbonscoins",217,"04/12/2026 04:02",auto,https://www.facebook.com/reel/1487189716371737/,0,0,Vidéos,,,,,Global,602,600,4,4,0,0,2,,2,602,0,600,0,222,7,220,7,0,222,0,0,0,0,3012.856,0,468.378,0,5.653,0,10.645,0,0,0,1,1,1,0.94,0.63,0.57,0.4,0.37,0.31,0.2,0.2,0.2,0.2,0.2,0.17,0.17,0.17,0.14,0.14,0.14,0.14,0.14,0.14,0.14,0.14,0.11,0.11,0.09,0.09,0.09,0.09,0.09,0.09,,,3481.234,6.033,0,0,0,1,0.46,0.23,0.15,0.1,0.09,0.07,0.06,0.05,0.03,0.03,0.03,0.03,0.03,0.03,0.03,0.03,0.02,0.02,0.02,0.02,0.02,0.02,0.02,0.02,0.02,0.02,0.01,0.01,0.01,0.01,0.01,0.01,0.01,0.01,0.01,0.01,0.01,0.01,0.01,0.01,0.09,0.09,0.09,0.09,0.09,0.09,0.09,0.09,60,31,31,17,17,20,13,11,10,3,3,4,53,8,15,,12,4,28,1,,4,1,3,1,9,12,,24,7,,4,2,9,,,1,,,,1,,,2,,,1,4,,,,,4,2,,,,,,,,3,1,,,,,3,1,,,,,,,,,,,,,,,,,,,,,,1,,,,,,,,,,,,,,,,,,,,,,,,,,1,,,,,,,,,,,,,,,,,,,,,,,,,,,,,,,,,,,,,,,,,,,,,,
1293385392902568,100066933574280,"Wakabi - Le guide des bons coins","SOFT & LUSTY Pop Up - un rendez-vous inoubliable !
Deux jours de découvertes et de belles rencontres au Musée Paul Ahyi.
Merci à tous pour votre présence et votre soutien - vous avez rendu ces 21 & 22 mars uniques.
On repart inspirés et prêts à faire encore mieux.
@phkaccesories
#Wakabi #wakabileguide #wakabileguidedesbonscoins","SOFT & LUSTY Pop Up - un rendez-vous inoubliable !
Deux jours de découvertes et de belles rencontres au Musée Paul Ahyi.
Merci à tous pour votre présence et votre soutien - vous avez rendu ces 21 & 22 mars uniques.
On repart inspirés et prêts à faire encore mieux.
@phkaccesories
#Wakabi #wakabileguide #wakabileguidedesbonscoins",53,"04/10/2026 12:58",N/A,https://www.facebook.com/reel/822114213705841/,0,0,Vidéos,,,,,Global,394,391,6,6,0,0,1,,1,394,0,391,0,112,0,112,0,0,112,0,0,0,0,1441.392,0,381.443,0,4.395,0,9.537,0,0,0,1,1,1,1,1,1,1,1,1,1,1,1,0.81,0.75,0.69,0.69,0.63,0.56,0.56,0.56,0.56,0.56,0.56,0.56,0.56,0.56,0.5,0.5,0.5,0.5,0.5,0.5,0.5,,,1822.835,4.953,0,0,0,1,1,1,0.82,0.58,0.44,0.38,0.32,0.24,0.21,0.19,0.16,0.12,0.11,0.1,0.1,0.09,0.08,0.08,0.08,0.08,0.08,0.08,0.08,0.08,0.08,0.07,0.07,0.07,0.07,0.07,0.07,0.07,0.07,0.07,0.05,0.05,0.05,0.05,0.04,0.04,0.5,0.5,0.38,0.38,0.38,0.38,0.31,0.31,17,10,25,4,3,16,5,11,2,7,4,2,28,3,6,,1,,20,1,,,,,,3,15,,16,,,1,2,7,,,,,,,,,,,1,1,1,2,,,,,1,,,,,1,,,1,1,,,,,,,,,,,,,,,,,,,,,,,,,,,,,,,,,,,,,,,,,,,,,,,,,,,,,,,,,,,,,,,,,,,,,,,,,,,,,,,,,,,,,,,,,,,,,,,,,,,,,
1293334076241033,100066933574280,"Wakabi - Le guide des bons coins","Élégance, confort et vue imprenable ✨
Situé au cœur de Lomé, @cikagoldenhotel CIKA Golden Hotel & Suites vous accueille dans un cadre raffiné où détente et standing se rencontrent.

Entre espaces élégants, ambiance apaisante et prestations de qualité, c’est l’adresse idéale pour s’évader… sans quitter la ville 

CIKA Golden Hotel & Suites ainsi que plein d’autres adresses sont disponibles sur Wakabi…
Explorez, comparez et découvrez facilement les meilleurs lieux depuis votre téléphone.

Avec Wakabi, vivez des expériences uniques en toute simplicité 

📍 Lomé

#wakabi #wakabileguide #wakabileguidedesbonscoins",,0,"04/10/2026 11:21",N/A,https://www.facebook.com/wakabileguide/posts/pfbid0vAHDr7FShBQekyTJMYFRS4FrJY77D7tJ3Kd2K6SJd4TqV1aCv2TAjZGHCGpFfhhxl,0,0,Photos,,,,,Global,78,55,1,1,0,0,4,,1,78,0,55,0,0,0,0,0,0,0,0,0,0,0,0,0,0,0,0,0,0,0,0,0,,,,,,,,,,,,,,,,,,,,,,,,,,,,,,,,,,3,,,,,,,,,,,,,,,,,,,,,,,,,,,,,,,,,,,,,,,,,,,,,,,,,,,,,,,,,,,,,,,,,,,,,,,,,,,,,,,,,,,,,,,,,,,,,,,,,,,,,,,,,,,,,,,,,,,,,,,,,,,,,,,,,,,,,,,,,,,,,,,,,,,,,,,,,,,,,,,,,,,,,,,,,,,,,,,,,,,,,,,,,,,,,,,,,,,,,,,,,,,,,,,,,,,,,,,,,,
1292656279642146,100066933574280,"Wakabi - Le guide des bons coins","À la découverte d’un spot incontournable à Agbodrafo : @aurum_carliksquadgame ✨
Entre quad, jacuzzi, restaurant, jeux et pergolas, tout est réuni pour se détendre et profiter face à l’océan 
Et à la tombée de la nuit, laissez-vous emporter par l’ambiance Beach By Night 🔥

Aurum Beach Club ainsi que plein d’autres lieux sont disponibles sur Wakabi…
Explorez, comparez et découvrez facilement les meilleures adresses depuis votre téléphone.

Avec Wakabi, vivez les meilleures expériences

#wakabileguide #wakabi #wakabileguidedesbonscoins",,0,"04/09/2026 13:57",N/A,https://www.facebook.com/wakabileguide/posts/pfbid02BDdi8qs8sGNsqfn9RXwpmPnzM7bVseaSFaWQdEAVGXBkBkwdf6ZSh4s5n4fEjh98l,0,0,Photos,,,,,Global,237,146,9,8,0,1,18,,4,237,0,146,0,0,0,0,0,0,0,0,0,0,0,0,0,0,0,0,0,0,0,0,0,,,,,,,,,,,,,,,,,,,,,,,,,,,,,,,,,,14,,,,,,,,,,,,,,,,,,,,,,,,,,,,,,,,,,,,,,,,,,,,,,,,,,,,,,,,,,,,,,,,,,,,,,,,,,,,,,,,,,,,,,,,,,,,,,,,,,,,,,,,,,,,,,,,,,,,,,,,,,,,,,,,,,,,,,,,,,,,,,,,,,,,,,,,,,,,,,,,,,,,,,,,,,,,,,,,,,,,,,,,,,,,,,,,,,,,,,,,,,,,,,,,,,,,,,,,,,
1291489466425494,100066933574280,"Wakabi - Le guide des bons coins","+500 téléchargements… et ce n’est que le début.

Merci à tous pour la confiance.
Chaque téléchargement nous rapproche un peu plus de notre objectif : vous aider à découvrir les meilleurs bons plans et adresses autour de vous.

Wakabi, c’est votre guide au quotidien.

Téléchargez l’application et faites partie de l’aventure.

#wakabileguide #wakabileguidedesbonscoins #wakabi",,0,"04/08/2026 03:52",N/A,https://www.facebook.com/wakabileguide/posts/pfbid0FAKZCTBNJWvk2kDZ1cR9BPQjkkNMEeMaZ4FCLEZM54FXdMLbS1Bc9GwddLq4k8pTl,0,0,Photos,,,,,Global,256,164,9,5,0,4,1,,1,256,0,164,0,0,0,0,0,0,0,0,0,0,0,0,0,0,0,0,0,0,0,0,0,,,,,,,,,,,,,,,,,,,,,,,,,,,,,,,,,,,,,,,,,,,,,,,,,,,,,,,,,,,,,,,,,,,,,,,,,,,,,,,,,,,,,,,,,,,,,,,,,,,,,,,,,,,,,,,,,,,,,,,,,,,,,,,,,,,,,,,,,,,,,,,,,,,,,,,,,,,,,,,,,,,,,,,,,,,,,,,,,,,,,,,,,,,,,,,,,,,,,,,,,,,,,,,,,,,,,,,,,,,,,,,,,,,,,,,,,,,,,,,,,,,,,,,,,,,,
1289444489963325,100066933574280,"Wakabi - Le guide des bons coins","On a pas du tout respecté Michael dans ce episode😂😂😂😂 Merci à Delight Of Babi pour ses plats succulents. Restez branché à Wakabi pour être connaître tout les meilleurs coins de Lomé !!!
@deliscoops
#wakabionvaoula #wakabileguidedesbonscoins #wakabileguide","On a pas du tout respecté Michael dans ce episode😂😂😂😂 Merci à @[100063908480238:2048:Delight Of Babi] pour ses plats succulents. Restez branché à Wakabi pour être connaître tout les meilleurs coins de Lomé !!!
@deliscoops
#wakabionvaoula #wakabileguidedesbonscoins #wakabileguide",190,"04/05/2026 14:34",auto,https://www.facebook.com/reel/1454049778909861/,0,0,Vidéos,,,,,Global,1106,1096,27,26,1,0,29,,29,1106,0,1096,0,651,117,634,117,0,651,0,0,0,0,20419.286,0,3610.291,0,20.943,0,50.85,0,0,0,1,1,1,0.99,0.86,0.8,0.74,0.71,0.68,0.67,0.65,0.65,0.62,0.59,0.56,0.55,0.53,0.54,0.52,0.52,0.51,0.5,0.51,0.51,0.5,0.49,0.48,0.45,0.44,0.41,0.4,0.39,0.4,,,24029.577,22.972,0,0,0,1,0.79,0.45,0.3,0.25,0.23,0.22,0.21,0.2,0.19,0.19,0.19,0.18,0.17,0.16,0.16,0.16,0.16,0.15,0.15,0.15,0.14,0.15,0.15,0.15,0.14,0.14,0.13,0.13,0.12,0.12,0.11,0.12,0.12,0.12,0.11,0.11,0.11,0.11,0.07,0.03,0.4,0.39,0.39,0.38,0.38,0.37,0.24,0.1,200,87,93,81,34,50,21,40,8,17,12,3,311,31,28,,25,10,74,9,,10,1,2,1,10,23,,41,12,7,4,4,10,,5,1,1,,,,,1,6,,1,5,1,,,,1,3,,1,,,1,2,,,1,,,,,,1,1,1,,,,,,,,,,,,,,,,,,,,1,,,,,,,,,1,,,1,,,,,,,,,,,,,,,,,2,,,,,,,,,,,,,,,,,,,,,,,,,,,,,,,,,,,,,,,,,,,,
1287345333506574,100066933574280,"Wakabi - Le guide des bons coins","Préparez vos mouchoirs (de joie) et vos meilleures cordes vocales !
Plus qu’un concert, c’est une véritable déconnexion qu’on vous prépare. Si tu veux élever ton cœur et recharger tes batteries spirituelles, le rendez-vous est pris ! 
On vous promet une ambiance de feu, des larmes de gratitude et peut-être même quelques pas de danse improvisés (on ne jugera personne, promis !).
#wakabi
#wakabileguide","Préparez vos mouchoirs (de joie) et vos meilleures cordes vocales !
Plus qu’un concert, c’est une véritable déconnexion qu’on vous prépare. Si tu veux élever ton cœur et recharger tes batteries spirituelles, le rendez-vous est pris ! 
On vous promet une ambiance de feu, des larmes de gratitude et peut-être même quelques pas de danse improvisés (on ne jugera personne, promis !).
#wakabi
#wakabileguide",72,"04/03/2026 04:42",N/A,https://www.facebook.com/reel/989351143622665/,0,0,Vidéos,,,,,Global,3016,2904,13,13,0,0,23,,10,309,2793,485,2584,1721,48,1601,46,1642,79,0,0,0,0,718.98,0,100.528,26293.909,2.714,0,3.243,9.513,0,0,1,1,1,1,1,1,1,1,1,0.27,0.24,0.22,0.19,0.17,0.16,0.14,0.14,0.13,0.12,0.12,0.11,0.11,0.11,0.1,0.09,0.09,0.09,0.08,0.07,0.07,0.07,0.07,0.07,,13,27113.417,8.86,0,0,0,0.89,0.9,0.85,0.78,0.66,0.6,0.54,0.52,0.49,0.13,0.11,0.1,0.09,0.08,0.08,0.07,0.06,0.06,0.06,0.06,0.05,0.05,0.05,0.05,0.04,0.04,0.04,0.04,0.04,0.04,0.03,0.03,0.03,0.03,0.03,0.03,0.03,0.03,0.03,0.02,0.02,0.06,0.06,0.06,0.06,0.06,0.05,0.05,0.04,269,350,123,78,263,147,100,52,125,98,53,57,1657,2,4,,2,1,8,,,2,,,,3,3,,30,2,,,2,,,,,,,,,,,,1,,,,,,,,,,,,,1,1,,,,,,,,,2,,,,,,,,,,,,,,,,,,,,,,,,,,,,,,,,,,,,,,,,,,,,,,,,,,,,,,,,,,,,,,,,,,,,,,,,,,,,,,,,,,,,,,,,,,,,,,,
1285853113655796,100066933574280,"Wakabi - Le guide des bons coins","Le Togo comme tu ne l’as jamais vu, c’est au Festival ÉRITAJ !
​Du 31 mars au 5 avril, rendez-vous à Togo 2000 pour célébrer notre patrimoine, notre culture et nos racines. Tu attends quoi pour rejoindre la fête ? 
​ Toutes les infos, le programme complet et les meilleurs plans sont sur l’appli Wakabi

#Wakabi
#wakabileguidedesbonscoins
#eritaj","Le Togo comme tu ne l’as jamais vu, c’est au Festival ÉRITAJ !
​Du 31 mars au 5 avril, rendez-vous à Togo 2000 pour célébrer notre patrimoine, notre culture et nos racines. Tu attends quoi pour rejoindre la fête ? 
​ Toutes les infos, le programme complet et les meilleurs plans sont sur l’appli Wakabi

#Wakabi
#wakabileguidedesbonscoins
#eritaj",32,"04/01/2026 09:35",N/A,https://www.facebook.com/reel/1227487272498915/,0,0,Vidéos,,,,,Global,409,408,7,7,0,0,3,,3,409,0,408,0,136,0,134,0,0,136,0,0,0,0,1210.346,0,256.05,0,3.459,0,7.113,0,0,0,1,1,1,1,1,1,1,1,1,1,1,1,1,1,1,1,0.92,0.92,0.83,0.75,0.75,0.75,0.75,0.75,0.75,0.75,0.75,0.67,0.67,0.67,0.58,0.5,0.42,,,1466.396,3.798,0,0,0,1,1,1,1,0.72,0.51,0.4,0.33,0.24,0.22,0.18,0.14,0.13,0.12,0.11,0.1,0.08,0.08,0.07,0.07,0.07,0.07,0.07,0.07,0.07,0.07,0.07,0.06,0.06,0.06,0.05,0.04,0.04,,,,,,,,,,,,,,,,,43,21,11,10,12,12,4,7,4,4,2,4,37,6,12,,4,1,38,1,,,1,1,,3,3,,7,4,2,2,3,1,,1,,1,,,1,,,2,,,,,,,,1,2,,,,,,,,,,,,1,,,,1,,,,,,,,,,,,,,,,,,,,,,,,,,,,,,,,,,,,,,,,,,,,,,,,,,,,,,,,,,,,,,,,,,,,,,,,,,,,,,,,,,,,,,,,,,,,,,
1284328980474876,100066933574280,"Wakabi - Le guide des bons coins","La Vie en Rosé – Édition III
Une soirée remplie de vibes, de rosé et de beaux moments partagés.

Entre ambiance chaleureuse, rires et rencontres… vous avez rendu cette édition mémorable.

Tous ceux qui ont raté, la prochaine sera encore plus folle… restez connectés 😉

#wakabileguidedesbonscoins #wakabileguide #wakap","La Vie en Rosé – Édition III
Une soirée remplie de vibes, de rosé et de beaux moments partagés.

Entre ambiance chaleureuse, rires et rencontres… vous avez rendu cette édition mémorable.

Tous ceux qui ont raté, la prochaine sera encore plus folle… restez connectés 😉

#wakabileguidedesbonscoins #wakabileguide #wakap",128,"03/30/2026 11:19",auto,https://www.facebook.com/reel/957291306714352/,0,0,Vidéos,,,,,Global,6848,6146,28,28,0,0,75,20,43,316,6349,1021,5860,3925,202,3648,202,3807,118,0,0,0,0,1412.613,0,695.348,64973.822,5.351,0,19.316,10.48,0,0,0.99,1,1,1,1,0.87,0.55,0.46,0.41,0.37,0.32,0.3,0.27,0.24,0.22,0.21,0.2,0.2,0.19,0.19,0.18,0.17,0.17,0.16,0.15,0.15,0.14,0.12,0.12,0.11,0.11,0.1,0.1,,12,67081.783,10.32,0,0,0,0.99,0.96,0.62,0.43,0.34,0.24,0.15,0.13,0.11,0.1,0.09,0.08,0.07,0.07,0.06,0.06,0.06,0.06,0.05,0.05,0.05,0.05,0.05,0.04,0.04,0.04,0.04,0.03,0.03,0.03,0.03,0.03,0.03,0.03,0.02,0.02,0.02,0.02,0.02,0.01,0.01,0.09,0.09,0.08,0.08,0.08,0.06,0.05,0.04,824,856,358,262,462,329,192,122,217,148,71,66,3843,14,11,,11,,,,,3,1,1,,5,8,,,6,1,,,9,,1,,,2,,1,,,1,,,,,,,1,1,,,,,,1,,,,,,1,,,,1,,,,,,,,,,,,,,,,,,,,,,2,,,,,,,,,,,,,,,,,,,,,,,,,,,,,,,,,,,,,,,,,,,,,,,,,,,,,,,,,,,,,,,,,,,,,,,,,
1246779827563125,100066933574280,"Wakabi - Le guide des bons coins","Nous aimons aussi démontrer notre amour à nos parents donc, comme c'est la saison de l'amour, nous avons visité Maya Bar Senteur pour un cadeau spécial et unique à leur offrir. On Va où prochainement ?😌
#Wakabi
#wakabileguide
#maya bar 
#senteur","Nous aimons aussi démontrer notre amour à nos parents donc, comme c'est la saison de l'amour, nous avons visité Maya Bar Senteur pour un cadeau spécial et unique à leur offrir. On Va où prochainement ?😌
#Wakabi
#wakabileguide
#maya bar 
#senteur",209,"02/14/2026 09:10",N/A,https://www.facebook.com/reel/2376917586093685/,0,0,Vidéos,,,,,Global,113,86,10,10,0,0,1,,1,113,0,86,0,47,21,47,21,0,47,0,0,0,0,3031.766,0,1457.295,0,52.272,0,38.35,0,0,0,1,1,1,0.94,0.88,0.85,0.85,0.82,0.79,0.76,0.67,0.64,0.67,0.7,0.67,0.64,0.61,0.64,0.64,0.58,0.55,0.58,0.52,0.52,0.52,0.55,0.55,0.52,0.52,0.52,0.52,0.52,0.52,,,4489.061,46.761,0,0,0,1,0.89,0.74,0.66,0.62,0.6,0.6,0.57,0.55,0.53,0.47,0.45,0.47,0.49,0.47,0.45,0.43,0.45,0.45,0.4,0.38,0.4,0.36,0.36,0.36,0.38,0.38,0.36,0.36,0.36,0.36,0.36,0.36,0.36,0.36,0.36,0.34,0.34,0.34,0.3,0.04,0.52,0.52,0.52,0.48,0.48,0.48,0.42,0.06,,,,,,,,,,,,,,,,,,,,,,,,,,,,,,,,,,,,,,,,,,,,,,,,,,,,,,,,,,,,,,,,,,,,,,,,,,,,,,,,,,,,,,,
1249397340634707,100066933574280,"Wakabi - Le guide des bons coins","Des tambours puissants,une énergie incroyable, un public engagé et des émotions vraies, la soirée a marqué les esprits.
Merci à tous ceux qui ont répondu présent, Ce n’était pas juste un événement, c’était une véritable expérience. Revivez les meilleurs moments 
#SortieDeRésidence #Féfézik #AtaviG #CultureEnMouvement
#Wakabi
#wakabileguide","Des tambours puissants,une énergie incroyable, un public engagé et des émotions vraies, la soirée a marqué les esprits.
Merci à tous ceux qui ont répondu présent, Ce n’était pas juste un événement, c’était une véritable expérience. Revivez les meilleurs moments 
#SortieDeRésidence #Féfézik #AtaviG #CultureEnMouvement
#Wakabi
#wakabileguide",100,"02/17/2026 09:31",uploaded,https://www.facebook.com/reel/26926711386916553/,0,0,Vidéos,,,,,Global,137,128,5,5,0,0,3,,3,137,0,128,0,44,2,44,2,0,44,0,0,0,0,431.962,0,435.375,0,4.235,0,16.746,0,0,0,1,1,1,1,1,1,1,1,0.8,0.73,0.73,0.73,0.6,0.53,0.4,0.4,0.33,0.27,0.2,0.2,0.13,0.13,0.13,0.13,0.2,0.13,0.13,0.13,0.13,0.13,0.13,0.07,0.07,,,867.337,6.776,0,0,0,0.98,1,0.66,0.5,0.43,0.41,0.36,0.34,0.27,0.25,0.25,0.25,0.2,0.18,0.14,0.14,0.11,0.09,0.07,0.07,0.05,0.05,0.05,0.05,0.07,0.05,0.05,0.05,0.05,0.05,0.05,0.02,0.02,0.02,0.02,0.02,0.02,0,0,0,0,0.07,0.07,0.07,0.07,0,0,0,0,,,,,,,,,,,,,,,,,,,,,,,,,,,,,,,,,,,,,,,,,,,,,,,,,,,,,,,,,,,,,,,,,,,,,,,,,,,,,,,,,,,,,,,
1249879027253205,100066933574280,"Wakabi - Le guide des bons coins",,,0,"02/18/2026 00:22",N/A,https://www.facebook.com/wakabileguide/posts/pfbid0358tFeEp2e3E1yJJ1wNDkt8ixJWfpzQLry9SZX1x7tGDrddzivYn2NihDhC1eC76Sl,0,1,Photos,,,,,Global,65,36,0,0,0,0,0,,,65,0,36,0,0,0,0,0,0,0,0,0,0,0,0,0,0,0,0,0,0,0,0,0,,,,,,,,,,,,,,,,,,,,,,,,,,,,,,,,,,,,,,,,,,,,,,,,,,,,,,,,,,,,,,,,,,,,,,,,,,,,,,,,,,,,,,,,,,,,,,,,,,,,,,,,,,,,,,,,,,,,,,,,,,,,,,,,,,,,,,,,,,,,,,,,,,,,,,,,,,,,,,,,,,,,,,,,,,,,,,,,
1250057840568657,100066933574280,"Wakabi - Le guide des bons coins","SANS FILTRE , on pose des questions fun… et les réponses sont 100% honnêtes ! 🔥
Personne ne s’est retenu !
Tu es d’accord avec eux ? 👀
Dis-nous en commentaire !
#SansFiltre
#Wakabi #Wakabileguide
#Explorewithwakabi","SANS FILTRE , on pose des questions fun… et les réponses sont 100% honnêtes ! 🔥
Personne ne s’est retenu !
Tu es d’accord avec eux ? 👀
Dis-nous en commentaire !
#SansFiltre
#Wakabi #Wakabileguide
#Explorewithwakabi",58,"02/18/2026 05:22",uploaded,https://www.facebook.com/reel/937785022266920/,0,0,Vidéos,,,,,Global,225,126,9,8,0,1,10,,10,225,0,126,0,123,0,116,0,0,123,0,0,0,0,746.295,1550.419,544.692,0,12.868,15.053,12.668,0,0,0,1,1,1,1,1,1,1,1,1,1,1,0.98,0.98,0.92,0.88,0.85,0.79,0.75,0.69,0.69,0.67,0.6,0.6,0.58,0.56,0.56,0.54,0.54,0.5,0.5,0.48,0.46,0.46,,,2841.406,13.928,0,0,0,0.99,0.99,0.99,0.87,0.77,0.71,0.61,0.55,0.46,0.41,0.4,0.38,0.38,0.36,0.34,0.33,0.31,0.29,0.27,0.27,0.26,0.24,0.24,0.23,0.22,0.22,0.21,0.21,0.2,0.2,0.19,0.18,0.18,0.17,0.15,0.14,0.14,0.12,0.1,0.08,0.07,0.44,0.4,0.35,0.35,0.31,0.25,0.21,0.19,42,21,30,5,3,5,6,3,3,3,1,,90,7,,,4,3,3,1,,8,,,,1,1,,1,,,,,,,,,1,,,,,,,,,1,,,1,,1,,,,,,,,,,,,,,,,,,,,,,,,,,,,,,,,,,,
1250262883881486,100066933574280,"Wakabi - Le guide des bons coins","Retour sur la 2ème projection du film sextape au palais des congrès de lomé ce 14février 2026 !!!wakabi y étais 🎉🎉@jokergroup
#wakabi le guide 
#wakabi","Retour sur la 2ème projection du film sextape au palais des congrès de lomé ce 14février 2026 !!!wakabi y étais 🎉🎉@jokergroup
#wakabi le guide 
#wakabi",200,"02/18/2026 10:24",mixed,https://www.facebook.com/reel/2431678677269829/,0,0,Vidéos,,,,,Global,71,70,4,4,0,0,0,,,70,0,70,0,26,2,26,2,0,26,0,0,0,0,333.727,0,89.785,0,8.783,0,4.082,0,0,0,1,1,1,1,0.83,0.83,0.67,0.5,0.33,0.33,0.33,0.33,0.33,0.17,0.17,0,0,0,0,0,0,0,0,0,0,0,0,0,0,0,0,0,0,,,423.512,7.058,0,0,0,1,0.62,0.35,0.23,0.19,0.19,0.15,0.12,0.08,0.08,0.08,0.08,0.08,0.04,0.04,0,0,0,0,0,0,0,0,0,0,0,0,0,0,0,0,0,0,0,0,0,0,0,0,0,0,0,0,0,0,0,0,0,0,,,,,,,,,,,,,,,,,,,,,,,,,,,,,,,,,,,,,,,,,,,,,,,,,,,,,,,,,,,,,,,,,,,,,,,,,,,,,,,,,,,,,,,
1250949293812845,100066933574280,"Wakabi - Le guide des bons coins","La projection de SEXTAPE au Palais des Congrès, c’était du lourd. Des frissons, des rires, des surprises, et une ambiance incroyable pour célébrer les amoureux.
Merci à tous ceux qui ont partagé ce moment magique avec nous. Qui était là ? 
#SextapeLeFilm #Jokergroup
#Wakabi
#wakabileguide",,0,"02/19/2026 06:55",N/A,https://www.facebook.com/wakabileguide/posts/pfbid0gZTRHUSQvHagk58VswhycmSXb8cPMkZQ1bGNnxHw1KEqYgDxnokd5zoP8WvbKbUSl,0,0,Photos,,,,,Global,166,87,3,3,0,0,9,,3,166,0,87,0,0,0,0,0,0,0,0,0,0,0,0,0,0,0,0,0,0,0,0,0,,,,,,,,,,,,,,,,,,,,,,,,,,,,,,,,,,6,,,,,,,,,,,,,,,,,,,,,,,,,,,,,,,,,,,,,,,,,,,,,,,,,,,,,,,,,,,,,,,,,,,,,,,,,,,,,,,,,,,,,,,,,,,,,,,,,,,,,,,,,,,,,,,,,,,,,,,,,,,,,,,,,,,,,,,,,,,,,,
1250988997142208,100066933574280,"Wakabi - Le guide des bons coins","Une après-midi mémorable pleine de louange, de musique et d’émotions 
Merci à tous ceux qui ont participé et ont fait vibrer le Lycée Technique Adidogomé !
Des moments forts, des artistes inspirants comme Eugène Ablodévi et une ambiance unique qui resteront gravés dans nos cœurs 
Restez connectés pour nos prochains événements, encore plus grandioses 
#Wakabi #ConcertCelebration #GraceSurGrace #RetourEnImages #Lomé #EventDuJour
#wakabi
#wakabileguide","Une après-midi mémorable pleine de louange, de musique et d’émotions 
Merci à tous ceux qui ont participé et ont fait vibrer le Lycée Technique Adidogomé !
Des moments forts, des artistes inspirants comme Eugène Ablodévi et une ambiance unique qui resteront gravés dans nos cœurs 
Restez connectés pour nos prochains événements, encore plus grandioses 
#Wakabi #ConcertCelebration #GraceSurGrace #RetourEnImages #Lomé #EventDuJour
#wakabi
#wakabileguide",148,"02/19/2026 07:52",mixed,https://www.facebook.com/reel/2068729440361744/,0,0,Vidéos,,,,,Global,2120,2104,5,5,0,0,26,,12,71,1993,465,2041,1173,37,1134,37,1151,22,0,0,0,0,167.324,0,131.012,18442.658,4.184,0,5.459,9.42,0,0,1,1,1,1,1,0.3,0.25,0.22,0.19,0.17,0.16,0.15,0.14,0.13,0.12,0.1,0.09,0.09,0.09,0.08,0.09,0.08,0.08,0.08,0.08,0.07,0.07,0.07,0.06,0.06,0.06,0.06,0.06,,14,18740.994,9.268,0,0,0,0.99,0.85,0.54,0.4,0.36,0.11,0.09,0.08,0.07,0.06,0.05,0.05,0.05,0.05,0.04,0.04,0.03,0.03,0.03,0.03,0.03,0.03,0.03,0.03,0.03,0.02,0.02,0.02,0.02,0.02,0.02,0.02,0.02,0.02,0.02,0.02,0.02,0.02,0.02,0.02,0.01,0.06,0.06,0.06,0.06,0.06,0.05,0.04,0.03,197,250,101,52,169,121,60,17,72,72,29,30,1168,1,,,1,1,,,,,,,,,,,,,,,,,,,,,,,,,,1,,,,,,,,,,,,,,1,,,,,,,,,,,,,,,,,,,,,,,,,,,,,
1251076453800129,100066933574280,"Wakabi - Le guide des bons coins","Ce mardi 17 février à la Salle Africa du CETEF Togo 2000, le ton a été donné : Discours, Rencontres stratégiques, Annonces importantes
 Vision ambitieuse pour l’automobile au Togo. Un moment institutionnel fort qui marque le début d’une grande aventure. Merci à tous les partenaires, invités et acteurs présents pour ce démarrage officiel.
Le SIAT 2026 est lancé
La suite s’annonce encore plus grande.
#Wakabi
#wakabileguide","Ce mardi 17 février à la Salle Africa du CETEF Togo 2000, le ton a été donné : Discours, Rencontres stratégiques, Annonces importantes
 Vision ambitieuse pour l’automobile au Togo. Un moment institutionnel fort qui marque le début d’une grande aventure. Merci à tous les partenaires, invités et acteurs présents pour ce démarrage officiel.
Le SIAT 2026 est lancé
La suite s’annonce encore plus grande.
#Wakabi
#wakabileguide",109,"02/19/2026 10:03",N/A,https://www.facebook.com/reel/855645024177931/,0,0,Vidéos,,,,,Global,3608,3555,9,9,0,0,53,,39,229,3335,1001,3269,2113,101,2107,101,2005,108,0,0,0,0,1427.859,0,408.992,32079.473,8.551,0,8.702,9.886,0,0,1,1,1,1,1,1,0.83,0.71,0.56,0.49,0.44,0.39,0.36,0.32,0.32,0.29,0.27,0.24,0.22,0.21,0.2,0.2,0.19,0.18,0.17,0.16,0.14,0.13,0.12,0.12,0.12,0.11,0.11,,14,33916.324,9.805,0,0,0,0.99,0.99,0.66,0.51,0.35,0.29,0.22,0.19,0.15,0.13,0.12,0.1,0.09,0.08,0.08,0.08,0.07,0.06,0.06,0.05,0.05,0.05,0.05,0.05,0.05,0.04,0.04,0.03,0.03,0.03,0.03,0.03,0.03,0.03,0.03,0.02,0.02,0.02,0.02,0.02,0.01,0.1,0.1,0.09,0.09,0.09,0.07,0.06,0.05,579,588,99,186,229,109,89,36,103,41,26,17,2104,1,1,,2,1,1,,,1,,,,,,,,1,,,,,,,,,,,,,,,,,,,,,,,,,,,,1,,,,,,,,,,,,,,,,,,,,,,,,,,,,,
1252068907034217,100066933574280,"Wakabi - Le guide des bons coins","🔥 Ce 22 février, ça va vibrer fort !

Senzaa débarque aux Afropéennes à 18h au Marché Moderne de Cacaveli 🎤✨
Afro-fusion. Énergie. Puissance féminine.

Tu seras là ou tu vas regretter ? 😉
#Wakabi
#wakabileguide","🔥 Ce 22 février, ça va vibrer fort !

Senzaa débarque aux Afropéennes à 18h au Marché Moderne de Cacaveli 🎤✨
Afro-fusion. Énergie. Puissance féminine.

Tu seras là ou tu vas regretter ? 😉
#Wakabi
#wakabileguide",63,"02/20/2026 14:33",N/A,https://www.facebook.com/reel/2171769926895552/,0,0,Vidéos,,,,,Global,2924,2823,8,8,0,0,57,,23,97,2751,662,2745,1588,56,1520,56,1548,40,0,0,0,0,376.054,0,232.747,25888.998,7.675,0,6.466,9.748,0,0,0.99,0.99,0.99,1,1,1,1,1,1,1,0.97,0.82,0.8,0.76,0.73,0.66,0.6,0.55,0.49,0.47,0.43,0.4,0.39,0.37,0.35,0.34,0.31,0.28,0.25,0.24,0.23,0.22,0.21,,34,26497.799,9.667,0,0,0,0.98,0.98,0.96,0.74,0.61,0.5,0.43,0.37,0.34,0.32,0.3,0.25,0.25,0.24,0.22,0.21,0.18,0.17,0.15,0.14,0.13,0.12,0.12,0.12,0.11,0.1,0.1,0.09,0.08,0.07,0.07,0.07,0.07,0.07,0.06,0.05,0.05,0.04,0.04,0.03,0.03,0.2,0.18,0.16,0.14,0.13,0.12,0.1,0.09,438,422,98,108,197,79,75,30,74,33,17,11,1584,,1,,,1,,,,1,,,,,,,,,,,,,,,,,,,,,,,,,,,,,,,,,,,,1,,,,,,,,,,,,,,,,,,,,,,,,,,,,,
1254271523480622,100066933574280,"Wakabi - Le guide des bons coins","Des instants exclusifs avec Kiko, du partage, du prestige et un public totalement conquis par l’evenement Blue Experience, un moment unique qui restera gravée dans les mémoires 

#Wakap #explorewhitwakabi 
#wakabi
#kikogoldenboy","Des instants exclusifs avec Kiko, du partage, du prestige et un public totalement conquis par l’evenement Blue Experience, un moment unique qui restera gravée dans les mémoires 

#Wakap #explorewhitwakabi 
#wakabi
#kikogoldenboy",215,"02/23/2026 05:59",mixed,https://www.facebook.com/reel/1830880920944441/,0,0,Vidéos,,,,,Global,5733,5229,35,35,0,0,102,15,46,186,5480,1127,4902,3035,202,2875,201,2973,62,0,0,0,0,826.081,0,309.524,65821.02,7.122,0,7.37,12.399,0,0,1,1,1,0.76,0.58,0.48,0.42,0.36,0.33,0.29,0.27,0.25,0.25,0.24,0.22,0.2,0.18,0.17,0.17,0.16,0.16,0.15,0.15,0.15,0.14,0.13,0.13,0.13,0.12,0.12,0.12,0.12,0.11,,41,66956.625,12.247,0,0,0,0.99,0.66,0.37,0.2,0.15,0.13,0.11,0.1,0.09,0.08,0.07,0.07,0.06,0.06,0.06,0.05,0.05,0.04,0.04,0.04,0.04,0.04,0.04,0.04,0.04,0.04,0.03,0.03,0.03,0.03,0.03,0.03,0.03,0.03,0.03,0.03,0.03,0.02,0.02,0.02,0.01,0.11,0.11,0.11,0.1,0.09,0.08,0.07,0.05,489,588,431,121,281,405,102,132,138,160,85,95,3026,2,,,,1,1,1,,,,,,1,,,,,1,,1,,,,,,,,,,,1,,,,,,,,,,,,,,,,,,,,,,,,,,,,,,,,,,,,,,,,,,,
1254487313459043,100066933574280,"Wakabi - Le guide des bons coins","Le 14 février à Ô Coin BBQ & Ramzy Grill, c’était du lourd 🔥
Wagyu, grillades en direct, DJ, karaoké… et surtout une ambiance incroyable !

Merci à tous pour l’énergie 
On se voit au prochain Wakap

#Wakap #GrillEvent #wakabi #GoodVibes","Le 14 février à Ô Coin BBQ & Ramzy Grill, c’était du lourd 🔥
Wagyu, grillades en direct, DJ, karaoké… et surtout une ambiance incroyable !

Merci à tous pour l’énergie 
On se voit au prochain Wakap

#Wakap #GrillEvent #wakabi #GoodVibes",139,"02/23/2026 11:25",uploaded,https://www.facebook.com/reel/889804413940983/,0,0,Vidéos,,,,,Global,131,111,8,8,0,0,5,,5,131,0,111,0,55,7,51,7,0,55,0,0,0,0,847.161,0,533.236,0,12.645,0,12.401,0,0,0,1,0.95,0.95,0.95,0.95,0.95,0.86,0.71,0.62,0.48,0.48,0.48,0.43,0.43,0.38,0.38,0.33,0.33,0.33,0.33,0.29,0.19,0.19,0.19,0.19,0.19,0.19,0.14,0.14,0.14,0.14,0.1,0.1,,,1380.397,12.549,0,0,0,1,0.87,0.62,0.44,0.36,0.36,0.33,0.27,0.24,0.18,0.18,0.18,0.16,0.16,0.15,0.15,0.13,0.13,0.13,0.13,0.11,0.07,0.07,0.07,0.07,0.07,0.07,0.05,0.05,0.05,0.05,0.04,0.04,0.04,0.04,0.04,0.04,0.04,0.04,0.02,0,0.1,0.1,0.1,0.1,0.1,0.1,0.05,0,,,,,,,,,,,,,,,,,,,,,,,,,,,,,,,,,,,,,,,,,,,,,,,,,,,,,,,,,,,,,,,,,,,,,,,,,,,,,,,,,,,,,,,
1255262376714870,100066933574280,"Wakabi - Le guide des bons coins","Retour en images de la soirée bleus expérience de Kiko Golden Boy  à l'hôtel sarakawa ce 21 février 2026.
#wakabi
#wakabileguide",,0,"02/24/2026 09:28",N/A,https://www.facebook.com/wakabileguide/posts/pfbid02NEQNAFJvuEZ6bXVuMxmmAgL8fZpaTnqT8z2nguiV4vzRrHdi5VoooXe8K3PyiTjEl,0,0,Photos,,,,,Global,12841,10531,254,250,3,1,1723,,589,1930,10911,7137,9728,0,0,0,0,0,0,0,0,0,0,0,0,0,0,0,0,0,0,0,0,,,,,,,,,,,,,,,,,,,,,,,,,,,,,,,,,,1134,,,,,,,,,,,,,,,,,,,,,,,,,,,,,,,,,,,,,,,,,,,,,,,,,,,,,,,,,,,,,,,,,,,,,,,,,,,,,,,,,,,,,,,,,,,,,,,,,,,,,,,,,,,,,,,,,,,,,,,,,,,,,,,,,,,,,,,,,,,,,,
1256086339965807,100066933574280,"Wakabi - Le guide des bons coins","Les Afropéennes ont posé leurs vibes au Togo !
Culture, créativité, énergie… on était là pour vous faire vivre ça en mode Wakap 🎥✨
Si t’as raté, regarde jusqu’à la fin 😉
#LesAfropeennes 
#Wakap
#wakabileguide","Les Afropéennes ont posé leurs vibes au Togo !
Culture, créativité, énergie… on était là pour vous faire vivre ça en mode Wakap 🎥✨
Si t’as raté, regarde jusqu’à la fin 😉
#LesAfropeennes 
#Wakap
#wakabileguide",119,"02/25/2026 08:38",mixed,https://www.facebook.com/reel/4171135613198006/,0,0,Vidéos,,,,,Global,4672,4075,27,27,0,0,127,24,85,229,4375,1043,3867,3103,227,2908,227,2989,114,0,0,0,0,1629.144,0,570.051,63080.991,9.934,0,13.257,15.081,0,0,1,1,1,1,1,1,0.8,0.65,0.55,0.5,0.45,0.4,0.37,0.33,0.31,0.29,0.27,0.24,0.23,0.22,0.21,0.18,0.17,0.17,0.17,0.16,0.15,0.14,0.14,0.13,0.12,0.11,0.11,,18,65280.186,14.87,0,0,0,0.99,0.99,0.8,0.66,0.51,0.37,0.29,0.24,0.2,0.18,0.16,0.15,0.13,0.12,0.11,0.11,0.1,0.09,0.08,0.08,0.07,0.07,0.06,0.06,0.06,0.06,0.05,0.05,0.05,0.05,0.04,0.04,0.04,0.03,0.03,0.02,0.02,0.02,0.02,0.02,0.01,0.09,0.08,0.07,0.07,0.06,0.05,0.05,0.04,765,567,368,313,244,291,107,181,100,80,52,25,3074,2,1,,1,2,1,,,2,,2,,1,1,,,1,3,,1,,,,,,,,,,,7,,,2,,,,,,,,,,,,,,,,1,1,,,,,,,,,,,,,,,,,,,,,,,
1256854733222301,100066933574280,"Wakabi - Le guide des bons coins","On sest bien régalé au @skybar avec les plats de @sea food de queen crab . On va où prochainement ? 

Abonnez-vous à Wakabi pour ne pas rater le prochain On va où là 🔥

#Wakabionvaoùla #wakabileguide #wakabi
#skybar#queencrab","On sest bien régalé au @skybar avec les plats de @sea food de queen crab . On va où prochainement ? 

Abonnez-vous à Wakabi pour ne pas rater le prochain On va où là 🔥

#Wakabionvaoùla #wakabileguide #wakabi
#skybar#queencrab",101,"02/26/2026 06:47",mixed,https://www.facebook.com/reel/1278695790799084/,0,0,Vidéos,,,,,Global,596,520,23,18,0,5,33,,33,594,0,520,0,335,92,313,91,0,335,0,0,0,0,3367.516,6319.869,2405.158,0,25.707,20.654,28.978,0,0,0,1,1,1,1,1,0.99,0.99,0.86,0.83,0.82,0.78,0.76,0.75,0.75,0.74,0.73,0.73,0.7,0.68,0.69,0.69,0.69,0.68,0.67,0.65,0.65,0.64,0.59,0.56,0.55,0.54,0.51,0.5,,,12092.543,23.254,0,0,0,0.99,0.99,0.83,0.66,0.55,0.48,0.42,0.37,0.36,0.35,0.33,0.32,0.32,0.32,0.32,0.32,0.31,0.3,0.29,0.29,0.3,0.3,0.29,0.29,0.28,0.28,0.27,0.25,0.24,0.24,0.23,0.22,0.21,0.22,0.21,0.21,0.19,0.18,0.15,0.09,0.06,0.51,0.5,0.48,0.45,0.41,0.35,0.21,0.13,135,58,45,26,9,14,19,14,3,3,7,,245,13,4,,6,8,11,4,,6,,3,,4,4,,2,5,1,,,,1,1,,,,,,,,6,,,1,,,,3,1,,,,,,1,,1,,,,1,1,,,,,,,,,,,,,1,1,,,,,,,,
1257847679789673,100066933574280,"Wakabi - Le guide des bons coins","The Georgette Cup – Football Féminin

À l’occasion de la Journée Internationale des Droits de la Femme, Battle of the Braids en collaboration avec Tina Beauty organisent un événement unique dédié au football féminin.

📅 07 mars à 09h00
📍 Alea Park
🎟️ Entrée gratuite

Unies par le sport, fortes par nos droits.

Venez soutenir, célébrer et valoriser la femme à travers le sport","The Georgette Cup – Football Féminin

À l’occasion de la Journée Internationale des Droits de la Femme, Battle of the Braids en collaboration avec Tina Beauty organisent un événement unique dédié au football féminin.

📅 07 mars à 09h00
📍 Alea Park
🎟️ Entrée gratuite

Unies par le sport, fortes par nos droits.

Venez soutenir, célébrer et valoriser la femme à travers le sport",53,"02/27/2026 10:09",uploaded,https://www.facebook.com/reel/4517895198534997/,0,0,Vidéos,,,,,Global,1852,1716,15,15,0,0,31,9,17,182,1797,488,1593,1132,0,987,0,1064,68,0,0,0,0,622.46,0,567.25,19616.297,5.818,0,10.703,11.392,0,0,1,1,1,1,1,1,1,1,1,1,1,1,0.94,0.52,0.51,0.5,0.48,0.48,0.47,0.45,0.44,0.42,0.41,0.4,0.3,0.27,0.26,0.25,0.23,0.21,0.2,0.2,0.17,,5,20806.007,11.055,0,0,0,0.87,0.87,0.88,0.78,0.78,0.7,0.64,0.61,0.57,0.55,0.52,0.51,0.47,0.26,0.26,0.25,0.24,0.24,0.23,0.23,0.22,0.21,0.21,0.2,0.15,0.14,0.13,0.13,0.11,0.11,0.1,0.1,0.09,0.08,0.08,0.07,0.05,0.05,0.03,0.03,0.01,0.17,0.16,0.15,0.11,0.09,0.07,0.06,0.03,263,223,92,81,145,99,57,57,53,42,10,9,1110,,3,,4,,,1,,,,,,,1,,,1,,,,,,,,,,,,,,10,,,1,,,,,,,,,,,1,,,,,,,,,,,,,,,,,,,,,,,,,,,,,
1257955029778938,100066933574280,"Wakabi - Le guide des bons coins","La Vie en Rose – Édition III

Une soirée placée sous le signe de l’élégance, du partage et de la douceur.

📅 06 mars 2026
🕖 19h
📍 L’Intemporel (von après ZanZibar à droite, premier corner à gauche)

🎟️ Pass :
• 10 000 FCFA (1 personne) – 1 bouteille de rosé
• 80 000 FCFA (6 personnes) – 3 bouteilles de rosé, 3 bouteilles mousseux brut, 2 pizzas

Réservation : 98 87 45 99

Une ambiance chic, du rosé, de la bonne musique et des moments inoubliables.","La Vie en Rose – Édition III

Une soirée placée sous le signe de l’élégance, du partage et de la douceur.

📅 06 mars 2026
🕖 19h
📍 L’Intemporel (von après ZanZibar à droite, premier corner à gauche)

🎟️ Pass :
• 10 000 FCFA (1 personne) – 1 bouteille de rosé
• 80 000 FCFA (6 personnes) – 3 bouteilles de rosé, 3 bouteilles mousseux brut, 2 pizzas

Réservation : 98 87 45 99

Une ambiance chic, du rosé, de la bonne musique et des moments inoubliables.",60,"02/27/2026 13:03",uploaded,https://www.facebook.com/reel/1371506904663008/,0,0,Vidéos,,,,,Global,1989,1877,6,6,0,0,23,9,10,107,1854,395,1799,657,0,657,0,627,30,0,0,0,0,240.889,0,154.493,9644.613,4.461,0,5.15,5.585,0,0,1,1,1,1,1,1,1,1,1,1,1,0.45,0.4,0.35,0.33,0.29,0.27,0.25,0.23,0.21,0.2,0.19,0.19,0.19,0.18,0.18,0.18,0.18,0.16,0.15,0.14,0.12,0.12,,4,10039.995,5.543,0,0,0,0.99,0.99,0.99,0.66,0.59,0.51,0.46,0.42,0.39,0.36,0.34,0.15,0.14,0.12,0.11,0.1,0.09,0.09,0.08,0.07,0.07,0.06,0.06,0.06,0.06,0.06,0.06,0.06,0.05,0.05,0.05,0.04,0.04,0.04,0.03,0.03,0.03,0.03,0.03,0.02,0.02,0.11,0.1,0.09,0.09,0.08,0.08,0.07,0.07,160,140,66,38,84,56,25,23,30,16,9,7,654,1,,,,,,,,,,,,,,,,1,,,,,,,,,,,,,,,,,,,,,,,,,,,,1,,,,,,,,,,,,,,,,,,,,,,,,,,,,,
1265912732316501,100066933574280,"Wakabi - Le guide des bons coins","✨ À l’occasion du 8 mars, les femmes ont troqué les talons contre les crampons !
Dans une ambiance conviviale et pleine d’énergie, elles se sont affrontées sur le terrain pour célébrer la force, l’unité et le fun au féminin ⚽💜
Un événement signé Nel Cosmics x Tina Beauty.
#Wakap
#Explorewithwakabi
#wakabileguide","✨ À l’occasion du 8 mars, les femmes ont troqué les talons contre les crampons !
Dans une ambiance conviviale et pleine d’énergie, elles se sont affrontées sur le terrain pour célébrer la force, l’unité et le fun au féminin ⚽💜
Un événement signé Nel Cosmics x Tina Beauty.
#Wakap
#Explorewithwakabi
#wakabileguide",166,"03/09/2026 11:10",mixed,https://www.facebook.com/reel/1245125564314490/,0,0,Vidéos,,,,,Global,3913,3370,64,64,0,0,154,7,110,410,3477,359,3006,2429,265,2301,263,2253,176,0,0,0,0,2357.195,0,964.452,57769.017,7.507,0,16.347,17.836,0,0,1,1,1,1,0.89,0.69,0.57,0.48,0.45,0.42,0.42,0.4,0.37,0.35,0.34,0.34,0.33,0.32,0.32,0.31,0.3,0.28,0.27,0.25,0.24,0.23,0.22,0.2,0.19,0.18,0.17,0.17,0.14,,37,61090.664,16.913,0,0,0,0.99,0.88,0.6,0.39,0.29,0.22,0.19,0.16,0.15,0.14,0.14,0.13,0.12,0.11,0.11,0.11,0.11,0.1,0.1,0.1,0.1,0.09,0.09,0.08,0.08,0.07,0.07,0.07,0.06,0.06,0.06,0.05,0.05,0.05,0.04,0.04,0.04,0.04,0.04,0.02,0.02,0.14,0.13,0.13,0.12,0.12,0.11,0.07,0.05,612,573,231,153,219,212,92,72,89,87,36,40,2335,9,9,,13,9,1,1,,4,,2,,3,19,1,,4,1,,,7,,2,,,1,,2,,,3,,,,,,,,,,,,,,,,,,,,,1,,,,1,1,,,,,,,,,,,,,,,,,
1266470988927342,100066933574280,"Wakabi - Le guide des bons coins","Et si une soirée pouvait changer ta vision de l’entrepreneuriat ?
Rendez-vous au Dîner de Gala des Hommes Entrepreneurs pour échanger, apprendre et connecter

#wakabileguide #wakabienuneminute #explorewhitwakabi","Et si une soirée pouvait changer ta vision de l’entrepreneuriat ?
Rendez-vous au Dîner de Gala des Hommes Entrepreneurs pour échanger, apprendre et connecter

#wakabileguide #wakabienuneminute #explorewhitwakabi",75,"03/10/2026 06:27",uploaded,https://www.facebook.com/reel/1458645845909002/,0,0,Vidéos,,,,,Global,1751,1599,5,5,0,0,28,11,11,122,1608,333,1493,977,24,963,24,925,52,0,0,0,0,552.247,0,373.898,13325.681,7.566,0,10.683,8.785,0,0,0.99,0.99,0.99,0.99,0.99,0.99,0.99,0.99,1,0.42,0.37,0.33,0.27,0.24,0.22,0.18,0.16,0.15,0.15,0.13,0.13,0.11,0.11,0.1,0.09,0.08,0.08,0.08,0.08,0.08,0.07,0.07,0.07,,6,14251.826,8.77,0,0,0,0.99,0.99,0.86,0.66,0.58,0.51,0.44,0.41,0.39,0.16,0.14,0.13,0.11,0.09,0.08,0.07,0.06,0.06,0.06,0.05,0.05,0.04,0.04,0.04,0.04,0.03,0.03,0.03,0.03,0.03,0.03,0.03,0.03,0.03,0.02,0.02,0.02,0.02,0.02,0.02,0.01,0.07,0.06,0.05,0.05,0.05,0.04,0.04,0.03,190,204,100,72,106,70,58,30,52,47,22,21,965,,2,,,2,1,,,1,,,,,1,,,1,,,1,,,,,,,,,,,1,,,1,,,,,,,,,,,1,,,,,,,,,,,,,,,,,,,,,,,,,,,,,
1267777932129981,100066933574280,"Wakabi - Le guide des bons coins","Une nuit d’élégance vous attend…
Le Gala Night 7e Édition arrive pour une soirée chic, festive et inoubliable organisée par Harmony Traiteur.
📍 Salle des fêtes Richman Logos – Université de Lomé
📅 14 mars 2026
🕖 19h00 GMT
🎟️ 15 000 FCFA (Solo) | 20 000 FCFA (Couple)
Costumes, tenues de soirée, ambiance glamour…
Préparez-vous pour une nuit où l’élégance rencontre la fête. ✨🥂","Une nuit d’élégance vous attend…
Le Gala Night 7e Édition arrive pour une soirée chic, festive et inoubliable organisée par Harmony Traiteur.
📍 Salle des fêtes Richman Logos – Université de Lomé
📅 14 mars 2026
🕖 19h00 GMT
🎟️ 15 000 FCFA (Solo) | 20 000 FCFA (Couple)
Costumes, tenues de soirée, ambiance glamour…
Préparez-vous pour une nuit où l’élégance rencontre la fête. ✨🥂",69,"03/12/2026 00:23",uploaded,https://www.facebook.com/reel/2711958392513262/,0,0,Vidéos,,,,,Global,1207,1127,5,5,0,0,12,6,5,129,1059,209,1021,628,16,607,16,588,40,0,0,0,0,520.801,0,231.353,11342.565,7.336,0,6.253,11.11,0,0,1,1,1,1,1,1,1,1,1,0.91,0.2,0.19,0.18,0.17,0.17,0.16,0.15,0.15,0.14,0.14,0.13,0.12,0.11,0.11,0.1,0.09,0.08,0.09,0.08,0.07,0.07,0.07,0.07,,1,12094.719,10.712,0,0,0,0.99,0.99,0.93,0.75,0.68,0.62,0.58,0.55,0.53,0.47,0.1,0.09,0.09,0.09,0.09,0.08,0.08,0.08,0.07,0.07,0.07,0.06,0.06,0.05,0.05,0.05,0.04,0.04,0.04,0.04,0.03,0.03,0.03,0.03,0.03,0.03,0.03,0.02,0.02,0.02,0.02,0.06,0.06,0.05,0.05,0.05,0.04,0.04,0.04,102,124,71,13,97,55,31,18,49,31,19,13,625,,1,,,1,,,,,,,,,,,,,,,,,,,,,,,,,,,,,,,,,,,,,,,,1,,,,,,,,,,,,,,,,,,,,,,,,,,,,,
1268193425421765,100066933574280,"Wakabi - Le guide des bons coins","Merci Kiko Golden Boy, n’hésitez pas a télécharger l’application Wakabi et à vous abonnez à tous nos réseaux pour ne rien rater !","Merci @[100075946243850:2048:Kiko Golden Boy], n’hésitez pas a télécharger l’application Wakabi et à vous abonnez à tous nos réseaux pour ne rien rater !",27,"03/12/2026 11:52",N/A,https://www.facebook.com/reel/4291266617868933/,0,0,Vidéos,,,,,Global,13093,10548,324,320,1,3,336,96,214,519,13227,2457,10119,6900,0,5680,0,6742,158,0,0,0,0,1613.213,121.013,691.758,110110.774,4.257,5.501,9.744,8.964,0,0,1,1,1,1,1,1,1,1,1,1,1,1,1,1,1,1,0.96,0.58,0.56,0.54,0.52,0.5,0.48,0.45,0.42,0.4,0.39,0.13,0.12,,,,,,26,112536.758,8.821,0,0,0,0.85,0.85,0.86,0.86,0.86,0.85,0.76,0.76,0.69,0.78,0.73,0.72,0.68,0.64,0.64,0.61,0.59,0.58,0.58,0.56,0.53,0.53,0.51,0.47,0.47,0.29,0.27,0.26,0.26,0.25,0.24,0.24,0.24,0.22,0.21,0.21,0.2,0.19,0.19,0.07,0.06,,,,,,,,,1995,1219,601,968,511,396,224,265,253,242,84,100,6811,8,4,,6,4,15,3,,,1,1,,6,9,,14,4,,2,2,,,2,,,,,,,,2,,,,2,,1,,,,,,,,,1,1,,1,,,,,,,,,,,,,,,,,,,,,,,,,
1270628308511610,100066933574280,"Wakabi - Le guide des bons coins","Merci @Black manu  , n’hésitez pas a télécharger l’application Wakabi et à vous abonnez à tous nos réseaux pour ne rien rater !","Merci @Black manu  , n’hésitez pas a télécharger l’application Wakabi et à vous abonnez à tous nos réseaux pour ne rien rater !",27,"03/15/2026 13:44",N/A,https://www.facebook.com/reel/1450858006517946/,0,0,Vidéos,,,,,Global,646,599,16,15,0,1,0,,,646,0,599,0,218,0,215,0,0,218,0,0,0,0,2225.472,21.22,275.799,0,4.207,2.358,4.675,0,0,0,1,1,1,1,1,1,1,1,1,1,1,1,1,1,1,1,1,0.88,0.81,0.78,0.72,0.59,0.53,0.5,0.44,0.41,0.34,0.28,0.25,,,,,,,2522.491,4.225,0,0,0,1,1,1,1,0.72,0.57,0.49,0.45,0.37,0.32,0.3,0.26,0.22,0.22,0.21,0.17,0.15,0.13,0.12,0.11,0.11,0.09,0.08,0.07,0.06,0.06,0.05,0.04,0.04,,,,,,,,,,,,,,,,,,,,,97,36,12,40,10,5,7,5,2,2,,,55,10,13,,15,2,62,2,,3,2,,,3,14,,9,1,1,1,,13,,,,,,,,,,1,,,2,,,,1,,,2,,,,1,,1,1,,,,1,,,2,,,,,,,,,,,,,,,,,,,
1271360171771757,100066933574280,"Wakabi - Le guide des bons coins","Découvrir, sortir, explorer… n’a jamais été aussi simple.
Avec Wakabi, le guide des bons plans, retrouve les meilleurs restaurants, sorties, lieux et expériences autour de toi.
Ne cherche plus longtemps où aller… Wakabi te montre le chemin. ✨
📲 Télécharge l’application et découvre les bons plans autrement.
#wakabi
#wakabileguide","Découvrir, sortir, explorer… n’a jamais été aussi simple.
Avec Wakabi, le guide des bons plans, retrouve les meilleurs restaurants, sorties, lieux et expériences autour de toi.
Ne cherche plus longtemps où aller… Wakabi te montre le chemin. ✨
📲 Télécharge l’application et découvre les bons plans autrement.
#wakabi
#wakabileguide",22,"03/16/2026 11:16",N/A,https://www.facebook.com/reel/1459867058924731/,0,0,Vidéos,,,,,Global,416,379,5,5,0,0,0,,,416,0,379,0,169,0,166,0,0,169,0,0,0,0,1572.427,0,432.252,0,4.93,0,6.972,0,0,0,1,1,1,1,1,1,1,1,1,1,1,1,1,1,1,1,1,1,0.98,0.93,0.76,0.64,0.42,0.31,0.24,,,,,,,,,,,2004.679,5.261,0,0,0,1,1,1,1,0.92,0.78,0.67,0.56,0.43,0.41,0.38,0.37,0.33,0.31,0.3,0.28,0.27,0.27,0.26,0.25,0.2,0.17,0.11,0.08,0.07,,,,,,,,,,,,,,,,,,,,,,,,,68,23,8,20,6,12,11,12,2,4,1,,53,7,13,,11,,17,7,,1,,,,6,14,2,15,2,2,3,,2,,,,1,,1,,1,,1,,,2,2,,,,,1,1,,,,1,,,,,,,1,,,,,,,,,,,1,1,,,,,,,,,,
1275095724731535,100066933574280,"Wakabi - Le guide des bons coins","Plongez dans l’univers captivant de Mawu-Sika, le nouveau film de Steven Af  , et vivez une expérience cinématographique unique aux côtés d’un casting exceptionnel.

🌟 Avant-première tapis rouge (VIP)
📅 21 mars 2026
🕖 19h00
📍 Hôtel 2 Février
🎟 20 000 F / 50 000 F

🎥 Projection officielle
📅 28 mars 2026
🕖 19h00
📍 Grand Rex
🎟 10 000 F / 15 000 F

Venez découvrir une histoire forte, riche en émotions et en culture, portée par des talents remarquables. 🔥

📞 Réservation : 97 22 17 17 / 92 13 18 18

Places limitées ! Ne manquez pas cet événement incontournable du cinéma 🎞✨",,0,"03/20/2026 14:07",N/A,https://www.facebook.com/wakabileguide/posts/pfbid02E8N2ZxvwCXc6NYuJESq7Fe8AsSbmA36HfTzy4usWX8V3RxtNhHYsxJ4UbUZoK6Yrl,0,0,Photos,,,,,Global,126,65,0,0,0,0,2,1,,126,0,65,0,0,0,0,0,0,0,0,0,0,0,0,0,0,0,0,0,0,0,0,0,,,,,,,,,,,,,,,,,,,,,,,,,,,,,,,,,,1,,,,,,,,,,,,,,,,,,,,,,,,,,,,,,,,,,,,,,,,,,,,,,,,,,,,,,,,,,,,,,,,,,,,,,,,,,,,,,,,,,,,,,,,,,,,,,,,,,,,,,,,,,,,,,,,,,,,,,,,,,,,,,,,,,,,,,,,,,,,,,
1275098028064638,100066933574280,"Wakabi - Le guide des bons coins","Rejoignez-nous le 21 mars 2026 à Open Box (Agbalépédogan) pour une soirée d’exception placée sous le signe de l’élégance, du partage et de la solidarité. 💙

Ce gala est organisé pour soutenir les enfants atteints de la trisomie 21. Votre présence est bien plus qu’une participation : c’est un acte de cœur qui contribue à transformer des vies.

👗 Dress code : Chic & Glamour
🎟 Tarifs : Standard 10 000 FCFA | VIP 20 000 FCFA | VVIP 30 000 FCFA

📞 Infos & réservations : 93 56 89 36 / 92 73 04 69

Places limitées ! Réservez dès maintenant et soyez des nôtres pour faire la différence.",,0,"03/20/2026 14:11",N/A,https://www.facebook.com/wakabileguide/posts/pfbid029Cn9yDwPMCuE8fZTSK5uhjB9AbbP6iPa9A8zUuRyYcXZFj6CEnioha5pAZLjTVd5l,0,0,Photos,,,,,Global,2564,2144,30,30,0,0,33,1,12,141,2423,1290,2099,0,0,0,0,0,0,0,0,0,0,0,0,0,0,0,0,0,0,0,0,,,,,,,,,,,,,,,,,,,,,,,,,,,,,,,,,,20,,,,,,,,,,,,,,,,,,,,,,,,,,,,,,,,,,,,,,,,,,,,,,,,,,,,,,,,,,,,,,,,,,,,,,,,,,,,,,,,,,,,,,,,,,,,,,,,,,,,,,,,,,,,,,,,,,,,,,,,,,,,,,,,,,,,,,,,,,,,,,
1275908821316892,100066933574280,"Wakabi - Le guide des bons coins","Si tu cherches un endroit cosy pour te poser, travailler ou juste chiller, la fondation est clairement un spot à connaître 👀

Située à Nyékonakpoé , c’est un espace dédié au cinéma, à l’art et à la culture africaine. Un lieu qui mélange créativité, inspiration et découverte.

Derrière ce projet, Julio Teko et Dona BAGNA, dans la continuité de leur travail avec TELIO PROD, avec une mission claire : préserver notre mémoire visuelle, former les talents de demain
#explorewhitwakabi #wakabileguide","Si tu cherches un endroit cosy pour te poser, travailler ou juste chiller, la fondation est clairement un spot à connaître 👀

Située à Nyékonakpoé , c’est un espace dédié au cinéma, à l’art et à la culture africaine. Un lieu qui mélange créativité, inspiration et découverte.

Derrière ce projet, Julio Teko et Dona BAGNA, dans la continuité de leur travail avec @[100064003124290:2048:TELIO PROD], avec une mission claire : préserver notre mémoire visuelle, former les talents de demain
#explorewhitwakabi #wakabileguide",283,"03/21/2026 09:05",auto,https://www.facebook.com/reel/1558802305211037/,0,0,Vidéos,,,,,Global,1125,972,49,41,2,6,27,,27,1121,0,972,0,490,79,451,79,0,490,0,0,0,0,7619.938,9435.33,1596.617,0,14.19,23.24,19.008,0,0,0,0.99,0.99,1,0.79,0.67,0.62,0.53,0.45,0.43,0.39,0.36,0.34,0.32,0.3,0.31,0.3,0.29,0.27,0.27,0.27,0.24,0.23,0.21,0.17,0.16,0.17,0.17,0.17,0.16,0.15,0.15,0.14,0.14,,,18651.885,18.161,0,0,0,1,0.57,0.39,0.3,0.25,0.23,0.2,0.17,0.16,0.14,0.13,0.13,0.12,0.11,0.11,0.11,0.11,0.1,0.1,0.1,0.09,0.09,0.08,0.07,0.06,0.06,0.07,0.06,0.06,0.06,0.06,0.05,0.05,0.05,0.05,0.04,0.04,0.03,0.03,0.02,0.01,0.14,0.13,0.12,0.1,0.09,0.08,0.05,0.02,159,113,50,37,32,27,22,16,8,6,6,7,303,31,10,,13,7,32,19,,6,,3,,3,5,1,10,2,,6,3,9,,2,1,1,,,1,,1,2,,,,4,,,1,,3,,1,,,1,,,1,1,1,,,,,1,,,1,1,1,1,1,,,,,,,,,,,,
1277305841177190,100066933574280,"Wakabi - Le guide des bons coins","Cette 7ᵉ édition du Gala Night était tout simplement incroyable !
Pour ne rien manquer de la prochaine édition et découvrir d’autres événements d’exception comme celui-ci, abonnez-vous à Wakabi et téléchargez dès maintenant l’application, disponible sur le Play Store
#Wakabi #wakap #wakabileguide","Cette 7ᵉ édition du Gala Night était tout simplement incroyable !
Pour ne rien manquer de la prochaine édition et découvrir d’autres événements d’exception comme celui-ci, abonnez-vous à Wakabi et téléchargez dès maintenant l’application, disponible sur le Play Store
#Wakabi #wakap #wakabileguide",135,"03/22/2026 15:42",N/A,https://www.facebook.com/reel/1432441657873346/,0,0,Vidéos,,,,,Global,15825,11803,49,49,0,0,169,38,106,155,15404,1643,11710,8214,410,7110,408,8155,59,0,0,0,0,1078.584,0,750.74,152069.803,11.985,0,15.974,10.242,0,0,0.99,1,1,1,1,0.68,0.56,0.48,0.44,0.41,0.37,0.33,0.3,0.28,0.26,0.24,0.22,0.2,0.18,0.16,0.15,0.14,0.13,0.12,0.12,0.12,0.11,0.11,0.1,0.1,0.1,0.1,0.09,,25,153899.127,10.269,0,0,0,0.99,0.94,0.64,0.46,0.33,0.19,0.16,0.13,0.12,0.11,0.1,0.09,0.08,0.08,0.07,0.07,0.06,0.06,0.05,0.04,0.04,0.04,0.04,0.03,0.03,0.03,0.03,0.03,0.03,0.03,0.03,0.03,0.03,0.02,0.02,0.02,0.02,0.02,0.02,0.01,0.01,0.09,0.09,0.08,0.08,0.07,0.06,0.05,0.04,1581,1858,701,404,1022,718,425,218,539,365,176,186,8196,3,,,2,1,,,,,,,,1,,,,,,,,,,,,,,,,,,8,,,,,,,,,1,,,,,1,,,,,,,,,1,,,,,,,,,,,,,,,,,,,,
1279926647581776,100066933574280,"Wakabi - Le guide des bons coins","À la découverte d’une adresse unique à Lomé…

Situé au cœur de Lomé, Bio Hotel vous invite à vivre une expérience où confort, nature et bien-être se rencontrent harmonieusement.

Ici, chaque détail est pensé pour vous offrir un séjour apaisant : des espaces élégants, une ambiance chaleureuse et une cuisine savoureuse qui met en valeur des produits frais et locaux.

BioHotel ainsi que plein d’autres hôtels sont disponibles sur Wakabi…
Explorez facilement les meilleures adresses, comparez et réservez en quelques clics, directement depuis votre téléphone.

Réservez, explorez et laissez-vous séduire par des lieux d’exception près de chez vous.
Avec Wakabi, accédez aux plus belles expériences de la ville, en toute simplicité.

📍: Ablogamé

#wakabi #wakabileguidedesbonscoins #lomehotel",,0,"03/25/2026 11:55",N/A,https://www.facebook.com/wakabileguide/posts/pfbid0eHrha2LtPqfnuThcekH1K1ZXxR87jX314vYPeEjyRyJYgnntVDfDdea2h56hNr7fl,0,0,Photos,,,,,Global,250,134,6,6,0,0,18,,6,250,0,134,0,0,0,0,0,0,0,0,0,0,0,0,0,0,0,0,0,0,0,0,0,,,,,,,,,,,,,,,,,,,,,,,,,,,,,,,,,,12,,,,,,,,,,,,,,,,,,,,,,,,,,,,,,,,,,,,,,,,,,,,,,,,,,,,,,,,,,,,,,,,,,,,,,,,,,,,,,,,,,,,,,,,,,,,,,,,,,,,,,,,,,,,,,,,,,,,,,,,,,,,,,,,,,,,,,,,,,,,,,
1280946187479822,100066933574280,"Wakabi - Le guide des bons coins","Qu’est-ce qu’on s’est bien régalé 😂🔥@ on va où prochainement ? Proposez nous des lieux en commentaire
 #wakabionvaoula #wakabileguidedesbonscoins #wakabileguide","Qu’est-ce qu’on s’est bien régalé 😂🔥@ on va où prochainement ? Proposez nous des lieux en commentaire
 #wakabionvaoula #wakabileguidedesbonscoins #wakabileguide",138,"03/26/2026 11:50",auto,https://www.facebook.com/reel/2142647503189028/,0,0,Vidéos,,,,,Global,300,292,13,13,0,0,1,,1,300,0,292,0,168,37,165,37,0,168,0,0,0,0,3870.2,0,2497.116,0,18.697,0,38.418,0,0,0,1,1,1,0.98,0.96,0.87,0.85,0.85,0.87,0.85,0.83,0.79,0.79,0.75,0.75,0.75,0.74,0.74,0.7,0.66,0.66,0.66,0.68,0.66,0.64,0.64,0.64,0.64,0.62,0.62,0.6,0.6,0.6,,,6367.316,23.409,0,0,0,1,0.92,0.52,0.38,0.32,0.28,0.27,0.27,0.27,0.27,0.26,0.25,0.25,0.24,0.24,0.24,0.23,0.23,0.22,0.21,0.21,0.21,0.21,0.21,0.2,0.2,0.2,0.2,0.2,0.2,0.19,0.19,0.19,0.19,0.18,0.19,0.18,0.18,0.17,0.1,0.03,0.6,0.58,0.6,0.58,0.57,0.55,0.3,0.09,52,25,21,12,16,8,8,12,5,3,3,1,70,9,4,,4,3,18,2,,1,2,,,1,6,,24,3,1,,2,3,,1,,,,,1,,,3,,,3,1,,,,,,,,,,1,1,,,1,,1,1,1,,,,,,,,,,,,,,,,,,,,,
1281532837421157,100066933574280,"Wakabi - Le guide des bons coins","✨Événement du jour ! 

Ce 03 avril, ne manque pas une soirée exceptionnelle avec Richard Flash.
Un moment unique de vibes, de talent et d’émotions t’attend à Institut Français du Togo
🕗 20h GMT
🎟️ 3000 FCFA

Viens vivre une expérience inoubliable… ambiance garantie !
Tu vas pas regretter 😉
#wakabileguide #wakabileguidedesbonscoins",,0,"03/27/2026 04:12",N/A,https://www.facebook.com/wakabileguide/posts/pfbid02CZB1MyNDrDpP4kzuBY7JSp6x7kQ7wCbLmGjbUbQuDu97QksdwPjNdk9j6LSupTf9l,0,0,Photos,,,,,Global,2491,1852,43,43,0,0,43,,14,125,2366,1071,1775,0,0,0,0,0,0,0,0,0,0,0,0,0,0,0,0,0,0,0,0,,,,,,,,,,,,,,,,,,,,,,,,,,,,,,,,,,29,,,,,,,,,,,,,,,,,,,,,,,,,,,,,,,,,,,,,,,,,,,,,,,,,,,,,,,,,,,,,,,,,,,,,,,,,,,,,,,,,,,,,,,,,,,,,,,,,,,,,,,,,,,,,,,,,,,,,,,,,,,,,,,,,,,,,,,,,,,,,,
1281614207413020,100066933574280,"Wakabi - Le guide des bons coins","Le Samedi 04 Avril 2026, on vous donne rendez-vous pour un événement unique ! Un brunch pensé juste pour nous, les mamans, pour se retrouver, se détendre et s’amuser. Imagine : un buffet délicieux, des activités ludiques, une ambiance conviviale et une piscine pour un max de fraîcheur !  On a hâte de partager ce moment avec vous !

​Ne garde pas ça pour toi, partage cette publication à une maman géniale !Le Samedi 04 Avril 2026, on vous donne rendez-vous pour un événement unique ! Un brunch pensé juste pour nous, les mamans, pour se retrouver, se détendre et s’amuser. Imagine : un buffet délicieux, des activités ludiques, une ambiance conviviale et une piscine pour un max de fraîcheur !  On a hâte de partager ce moment avec vous !

​Ne garde pas ça pour toi, partage cette publication à une maman géniale !
#wakabi #wakabileguide",,0,"03/27/2026 06:08",N/A,https://www.facebook.com/wakabileguide/posts/pfbid02v5N89mPRVGUVyioztR5ciyoxUJgmM1kiDFUCKUJaNdcYG4PHGxe339LshoCuZK2cl,0,0,Photos,,,,,Global,2481,1897,47,46,0,1,64,,29,113,2368,1021,1847,0,0,0,0,0,0,0,0,0,0,0,0,0,0,0,0,0,0,0,0,,,,,,,,,,,,,,,,,,,,,,,,,,,,,,,,,,35,,,,,,,,,,,,,,,,,,,,,,,,,,,,,,,,,,,,,,,,,,,,,,,,,,,,,,,,,,,,,,,,,,,,,,,,,,,,,,,,,,,,,,,,,,,,,,,,,,,,,,,,,,,,,,,,,,,,,,,,,,,,,,,,,,,,,,,,,,,,,,
1284026813838426,100066933574280,"Wakabi - Le guide des bons coins","Tu crée du contenu sur TikTok ou Instagram ?
Et si on te payait pour ça?

Wakabi recrute des créateurs de contenu.On cherche des profils créatifs, à l’aise face caméra, basés à Lomé ou Cotonou.

Pour postuler :
envoie une vidéo pour nous dire pourquoi on doit te recruter,
ton nom, ton contact et tes réseaux.

WhatsApp : +229 0146490999
Deadline : 17 avril 2026

#Wakabi #wakabileguide #wakabileguidedesbonscoins","Tu crée du contenu sur TikTok ou Instagram ?
Et si on te payait pour ça?

Wakabi recrute des créateurs de contenu.On cherche des profils créatifs, à l’aise face caméra, basés à Lomé ou Cotonou.

Pour postuler :
envoie une vidéo pour nous dire pourquoi on doit te recruter,
ton nom, ton contact et tes réseaux.

WhatsApp : +229 0146490999
Deadline : 17 avril 2026

#Wakabi #wakabileguide #wakabileguidedesbonscoins",64,"03/30/2026 02:48",N/A,https://www.facebook.com/reel/1892656858051448/,0,0,Vidéos,,,,,Global,344,306,5,4,0,1,0,,,343,0,306,0,129,5,128,5,0,129,0,0,0,0,1125.69,374.412,294.637,0,4.432,13.868,7.187,0,0,0,1,1,1,1,1,1,1,1,1,1,0.94,0.88,0.88,0.88,0.88,0.88,0.82,0.76,0.71,0.76,0.71,0.71,0.71,0.71,0.71,0.71,0.71,0.71,0.71,0.71,0.71,0.59,0.47,,,1794.739,5.573,0,0,0,1,1,0.98,0.63,0.4,0.29,0.23,0.19,0.16,0.15,0.12,0.12,0.12,0.12,0.12,0.12,0.11,0.1,0.09,0.1,0.09,0.09,0.09,0.09,0.09,0.09,0.09,0.09,0.09,0.09,0.09,0.08,0.06,0.05,0.05,0.05,0.05,0.05,0.04,0.03,0.02,0.41,0.41,0.41,0.41,0.35,0.29,0.24,0.18,56,17,7,23,6,4,5,5,3,2,,,43,8,8,,2,2,15,3,,,,,,2,7,2,5,9,,5,,6,,,,,,,,,,1,,,,2,,,,,4,,,,,1,1,1,1,1,,,,,,,,,,,,,,,,,,,,,,,,,
1188744900033285,100066933574280,"Wakabi - Le guide des bons coins","Île de Gorée : que voir et que faire en une journée ?

https://wakabileguide.com/ile-de-goree-que-voir-et-faire-en-une-journee/

Bénin - Côte d'Ivoire - Sénégal - Togo
📲+229 0146490999

#Wakabi #LeGuide #WakabiLeGuide #ExploreWithWakabi",,0,"11/30/2025 17:53",N/A,https://www.facebook.com/wakabileguide/posts/pfbid0FeiUAP3sX8poicnj2pQmAgb2afq6hgibEka6aHcpZyriXop2Twc93ft2GavZnc1Yl,0,0,Liens,,,,,Global,20,9,1,1,0,0,0,,,20,0,9,0,0,0,0,0,0,0,0,0,0,0,0,0,0,0,0,0,0,0,0,0,,,,,,,,,,,,,,,,,,,,,,,,,,,,,,,,,,,,,,,,,,,,,,,,,,,,,,,,,,,,,,,,,,,,,,,,,,,,,,,,,,,,,,,,,,,,,,,,,,,,,,,,,,,,,,,,,,,,,,,,,,,,,,,,,,,,,,,,,,,,,,,,,,,,,,,,,,,,,,,,,,,,,,,,,,,,,,,,
1188745323366576,100066933574280,"Wakabi - Le guide des bons coins","Grand-Bassam en Côte d'Ivoire : Que faut-il savoir ?

https://wakabileguide.com/grand-bassam-en-cote-divoire-que-savoir/

Bénin - Côte d'Ivoire - Sénégal - Togo
📲+229 0146490999

#Wakabi #LeGuide #WakabiLeGuide #ExploreWithWakabi",,0,"11/30/2025 17:54",N/A,https://www.facebook.com/wakabileguide/posts/pfbid0TdcsWiniu2sBSyo2XWDYZmQqkoZwyuLk1DsJPb8M7ENUP5R3S7oEYH6Cz4zS8Wxxl,0,0,Liens,,,,,Global,27,12,1,1,0,0,0,,,27,0,12,0,0,0,0,0,0,0,0,0,0,0,0,0,0,0,0,0,0,0,0,0,,,,,,,,,,,,,,,,,,,,,,,,,,,,,,,,,,,,,,,,,,,,,,,,,,,,,,,,,,,,,,,,,,,,,,,,,,,,,,,,,,,,,,,,,,,,,,,,,,,,,,,,,,,,,,,,,,,,,,,,,,,,,,,,,,,,,,,,,,,,,,,,,,,,,,,,,,,,,,,,,,,,,,,,,,,,,,,,
1189158989991876,100066933574280,"Wakabi - Le guide des bons coins","Prenez la parole avec impact. Rejoignez la Clinique de la Prise de la Parole pour transformer votre voix, votre posture et votre présence sur scène avec l’aide de @ruthdziwonu 

📆20 décembre 2025 à 10h GMT
📍ELIKA BUSINESS TOKOIN FOREVER

Inscription : 2.000FCFA - Participation : 10.000 FCFA

#wakabi #togo #lomé #lomeevent #togo228 #formationprofessionnelle #wakabileguide #explorewithwakabi",,0,"12/01/2025 07:21",N/A,https://www.facebook.com/wakabileguide/posts/pfbid0ycgUjEpz6LHT6FrK7B6zyCunnZR3XaVbKaAj29pjmp1w1U5v698xxAXXGfShnCMMl,0,0,Photos,,,,,Global,36,20,2,1,0,1,0,,,36,0,20,0,0,0,0,0,0,0,0,0,0,0,0,0,0,0,0,0,0,0,0,0,,,,,,,,,,,,,,,,,,,,,,,,,,,,,,,,,,,,,,,,,,,,,,,,,,,,,,,,,,,,,,,,,,,,,,,,,,,,,,,,,,,,,,,,,,,,,,,,,,,,,,,,,,,,,,,,,,,,,,,,,,,,,,,,,,,,,,,,,,,,,,,,,,,,,,,,,,,,,,,,,,,,,,,,,,,,,,,,
1189187619989013,100066933574280,"Wakabi - Le guide des bons coins","Question : Qu’est-ce qu’une soirée parfaite ? 
Réponse : Coucher de soleil à plage + champagne + look White & Gold 
@holidaycocktailaffair vous attend pour la 4e édition Beach Edition 

📆 20 décembre 2025
📍 Meraki Beach Resort
🎫 5.000 FCFA

#wakabi #togo #lomé #eventslomé #party #beach #holidayevents #wakabileguide #explorewithwakabi",,47,"12/01/2025 08:07",mixed,https://www.facebook.com/wakabileguide/posts/pfbid02qD4FbsQ1ef9dncdGxBcXkgyfd6bGHVha9xNiMoKgszYdxQT3yFZmYKhz3i3iRPBLl,1,0,Photos,,,,,Global,46,27,2,2,0,0,0,,,46,0,27,0,0,0,9,0,0,0,0,0,0,0,68.195,0,57.846,0,7.578,0,5.259,0,0,0,1,1,1,1,1,1,1,1,1,1,1,1,1,1,1,1,1,1,1,1,1,1,1,1,1,1,1,1,1,1,1,1,1,,,,,,,,,,,,,,,,,,,,,,,,,,,,,,,,,,,,,,,,,,,,,,,,,0,0,0,0,0,0,0,0,,,,,,,,,,,,,,,,,,,,,,,,,,,,,,,,,,,,,,,,,,,,,,,,,,,,,,,,,,,,,,,,,,,,,,,,,,,,,,,,,,,,,,,
1190517113189397,100066933574280,"Wakabi - Le guide des bons coins","10 lieux à visiter absolument au Togo

https://wakabileguide.com/togo-10-lieux-a-visiter-absolument/

Bénin - Côte d'Ivoire - Sénégal - Togo
📲+229 0146490999

#Wakabi #LeGuide #WakabiLeGuide #ExploreWithWakabi",,0,"12/03/2025 04:55",N/A,https://www.facebook.com/wakabileguide/posts/pfbid035bRSEFaAPqgDCnaW9pU8V9jD6bEuxcHVr7akKfiJqTJDyjmoeEWZDry8eSEEWFjsl,0,0,Liens,,,,,Global,32,15,1,1,0,0,0,,,32,0,15,0,0,0,0,0,0,0,0,0,0,0,0,0,0,0,0,0,0,0,0,0,,,,,,,,,,,,,,,,,,,,,,,,,,,,,,,,,,,,,,,,,,,,,,,,,,,,,,,,,,,,,,,,,,,,,,,,,,,,,,,,,,,,,,,,,,,,,,,,,,,,,,,,,,,,,,,,,,,,,,,,,,,,,,,,,,,,,,,,,,,,,,,,,,,,,,,,,,,,,,,,,,,,,,,,,,,,,,,,
1190517679856007,100066933574280,"Wakabi - Le guide des bons coins","Man, ville des 18 montagnes : cascades et culture Dan

https://wakabileguide.com/man-ville-des-18-montagnes-cascades-culture-dan/

Bénin - Côte d'Ivoire - Sénégal - Togo
📲+229 0146490999

#Wakabi #LeGuide #WakabiLeGuide #ExploreWithWakabi",,0,"12/03/2025 04:56",N/A,https://www.facebook.com/wakabileguide/posts/pfbid02QgA93JxPvXnDZ8NUeQgxwCrD4ZReEQXrWitkhMXtAm7C4AHkut73fsfGqPWfpZVsl,0,0,Liens,,,,,Global,27,12,1,1,0,0,0,,,27,0,12,0,0,0,0,0,0,0,0,0,0,0,0,0,0,0,0,0,0,0,0,0,,,,,,,,,,,,,,,,,,,,,,,,,,,,,,,,,,,,,,,,,,,,,,,,,,,,,,,,,,,,,,,,,,,,,,,,,,,,,,,,,,,,,,,,,,,,,,,,,,,,,,,,,,,,,,,,,,,,,,,,,,,,,,,,,,,,,,,,,,,,,,,,,,,,,,,,,,,,,,,,,,,,,,,,,,,,,,,,
1190518123189296,100066933574280,"Wakabi - Le guide des bons coins","Le parc national de Taï : voyage en pleine jungle

https://wakabileguide.com/le-parc-national-de-tai-voyage-en-pleine-jungle/

Bénin - Côte d'Ivoire - Sénégal - Togo
📲+229 0146490999

#Wakabi #LeGuide #WakabiLeGuide #ExploreWithWakabi",,0,"12/03/2025 04:57",N/A,https://www.facebook.com/wakabileguide/posts/pfbid0gBcaiwVVFPxTMqfdq2kJfh5AFZ1thzo3ZuUZdtaGEegVBZgQTwb45MEmAs71W5p2l,0,0,Liens,,,,,Global,35,14,2,2,0,0,0,,,35,0,14,0,0,0,0,0,0,0,0,0,0,0,0,0,0,0,0,0,0,0,0,0,,,,,,,,,,,,,,,,,,,,,,,,,,,,,,,,,,,,,,,,,,,,,,,,,,,,,,,,,,,,,,,,,,,,,,,,,,,,,,,,,,,,,,,,,,,,,,,,,,,,,,,,,,,,,,,,,,,,,,,,,,,,,,,,,,,,,,,,,,,,,,,,,,,,,,,,,,,,,,,,,,,,,,,,,,,,,,,,
1190518519855923,100066933574280,"Wakabi - Le guide des bons coins","Yamoussoukro : visite de la Basilique et secrets de la ville

https://wakabileguide.com/yamoussoukro-visite-basilique-secrets-de-ville/

Bénin - Côte d'Ivoire - Sénégal - Togo
📲+229 0146490999

#Wakabi #LeGuide #WakabiLeGuide #ExploreWithWakabi",,0,"12/03/2025 04:58",N/A,https://www.facebook.com/wakabileguide/posts/pfbid02cEi4tvfhx9ApLgjEfFUrha1xiuCdmJSydMevxq2vX37Mb3EAdvPtSSTYquMN1pTPl,0,0,Liens,,,,,Global,26,12,2,2,0,0,0,,,26,0,12,0,0,0,0,0,0,0,0,0,0,0,0,0,0,0,0,0,0,0,0,0,,,,,,,,,,,,,,,,,,,,,,,,,,,,,,,,,,,,,,,,,,,,,,,,,,,,,,,,,,,,,,,,,,,,,,,,,,,,,,,,,,,,,,,,,,,,,,,,,,,,,,,,,,,,,,,,,,,,,,,,,,,,,,,,,,,,,,,,,,,,,,,,,,,,,,,,,,,,,,,,,,,,,,,,,,,,,,,,
1190559976518444,100066933574280,"Wakabi - Le guide des bons coins","Road trip au Togo : 7 jours pour découvrir les régions du pays

https://wakabileguide.com/road-trip-au-togo-7-jours-pour-decouvrir-regions/

Bénin - Côte d'Ivoire - Sénégal - Togo
📲+229 0146490999

#Wakabi #LeGuide #WakabiLeGuide #ExploreWithWakabi",,0,"12/03/2025 06:06",N/A,https://www.facebook.com/wakabileguide/posts/pfbid0ad7hsE7uw4XqNLD81K9TK5iirhnu9hmHRoLssHeiszuV4F5AJbgmF7H712kT1cnJl,0,0,Liens,,,,,Global,27,14,0,0,0,0,1,1,,27,0,14,0,0,0,0,0,0,0,0,0,0,0,0,0,0,0,0,0,0,0,0,0,,,,,,,,,,,,,,,,,,,,,,,,,,,,,,,,,,,,,,,,,,,,,,,,,,,,,,,,,,,,,,,,,,,,,,,,,,,,,,,,,,,,,,,,,,,,,,,,,,,,,,,,,,,,,,,,,,,,,,,,,,,,,,,,,,,,,,,,,,,,,,,,,,,,,,,,,,,,,,,,,,,,,,,,,,,,,,,,
1191426506431791,100066933574280,"Wakabi - Le guide des bons coins","Road trip de 7 jours à travers les régions ivoiriennes

https://wakabileguide.com/road-trip-7-jours-a-travers-regions-ivoiriennes/

Bénin - Côte d'Ivoire - Sénégal - Togo
📲+229 0146490999

#Wakabi #LeGuide #WakabiLeGuide #ExploreWithWakabi",,0,"12/04/2025 10:39",N/A,https://www.facebook.com/wakabileguide/posts/pfbid0LeT3JpireSZz29p73gaiT1tpgQKsLRnuTAUdpjBJN7SD3JdcQgDUzNjZtoF7nMQrl,0,0,Liens,,,,,Global,26,13,2,2,0,0,0,,,26,0,13,0,0,0,0,0,0,0,0,0,0,0,0,0,0,0,0,0,0,0,0,0,,,,,,,,,,,,,,,,,,,,,,,,,,,,,,,,,,,,,,,,,,,,,,,,,,,,,,,,,,,,,,,,,,,,,,,,,,,,,,,,,,,,,,,,,,,,,,,,,,,,,,,,,,,,,,,,,,,,,,,,,,,,,,,,,,,,,,,,,,,,,,,,,,,,,,,,,,,,,,,,,,,,,,,,,,,,,,,,
1191426769765098,100066933574280,"Wakabi - Le guide des bons coins","Bouaké : que faire, que voir, où manger ?

https://wakabileguide.com/bouake-que-faire-que-voir-ou-manger/

Bénin - Côte d'Ivoire - Sénégal - Togo
📲+229 0146490999

#Wakabi #LeGuide #WakabiLeGuide #ExploreWithWakabi",,0,"12/04/2025 10:39",N/A,https://www.facebook.com/wakabileguide/posts/pfbid0mNvbt6ogcnoX3E6L2ia2qZxa7TdC1pBbSC1zy69RpzgrE7vikKkFecioaKo2RsBTl,0,0,Liens,,,,,Global,23,14,0,0,0,0,0,,,23,0,14,0,0,0,0,0,0,0,0,0,0,0,0,0,0,0,0,0,0,0,0,0,,,,,,,,,,,,,,,,,,,,,,,,,,,,,,,,,,,,,,,,,,,,,,,,,,,,,,,,,,,,,,,,,,,,,,,,,,,,,,,,,,,,,,,,,,,,,,,,,,,,,,,,,,,,,,,,,,,,,,,,,,,,,,,,,,,,,,,,,,,,,,,,,,,,,,,,,,,,,,,,,,,,,,,,,,,,,,,,
1192093879698387,100066933574280,"Wakabi - Le guide des bons coins","Danses Kamou, Agbadza, Tchébé : le pouvoir des rythmes togolais

https://wakabileguide.com/danses-kamou-agbadza-tchebe-rythmes-togolais/

Bénin - Côte d'Ivoire - Sénégal - Togo
📲+229 0146490999

#Wakabi #LeGuide #WakabiLeGuide #ExploreWithWakabi",,0,"12/05/2025 09:05",N/A,https://www.facebook.com/wakabileguide/posts/pfbid0UgENQSJjysSWAgUADhG8F4Q54s2eRWDFG7W1y39HcMYmbwi8Ep88h4D1RMWYf5Mnl,0,0,Liens,,,,,Global,39,21,2,2,0,0,2,,2,39,0,21,0,0,0,0,0,0,0,0,0,0,0,0,0,0,0,0,0,0,0,0,0,,,,,,,,,,,,,,,,,,,,,,,,,,,,,,,,,,,,,,,,,,,,,,,,,,,,,,,,,,,,,,,,,,,,,,,,,,,,,,,,,,,,,,,,,,,,,,,,,,,,,,,,,,,,,,,,,,,,,,,,,,,,,,,,,,,,,,,,,,,,,,,,,,,,,,,,,,,,,,,,,,,,,,,,,,,,,,,,
1192094263031682,100066933574280,"Wakabi - Le guide des bons coins","Kpalimé : la ville préférée des touristes ?

https://wakabileguide.com/kpalime-la-ville-preferee-des-touristes/

Bénin - Côte d'Ivoire - Sénégal - Togo
📲+229 0146490999

#Wakabi #LeGuide #WakabiLeGuide #ExploreWithWakabi",,0,"12/05/2025 09:06",N/A,https://www.facebook.com/wakabileguide/posts/pfbid02CN9EGGVtF5YWuiaEVrK3VXcjVHUnubRmBsUdm3TE9Kte4JxSkTh1iZqM4dgetyuvl,0,0,Liens,,,,,Global,40,25,2,2,0,0,1,1,,40,0,25,0,0,0,0,0,0,0,0,0,0,0,0,0,0,0,0,0,0,0,0,0,,,,,,,,,,,,,,,,,,,,,,,,,,,,,,,,,,,,,,,,,,,,,,,,,,,,,,,,,,,,,,,,,,,,,,,,,,,,,,,,,,,,,,,,,,,,,,,,,,,,,,,,,,,,,,,,,,,,,,,,,,,,,,,,,,,,,,,,,,,,,,,,,,,,,,,,,,,,,,,,,,,,,,,,,,,,,,,,
1192094586364983,100066933574280,"Wakabi - Le guide des bons coins","Togo : Pourquoi faire un tour au Nord ?

https://wakabileguide.com/pourquoi-faire-un-tour-au-nord-du-togo/

Bénin - Côte d'Ivoire - Sénégal - Togo
📲+229 0146490999

#Wakabi #LeGuide #WakabiLeGuide #ExploreWithWakabi",,0,"12/05/2025 09:06",N/A,https://www.facebook.com/wakabileguide/posts/pfbid0DQkmByGxvPie1fVZwYR79ZioBBCUz8eCezyfpbJ8hrkMo6phttTSqayKi2KABqQSl,0,0,Liens,,,,,Global,35,17,2,2,0,0,0,,,35,0,17,0,0,0,0,0,0,0,0,0,0,0,0,0,0,0,0,0,0,0,0,0,,,,,,,,,,,,,,,,,,,,,,,,,,,,,,,,,,,,,,,,,,,,,,,,,,,,,,,,,,,,,,,,,,,,,,,,,,,,,,,,,,,,,,,,,,,,,,,,,,,,,,,,,,,,,,,,,,,,,,,,,,,,,,,,,,,,,,,,,,,,,,,,,,,,,,,,,,,,,,,,,,,,,,,,,,,,,,,,
1192094903031618,100066933574280,"Wakabi - Le guide des bons coins","4 artisans togolais qui font rayonner le pays à l’international

https://wakabileguide.com/artisans-togolais-rayonner-pays-linternational/

Bénin - Côte d'Ivoire - Sénégal - Togo
📲+229 0146490999

#Wakabi #LeGuide #WakabiLeGuide #ExploreWithWakabi",,0,"12/05/2025 09:07",N/A,https://www.facebook.com/wakabileguide/posts/pfbid02cCrMxFCSLCbNnxUBXHtSeYUTH4q1J1VCNth3Gx6G9uD1NsnATLyrVxEvxrF8RSopl,0,0,Liens,,,,,Global,33,19,2,2,0,0,0,,,33,0,19,0,0,0,0,0,0,0,0,0,0,0,0,0,0,0,0,0,0,0,0,0,,,,,,,,,,,,,,,,,,,,,,,,,,,,,,,,,,,,,,,,,,,,,,,,,,,,,,,,,,,,,,,,,,,,,,,,,,,,,,,,,,,,,,,,,,,,,,,,,,,,,,,,,,,,,,,,,,,,,,,,,,,,,,,,,,,,,,,,,,,,,,,,,,,,,,,,,,,,,,,,,,,,,,,,,,,,,,,,
1192852779622497,100066933574280,"Wakabi - Le guide des bons coins","Tourisme mystique en Côte d'Ivoire ? Les lieux sacrés à découvrir

https://wakabileguide.com/tourisme-cote-divoire-les-lieux-sacres/

Bénin - Côte d'Ivoire - Sénégal - Togo
📲+229 0146490999

#Wakabi #LeGuide #WakabiLeGuide #ExploreWithWakabi",,0,"12/06/2025 09:57",N/A,https://www.facebook.com/wakabileguide/posts/pfbid02CxDX8jcfjee5Sb4eNfAoXcDLurtPyXQ7cZtEipJ1oPbfmyZKqKo7j5X2yrGC55yGl,0,0,Liens,,,,,Global,39,17,2,2,0,0,1,1,,39,0,17,0,0,0,0,0,0,0,0,0,0,0,0,0,0,0,0,0,0,0,0,0,,,,,,,,,,,,,,,,,,,,,,,,,,,,,,,,,,,,,,,,,,,,,,,,,,,,,,,,,,,,,,,,,,,,,,,,,,,,,,,,,,,,,,,,,,,,,,,,,,,,,,,,,,,,,,,,,,,,,,,,,,,,,,,,,,,,,,,,,,,,,,,,,,,,,,,,,,,,,,,,,,,,,,,,,,,,,,,,
1192853146289127,100066933574280,"Wakabi - Le guide des bons coins","Recette du foutou sauce graine façon Ivoire

https://wakabileguide.com/recette-du-foutou-sauce-graine-facon-ivoire/

Bénin - Côte d'Ivoire - Sénégal - Togo
📲+229 0146490999

#Wakabi #LeGuide #WakabiLeGuide #ExploreWithWakabi",,0,"12/06/2025 09:58",N/A,https://www.facebook.com/wakabileguide/posts/pfbid0m1C6hmcXsfVqqDPwo3D3PrYi8Vcrx468cRUeoEhsvMU1cSpbBmPiN4mTzbsuuWHzl,0,0,Liens,,,,,Global,40,19,1,1,0,0,0,,,40,0,19,0,0,0,0,0,0,0,0,0,0,0,0,0,0,0,0,0,0,0,0,0,,,,,,,,,,,,,,,,,,,,,,,,,,,,,,,,,,,,,,,,,,,,,,,,,,,,,,,,,,,,,,,,,,,,,,,,,,,,,,,,,,,,,,,,,,,,,,,,,,,,,,,,,,,,,,,,,,,,,,,,,,,,,,,,,,,,,,,,,,,,,,,,,,,,,,,,,,,,,,,,,,,,,,,,,,,,,,,,
1192902229617552,100066933574280,"Wakabi - Le guide des bons coins","TOP 10 des restaurants à Lomé

https://wakabileguide.com/top-10-des-restaurants-a-lome/

Bénin - Côte d'Ivoire - Sénégal - Togo
📲+229 0146490999

#Wakabi #LeGuide #WakabiLeGuide #ExploreWithWakabi",,0,"12/06/2025 11:35",N/A,https://www.facebook.com/wakabileguide/posts/pfbid0AnJEo3favAstDZ5rzDzRxsBcHd2a9hMXziR4n7Xq58Ly6PBJTq3SG1a9FCca1482l,0,0,Liens,,,,,Global,44,22,2,2,0,0,0,,,44,0,22,0,0,0,0,0,0,0,0,0,0,0,0,0,0,0,0,0,0,0,0,0,,,,,,,,,,,,,,,,,,,,,,,,,,,,,,,,,,,,,,,,,,,,,,,,,,,,,,,,,,,,,,,,,,,,,,,,,,,,,,,,,,,,,,,,,,,,,,,,,,,,,,,,,,,,,,,,,,,,,,,,,,,,,,,,,,,,,,,,,,,,,,,,,,,,,,,,,,,,,,,,,,,,,,,,,,,,,,,,
1192902526284189,100066933574280,"Wakabi - Le guide des bons coins","La plage d’Avépozo : guide des restos et activités en bord de mer

https://wakabileguide.com/plage-davepozo-restos-activites-en-bord-de-mer/

Bénin - Côte d'Ivoire - Sénégal - Togo
📲+229 0146490999

#Wakabi #LeGuide #WakabiLeGuide #ExploreWithWakabi",,0,"12/06/2025 11:35",N/A,https://www.facebook.com/wakabileguide/posts/pfbid02NxfhJgPiBHiTxJsJw9eANmHP8sD8aep56pLcEaEkFpSAjp7F7NgDyYWnuML3EsxUl,0,0,Liens,,,,,Global,28,17,1,1,0,0,0,,,28,0,17,0,0,0,0,0,0,0,0,0,0,0,0,0,0,0,0,0,0,0,0,0,,,,,,,,,,,,,,,,,,,,,,,,,,,,,,,,,,,,,,,,,,,,,,,,,,,,,,,,,,,,,,,,,,,,,,,,,,,,,,,,,,,,,,,,,,,,,,,,,,,,,,,,,,,,,,,,,,,,,,,,,,,,,,,,,,,,,,,,,,,,,,,,,,,,,,,,,,,,,,,,,,,,,,,,,,,,,,,,
1193620739545701,100066933574280,"Wakabi - Le guide des bons coins","Babi Food Tour : circuit gourmand à travers la ville

https://wakabileguide.com/babi-food-tour-circuit-gourmand/

Bénin - Côte d'Ivoire - Sénégal - Togo
📲+229 0146490999

#Wakabi #LeGuide #WakabiLeGuide #ExploreWithWakabi",,0,"12/07/2025 11:25",N/A,https://www.facebook.com/wakabileguide/posts/pfbid02KPc5WRR1zWurv79Wy6bHCwFPk3NsG8pVLvQ2uDGL5izJkKx6AV54SDVoAt6EA4Wvl,0,0,Liens,,,,,Global,47,26,1,1,0,0,0,,,47,0,26,0,0,0,0,0,0,0,0,0,0,0,0,0,0,0,0,0,0,0,0,0,,,,,,,,,,,,,,,,,,,,,,,,,,,,,,,,,,,,,,,,,,,,,,,,,,,,,,,,,,,,,,,,,,,,,,,,,,,,,,,,,,,,,,,,,,,,,,,,,,,,,,,,,,,,,,,,,,,,,,,,,,,,,,,,,,,,,,,,,,,,,,,,,,,,,,,,,,,,,,,,,,,,,,,,,,,,,,,,
1193621219545653,100066933574280,"Wakabi - Le guide des bons coins","Street food ivoirienne : 7 plats à goûter absolument

https://wakabileguide.com/street-food-ivoirienne-plats-a-gouter-absolument/

Bénin - Côte d'Ivoire - Sénégal - Togo
📲+229 0146490999

#Wakabi #LeGuide #WakabiLeGuide #ExploreWithWakabi",,0,"12/07/2025 11:26",N/A,https://www.facebook.com/wakabileguide/posts/pfbid03q6RUoBfNsFpxm6UkhqxEkw5QCuonAsoY4ckzLsxPTgb9AANWBEhK5fxpDVVm2LEl,0,0,Liens,,,,,Global,42,22,3,3,0,0,0,,,42,0,22,0,0,0,0,0,0,0,0,0,0,0,0,0,0,0,0,0,0,0,0,0,,,,,,,,,,,,,,,,,,,,,,,,,,,,,,,,,,,,,,,,,,,,,,,,,,,,,,,,,,,,,,,,,,,,,,,,,,,,,,,,,,,,,,,,,,,,,,,,,,,,,,,,,,,,,,,,,,,,,,,,,,,,,,,,,,,,,,,,,,,,,,,,,,,,,,,,,,,,,,,,,,,,,,,,,,,,,,,,
1194222476152194,100066933574280,"Wakabi - Le guide des bons coins","Découvrez le TOP 5 de la Street Food Béninoise !🇧🇯
Des saveurs authentiques, des plats incontournable… Wakabi vous guide vers les meilleurs spots.
Swipe pour voyager à travers les goûts du Bénin.

#wakabi #cotonou #benin #streetfoodbénin #wakabileguidedesbonscoins",,0,"12/08/2025 08:03",N/A,https://www.facebook.com/wakabileguide/posts/pfbid05UKrikxEkkU78sTsjEB1owJEumG3Deek2Yo5DitrFGtTTC3tAiiBaZmxrVJxYZPFl,0,0,Photos,,,,,Global,44,23,3,2,0,1,4,,1,44,0,23,0,0,0,0,0,0,0,0,0,0,0,0,0,0,0,0,0,0,0,0,0,,,,,,,,,,,,,,,,,,,,,,,,,,,,,,,,,,3,,,,,,,,,,,,,,,,,,,,,,,,,,,,,,,,,,,,,,,,,,,,,,,,,,,,,,,,,,,,,,,,,,,,,,,,,,,,,,,,,,,,,,,,,,,,,,,,,,,,,,,,,,,,,,,,,,,,,,,,,,,,,,,,,,,,,,,,,,,,,,
1194232672817841,100066933574280,"Wakabi - Le guide des bons coins","Ganvié, la célèbre cité lacustre du Bénin : un village sur l’eau, un mode de vie unique, une histoire forte. Plonge dans son charme authentique à travers Wakabi, le guide.

#wakabileguide #ganvié #bénin #explorewithwakabi #tourisme #wakabileguidedesbonscoins",,0,"12/08/2025 08:21",N/A,https://www.facebook.com/wakabileguide/posts/pfbid02NGok1wZ5APpsmSymqxuBx344cYspdGoKhUyrLHKfHAq6HzhfhJcmgmf3mB6S7JtNl,0,0,Photos,,,,,Global,100,48,6,4,0,2,9,,7,100,0,48,0,0,0,0,0,0,0,0,0,0,0,0,0,0,0,0,0,0,0,0,0,,,,,,,,,,,,,,,,,,,,,,,,,,,,,,,,,,2,,,,,,,,,,,,,,,,,,,,,,,,,,,,,,,,,,,,,,,,,,,,,,,,,,,,,,,,,,,,,,,,,,,,,,,,,,,,,,,,,,,,,,,,,,,,,,,,,,,,,,,,,,,,,,,,,,,,,,,,,,,,,,,,,,,,,,,,,,,,,,
1194397622801346,100066933574280,"Wakabi - Le guide des bons coins","Les masques Sénoufo, Baoulé, Guéré : Que faut-il savoir ?

https://wakabileguide.com/les-masques-senoufo-baoule-guere/

Bénin - Côte d'Ivoire - Sénégal - Togo
📲+229 0146490999

#Wakabi #LeGuide #WakabiLeGuide #ExploreWithWakabi",,0,"12/08/2025 13:36",N/A,https://www.facebook.com/wakabileguide/posts/pfbid0TF846CxFVYeHLfmuHnahZfZEEkm3PMrLf9K9V24D9HyXNe6ADiT7hc8hhu3syiawl,0,0,Liens,,,,,Global,45,23,3,3,0,0,0,,,45,0,23,0,0,0,0,0,0,0,0,0,0,0,0,0,0,0,0,0,0,0,0,0,,,,,,,,,,,,,,,,,,,,,,,,,,,,,,,,,,,,,,,,,,,,,,,,,,,,,,,,,,,,,,,,,,,,,,,,,,,,,,,,,,,,,,,,,,,,,,,,,,,,,,,,,,,,,,,,,,,,,,,,,,,,,,,,,,,,,,,,,,,,,,,,,,,,,,,,,,,,,,,,,,,,,,,,,,,,,,,,
1194397929467982,100066933574280,"Wakabi - Le guide des bons coins","Côte d'Ivoire : La culture du maquis, bien plus qu’un restaurant

https://wakabileguide.com/la-culture-du-maquis-bien-plus-quun-restaurant/

Bénin - Côte d'Ivoire - Sénégal - Togo
📲+229 0146490999

#Wakabi #LeGuide #WakabiLeGuide #ExploreWithWakabi",,0,"12/08/2025 13:37",N/A,https://www.facebook.com/wakabileguide/posts/pfbid024VkfXKTib2PPaCEFxt7WsS9ebTLwwUvXRdBbypVYe82jqaPqADpKT4LyMERgyJosl,0,0,Liens,,,,,Global,51,21,3,3,0,0,0,,,51,0,21,0,0,0,0,0,0,0,0,0,0,0,0,0,0,0,0,0,0,0,0,0,,,,,,,,,,,,,,,,,,,,,,,,,,,,,,,,,,,,,,,,,,,,,,,,,,,,,,,,,,,,,,,,,,,,,,,,,,,,,,,,,,,,,,,,,,,,,,,,,,,,,,,,,,,,,,,,,,,,,,,,,,,,,,,,,,,,,,,,,,,,,,,,,,,,,,,,,,,,,,,,,,,,,,,,,,,,,,,,
1194398266134615,100066933574280,"Wakabi - Le guide des bons coins","Togo : 3 destinations idéales pour un week-end nature

https://wakabileguide.com/togo-3-destinations-ideales-un-week-end-nature/

Bénin - Côte d'Ivoire - Sénégal - Togo
📲+229 0146490999

#Wakabi #LeGuide #WakabiLeGuide #ExploreWithWakabi",,0,"12/08/2025 13:37",N/A,https://www.facebook.com/wakabileguide/posts/pfbid0PapNUz7GuESW8d8R4c5WvP7VfSCKsKBt3P6RMkLJCnEm1Gixgt5h2SKSFEfgVtxBl,0,0,Liens,,,,,Global,56,22,2,2,0,0,1,1,,56,0,22,0,0,0,0,0,0,0,0,0,0,0,0,0,0,0,0,0,0,0,0,0,,,,,,,,,,,,,,,,,,,,,,,,,,,,,,,,,,,,,,,,,,,,,,,,,,,,,,,,,,,,,,,,,,,,,,,,,,,,,,,,,,,,,,,,,,,,,,,,,,,,,,,,,,,,,,,,,,,,,,,,,,,,,,,,,,,,,,,,,,,,,,,,,,,,,,,,,,,,,,,,,,,,,,,,,,,,,,,,
1195040312737077,100066933574280,"Wakabi - Le guide des bons coins","Deku Dessi : L'une des sauces préférées des Togolais...

https://wakabileguide.com/deku-dessi-la-sauce-preferee-des-togolais/

Bénin - Côte d'Ivoire - Sénégal - Togo
📲+229 0146490999

#Wakabi #LeGuide #WakabiLeGuide #ExploreWithWakabi",,0,"12/09/2025 10:49",N/A,https://www.facebook.com/wakabileguide/posts/pfbid02XQNBoSd8zER9wsNFTnrWTBUztrv9cwLJExHM14i7agJ5Pc3QhWKkLcJKVfKi7Qkjl,0,0,Liens,,,,,Global,52,20,1,1,0,0,0,,,52,0,20,0,0,0,0,0,0,0,0,0,0,0,0,0,0,0,0,0,0,0,0,0,,,,,,,,,,,,,,,,,,,,,,,,,,,,,,,,,,,,,,,,,,,,,,,,,,,,,,,,,,,,,,,,,,,,,,,,,,,,,,,,,,,,,,,,,,,,,,,,,,,,,,,,,,,,,,,,,,,,,,,,,,,,,,,,,,,,,,,,,,,,,,,,,,,,,,,,,,,,,,,,,,,,,,,,,,,,,,,,
1195040529403722,100066933574280,"Wakabi - Le guide des bons coins","Quelques spécialités togolaises : Ayimolou, akoumé...

https://wakabileguide.com/specialites-togolaises-ayimolou-akoume/

Bénin - Côte d'Ivoire - Sénégal - Togo
📲+229 0146490999

#Wakabi #LeGuide #WakabiLeGuide #ExploreWithWakabi",,0,"12/09/2025 10:50",N/A,https://www.facebook.com/wakabileguide/posts/pfbid024wCXiYKCtzVg7AFMMvQ1UYiQX4ZJgh11kmrmVRKdr3R3XFYC2aWwJMBHot2Gc2u1l,0,0,Liens,,,,,Global,62,22,1,1,0,0,0,,,62,0,22,0,0,0,0,0,0,0,0,0,0,0,0,0,0,0,0,0,0,0,0,0,,,,,,,,,,,,,,,,,,,,,,,,,,,,,,,,,,,,,,,,,,,,,,,,,,,,,,,,,,,,,,,,,,,,,,,,,,,,,,,,,,,,,,,,,,,,,,,,,,,,,,,,,,,,,,,,,,,,,,,,,,,,,,,,,,,,,,,,,,,,,,,,,,,,,,,,,,,,,,,,,,,,,,,,,,,,,,,,
1197640069143768,100066933574280,"Wakabi - Le guide des bons coins","Voyager en solo au Togo : conseils pratiques et itinéraire recommandé

https://wakabileguide.com/voyager-en-solo-au-togo-conseils-itineraire/

Bénin - Côte d'Ivoire - Sénégal - Togo
📲+229 0146490999

#Wakabi #LeGuide #WakabiLeGuide #ExploreWithWakabi",,0,"12/13/2025 01:40",N/A,https://www.facebook.com/wakabileguide/posts/pfbid02yGUbSXJWupjym2SGB8FXaTJyhniBJAtbBYmHkJqh4ap4YtSFKaV8X5GkhdN5kHYEl,0,0,Liens,,,,,Global,52,22,1,1,0,0,1,1,,52,0,22,0,0,0,0,0,0,0,0,0,0,0,0,0,0,0,0,0,0,0,0,0,,,,,,,,,,,,,,,,,,,,,,,,,,,,,,,,,,,,,,,,,,,,,,,,,,,,,,,,,,,,,,,,,,,,,,,,,,,,,,,,,,,,,,,,,,,,,,,,,,,,,,,,,,,,,,,,,,,,,,,,,,,,,,,,,,,,,,,,,,,,,,,,,,,,,,,,,,,,,,,,,,,,,,,,,,,,,,,,
1197640305810411,100066933574280,"Wakabi - Le guide des bons coins","Histoire du drapeau togolais et des symboles nationaux

https://wakabileguide.com/histoire-du-drapeau-togolais-symboles-nationaux/

Bénin - Côte d'Ivoire - Sénégal - Togo
📲+229 0146490999

#Wakabi #LeGuide #WakabiLeGuide #ExploreWithWakabi",,0,"12/13/2025 01:41",N/A,https://www.facebook.com/wakabileguide/posts/pfbid0bq1cJAnmvrnDb5rF7EfNUZSTp68yZ9ECicf1AcLL8EVcEEdWFbqe5igyQ66iNdeCl,0,0,Liens,,,,,Global,59,23,0,0,0,0,0,,,59,0,23,0,0,0,0,0,0,0,0,0,0,0,0,0,0,0,0,0,0,0,0,0,,,,,,,,,,,,,,,,,,,,,,,,,,,,,,,,,,,,,,,,,,,,,,,,,,,,,,,,,,,,,,,,,,,,,,,,,,,,,,,,,,,,,,,,,,,,,,,,,,,,,,,,,,,,,,,,,,,,,,,,,,,,,,,,,,,,,,,,,,,,,,,,,,,,,,,,,,,,,,,,,,,,,,,,,,,,,,,,
1199378212303287,100066933574280,"Wakabi - Le guide des bons coins","Quand tu sors en groupe, il y a toujours ces personnes-là…😅
Dis-nous en commentaire : tu es dans quelle catégorie? 

#wakabileguide #Lomé #Togo #explorewithwakabi","Quand tu sors en groupe, il y a toujours ces personnes-là…😅
Dis-nous en commentaire : tu es dans quelle catégorie? 

#wakabileguide #Lomé #Togo #explorewithwakabi",67,"12/15/2025 10:48",N/A,https://www.facebook.com/reel/845498984775107/,0,0,Vidéos,,,,,Global,162,163,4,4,0,0,0,,,162,0,163,0,29,3,29,3,0,29,0,0,0,0,260.637,0,339.012,0,1.917,0,14.74,0,0,0,1,1,1,1,1,1,1,1,1,1,1,0.75,0.63,0.63,0.63,0.5,0.5,0.5,0.5,0.5,0.5,0.38,0.38,0.38,0.38,0.38,0.38,0.38,0.38,0.38,0.38,0.38,0.38,,,599.649,3.771,0,0,0,1,1,0.9,0.62,0.52,0.38,0.34,0.31,0.28,0.28,0.28,0.21,0.17,0.17,0.17,0.14,0.14,0.14,0.14,0.14,0.14,0.1,0.1,0.1,0.1,0.1,0.1,0.1,0.1,0.1,0.1,0.1,0.1,0.1,0.1,0.1,0.1,0.07,0.07,0.03,0.03,0.38,0.38,0.38,0.38,0.25,0.25,0.13,0.13,,,,,,,,,,,,,,,,,,,,,,,,,,,,,,,,,,,,,,,,,,,,,,,,,,,,,,,,,,,,,,,,,,,,,,,,,,,,,,,,,,,,,,,
1200151548892620,100066933574280,"Wakabi - Le guide des bons coins","Les saveurs du Togo : que mange-t-on à Kara, Sokodé, Aného... ?

https://wakabileguide.com/saveurs-du-togo-que-mange-t-on-a-kara-sokode/

Bénin - Côte d'Ivoire - Sénégal - Togo
📲+229 0146490999

#Wakabi #LeGuide #WakabiLeGuide #ExploreWithWakabi",,0,"12/16/2025 13:19",N/A,https://www.facebook.com/wakabileguide/posts/pfbid0X9J8ShNQJkft8Bj33iAnX6dnZtePvFsjSRRKcvrbMFXgkbQn5JedPLA2FtGx5Cisl,0,0,Liens,,,,,Global,61,29,2,2,0,0,1,,1,61,0,29,0,0,0,0,0,0,0,0,0,0,0,0,0,0,0,0,0,0,0,0,0,,,,,,,,,,,,,,,,,,,,,,,,,,,,,,,,,,,,,,,,,,,,,,,,,,,,,,,,,,,,,,,,,,,,,,,,,,,,,,,,,,,,,,,,,,,,,,,,,,,,,,,,,,,,,,,,,,,,,,,,,,,,,,,,,,,,,,,,,,,,,,,,,,,,,,,,,,,,,,,,,,,,,,,,,,,,,,,,
1200152148892560,100066933574280,"Wakabi - Le guide des bons coins","Street Food togolaise : 8 plats à tester absolument !

https://wakabileguide.com/street-food-togolaise-8-plats-a-tester/

Bénin - Côte d'Ivoire - Sénégal - Togo
📲+229 0146490999

#Wakabi #LeGuide #WakabiLeGuide #ExploreWithWakabi",,0,"12/16/2025 13:20",N/A,https://www.facebook.com/wakabileguide/posts/pfbid02uTesQjEDkWZu8K4Yde5cRjDGzZe2ett56VrbiWepWyHUgnHQPEuSCEi5kQKkc3Cal,0,0,Liens,,,,,Global,48,27,1,1,0,0,1,1,,48,0,27,0,0,0,0,0,0,0,0,0,0,0,0,0,0,0,0,0,0,0,0,0,,,,,,,,,,,,,,,,,,,,,,,,,,,,,,,,,,,,,,,,,,,,,,,,,,,,,,,,,,,,,,,,,,,,,,,,,,,,,,,,,,,,,,,,,,,,,,,,,,,,,,,,,,,,,,,,,,,,,,,,,,,,,,,,,,,,,,,,,,,,,,,,,,,,,,,,,,,,,,,,,,,,,,,,,,,,,,,,
1200590078848767,100066933574280,"Wakabi - Le guide des bons coins","Nous vous proposons aujourd’hui les différents moyens de déplacement à Cotonou.
Que voulez-vous découvrir de plus sur le Bénin ? Dites le nous en commentaire 😉

#wakabileguide #cotonou #bénin #explorewithwakabi",,0,"12/17/2025 05:06",N/A,https://www.facebook.com/wakabileguide/posts/pfbid02SewNNKBXe4ZsQJ4a8mUrDj6KDT5UrtknysnoY1RCVPirpM6SsHKmqQdVCox3f2fkl,0,0,Photos,,,,,Global,96,52,3,2,0,1,5,,2,96,0,52,0,0,0,0,0,0,0,0,0,0,0,0,0,0,0,0,0,0,0,0,0,,,,,,,,,,,,,,,,,,,,,,,,,,,,,,,,,,3,,,,,,,,,,,,,,,,,,,,,,,,,,,,,,,,,,,,,,,,,,,,,,,,,,,,,,,,,,,,,,,,,,,,,,,,,,,,,,,,,,,,,,,,,,,,,,,,,,,,,,,,,,,,,,,,,,,,,,,,,,,,,,,,,,,,,,,,,,,,,,
1202105155363926,100066933574280,"Wakabi - Le guide des bons coins","Team Jour ou Team Nuit ?","On t’attend en commentaire 😌",22,"12/19/2025 06:08",N/A,https://www.facebook.com/reel/1509804983578859/,0,0,Vidéos,,,,,Global,117,114,7,5,1,1,0,,,116,0,114,0,45,0,41,0,0,45,0,0,0,0,303.66,0,294.928,0,5.061,0,7.563,0,0,0,1,1,1,1,1,1,1,1,1,1,1,1,1,1,1,1,1,1,0.94,0.88,0.82,0.47,0.35,0.35,0.29,,,,,,,,,,,598.588,6.046,0,0,0,1,1,1,1,0.82,0.64,0.53,0.53,0.51,0.47,0.47,0.4,0.38,0.36,0.33,0.33,0.33,0.33,0.31,0.31,0.29,0.16,0.13,0.13,0.11,,,,,,,,,,,,,,,,,,,,,,,,,,,,,,,,,,,,,,,,,,,,,,,,,,,,,,,,,,,,,,,,,,,,,,,,,,,,,,,,,,,,,,,,,,,,,,,,,,,,,,,,,,,,,,,
1205709365003505,100066933574280,"Wakabi - Le guide des bons coins","On a bougé !!! Sortira tu ce 24 alobagné !!?","On a bougé !!! Sortira tu ce 24 alobagné !!?",43,"12/24/2025 03:39",N/A,https://www.facebook.com/reel/713120471555699/,0,0,Vidéos,,,,,Global,65,44,6,4,2,0,0,,,65,0,44,0,27,0,20,0,0,27,0,0,0,0,258.246,0,446.795,0,9.933,0,17.185,0,0,0,1,1,1,1,1,1,1,1,1,1,1,1,1,1,1,0.92,0.92,0.92,0.92,0.92,0.92,0.92,0.92,0.92,0.92,0.92,0.92,0.92,0.92,0.92,0.85,0.85,0.85,,,705.041,13.558,0,0,0,0.93,0.93,0.93,0.93,0.74,0.67,0.67,0.63,0.63,0.59,0.56,0.56,0.52,0.48,0.48,0.44,0.44,0.44,0.44,0.44,0.44,0.44,0.44,0.44,0.44,0.44,0.48,0.48,0.48,0.48,0.44,0.44,0.44,0.41,0.33,0.33,0.3,0.22,0.22,0.19,0.19,0.85,0.77,0.77,0.69,0.54,0.54,0.46,0.46,,,,,,,,,,,,,,,,,,,,,,,,,,,,,,,,,,,,,,,,,,,,,,,,,,,,,,,,,,,,,,,,,,,,,,,,,,,,,,,,,,,,,,,
1206682551572853,100066933574280,"Wakabi - Le guide des bons coins","RDV au 228 Bbq Festival 🥳🔥","RDV au @[100063577147093:2048:228 Bbq Festival] 🥳🔥",55,"12/25/2025 10:39",N/A,https://www.facebook.com/reel/761240629621683/,0,0,Vidéos,,,,,Global,60,51,0,0,0,0,2,,2,60,0,51,0,29,0,23,0,0,29,0,0,0,0,371.642,0,254.516,0,10.324,0,14.972,0,0,0,1,1,1,1,1,1,1,1,1,1,1,1,0.9,0.8,0.7,0.7,0.7,0.7,0.7,0.7,0.7,0.7,0.7,0.7,0.7,0.7,0.7,0.7,0.7,0.6,0.6,0.6,0.6,,,626.158,11.814,0,0,0,0.97,0.97,0.97,0.9,0.59,0.48,0.41,0.34,0.34,0.31,0.31,0.34,0.34,0.31,0.28,0.24,0.24,0.24,0.24,0.24,0.24,0.24,0.24,0.24,0.24,0.24,0.24,0.24,0.24,0.21,0.21,0.21,0.21,0.21,0.21,0.21,0.21,0.14,0.07,0.07,0.07,0.6,0.6,0.6,0.6,0.4,0.2,0.2,0.2,,,,,,,,,,,,,,,,,,,,,,,,,,,,,,,,,,,,,,,,,,,,,,,,,,,,,,,,,,,,,,,,,,,,,,,,,,,,,,,,,,,,,,,
1207456501495458,100066933574280,"Wakabi - Le guide des bons coins","Met la capture de ton compte wakabi en commentaire et gagne tes pass pour le 228 Bbq Festival 🥳 il n’y a que 100 places donc tentez vite votre chance 🔥","Met la capture de ton compte wakabi en commentaire et gagne tes pass pour le @[100063577147093:2048:228 Bbq Festival] 🥳 il n’y a que 100 places donc tentez vite votre chance 🔥",43,"12/26/2025 14:50",N/A,https://www.facebook.com/reel/719475457540386/,0,0,Vidéos,,,,,Global,5381,6281,16,16,0,0,74,45,22,111,10801,852,6209,8957,0,4597,0,8908,49,0,0,0,0,451.994,0,112.318,237375.137,5.256,0,8.023,22.464,0,0,0.98,0.97,0.97,0.97,1,0.99,1,1,1,1,1,1,1,1,1,0.88,0.87,0.87,0.87,0.86,0.86,0.85,0.85,0.85,0.85,0.85,0.84,0.83,0.81,0.41,0.37,0.35,0.34,,7,237939.449,22.306,0,0,0,0.37,0.37,0.37,0.36,0.29,0.24,0.21,0.2,0.18,0.16,0.15,0.14,0.13,0.13,0.12,0.04,0.03,0.03,0.03,0.03,0.03,0.03,0.02,0.02,0.02,0.02,0.02,0.02,0.02,0.02,0.02,0.02,0.01,0.01,0.01,0.01,0.01,0.01,0.01,0.01,0.01,0.32,0.24,0.23,0.23,0.22,0.15,0.04,0.03,2045,1265,1193,1459,539,687,173,792,271,231,82,166,8931,2,1,,2,1,1,,,,,,,,,,14,1,,1,,1,,,,,,,,,,,,,,1,,,,,,,,,,,,,,,,,,,,1,,,,,,,,,,,,,,,,,,,
1207477181493390,100066933574280,"Wakabi - Le guide des bons coins","RDV au 228 Bbq Festival","RDV au @[100063577147093:2048:228 Bbq Festival]",30,"12/26/2025 15:36",N/A,https://www.facebook.com/reel/2059466758136906/,0,0,Vidéos,,,,,Global,25554,22760,127,127,0,0,267,181,33,98,34364,3648,22602,22221,0,14089,0,22193,28,0,0,0,0,381.236,0,11.77,435220.483,4.383,0,2.354,13.265,0,0,1,0.99,0.99,0.99,0.99,1,1,1,1,1,1,1,1,1,1,1,1,0.98,0.82,0.81,0.8,0.79,0.79,0.78,0.77,0.77,0.76,0.75,0.66,0.18,0.16,0.14,0.13,,53,435613.489,13.238,0,0,0,0.57,0.57,0.57,0.57,0.57,0.51,0.51,0.45,0.41,0.38,0.34,0.34,0.3,0.28,0.25,0.25,0.25,0.23,0.22,0.21,0.2,0.2,0.19,0.09,0.08,0.08,0.08,0.08,0.07,0.07,0.07,0.07,0.06,0.06,0.05,0.05,0.05,0.05,0.04,0.04,0.04,,,,,,,,,5862,4223,1980,3119,2014,1252,718,819,845,594,291,387,22205,,2,,,,6,,,,,,,2,,,3,,,,,,,,,,,,,,,1,,,1,,,,,,,,,,,,,,,,,,,,,,,,,,,,,,,,,,,1,,,,,
1207477984826643,100066933574280,"Wakabi - Le guide des bons coins","RDV au 228 Bbq Festival","RDV au @[100063577147093:2048:228 Bbq Festival]",34,"12/26/2025 15:38",N/A,https://www.facebook.com/reel/1174538474453276/,0,0,Vidéos,,,,,Global,57808,46060,421,411,10,0,640,375,89,161,59232,11880,45894,28070,0,24768,0,28018,52,0,0,0,0,769.946,0,20.22,462664.903,6.16,0,2.022,8.203,0,0,1,0.99,0.99,0.99,0.99,1,1,1,1,1,1,1,1,1,1,1,1,0.93,0.77,0.75,0.72,0.68,0.65,0.62,0.6,0.59,0.57,0.56,0.54,0.52,0.5,0.49,0.45,,176,463455.069,8.197,0,0,0,0.9,0.9,0.9,0.9,0.9,0.76,0.67,0.6,0.53,0.47,0.44,0.44,0.4,0.37,0.34,0.32,0.3,0.29,0.28,0.25,0.19,0.19,0.18,0.17,0.16,0.15,0.14,0.13,0.13,0.12,0.12,0.12,0.11,0.11,0.1,0.1,0.09,0.07,0.06,0.06,0.05,0.27,0.21,0.19,0.16,,,,,9867,6532,1291,3329,2592,930,1028,530,862,517,248,239,28057,2,1,,,,,,,1,1,,,1,,,,,,,,2,,,,,,,,,,2,,,,,,,,,1,,,,,,,,,,,,,,,,,,,,,,,,,,,,,,,,,1,1
1207478938159881,100066933574280,"Wakabi - Le guide des bons coins","RDV au 228 Bbq Festival","RDV au @[100063577147093:2048:228 Bbq Festival]",41,"12/26/2025 15:41",N/A,https://www.facebook.com/reel/840264722320551/,0,0,Vidéos,,,,,Global,19953,19202,104,102,2,0,323,244,29,83,25652,3050,19095,16004,0,10837,0,15979,25,0,0,0,0,252.675,0,19.582,353268.082,3.716,0,2.448,14.195,0,0,1,0.99,0.99,0.99,0.99,1,1,1,1,1,1,1,1,1,1,1,0.68,0.67,0.66,0.66,0.65,0.65,0.64,0.64,0.63,0.63,0.62,0.62,0.62,0.61,0.59,0.31,0.28,,50,353540.339,14.162,0,0,0,0.6,0.6,0.6,0.6,0.5,0.44,0.41,0.37,0.35,0.33,0.31,0.3,0.29,0.28,0.27,0.26,0.06,0.05,0.05,0.04,0.04,0.04,0.04,0.03,0.03,0.03,0.03,0.03,0.03,0.03,0.02,0.02,0.02,0.02,0.02,0.02,0.02,0.02,0.01,0.01,0.01,0.27,0.26,0.25,0.08,0.07,0.06,0.05,0.05,4074,3097,1698,2128,1248,1126,416,887,493,355,161,231,15998,,1,,,,,,,,,,,2,,,,,1,,,1,,,,,,,,,,1,,,,,,,,,,,,,,,,,,,,,,,,,,,,,,,,,,,,,,,,,,,
1207479371493171,100066933574280,"Wakabi - Le guide des bons coins","RDV au 228 Bbq Festival","RDV au @[100063577147093:2048:228 Bbq Festival]",36,"12/26/2025 15:42",N/A,https://www.facebook.com/reel/860654626831412/,0,0,Vidéos,,,,,Global,46994,38940,333,330,1,2,507,301,69,165,49033,9380,38808,23283,0,19797,0,23226,57,0,0,0,0,606.706,114.952,49.564,410299.623,4.893,6.051,4.131,8.721,0,0,0.99,0.99,0.99,0.99,0.99,1,1,1,1,1,1,1,1,1,1,1,0.97,0.87,0.83,0.81,0.76,0.73,0.7,0.67,0.65,0.64,0.63,0.61,0.6,0.59,0.58,0.53,0.26,,137,411070.845,8.708,0,0,0,0.84,0.84,0.84,0.84,0.83,0.67,0.58,0.51,0.46,0.42,0.39,0.39,0.35,0.32,0.3,0.29,0.27,0.26,0.24,0.2,0.19,0.19,0.18,0.16,0.15,0.13,0.12,0.12,0.11,0.11,0.1,0.1,0.1,0.09,0.09,0.08,0.07,0.06,0.06,0.05,0.05,0.21,0.19,0.17,0.15,,,,,8531,4549,2134,3823,789,1111,303,1249,284,200,89,126,23269,1,,,,1,4,1,,2,,,,,,,,,,1,,,,,,,,,,,,1,,,1,,,,,,,,,,,,,,,,,,,,,,,,1,,,,,,,,,,,,,,1,,
1207479774826464,100066933574280,"Wakabi - Le guide des bons coins","RDV au 228 Bbq Festival","RDV au @[100063577147093:2048:228 Bbq Festival]",26,"12/26/2025 15:43",N/A,https://www.facebook.com/reel/1611912086820586/,0,0,Vidéos,,,,,Global,42921,34025,153,152,1,0,364,213,51,167,43407,7797,33864,19546,0,17566,0,19497,49,0,0,0,0,489.681,0,93.821,308885.332,3.601,0,5.213,7.679,0,0,1,1,1,1,1,1,1,1,1,1,1,1,1,1,1,1,1,0.95,0.79,0.74,0.71,0.68,0.64,0.56,0.53,0.5,0.48,0.46,0.42,,,,,,100,309468.834,7.663,0,0,0,0.9,0.9,0.91,0.91,0.91,0.91,0.83,0.82,0.75,0.66,0.61,0.61,0.56,0.52,0.52,0.48,0.42,0.39,0.39,0.36,0.34,0.34,0.32,0.3,0.3,0.27,0.21,0.2,0.2,0.18,0.17,0.17,0.16,0.15,0.14,0.14,0.13,0.12,0.12,0.11,0.1,,,,,,,,,4495,5501,1185,1457,2719,1182,674,427,894,507,202,235,19521,1,1,,3,,7,,,2,,,,,1,,,1,,,,1,,1,,,,,,,,2,,,,1,,,,,,,,,,,1,,,,,,,,,,,,,,,,,,,,,,2,1,,,,,
1207480798159695,100066933574280,"Wakabi - Le guide des bons coins","RDV au 228 Bbq Festival","RDV au @[100063577147093:2048:228 Bbq Festival]",32,"12/26/2025 15:46",N/A,https://www.facebook.com/reel/842516818666847/,0,0,Vidéos,,,,,Global,51665,41613,462,454,5,3,718,356,101,178,52768,10429,41460,29492,0,24658,0,29411,81,0,0,0,0,885.91,83.8,129.735,451949.098,7.203,5.238,5.898,8.873,0,0,1,0.99,0.99,0.99,0.99,1,1,1,1,1,1,1,1,1,1,1,0.95,0.78,0.76,0.74,0.72,0.69,0.66,0.64,0.62,0.6,0.58,0.55,0.53,0.5,0.48,0.4,0.21,,261,453048.543,8.865,0,0,0,0.87,0.87,0.87,0.87,0.87,0.76,0.75,0.64,0.52,0.45,0.4,0.4,0.37,0.34,0.31,0.3,0.3,0.28,0.27,0.26,0.23,0.23,0.17,0.16,0.16,0.15,0.15,0.14,0.13,0.12,0.12,0.12,0.11,0.1,0.09,0.09,0.09,0.08,0.07,0.06,0.05,,,,,,,,,10021,5883,1464,4706,2402,1095,1191,684,802,516,287,337,29471,3,,,1,3,1,,,1,,,,,1,,,,,,,,,1,,,,,,,,6,,,,,,,2,,,,,,,,,,,,1,,,,1,,,,,,,,,,,,,,,,,,,,
1207975631443545,100066933574280,"Wakabi - Le guide des bons coins","ENTRÉE GRATUITE ! Rendez vous au 228 Bbq Festival, pour une soirée magique.","ENTRÉE GRATUITE ! Rendez vous au @[100063577147093:2048:228 Bbq Festival], pour une soirée magique.",17,"12/27/2025 08:48",N/A,https://www.facebook.com/reel/1549245136402498/,0,0,Vidéos,,,,,Global,8637,27743,84,83,1,0,3166,2517,609,121,8909,22739,27583,4057,0,4003,0,4024,33,0,0,0,0,395.18,0,59.06,57127.983,4.762,0,3.282,7.386,0,0,1,1,1,1,1,1,1,1,1,1,1,1,1,1,1,1,1,1,0.99,0.88,0.76,,,,,,,,,,,,,,40,57582.223,7.348,0,0,0,0.93,0.93,0.93,0.93,0.94,0.94,0.94,0.94,0.88,0.88,0.78,0.78,0.69,0.69,0.64,0.64,0.6,0.6,0.57,0.57,0.54,0.54,0.49,0.49,0.44,0.44,0.4,0.4,0.37,0.37,0.34,0.34,0.31,0.31,0.28,0.28,0.26,0.26,0.23,0.23,0.2,,,,,,,,,1646,793,345,677,109,170,55,173,32,26,8,15,4046,3,2,,,1,2,,,,,,,,,,,,,,1,,,,,,,,,,,2,,,,,,,,,,,,,,,,,,,,,,,,,,,,,,,,,,,,,,,,,,,
1208046231436485,100066933574280,"Wakabi - Le guide des bons coins","ENTRÉE GRATUITE ! Rendez vous au 228 Bbq Festival, pour une soirée magique.","ENTRÉE GRATUITE ! Rendez vous au @[100063577147093:2048:228 Bbq Festival], pour une soirée magique.",30,"12/27/2025 11:02",N/A,https://www.facebook.com/reel/1195979225373988/,0,0,Vidéos,,,,,Global,38117,31917,209,206,1,2,622,159,370,191,39454,6932,31772,19380,0,16864,0,19328,52,0,0,0,0,591.051,11.352,82.224,306508.567,3.789,3.784,5.482,8.266,0,0,0.99,0.99,0.99,0.99,0.99,1,1,1,1,1,1,1,1,1,1,1,1,0.97,0.83,0.79,0.77,0.74,0.7,0.67,0.63,0.61,0.59,0.57,0.46,0.28,0.26,0.24,0.22,,93,307193.194,8.245,0,0,0,0.86,0.86,0.87,0.87,0.87,0.79,0.78,0.7,0.58,0.51,0.46,0.46,0.41,0.38,0.34,0.31,0.31,0.29,0.28,0.26,0.25,0.25,0.23,0.18,0.17,0.16,0.16,0.15,0.13,0.12,0.11,0.11,0.1,0.1,0.09,0.08,0.08,0.08,0.07,0.07,0.06,,,,,,,,,6512,4198,1522,2676,1085,1058,367,836,480,260,138,176,19366,1,2,,3,2,4,,,,,,,,,,,1,,,,,,,,,,,,,,1,,,,,,,,,,,,,,,,,,,,,,,,,,,,,,,,,,,,,,,,,,,
1210078387899936,100066933574280,"Wakabi - Le guide des bons coins","RDV au 228 Bbq Festival pour le show exceptionnel de Santrinos. Venez mettre le feu 🔥","RDV au @[100063577147093:2048:228 Bbq Festival] pour le show exceptionnel de Santrinos. Venez mettre le feu 🔥",58,"12/30/2025 09:45",N/A,https://www.facebook.com/reel/1436232351445699/,0,0,Vidéos,,,,,Global,18135,16873,165,152,12,1,584,128,394,298,18983,3873,16571,10092,0,8508,0,9982,110,0,0,0,0,1626.783,112.144,171.674,210100.993,8.429,3.618,3.993,11.603,0,0,1,0.99,1,1,1,1,1,1,1,1,1,0.97,0.88,0.82,0.79,0.77,0.77,0.76,0.74,0.72,0.7,0.69,0.51,0.46,0.44,0.41,0.38,0.36,0.34,0.31,0.3,0.29,0.28,,62,212011.594,11.538,0,0,0,0.84,0.84,0.84,0.67,0.54,0.46,0.41,0.36,0.33,0.29,0.26,0.23,0.2,0.17,0.16,0.15,0.15,0.15,0.14,0.13,0.13,0.12,0.11,0.1,0.09,0.09,0.08,0.08,0.07,0.07,0.07,0.06,0.06,0.06,0.05,0.05,0.05,0.05,0.04,0.04,0.04,0.26,0.25,0.24,0.23,0.22,0.22,0.21,0.14,4043,2382,892,1329,304,515,93,300,84,58,46,14,10065,9,1,,1,,6,,,2,,2,,,,,,,,,,1,,,,,,,1,,,,,,1,,,,,,1,,,,,1,,,,,,,1,,,,,,,,,,,,,,,,,,,,,,
1210162651224843,100066933574280,"Wakabi - Le guide des bons coins","Lomé : quelques restaurants au cadre enchanteur

https://wakabileguide.com/restaurant-vue-a-lome-nos-coups-de-coeur/

Bénin - Côte d'Ivoire - Sénégal - Togo
📲+229 0146490999

#Wakabi #LeGuide #WakabiLeGuide #ExploreWithWakabi",,0,"12/30/2025 12:44",N/A,https://www.facebook.com/wakabileguide/posts/pfbid024DeK7s4h4PMbiubutqr2LynDdQhz1uA8f1KfUXKhfkAZU9DrSVusihqCDGGrvgWl,0,0,Liens,,,,,Global,82,28,0,0,0,0,3,3,,82,0,28,0,0,0,0,0,0,0,0,0,0,0,0,0,0,0,0,0,0,0,0,0,,,,,,,,,,,,,,,,,,,,,,,,,,,,,,,,,,,,,,,,,,,,,,,,,,,,,,,,,,,,,,,,,,,,,,,,,,,,,,,,,,,,,,,,,,,,,,,,,,,,,,,,,,,,,,,,,,,,,,,,,,,,,,,,,,,,,,,,,,,,,,,,,,,,,,,,,,,,,,,,,,,,,,,,,,,,,,,,
1210162927891482,100066933574280,"Wakabi - Le guide des bons coins","Côte d’Ivoire : les 7 merveilles naturelles du pays

https://wakabileguide.com/cote-divoire-les-7-merveilles-naturelles-du-pays/

Bénin - Côte d'Ivoire - Sénégal - Togo
📲+229 0146490999

#Wakabi #LeGuide #WakabiLeGuide #ExploreWithWakabi",,0,"12/30/2025 12:44",N/A,https://www.facebook.com/wakabileguide/posts/pfbid02NDXh6dGjUNUX84soood3gbv9yB64p5q3n5hvzXNb9xLGyUjiRraAH85X4jKtFiAkl,0,0,Liens,,,,,Global,49,20,0,0,0,0,0,,,49,0,20,0,0,0,0,0,0,0,0,0,0,0,0,0,0,0,0,0,0,0,0,0,,,,,,,,,,,,,,,,,,,,,,,,,,,,,,,,,,,,,,,,,,,,,,,,,,,,,,,,,,,,,,,,,,,,,,,,,,,,,,,,,,,,,,,,,,,,,,,,,,,,,,,,,,,,,,,,,,,,,,,,,,,,,,,,,,,,,,,,,,,,,,,,,,,,,,,,,,,,,,,,,,,,,,,,,,,,,,,,
1210163234558118,100066933574280,"Wakabi - Le guide des bons coins","Comment apprendre l’éwé ou du kabyè ?

https://wakabileguide.com/comment-apprendre-les-bases-de-lewe-ou-du-kabye/

Bénin - Côte d'Ivoire - Sénégal - Togo
📲+229 0146490999

#Wakabi #LeGuide #WakabiLeGuide #ExploreWithWakabi",,0,"12/30/2025 12:45",N/A,https://www.facebook.com/wakabileguide/posts/pfbid02pfw2wLwLuRfQBCXttzSREXRgKa9oEgwQ8TK9Aa7NFVBZGuRtGNRFKnHKkUj2u8iZl,0,0,Liens,,,,,Global,51,21,0,0,0,0,0,,,51,0,21,0,0,0,0,0,0,0,0,0,0,0,0,0,0,0,0,0,0,0,0,0,,,,,,,,,,,,,,,,,,,,,,,,,,,,,,,,,,,,,,,,,,,,,,,,,,,,,,,,,,,,,,,,,,,,,,,,,,,,,,,,,,,,,,,,,,,,,,,,,,,,,,,,,,,,,,,,,,,,,,,,,,,,,,,,,,,,,,,,,,,,,,,,,,,,,,,,,,,,,,,,,,,,,,,,,,,,,,,,
1210163504558091,100066933574280,"Wakabi - Le guide des bons coins","CULTURE TOGOLAISE : TOP 5 DES FIGURES LES PLUS MARQUANTES DE L'HISTOIRE

https://wakabileguide.com/les-figures-marquantes-de-la-culture-togolaise/

Bénin - Côte d'Ivoire - Sénégal - Togo
📲+229 0146490999

#Wakabi #LeGuide #WakabiLeGuide #ExploreWithWakabi",,0,"12/30/2025 12:45",N/A,https://www.facebook.com/wakabileguide/posts/pfbid02BnBJDEmyXAxrgb6yxihTBZcWfLYWo7uAfN7XfcX6oq4mAZ6DED1wWGcdUdkSHuNpl,0,0,Liens,,,,,Global,62,31,0,0,0,0,1,1,,62,0,31,0,0,0,0,0,0,0,0,0,0,0,0,0,0,0,0,0,0,0,0,0,,,,,,,,,,,,,,,,,,,,,,,,,,,,,,,,,,,,,,,,,,,,,,,,,,,,,,,,,,,,,,,,,,,,,,,,,,,,,,,,,,,,,,,,,,,,,,,,,,,,,,,,,,,,,,,,,,,,,,,,,,,,,,,,,,,,,,,,,,,,,,,,,,,,,,,,,,,,,,,,,,,,,,,,,,,,,,,,
1215994230641685,100066933574280,"Wakabi - Le guide des bons coins","#Wakabi #wakabileguide #Lomé","#Wakabi #wakabileguide #Lomé",18,"01/07/2026 12:29",N/A,https://www.facebook.com/reel/1172053015090908/,0,0,Vidéos,,,,,Global,95,64,4,4,0,0,1,,1,95,0,64,0,26,0,25,0,0,26,0,0,0,0,178.361,0,320.824,0,4.694,0,9.722,0,0,0,1,1,1,1,1,1,1,1,1,1,1,1,1,1,1,1,1,1,0.71,0.57,0.57,,,,,,,,,,,,,,,499.185,7.03,0,0,0,0.96,1,1,1,0.73,0.65,0.58,0.58,0.5,0.5,0.5,0.46,0.38,0.35,0.35,0.31,0.27,0.23,0.15,0.12,0.12,,,,,,,,,,,,,,,,,,,,,,,,,,,,,,,,,,,,,,,,,,,,,,,,,,,,,,,,,,,,,,,,,,,,,,,,,,,,,,,,,,,,,,,,,,,,,,,,,,,,,,,,,,,,,,,,,,,
1216493027258472,100066933574280,"Wakabi - Le guide des bons coins","Fête du vaudou cœur du benin 🇧🇯❤️ 

 #wakabileguide #beninculture🇧🇯  #ouidahbénin",,0,"01/08/2026 05:12",N/A,https://www.facebook.com/wakabileguide/posts/pfbid0heFaQ1QpjQv9hUgBtUySe78UwNFTf5orPSScEeqfJCcqbmaPgks542BCYvyvEUbSl,0,0,Photos,,,,,Global,193,82,4,2,0,2,5,,1,193,0,82,0,0,0,0,0,0,0,0,0,0,0,0,0,0,0,0,0,0,0,0,0,,,,,,,,,,,,,,,,,,,,,,,,,,,,,,,,,,4,,,,,,,,,,,,,,,,,,,,,,,,,,,,,,,,,,,,,,,,,,,,,,,,,,,,,,,,,,,,,,,,,,,,,,,,,,,,,,,,,,,,,,,,,,,,,,,,,,,,,,,,,,,,,,,,,,,,,,,,,,,,,,,,,,,,,,,,,,,,,,
1217453097162465,100066933574280,"Wakabi - Le guide des bons coins","Wakabi est maintenant disponible sur play store ! Télécharge l’application et découvre les meilleurs bon plans ,événements et adresses autour de toi","Wakabi est maintenant disponible sur play store ! Télécharge l’application et découvre les meilleurs bon plans ,événements et adresses autour de toi",36,"01/09/2026 11:46",N/A,https://www.facebook.com/reel/724433157406854/,0,0,Vidéos,,,,,Global,68,52,3,3,0,0,0,,,68,0,52,0,22,0,17,0,0,22,0,0,0,0,162.727,0,176.596,0,4.932,0,8.028,0,0,0,1,1,1,1,1,1,1,1,1,1,1,1,1,1,1,1,1,1,1,0.8,0.6,0.6,0.6,0.6,0.6,0.6,0.6,0.6,0.6,0.6,0.6,0.6,0.6,,,339.323,6.169,0,0,0,0.95,0.95,0.95,0.95,0.68,0.73,0.73,0.59,0.55,0.5,0.45,0.32,0.32,0.27,0.27,0.23,0.23,0.23,0.23,0.18,0.14,0.14,0.14,0.14,0.14,0.14,0.14,0.14,0.14,0.14,0.14,0.09,0.09,0.09,0.09,0.09,0.05,,,,,0.6,0.6,0.6,0.4,,,,,,,,,,,,,,,,,,,,,,,,,,,,,,,,,,,,,,,,,,,,,,,,,,,,,,,,,,,,,,,,,,,,,,,,,,,,,,,,,,,,,,,,,,,
1217861300454978,100066933574280,"Wakabi - Le guide des bons coins","Opérateur de réseau mobile au Togo : quel est le meilleur ?

https://wakabileguide.com/le-meilleur-operateur-reseau-au-togo-yas-et-moov/

Bénin - Côte d'Ivoire - Sénégal - Togo
📲+229 0146490999

#Wakabi #LeGuide #WakabiLeGuide #ExploreWithWakabi",,0,"01/10/2026 01:56",N/A,https://www.facebook.com/wakabileguide/posts/pfbid0EQkDTb3HtCRwoqRSoiaCsy98WARPVdHJsZC3ei2oxUJj4fubibRj7jNsnTBoRrnBl,0,0,Liens,,,,,Global,44,18,0,0,0,0,0,,,44,0,18,0,0,0,0,0,0,0,0,0,0,0,0,0,0,0,0,0,0,0,0,0,,,,,,,,,,,,,,,,,,,,,,,,,,,,,,,,,,,,,,,,,,,,,,,,,,,,,,,,,,,,,,,,,,,,,,,,,,,,,,,,,,,,,,,,,,,,,,,,,,,,,,,,,,,,,,,,,,,,,,,,,,,,,,,,,,,,,,,,,,,,,,,,,,,,,,,,,,,,,,,,,,,,,,,,,,,,,,,,
1217861600454948,100066933574280,"Wakabi - Le guide des bons coins","Wakabi Le Guide : la référence des bons plans au Togo et dans la sous-région

https://wakabileguide.com/wakabi-le-guide-la-reference-des-bons-plans/

Bénin - Côte d'Ivoire - Sénégal - Togo
📲+229 0146490999

#Wakabi #LeGuide #WakabiLeGuide #ExploreWithWakabi",,0,"01/10/2026 01:57",N/A,https://www.facebook.com/wakabileguide/posts/pfbid0xjF3zYi2zRTXm4GxAY4UuSsGVPSzpsQz12YU8YmDhi9dUAdDCuwbLq9ZXGCmRiyVl,0,0,Liens,,,,,Global,44,22,0,0,0,0,0,,,44,0,22,0,0,0,0,0,0,0,0,0,0,0,0,0,0,0,0,0,0,0,0,0,,,,,,,,,,,,,,,,,,,,,,,,,,,,,,,,,,,,,,,,,,,,,,,,,,,,,,,,,,,,,,,,,,,,,,,,,,,,,,,,,,,,,,,,,,,,,,,,,,,,,,,,,,,,,,,,,,,,,,,,,,,,,,,,,,,,,,,,,,,,,,,,,,,,,,,,,,,,,,,,,,,,,,,,,,,,,,,,
1218863953688046,100066933574280,"Wakabi - Le guide des bons coins","Événements urbains à Lomé : focus sur le Brunch Coloré et 228 BBQ

https://wakabileguide.com/evenements-a-lome-le-228-bbq-et-le-brunch-colore/

Bénin - Côte d'Ivoire - Sénégal - Togo
📲+229 0146490999

#Wakabi #LeGuide #WakabiLeGuide #ExploreWithWakabi",,0,"01/11/2026 10:13",N/A,https://www.facebook.com/wakabileguide/posts/pfbid02NcMY6z1dWC5ywg6SL6XYUYmp5rPTTc8W5prywbEDDHW3kLTL37kG73MtTkLPJBSHl,0,0,Liens,,,,,Global,80,39,2,1,0,1,0,,,80,0,39,0,0,0,0,0,0,0,0,0,0,0,0,0,0,0,0,0,0,0,0,0,,,,,,,,,,,,,,,,,,,,,,,,,,,,,,,,,,,,,,,,,,,,,,,,,,,,,,,,,,,,,,,,,,,,,,,,,,,,,,,,,,,,,,,,,,,,,,,,,,,,,,,,,,,,,,,,,,,,,,,,,,,,,,,,,,,,,,,,,,,,,,,,,,,,,,,,,,,,,,,,,,,,,,,,,,,,,,,,
1218865223687919,100066933574280,"Wakabi - Le guide des bons coins","Découvrez la Côte d'Ivoire hors des sentiers battus...

https://wakabileguide.com/cote-divoire-hors-des-sentiers-battus/

Bénin - Côte d'Ivoire - Sénégal - Togo
📲+229 0146490999

#Wakabi #LeGuide #WakabiLeGuide #ExploreWithWakabi",,0,"01/11/2026 10:15",N/A,https://www.facebook.com/wakabileguide/posts/pfbid02rhfHbpYPgrHLDAXH4Z3wo38L5Y1ZZeVQTZPTB17w7N9v7YpDjahNsXyMiyXKmrh4l,0,0,Liens,,,,,Global,51,26,1,1,0,0,1,1,,51,0,26,0,0,0,0,0,0,0,0,0,0,0,0,0,0,0,0,0,0,0,0,0,,,,,,,,,,,,,,,,,,,,,,,,,,,,,,,,,,,,,,,,,,,,,,,,,,,,,,,,,,,,,,,,,,,,,,,,,,,,,,,,,,,,,,,,,,,,,,,,,,,,,,,,,,,,,,,,,,,,,,,,,,,,,,,,,,,,,,,,,,,,,,,,,,,,,,,,,,,,,,,,,,,,,,,,,,,,,,,,
1218865750354533,100066933574280,"Wakabi - Le guide des bons coins","Togo : voici 4 lieux chargés de spiritualité

https://wakabileguide.com/togo-voici-4-lieux-charges-de-spiritualite/

Bénin - Côte d'Ivoire - Sénégal - Togo
📲+229 0146490999

#Wakabi #LeGuide #WakabiLeGuide #ExploreWithWakabi",,0,"01/11/2026 10:16",N/A,https://www.facebook.com/wakabileguide/posts/pfbid02iKnVW9j5NRqN5THcNtNzRLebEbgFZr5mB87Sgu5RQmYGUfGHvFCrwvzZs36QY57Vl,0,0,Liens,,,,,Global,50,25,0,0,0,0,2,2,,50,0,25,0,0,0,0,0,0,0,0,0,0,0,0,0,0,0,0,0,0,0,0,0,,,,,,,,,,,,,,,,,,,,,,,,,,,,,,,,,,,,,,,,,,,,,,,,,,,,,,,,,,,,,,,,,,,,,,,,,,,,,,,,,,,,,,,,,,,,,,,,,,,,,,,,,,,,,,,,,,,,,,,,,,,,,,,,,,,,,,,,,,,,,,,,,,,,,,,,,,,,,,,,,,,,,,,,,,,,,,,,
1218867660354342,100066933574280,"Wakabi - Le guide des bons coins","Dessert ivoirien : ce que vous devez absolument goûter

https://wakabileguide.com/dessert-ivoirien-ce-que-vous-devez-gouter/

Bénin - Côte d'Ivoire - Sénégal - Togo
📲+229 0146490999

#Wakabi #LeGuide #WakabiLeGuide #ExploreWithWakabi",,0,"01/11/2026 10:20",N/A,https://www.facebook.com/wakabileguide/posts/pfbid02KCFM8aZZH5G4RWZxYTxwgfDtcy2y8YRKjHrefZjpCzLrVeJTJdSDHXekEfSHjex8l,0,0,Liens,,,,,Global,53,26,0,0,0,0,1,1,,53,0,26,0,0,0,0,0,0,0,0,0,0,0,0,0,0,0,0,0,0,0,0,0,,,,,,,,,,,,,,,,,,,,,,,,,,,,,,,,,,,,,,,,,,,,,,,,,,,,,,,,,,,,,,,,,,,,,,,,,,,,,,,,,,,,,,,,,,,,,,,,,,,,,,,,,,,,,,,,,,,,,,,,,,,,,,,,,,,,,,,,,,,,,,,,,,,,,,,,,,,,,,,,,,,,,,,,,,,,,,,,
1219303550310753,100066933574280,"Wakabi - Le guide des bons coins","Wakabi - Le guide des bons coins a une nouvelle photo.",,0,"01/12/2026 03:22",N/A,https://www.facebook.com/photo.php?fbid=1219303550310753&set=a.419360596971723&type=3,0,0,Photos,,,,,Global,64,32,0,0,0,0,3,,2,64,0,32,0,0,0,0,0,0,0,0,0,0,0,0,0,0,0,0,0,0,0,0,0,,,,,,,,,,,,,,,,,,,,,,,,,,,,,,,,,,1,,,,,,,,,,,,,,,,,,,,,,,,,,,,,,,,,,,,,,,,,,,,,,,,,,,,,,,,,,,,,,,,,,,,,,,,,,,,,,,,,,,,,,,,,,,,,,,,,,,,,,,,,,,,,,,,,,,,,,,,,,,,,,,,,,,,,,,,,,,,,,
1219309980310110,100066933574280,"Wakabi - Le guide des bons coins","Wakabi - Le guide des bons coins a changé sa photo de couverture.",,0,"01/12/2026 03:34",N/A,https://www.facebook.com/photo.php?fbid=1219309980310110&set=a.419360580305058&type=3,0,0,Photos,,,,,Global,0,0,0,0,0,0,0,,,0,0,0,0,0,0,0,0,0,0,0,0,0,0,0,0,0,0,0,0,0,0,0,0,,,,,,,,,,,,,,,,,,,,,,,,,,,,,,,,,,,,,,,,,,,,,,,,,,,,,,,,,,,,,,,,,,,,,,,,,,,,,,,,,,,,,,,,,,,,,,,,,,,,,,,,,,,,,,,,,,,,,,,,,,,,,,,,,,,,,,,,,,,,,,,,,,,,,,,,,,,,,,,,,,,,,,,,,,,,,,,,
1219310266976748,100066933574280,"Wakabi - Le guide des bons coins","Wakabi - Le guide des bons coins a changé sa photo de couverture.",,0,"01/12/2026 03:34",N/A,https://www.facebook.com/photo.php?fbid=1219310266976748&set=a.419360580305058&type=3,0,0,Photos,,,,,Global,1,1,2,2,0,0,0,,,1,0,1,0,0,0,0,0,0,0,0,0,0,0,0,0,0,0,0,0,0,0,0,0,,,,,,,,,,,,,,,,,,,,,,,,,,,,,,,,,,,,,,,,,,,,,,,,,,,,,,,,,,,,,,,,,,,,,,,,,,,,,,,,,,,,,,,,,,,,,,,,,,,,,,,,,,,,,,,,,,,,,,,,,,,,,,,,,,,,,,,,,,,,,,,,,,,,,,,,,,,,,,,,,,,,,,,,,,,,,,,,
1219459893628452,100066933574280,"Wakabi - Le guide des bons coins","Marché de Treichville : que faut-il savoir ?

https://wakabileguide.com/marche-de-treichville-que-faut-il-savoir/

Bénin - Côte d'Ivoire - Sénégal - Togo
📲+229 0146490999

#Wakabi #LeGuide #WakabiLeGuide #ExploreWithWakabi",,0,"01/12/2026 08:00",N/A,https://www.facebook.com/wakabileguide/posts/pfbid02VrNqogMwrTUkJFgtZL8gWqBbqZWe9G6JpfRptejPbF5m4JJb97twx8828cKFvd8Hl,0,0,Liens,,,,,Global,60,35,0,0,0,0,0,,,60,0,35,0,0,0,0,0,0,0,0,0,0,0,0,0,0,0,0,0,0,0,0,0,,,,,,,,,,,,,,,,,,,,,,,,,,,,,,,,,,,,,,,,,,,,,,,,,,,,,,,,,,,,,,,,,,,,,,,,,,,,,,,,,,,,,,,,,,,,,,,,,,,,,,,,,,,,,,,,,,,,,,,,,,,,,,,,,,,,,,,,,,,,,,,,,,,,,,,,,,,,,,,,,,,,,,,,,,,,,,,,
1219460263628415,100066933574280,"Wakabi - Le guide des bons coins","Quel rôle joue le griot en Côte d’Ivoire aujourd’hui ?

https://wakabileguide.com/quel-role-joue-le-griot-en-cote-divoire/

Bénin - Côte d'Ivoire - Sénégal - Togo
📲+229 0146490999

#Wakabi #LeGuide #WakabiLeGuide #ExploreWithWakabi",,0,"01/12/2026 08:01",N/A,https://www.facebook.com/wakabileguide/posts/pfbid0YX25teKt1oH6Bp8Ep7q9PcTYEWH4cKXQZsCyRLhUErfBik26ULbaPyhwC3Zfxy1Xl,0,0,Liens,,,,,Global,73,40,0,0,0,0,0,,,73,0,40,0,0,0,0,0,0,0,0,0,0,0,0,0,0,0,0,0,0,0,0,0,,,,,,,,,,,,,,,,,,,,,,,,,,,,,,,,,,,,,,,,,,,,,,,,,,,,,,,,,,,,,,,,,,,,,,,,,,,,,,,,,,,,,,,,,,,,,,,,,,,,,,,,,,,,,,,,,,,,,,,,,,,,,,,,,,,,,,,,,,,,,,,,,,,,,,,,,,,,,,,,,,,,,,,,,,,,,,,,
1219561546951620,100066933574280,"Wakabi - Le guide des bons coins","Installer Wakabi en trois étapes simple ! ✅

#wakabileguide #wakabi #event228",,0,"01/12/2026 11:04",N/A,https://www.facebook.com/wakabileguide/posts/pfbid0H6hS6zoTbTcRSGauWPkxUdi5TzbKcgKdWs13mUFWR1uHf1TTtctpRMwEc3F77xg1l,0,0,Photos,,,,,Global,287,120,9,5,0,4,13,,6,287,0,120,0,0,0,0,0,0,0,0,0,0,0,0,0,0,0,0,0,0,0,0,0,,,,,,,,,,,,,,,,,,,,,,,,,,,,,,,,,,7,,,,,,,,,,,,,,,,,,,,,,,,,,,,,,,,,,,,,,,,,,,,,,,,,,,,,,,,,,,,,,,,,,,,,,,,,,,,,,,,,,,,,,,,,,,,,,,,,,,,,,,,,,,,,,,,,,,,,,,,,,,,,,,,,,,,,,,,,,,,,,
1219563076951467,100066933574280,"Wakabi - Le guide des bons coins","Wakabi - Le guide des bons coins a changé sa photo de profil.",,0,"01/12/2026 11:07",N/A,https://www.facebook.com/photo.php?fbid=1219563076951467&set=a.419360596971723&type=3,0,0,Photos,,,,,Global,108,58,1,1,0,0,1,,1,108,0,58,0,0,0,0,0,0,0,0,0,0,0,0,0,0,0,0,0,0,0,0,0,,,,,,,,,,,,,,,,,,,,,,,,,,,,,,,,,,,,,,,,,,,,,,,,,,,,,,,,,,,,,,,,,,,,,,,,,,,,,,,,,,,,,,,,,,,,,,,,,,,,,,,,,,,,,,,,,,,,,,,,,,,,,,,,,,,,,,,,,,,,,,,,,,,,,,,,,,,,,,,,,,,,,,,,,,,,,,,,
1225322633042178,100066933574280,"Wakabi - Le guide des bons coins","Cette soirée n’étais pas qu’un tapis rouge , c’était une célébration de l’audace, de la sororité et de l’excellence féminine « Soirée Gala : Tapis rouge entre femmes »

#wakabileguide #explorelomewithwakabi #évent228 #soireefemme",,0,"01/20/2026 03:43",N/A,https://www.facebook.com/wakabileguide/posts/pfbid02oScnXmTQqeEcKqXipSRJR9sYyGh1472pAcaF76MQLoHyeC9erkW66Vvbj23rWkdKl,0,0,Photos,,,,,Global,143,81,6,5,0,1,9,,5,143,0,81,0,0,0,0,0,0,0,0,0,0,0,0,0,0,0,0,0,0,0,0,0,,,,,,,,,,,,,,,,,,,,,,,,,,,,,,,,,,4,,,,,,,,,,,,,,,,,,,,,,,,,,,,,,,,,,,,,,,,,,,,,,,,,,,,,,,,,,,,,,,,,,,,,,,,,,,,,,,,,,,,,,,,,,,,,,,,,,,,,,,,,,,,,,,,,,,,,,,,,,,,,,,,,,,,,,,,,,,,,,
1227719352802506,100066933574280,"Wakabi - Le guide des bons coins","TOGO NYONUFIO 🇹🇬❤️","Elles créent, elles inspirent, elles brillent ! Focus sur nos exposantes du gala Togo Nyonufio.🇹🇬🔥",150,"01/23/2026 04:04",mixed,https://www.facebook.com/reel/1225049779740539/,0,0,Vidéos,,,,,Global,162,147,5,5,0,0,0,,,162,0,147,0,72,3,72,3,0,72,0,0,0,0,873.532,0,228.02,0,7.87,0,6.515,0,0,0,1,1,1,1,1,0.93,0.86,0.71,0.57,0.43,0.36,0.21,0.21,0.21,0.21,0.21,0.21,0.14,0.14,0.14,0.21,0.14,0.14,0.14,0.07,0,0,0,0,0,0,0,0,,,1101.552,7.544,0,0,0,1,0.89,0.5,0.29,0.18,0.15,0.15,0.13,0.1,0.08,0.07,0.04,0.04,0.04,0.04,0.04,0.04,0.03,0.03,0.03,0.03,0.03,0.03,0.03,0.01,0,0,0,0,0,0,0,0,0,0,0,0,0,0,0,0,0,0,0,0,0,0,0,0,,,,,,,,,,,,,,,,,,,,,,,,,,,,,,,,,,,,,,,,,,,,,,,,,,,,,,,,,,,,,,,,,,,,,,,,,,,,,,,,,,,,,,,
1228545456053229,100066933574280,"Wakabi - Le guide des bons coins","Speed didn't come to Togo...
So Wakabi imagined it

#explorewithwakabi","Speed didn't come to Togo...
So Wakabi imagined it

#explorewithwakabi",20,"01/24/2026 04:42",N/A,https://www.facebook.com/reel/25677493345204901/,0,0,Vidéos,,,,,Global,428,223,15,10,1,4,3,,3,426,0,223,0,196,0,181,0,0,196,0,0,0,0,868.828,1083.536,965.497,0,6.583,9.03,9.196,0,0,0,0.99,1,1,1,1,1,1,1,1,1,1,1,1,1,1,1,0.97,0.93,0.74,0.57,0.47,,,,,,,,,,,,,,,2917.861,8.173,0,0,0,0.97,0.98,0.98,0.98,0.9,0.85,0.74,0.63,0.59,0.55,0.54,0.52,0.49,0.46,0.45,0.42,0.4,0.38,0.3,0.22,0.17,,,,,,,,,,,,,,,,,,,,,,,,,,,,,76,37,21,20,4,9,11,10,,1,2,,98,9,7,,9,6,8,,,4,,3,,3,12,,4,3,1,1,,6,,1,2,2,,,1,,,2,,,1,3,,,3,2,,1,,,,1,,,1,,,,,,,,,,,,,,,,,,,,,,1,1,,,
1230926245815150,100066933574280,"Wakabi - Le guide des bons coins","Taguez les autres créateurs de contenus qui font la même chose dans les commentaires ! wakabi vous propose la collab vrai guide local ! C'est parti ���� 
@Ishowspeed,@davud akhundzada,@steven ndukwu,@waleed Travels 
#wakabileguide#wakabi#Togo#lomé","Taguez les autres créateurs de contenus qui font la même chose dans les commentaires ! wakabi vous propose la collab vrai guide local ! C'est parti ���� 
@Ishowspeed,@davud akhundzada,@steven ndukwu,@waleed Travels 
#wakabileguide#wakabi#Togo#lomé",61,"01/26/2026 16:50",N/A,https://www.facebook.com/reel/1416516729922867/,0,0,Vidéos,,,,,Global,154,141,4,4,0,0,0,,,154,0,141,0,79,5,79,5,0,79,0,0,0,0,498.845,0,513.989,0,4.94,0,12.537,0,0,0,1,1,1,1,1,1,1,1,1,1,1,0.91,0.91,0.91,0.91,0.91,0.91,0.91,0.82,0.82,0.82,0.82,0.82,0.82,0.73,0.73,0.64,0.64,0.64,0.64,0.64,0.64,0.64,,,1012.834,7.132,0,0,0,1,1,1,0.65,0.29,0.22,0.18,0.15,0.15,0.13,0.13,0.11,0.11,0.11,0.11,0.11,0.11,0.11,0.11,0.11,0.1,0.1,0.1,0.1,0.09,0.09,0.08,0.08,0.08,0.08,0.08,0.08,0.08,0.08,0.06,0.06,0.06,0.06,0.05,0.05,0.04,0.64,0.55,0.55,0.55,0.55,0.45,0.45,0.45,,,,,,,,,,,,,,,,,,,,,,,,,,,,,,,,,,,,,,,,,,,,,,,,,,,,,,,,,,,,,,,,,,,,,,,,,,,,,,,,,,,,,,,
1231475372426904,100066933574280,"Wakabi - Le guide des bons coins","Tu sais pas mais !!","WAKABI, c’est plus qu’une appli.
C’est ton guide pour mieux vivre !
📍 Bons plans
🍽️ Restaurants
🎉 Sorties
🧭 Quartiers
Tout est là. Au même endroit.
Tu explores quand ?
#Wakabi #Explorewithwakabi
#Wakabitusaispasmais",50,"01/27/2026 07:41",N/A,https://www.facebook.com/reel/1207281518225261/,0,0,Vidéos,,,,,Global,190,134,12,10,0,2,2,,2,190,0,134,0,53,0,49,0,0,53,0,0,0,0,414.09,93.962,350.21,0,4.706,2.937,7.148,0,0,0,1,1,1,1,1,1,1,1,1,1,1,1,1,0.93,0.71,0.71,0.64,0.64,0.64,0.64,0.64,0.64,0.64,0.64,0.64,0.43,0.43,0.43,0.43,0.43,0.36,0.29,0.29,,,858.262,5.078,0,0,0,0.96,0.96,0.96,0.77,0.64,0.55,0.51,0.47,0.38,0.34,0.3,0.28,0.26,0.25,0.19,0.19,0.17,0.19,0.19,0.19,0.19,0.19,0.17,0.15,0.15,0.11,0.11,0.11,0.11,0.11,0.09,0.08,0.08,0.08,0.06,0.04,0.04,0.02,0,0,0,0.29,0.21,0.14,0.14,0.07,0,0,0,,,,,,,,,,,,,,,,,,,,,,,,,,,,,,,,,,,,,,,,,,,,,,,,,,,,,,,,,,,,,,,,,,,,,,,,,,,,,,,,,,,,,,,
1232528015654973,100066933574280,"Wakabi - Le guide des bons coins","🎷 Ancestor en concert live
Ce 30 janvier !
Du jazz, du groove et de vraies émotions.

#Explorewithwakabi#wakabileguide#Ancestors",,0,"01/28/2026 12:34",N/A,https://www.facebook.com/wakabileguide/posts/pfbid021gbPcXtRbvFQJ6Z5yynJ3iwmBPYymKERU7BGhc7F7ztKJrYESvjD1rCv91mNsyN3l,0,0,Photos,,,,,Global,86,47,3,3,0,0,3,,1,86,0,47,0,0,0,0,0,0,0,0,0,0,0,0,0,0,0,0,0,0,0,0,0,,,,,,,,,,,,,,,,,,,,,,,,,,,,,,,,,,2,,,,,,,,,,,,,,,,,,,,,,,,,,,,,,,,,,,,,,,,,,,,,,,,,,,,,,,,,,,,,,,,,,,,,,,,,,,,,,,,,,,,,,,,,,,,,,,,,,,,,,,,,,,,,,,,,,,,,,,,,,,,,,,,,,,,,,,,,,,,,,
1233173045590470,100066933574280,"Wakabi - Le guide des bons coins","Même le président Macron a confirmé 😎 What are you waiting for ?  #explorewithwakabi #Wakabi #wakabileguide","Même le président Macron a confirmé 😎 What are you waiting for ?  #explorewithwakabi #Wakabi #wakabileguide",10,"01/29/2026 06:38",N/A,https://www.facebook.com/reel/1226226088873507/,0,0,Vidéos,,,,,Global,57,54,2,2,0,0,1,,1,57,0,54,0,20,0,20,0,0,20,0,0,0,0,118.907,0,116.524,0,6.259,0,4.661,0,0,0,1,1,1,1,1,1,1,1,1,1,1,1,1,,,,,,,,,,,,,,,,,,,,,,,235.431,5.35,0,0,0,1,1,1,1,1,0.85,0.75,0.65,0.65,0.5,0.3,0.25,0.25,,,,,,,,,,,,,,,,,,,,,,,,,,,,,,,,,,,,,,,,,,,,,,,,,,,,,,,,,,,,,,,,,,,,,,,,,,,,,,,,,,,,,,,,,,,,,,,,,,,,,,,,,,,,,,,,,,,,,,,,,,,
1234259652148476,100066933574280,"Wakabi - Le guide des bons coins","Tous à l'espace culturel miva pour soutenir Ancestors 🎉🎉✨
#Wakabi 
#explorewithwakabi
#wakabileguide
 #Ancestorstogo","Tous à l'espace culturel miva pour soutenir Ancestors 🎉🎉✨
#Wakabi 
#explorewithwakabi
#wakabileguide
 #Ancestorstogo",62,"01/30/2026 12:55",N/A,https://www.facebook.com/reel/3799849873653168/,0,0,Vidéos,,,,,Global,113,109,1,1,0,0,0,,,113,0,109,0,54,0,52,0,0,54,0,0,0,0,342.776,0,104.925,0,4.081,0,4.197,0,0,0,1,1,1,1,1,1,1,1,1,1,0.83,0.83,0.83,0.33,0.17,0.17,0.17,0.17,0.17,0.17,0.17,0.17,0.17,0.17,0,0,0,0,0,0,0,0,0,,,447.701,4.107,0,0,0,0.98,0.98,0.96,0.43,0.3,0.2,0.15,0.11,0.11,0.11,0.09,0.09,0.09,0.04,0.02,0.02,0.02,0.02,0.02,0.02,0.02,0.02,0.02,0.04,0.02,0.02,0.02,0.02,0,0,0,0,0,0,0,0,0,0,0,0,0,0,0,0,0,0,0,0,0,,,,,,,,,,,,,,,,,,,,,,,,,,,,,,,,,,,,,,,,,,,,,,,,,,,,,,,,,,,,,,,,,,,,,,,,,,,,,,,,,,,,,,,
1237891545118620,100066933574280,"Wakabi - Le guide des bons coins","Ils ont fait vibrer l’Ancestors Night.
Des artistes habités, une énergie sincère, des sonorités qui racontent des histoires, des racines et des émotions brutes.
Sur scène, chaque note était une conversation, chaque regard une connexion, chaque performance un moment suspendu dans le temps.
Ces artistes ont transformé la nuit en expérience, et le public en témoin privilégié.
✨ Retour en images sur celles et ceux qui ont porté l’âme de l’Ancestors Night.
Merci pour la musique.@ancestorsafrica Merci pour la magie.
#AncestorsNight 
#wakabileguide 
#explorewithwak",,0,"02/04/2026 04:42",N/A,https://www.facebook.com/wakabileguide/posts/pfbid02JJNas5RWTsj51urctMntSjdPWUESjbbNpKtkFfVswZ9YEveG9Vbmjpmj5JBcPgx9l,0,0,Photos,,,,,Global,169,69,7,5,0,2,6,,1,169,0,69,0,0,0,0,0,0,0,0,0,0,0,0,0,0,0,0,0,0,0,0,0,,,,,,,,,,,,,,,,,,,,,,,,,,,,,,,,,,5,,,,,,,,,,,,,,,,,,,,,,,,,,,,,,,,,,,,,,,,,,,,,,,,,,,,,,,,,,,,,,,,,,,,,,,,,,,,,,,,,,,,,,,,,,,,,,,,,,,,,,,,,,,,,,,,,,,,,,,,,,,,,,,,,,,,,,,,,,,,,,
1239006941673747,100066933574280,"Wakabi - Le guide des bons coins","Depuis Zanzibar, les vibrations du groupe @ancestorsafrica continuent de résonner ! 
Retour sur une soirée mémorable de communion musicale, de partage et de connexion aux racines. Une nuit intense où la musique a uni partenaires, fans et esprits autour d’une même énergie ancestrale💫.
Merci à toutes celles et ceux qui ont répondu présents et porté cette vibration jusqu’au bout.
La route continue.
#wakabi 
#wakabileguide 
#Ancestorsafrica","Depuis Zanzibar, les vibrations du groupe @ancestorsafrica continuent de résonner ! 
Retour sur une soirée mémorable de communion musicale, de partage et de connexion aux racines. Une nuit intense où la musique a uni partenaires, fans et esprits autour d’une même énergie ancestrale💫.
Merci à toutes celles et ceux qui ont répondu présents et porté cette vibration jusqu’au bout.
La route continue.
#wakabi 
#wakabileguide 
#Ancestorsafrica",65,"02/05/2026 09:41",N/A,https://www.facebook.com/reel/1773742129965398/,0,0,Vidéos,,,,,Global,6546,6120,49,46,0,3,112,,60,135,6275,1372,6050,2895,75,2811,74,2850,45,0,0,0,0,615.021,19.791,381.8,46048.965,9.045,2.474,10.319,7.779,0,0,1,1,1,1,1,1,1,1,1,1,0.75,0.68,0.63,0.58,0.54,0.5,0.47,0.45,0.43,0.4,0.39,0.37,0.36,0.34,0.33,0.31,0.3,0.28,0.26,0.23,0.21,0.19,0.18,,52,47065.577,7.801,0,0,0,0.99,0.99,0.96,0.77,0.6,0.49,0.43,0.34,0.3,0.28,0.19,0.17,0.16,0.15,0.13,0.13,0.12,0.11,0.11,0.1,0.09,0.09,0.09,0.08,0.08,0.07,0.07,0.07,0.06,0.06,0.05,0.05,0.04,0.04,0.04,0.03,0.03,0.02,0.02,0.01,0.01,0.17,0.15,0.13,0.11,0.1,0.09,0.08,0.07,672,629,264,224,347,191,123,111,144,86,40,52,2883,1,1,,1,,2,,,,,,,,1,,1,,,,1,,,,,,,,,,,2,2,,,,,,,,,,,,,,,,,,,,,,,,,,,,,,,,,,,,,,,,,,
1239708734936901,100066933574280,"Wakabi - Le guide des bons coins","LE GALA DU JOCELYN COMEDY CLUB
Prépare-toi pour une nuit 100% rires, talents et émotions !
Sous le haut parrainage du Ministère du Tourisme, des Arts et de la Culture, Jocelyn Dogbo réunit sur une même scène les meilleurs humoristes d’ici et d’ailleurs pour un gala exceptionnel à Lomé 
 Samedi 07 février 2026
 19h00
 Hôtel Sarakawa
 Pass : 5 000 F / 10 000 F CFA
Réservation : 20 000 F CFA
Des punchlines, des fous rires, une ambiance de gala…
#wakabileguide
#joclyn
#Wakabi","LE GALA DU JOCELYN COMEDY CLUB
Prépare-toi pour une nuit 100% rires, talents et émotions !
Sous le haut parrainage du Ministère du Tourisme, des Arts et de la Culture, Jocelyn Dogbo réunit sur une même scène les meilleurs humoristes d’ici et d’ailleurs pour un gala exceptionnel à Lomé 
 Samedi 07 février 2026
 19h00
 Hôtel Sarakawa
 Pass : 5 000 F / 10 000 F CFA
Réservation : 20 000 F CFA
Des punchlines, des fous rires, une ambiance de gala…
#wakabileguide
#joclyn
#Wakabi",94,"02/06/2026 05:25",N/A,https://www.facebook.com/reel/828197100245294/,0,0,Vidéos,,,,,Global,16752,12838,43,29,1,13,64,1,32,369,17617,1505,12452,11810,361,8581,267,11747,63,0,0,0,0,236.924,605.093,185.496,192766.746,4.085,2.411,8.066,10.954,0,0,1,0.99,0.99,0.99,0.99,0.99,0.99,0.14,0.12,0.1,0.1,0.09,0.08,0.08,0.07,0.06,0.06,0.06,0.06,0.06,0.05,0.05,0.05,0.04,0.04,0.04,0.04,0.03,0.03,0.03,0.03,0.03,0.03,,31,193794.259,10.807,0,0,0,0.88,0.89,0.78,0.72,0.68,0.64,0.61,0.08,0.06,0.06,0.05,0.05,0.04,0.04,0.04,0.03,0.03,0.03,0.03,0.03,0.03,0.03,0.02,0.02,0.02,0.02,0.02,0.02,0.02,0.02,0.01,0.01,0.01,0.01,0.01,0.01,0.01,0.01,0.01,0.01,0.01,0.03,0.03,0.03,0.02,0.02,0.02,0.02,0.01,2034,2760,835,526,1934,912,585,233,919,564,262,213,11772,,11,,2,1,8,,,1,,,,4,,,,,,,1,2,,,,,,,,1,,6,,,,,,,,,,,,,,,,,,,,,,,,,,,,,,,,1,,,,,,,,,,,
1239819304925844,100066933574280,"Wakabi - Le guide des bons coins","Atavi G, connu pour son rôle dans la série web AHOE, dévoile une autre facette de son art à travers Fefezik, un projet de résidence musicale entre création, performance et émotion.
Ce 07 février 2026
Une immersion musicale à ne pas manquer.
👉🏾 Dis-nous en commentaire : tu es curieux·se de découvrir Cyprien Atavi-G autrement ?
#Atavi G
#wakabileguide
#Wakabi","Atavi G, connu pour son rôle dans la série web AHOE, dévoile une autre facette de son art à travers Fefezik, un projet de résidence musicale entre création, performance et émotion.
Ce 07 février 2026
Une immersion musicale à ne pas manquer.
👉🏾 Dis-nous en commentaire : tu es curieux·se de découvrir @[61553283490098:2048:Cyprien Atavi-G] autrement ?
#Atavi G
#wakabileguide
#Wakabi",109,"02/06/2026 07:57",N/A,https://www.facebook.com/reel/1559434955318586/,0,0,Vidéos,,,,,Global,102,67,5,4,0,1,0,,,102,0,67,0,33,0,28,0,0,33,0,0,0,0,238.522,0,202.013,0,5.68,0,5.772,0,0,0,0.86,1,1,1,1,1,0.86,0.29,0.14,0.14,0.14,0.14,0.14,0.14,0.14,0.14,0.14,0,0,0,0,0,0,0,0,0,0,0,0,0,0,0,0,,,440.535,5.721,0,0,0,0.97,1,0.7,0.42,0.3,0.18,0.12,0.06,0.03,0.03,0.03,0.03,0.03,0.03,0.03,0.03,0.03,0,0,0,0,0,0,0,0,0,0,0,0,0,0,0,0,0,0,0,0,0,0,0,0,0,0,0,0,0,0,0,0,,,,,,,,,,,,,,,,,,,,,,,,,,,,,,,,,,,,,,,,,,,,,,,,,,,,,,,,,,,,,,,,,,,,,,,,,,,,,,,,,,,,,,,
1239990011575440,100066933574280,"Wakabi - Le guide des bons coins","Participez au tirage au sort en :
– Identifiant deux de vos amies en commentaire 
– Repartageant cette vidéo

À la clé : un pass pour l’événement Cyprien Atavi-G ce Samedi 7 février 2026

📍 Marché de Cacaveli

#Wakabi #wakabileguide","Participez au tirage au sort en :
– Identifiant deux de vos amies en commentaire 
– Repartageant cette vidéo

À la clé : un pass pour l’événement @[61553283490098:2048:Cyprien Atavi-G] ce Samedi 7 février 2026

📍 Marché de Cacaveli

#Wakabi #wakabileguide",25,"02/06/2026 12:20",N/A,https://www.facebook.com/reel/1209532428031038/,0,0,Vidéos,,,,,Global,145,112,18,7,6,5,12,,12,145,0,112,0,57,0,52,0,0,57,0,0,0,0,317.171,102.705,348.648,0,6.344,4.109,7.264,0,0,0,1,1,1,1,1,1,1,1,1,1,1,1,1,1,1,1,1,1,1,1,0.86,0.79,0.79,0.79,0.71,0.57,0.57,0.5,0.5,,,,,,,768.524,6.248,0,0,0,0.98,0.98,0.98,0.98,0.89,0.7,0.65,0.6,0.49,0.46,0.42,0.42,0.3,0.3,0.28,0.28,0.26,0.25,0.25,0.25,0.23,0.21,0.19,0.19,0.16,0.12,0.12,0.11,0.11,,,,,,,,,,,,,,,,,,,,,,,,,,,,,,,,,,,,,,,,,,,,,,,,,,,,,,,,,,,,,,,,,,,,,,,,,,,,,,,,,,,,,,,,,,,,,,,,,,,,,,,,,,,
1240888644818910,100066933574280,"Wakabi - Le guide des bons coins","Une journée spéciale grâce à Wakabi. Fais comme moi et télécharges l'application Wakabi pour profiter de bons plans🎉🎉✨✨",,0,"02/07/2026 12:23",N/A,https://www.facebook.com/wakabileguide/posts/pfbid024LoHZwDJJJMMmopgJoZ92Bd1CP77CEodxUt71EhAU7dpjpmrg2XT6cFUSnRYHrAZl,0,0,Photos,,,,,Global,148,79,5,4,1,0,3,,3,148,0,79,0,0,0,0,0,0,0,0,0,0,0,0,0,0,0,0,0,0,0,0,0,,,,,,,,,,,,,,,,,,,,,,,,,,,,,,,,,,,,,,,,,,,,,,,,,,,,,,,,,,,,,,,,,,,,,,,,,,,,,,,,,,,,,,,,,,,,,,,,,,,,,,,,,,,,,,,,,,,,,,,,,,,,,,,,,,,,,,,,,,,,,,,,,,,,,,,,,,,,,,,,,,,,,,,,,,,,,,,,
1242485251325916,100066933574280,"Wakabi - Le guide des bons coins","Déconnexion, c’était une pause.
Une respiration loin du bruit avec le @socialmediaroomafrica dans le cadre apaisant du palais de lomé.
Des sourires, des échanges, des instants simples..✨✨✨

#wakabileguide 
#explorewithwakabi 
#wakabi",,0,"02/09/2026 07:56",N/A,https://www.facebook.com/wakabileguide/posts/pfbid0kt6NpbZBXgyNYTXMwoA2T3jyDeM4rQuECmk5QfTFT2LdZFzw6ESzqfLoA2mu8W7vl,0,0,Photos,,,,,Global,27428,19836,285,283,1,1,2488,1,561,556,26872,11428,19606,0,0,0,0,0,0,0,0,0,0,0,0,0,0,0,0,0,0,0,0,,,,,,,,,,,,,,,,,,,,,,,,,,,,,,,,,,1926,,,,,,,,,,,,,,,,,,,,,,,,,,,,,,,,,,,,,,,,,,,,,,,,,,,,,,,,,,,,,,,,,,,,,,,,,,,,,,,,,,,,,,,,,,,,,,,,,,,,,,,,,,,,,,,,,,,,,,,,,,,,,,,,,,,,,,,,,,,,,,
1243178907923217,100066933574280,"Wakabi - Le guide des bons coins","Le Féfézik a encore réuni les passionnés autour de rythmes authentiques, et d’une énergie qui nous transporte. Chaque instant a été une célébration de notre culture .  

Merci à toutes celles et ceux qui ont partagé ce moment unique. Ensemble, nous faisons résonner nos racines et notre créativité.

Rendez-vous pour les prochaines aventures musicales avec @cyprien_atavig 

#wakabi #wakabileguide #event228🇹🇬",,0,"02/10/2026 04:21",N/A,https://www.facebook.com/wakabileguide/posts/pfbid0ntjHf3cV2WGdobUcVGjygGYxd3pPwfkJc8dyZnBLYbMCK3fV1aQofixc4SjQVGtal,0,0,Photos,,,,,Global,8931,6732,133,129,2,2,1251,,355,303,8628,3370,6624,0,0,0,0,0,0,0,0,0,0,0,0,0,0,0,0,0,0,0,0,,,,,,,,,,,,,,,,,,,,,,,,,,,,,,,,,,896,,,,,,,,,,,,,,,,,,,,,,,,,,,,,,,,,,,,,,,,,,,,,,,,,,,,,,,,,,,,,,,,,,,,,,,,,,,,,,,,,,,,,,,,,,,,,,,,,,,,,,,,,,,,,,,,,,,,,,,,,,,,,,,,,,,,,,,,,,,,,,
1243330081241433,100066933574280,"Wakabi - Le guide des bons coins","Pas d'idées pour le 14 février ? Wakabi a déjà tout prévu pour vous ! 
On sait ce que c’est : on veut marquer le coup, mais on finit par chercher à la dernière minute. Cette année, laissez-vous guider par notre itinéraire spécial ""Debouts"". 
Du choix du tissu parfait chez Woodin jusqu’au dîner tamisé au Hype, on vous offre le plan parfait sur un plateau d’argent.
Défilez pour découvrir votre programme clé en main ! 
1:@woodinfashiontogo
2:@lafondation.lome
3:@abiscream
4:@hypelome

#wakabileguide 
#wakabi
#saintvalentin❤️",,0,"02/10/2026 08:04",N/A,https://www.facebook.com/wakabileguide/posts/pfbid02vL7Eq8GzpHNtRjneEhqB1Uws2hTHpG6oAQeAka2Hx3JALwWoCTzXHa5i6rrYRSaZl,0,0,Photos,,,,,Global,147,74,3,2,0,1,9,,5,147,0,74,0,0,0,0,0,0,0,0,0,0,0,0,0,0,0,0,0,0,0,0,0,,,,,,,,,,,,,,,,,,,,,,,,,,,,,,,,,,4,,,,,,,,,,,,,,,,,,,,,,,,,,,,,,,,,,,,,,,,,,,,,,,,,,,,,,,,,,,,,,,,,,,,,,,,,,,,,,,,,,,,,,,,,,,,,,,,,,,,,,,,,,,,,,,,,,,,,,,,,,,,,,,,,,,,,,,,,,,,,,
1243499767891131,100066933574280,"Wakabi - Le guide des bons coins","Ce 14 février , l’amour est à l’honneur !
Des sourires, des attentions, des surprises… la Saint-Valentin, c’est l’occasion parfaite de célébrer l’amour sous toutes ses formes ❤️✨
Que tu sois en couple, célibataire ou juste amoureux de la vie, @Wakabileguide t’accompagne pour vivre des moments qui comptent 💌🌹
Parce qu’au final, l’amour, ça se partage… et ça se vit pleinement.","Ce 14 février , l’amour est à l’honneur !
Des sourires, des attentions, des surprises… la Saint-Valentin, c’est l’occasion parfaite de célébrer l’amour sous toutes ses formes ❤️✨
Que tu sois en couple, célibataire ou juste amoureux de la vie, @Wakabileguide t’accompagne pour vivre des moments qui comptent 💌🌹
Parce qu’au final, l’amour, ça se partage… et ça se vit pleinement.",80,"02/10/2026 12:41",N/A,https://www.facebook.com/reel/1613494579793283/,0,0,Vidéos,,,,,Global,5835,5141,38,35,2,1,82,,50,136,5668,854,4891,2982,293,2884,284,2938,44,0,0,0,0,564.465,1.385,206.106,64872.32,8.064,0.693,6.062,12.215,0,0,0.99,1,1,1,1,1,1,1,0.94,0.85,0.81,0.76,0.72,0.69,0.66,0.63,0.62,0.6,0.58,0.56,0.55,0.53,0.5,0.45,0.43,0.41,0.39,0.37,0.34,0.32,0.31,0.3,0.28,,32,65644.276,12.118,0,0,0,0.99,0.99,0.85,0.68,0.53,0.44,0.39,0.36,0.31,0.28,0.26,0.25,0.24,0.23,0.22,0.21,0.2,0.2,0.19,0.18,0.18,0.17,0.16,0.15,0.14,0.13,0.13,0.12,0.11,0.1,0.1,0.1,0.09,0.09,0.08,0.08,0.07,0.05,0.03,0.03,0.03,0.27,0.26,0.24,0.2,0.14,0.1,0.09,0.08,584,450,447,264,209,303,136,232,93,112,87,50,2979,1,,,,,,,,1,,,,,,,,,,,,,,,,,,,,,,,,,1,,,,,,,,,,,,,,,,,,,,,,,,,,,,,,,,,,,,,,,,
1244111981163243,100066933574280,"Wakabi - Le guide des bons coins","✨ ADOSSA À SOKODÉ… C’ÉTAIT PLUS QU’UN ÉVÉNEMENT. ✨

Des voix qui se sont élevées.
Des cœurs qui ont vibré.
Des connexions qui resteront.

Sokodé a répondu présent 🔥
L’énergie, le partage et la communion étaient au rendez-vous.
Adossa n'était pas juste une fête c'était une commémoration solennelle ✨✨
#wakabi
#wakabileguide","✨ ADOSSA À SOKODÉ… C’ÉTAIT PLUS QU’UN ÉVÉNEMENT. ✨

Des voix qui se sont élevées.
Des cœurs qui ont vibré.
Des connexions qui resteront.

Sokodé a répondu présent 🔥
L’énergie, le partage et la communion étaient au rendez-vous.
Adossa n'était pas juste une fête c'était une commémoration solennelle ✨✨
#wakabi
#wakabileguide",79,"02/11/2026 06:26",N/A,https://www.facebook.com/reel/1416087066594289/,0,0,Vidéos,,,,,Global,10705,9488,81,76,2,3,144,,95,217,10307,1787,9232,6042,417,5870,417,5952,90,0,0,0,0,607.845,162.667,214.869,106444.91,4.825,5.084,5.51,10.755,0,0,1,1,1,1,1,1,1,1,0.97,0.83,0.78,0.72,0.65,0.62,0.59,0.55,0.51,0.48,0.46,0.43,0.42,0.41,0.39,0.37,0.36,0.34,0.32,0.31,0.29,0.27,0.26,0.25,0.24,,49,107430.291,10.641,0,0,0,0.99,0.99,0.9,0.69,0.57,0.42,0.35,0.29,0.26,0.22,0.21,0.19,0.17,0.17,0.16,0.15,0.14,0.13,0.12,0.12,0.11,0.11,0.1,0.1,0.1,0.09,0.09,0.08,0.08,0.07,0.07,0.07,0.06,0.06,0.06,0.05,0.05,0.04,0.03,0.02,0.02,0.23,0.22,0.2,0.19,0.14,0.1,0.09,0.07,1423,1175,672,708,572,430,87,378,248,177,45,97,6029,3,,,,3,2,,,1,,,,,,,,,,,,,,,,,,,,,,1,,,,,1,,,,,,,,1,,,,,,,,,,,,,1,,,,,,,,,,,,,,,,,
1244168884490886,100066933574280,"Wakabi - Le guide des bons coins","Le rire était au rendez-vous au Gala du Jocelyn Comedy Club 😂
Voici le récap d’une soirée 100% humour.

#Wakabileguide
#wakabi
#joclyn
#lewakap","Le rire était au rendez-vous au Gala du Jocelyn Comedy Club 😂
Voici le récap d’une soirée 100% humour.

#Wakabileguide
#wakabi
#joclyn
#lewakap",83,"02/11/2026 07:40",N/A,https://www.facebook.com/reel/764460396711001/,0,0,Vidéos,,,,,Global,13488,11212,43,43,0,0,86,1,36,123,13262,1378,11086,6901,360,6506,360,6854,47,0,0,0,0,483.093,0,176.725,112526.215,5.553,0,6.798,8.86,0,0,0.99,0.99,0.99,0.99,0.99,1,1,1,0.62,0.54,0.49,0.46,0.45,0.43,0.4,0.36,0.32,0.29,0.27,0.27,0.26,0.24,0.24,0.22,0.21,0.2,0.19,0.19,0.18,0.17,0.16,0.15,0.15,,49,113186.033,8.832,0,0,0,0.97,0.98,0.79,0.54,0.44,0.38,0.35,0.32,0.19,0.17,0.15,0.14,0.14,0.13,0.13,0.11,0.1,0.09,0.09,0.08,0.08,0.08,0.07,0.07,0.06,0.06,0.06,0.06,0.06,0.05,0.05,0.05,0.05,0.04,0.04,0.04,0.04,0.03,0.03,0.02,0.02,0.14,0.13,0.12,0.12,0.1,0.09,0.08,0.06,1835,1474,550,581,777,428,169,215,406,228,65,148,6892,2,1,,,1,1,,,1,,,,,,,2,,,,,,,,,,,,,,,1,,,,,,,,,,,,,,,,,,,,,,,,,,,,,,,,,,,,,,,,,,,
1244775287763579,100066933574280,"Wakabi - Le guide des bons coins","Tout le monde en parle !!! Et toi tu attends quoi pour télécharger l'application wakabi !? 

#Wakabileguide
#Wakabi
#Explorewithwakabi
#clentelex","Tout le monde en parle !!! Et toi tu attends quoi pour télécharger l'application wakabi !? 

#Wakabileguide
#Wakabi
#Explorewithwakabi
#clentelex",46,"02/12/2026 01:35",N/A,https://www.facebook.com/reel/1794555337889409/,0,0,Vidéos,,,,,Global,99,110,5,5,0,0,2,,2,99,0,110,0,38,0,37,0,0,38,0,0,0,0,458.129,0,216.104,0,8.644,0,6.754,0,0,0,1,1,1,1,1,1,1,1,1,1,1,1,1,1,0.92,0.92,0.92,1,1,1,1,1,1,1,0.92,0.83,0.67,0.67,0.67,0.58,0.5,0.5,0.5,,,674.233,7.932,0,0,0,1,1,1,0.92,0.79,0.58,0.47,0.45,0.39,0.32,0.32,0.32,0.32,0.32,0.29,0.29,0.29,0.32,0.32,0.32,0.32,0.32,0.32,0.32,0.29,0.26,0.21,0.21,0.21,0.18,0.16,0.16,0.16,0.16,0.16,0.16,0.13,0.13,0.13,0.13,0.13,0.5,0.5,0.5,0.42,0.42,0.42,0.42,0.42,,,,,,,,,,,,,,,,,,,,,,,,,,,,,,,,,,,,,,,,,,,,,,,,,,,,,,,,,,,,,,,,,,,,,,,,,,,,,,,,,,,,,,,
1244813964426378,100066933574280,"Wakabi - Le guide des bons coins","Dimanche 15 février dès 18H, on range les cœurs brisés et on sort l’énergie 🔥
Aux platines : DJ Aneex & DJ Kosni
Au micro : MC Gilles Curtis
Que tu sois célibataire, déçu, ou juste là pour t’amuser… cette soirée est pour toi.
Pas de love, que du son, de l’ambiance et une vibe 100% déchaînée.
Lieu: Zanzibar Lomé
Tel:  +228 99 01 07 07
Viens vivre l’expérience. Ici, on danse… on ne s’attache pas 😉
#wakabi
#wakabileguide","Dimanche 15 février dès 18H, on range les cœurs brisés et on sort l’énergie 🔥
Aux platines : DJ Aneex & DJ Kosni
Au micro : MC Gilles Curtis
Que tu sois célibataire, déçu, ou juste là pour t’amuser… cette soirée est pour toi.
Pas de love, que du son, de l’ambiance et une vibe 100% déchaînée.
Lieu: Zanzibar Lomé
Tel:  +228 99 01 07 07
Viens vivre l’expérience. Ici, on danse… on ne s’attache pas 😉
#wakabi
#wakabileguide",56,"02/12/2026 02:55",N/A,https://www.facebook.com/reel/941097151761410/,0,0,Vidéos,,,,,Global,93,70,4,4,0,0,0,,,92,0,70,0,47,0,45,0,0,47,0,0,0,0,774.241,0,370.062,0,16.474,0,13.217,0,0,0,1,1,1,1,1,1,1,1,1,1,1,1,0.92,0.79,0.79,0.79,0.75,0.75,0.71,0.71,0.67,0.67,0.67,0.67,0.67,0.67,0.67,0.58,0.54,0.54,0.5,0.5,0.46,,,1144.303,15.257,0,0,0,0.98,0.98,0.98,0.87,0.77,0.74,0.66,0.64,0.6,0.55,0.53,0.51,0.47,0.4,0.4,0.4,0.38,0.38,0.36,0.36,0.34,0.34,0.34,0.34,0.34,0.34,0.34,0.3,0.28,0.28,0.26,0.26,0.23,0.21,0.21,0.21,0.21,0.21,0.19,0.09,0.06,0.42,0.42,0.42,0.42,0.42,0.38,0.17,0.13,,,,,,,,,,,,,,,,,,,,,,,,,,,,,,,,,,,,,,,,,,,,,,,,,,,,,,,,,,,,,,,,,,,,,,,,,,,,,,,,,,,,,,,
1244883924419382,100066933574280,"Wakabi - Le guide des bons coins","Aujourd’hui, on est allé se glacer la gorge😂 à Abis Cream, et les saveurs nous ont vraiment surpris. On va où prochainement ? Dites-nous en commentaire.
#Wakabionvaoula? #togotiktok228🇹🇬 #tiktok228🇹🇬","Aujourd’hui, on est allé se glacer la gorge😂 à Abis Cream, et les saveurs nous ont vraiment surpris. On va où prochainement ? Dites-nous en commentaire.
#Wakabionvaoula? #togotiktok228🇹🇬 #tiktok228🇹🇬",139,"02/12/2026 05:04",N/A,https://www.facebook.com/reel/1709185440247356/,0,0,Vidéos,,,,,Global,111,112,10,9,0,1,0,,,111,0,112,0,46,14,46,14,0,46,0,0,0,0,1434.225,180.239,583.394,0,30.516,12.016,17.679,0,0,0,1,1,1,1,1,0.9,0.81,0.76,0.76,0.76,0.76,0.67,0.62,0.62,0.62,0.67,0.67,0.62,0.62,0.62,0.62,0.62,0.62,0.67,0.62,0.62,0.62,0.62,0.62,0.62,0.67,0.62,0.57,,,2197.858,23.135,0,0,0,1,0.89,0.61,0.5,0.46,0.41,0.37,0.35,0.35,0.35,0.35,0.3,0.28,0.28,0.28,0.3,0.3,0.28,0.28,0.28,0.28,0.28,0.28,0.3,0.28,0.28,0.28,0.28,0.28,0.28,0.3,0.28,0.26,0.26,0.26,0.26,0.24,0.24,0.15,0.07,0.07,0.57,0.57,0.57,0.52,0.52,0.33,0.14,0.14,,,,,,,,,,,,,,,,,,,,,,,,,,,,,,,,,,,,,,,,,,,,,,,,,,,,,,,,,,,,,,,,,,,,,,,,,,,,,,,,,,,,,,,
1245012977739810,100066933574280,"Wakabi - Le guide des bons coins","Une seule date, ce 14 février on célèbre l’amour mais on s’éduque également ! Rejoignez-nous au palais des congrès de Lomé pour la projection du film sextape, une production de joker groupe.🎉🎉✨✨
#wakabileguide
#Wakabi
#Explorewithwakabi",,0,"02/12/2026 08:36",N/A,https://www.facebook.com/wakabileguide/posts/pfbid02KgeEfGnxeve6Q6UKZcHRQsfpwN5BopC7X43sabU6oX9JxTU6faAGpBxYnzQFVjAdl,0,0,Photos,,,,,Global,169,84,6,6,0,0,8,,3,169,0,84,0,0,0,0,0,0,0,0,0,0,0,0,0,0,0,0,0,0,0,0,0,,,,,,,,,,,,,,,,,,,,,,,,,,,,,,,,,,5,,,,,,,,,,,,,,,,,,,,,,,,,,,,,,,,,,,,,,,,,,,,,,,,,,,,,,,,,,,,,,,,,,,,,,,,,,,,,,,,,,,,,,,,,,,,,,,,,,,,,,,,,,,,,,,,,,,,,,,,,,,,,,,,,,,,,,,,,,,,,,
1245838257657282,100066933574280,"Wakabi - Le guide des bons coins","Prêt à célébrer l'amour les pieds dans le lac 😁!?? 
Nous t'invitons ce 14 février à agbodrafo au Red du 14 pour chiller et vivre des moments intenses et inoubliables ✨✨🎉🎉

#wakabileguide
#wakabi
#Explorewithwakabi",,0,"02/13/2026 07:58",N/A,https://www.facebook.com/wakabileguide/posts/pfbid02SdjhA5t1RqxX5zXpoJFusetfq4ZmwdmkDdckJ2zNN8zDy43LKsk88d6Mi3RUYnuol,0,0,Photos,,,,,Global,182,104,8,6,0,2,5,,2,182,0,104,0,0,0,0,0,0,0,0,0,0,0,0,0,0,0,0,0,0,0,0,0,,,,,,,,,,,,,,,,,,,,,,,,,,,,,,,,,,3,,,,,,,,,,,,,,,,,,,,,,,,,,,,,,,,,,,,,,,,,,,,,,,,,,,,,,,,,,,,,,,,,,,,,,,,,,,,,,,,,,,,,,,,,,,,,,,,,,,,,,,,,,,,,,,,,,,,,,,,,,,,,,,,,,,,,,,,,,,,,,
1245840007657107,100066933574280,"Wakabi - Le guide des bons coins","Ce 14 février 2026 à 19H, rendez-vous au Ô Coin BBQ & Ramzy Grill pour une soirée exceptionnelle !
Au programme : DJ, karaoké et grillade en direct 🥩🎶
Solo : 20.000 CFA
Couple : 35.000 CFA
Une Saint-Valentin version grill & vibes… tu viens avec qui ? 😉
#wakabileguide
#wakabi
#Explorewithwakabi",,0,"02/13/2026 08:00",N/A,https://www.facebook.com/wakabileguide/posts/pfbid0dTof8rG3uyN99MTZFo42N3ZvyrmrmrMGmn7b11Hez9pLJt5LsFcdTCVkMbm4dYZCl,0,0,Photos,,,,,Global,7674,6012,1299,1294,4,1,136,,77,138,7536,4935,5968,0,0,0,0,0,0,0,0,0,0,0,0,0,0,0,0,0,0,0,0,,,,,,,,,,,,,,,,,,,,,,,,,,,,,,,,,,59,,,,,,,,,,,,,,,,,,,,,,,,,,,,,,,,,,,,,,,,,,,,,,,,,,,,,,,,,,,,,,,,,,,,,,,,,,,,,,,,,,,,,,,,,,,,,,,,,,,,,,,,,,,,,,,,,,,,,,,,,,,,,,,,,,,,,,,,,,,,,,
1245926477648460,100066933574280,"Wakabi - Le guide des bons coins","Le temps d’une Déconnexion, le tumulte s’est effacé.
Au Palais de Lomé, place aux échanges sincères et aux instants qui comptent.
WAKAP en garde la trace

Social Media Room Africa

#wakap #wakabileguide","Le temps d’une Déconnexion, le tumulte s’est effacé.
Au Palais de Lomé, place aux échanges sincères et aux instants qui comptent.
WAKAP en garde la trace

@[61551817741749:2048:Social Media Room Africa]

#wakap #wakabileguide",93,"02/13/2026 09:59",N/A,https://www.facebook.com/reel/1430949525323137/,0,0,Vidéos,,,,,Global,75718,45080,227,224,2,1,733,3,337,259,76420,6256,45061,44873,2249,29702,1998,44792,81,0,0,0,0,1487.413,0,433.294,808432.932,8.699,0,7.344,10.613,0,0,1,1,1,0.99,1,0.99,1,0.5,0.45,0.41,0.36,0.32,0.28,0.26,0.24,0.22,0.2,0.18,0.17,0.16,0.15,0.14,0.14,0.13,0.12,0.12,0.12,0.11,0.11,0.11,0.1,0.1,0.1,,393,810353.639,10.605,0,0,0,0.92,0.93,0.72,0.6,0.53,0.47,0.43,0.21,0.19,0.17,0.15,0.13,0.12,0.11,0.1,0.09,0.08,0.08,0.07,0.07,0.06,0.06,0.06,0.05,0.05,0.05,0.05,0.05,0.04,0.04,0.04,0.04,0.04,0.04,0.04,0.04,0.03,0.03,0.03,0.02,0.02,0.09,0.09,0.09,0.08,0.07,0.06,0.05,0.04,7588,9261,3686,2402,6346,3509,2529,1475,3746,1935,1125,1169,44774,5,2,,4,,1,,,1,,,,,,,,1,,,,,,,,,,,,,,84,,,,,,,,,,,,,,,,,,,,,,,,,,,,,,,,,,,,1,,,,,,,
1246048550969586,100066933574280,"Wakabi - Le guide des bons coins","C’est la VSD des bons plans avec Wakabi ! 
Vendredi, Samedi, Dimanche, plus besoin de chercher où sortir, quoi faire ou où profiter.
 Les meilleurs évènements
 Les adresses à tester
  Les offres à ne pas rater
  Les bons plans qui font du bien au portefeuille
Que tu sois team chill  team sortie entre amis  ou team découverte ,
Wakabi te guide tout le week-end !

Event 1 : Dîner avec Koffi Wisen 
Event 2: Red du 14 
Event 3: Sextape 
Event 4 : Grill event 
Event 5: The banga Love édition @thebanga

#WakabiVSD #wakabileguide #explorewithwakabi","C’est la VSD des bons plans avec Wakabi ! 
Vendredi, Samedi, Dimanche, plus besoin de chercher où sortir, quoi faire ou où profiter.
 Les meilleurs évènements
 Les adresses à tester
  Les offres à ne pas rater
  Les bons plans qui font du bien au portefeuille
Que tu sois team chill  team sortie entre amis  ou team découverte ,
Wakabi te guide tout le week-end !

Event 1 : Dîner avec Koffi Wisen 
Event 2: Red du 14 
Event 3: Sextape 
Event 4 : Grill event 
Event 5: The banga Love édition @thebanga

#WakabiVSD #wakabileguide #explorewithwakabi",111,"02/13/2026 13:26",N/A,https://www.facebook.com/reel/1346573987507761/,0,0,Vidéos,,,,,Global,87,74,2,2,0,0,1,,1,86,0,74,0,30,2,28,2,0,30,0,0,0,0,429.355,0,197.231,0,9.334,0,7.305,0,0,0,1,1,1,1,1,1,0.8,0.7,0.6,0.6,0.5,0.4,0.5,0.4,0.3,0.3,0.4,0.3,0.3,0.5,0.4,0.2,0.2,0.3,0.3,0.2,0.2,0.2,0.2,0.2,0.2,0.2,0.2,,,626.586,8.583,0,0,0,0.93,0.97,0.63,0.47,0.33,0.33,0.27,0.23,0.2,0.2,0.17,0.13,0.2,0.17,0.13,0.13,0.13,0.1,0.1,0.17,0.13,0.07,0.07,0.1,0.1,0.07,0.07,0.07,0.07,0.07,0.07,0.07,0.07,0.03,0.03,0.03,0.03,0.03,0.03,0.03,0.03,0.1,0.1,0.1,0.1,0.1,0.1,0.1,0.1,,,,,,,,,,,,,,,,,,,,,,,,,,,,,,,,,,,,,,,,,,,,,,,,,,,,,,,,,,,,,,,,,,,,,,,,,,,,,,,,,,,,,,,
1246474687593639,100066933574280,"Wakabi - Le guide des bons coins","Même le grand Mao en parle ! Et toi tu attends quoi pour télécharger l'application wakabi le guide des bons plans !??
Disponible sur play store et bientôt sur App store 🎉🎉✨✨✨
#Wakabileguide
#wakabi
#Explorewithwakabi","Même le grand Mao en parle ! Et toi tu attends quoi pour télécharger l'application wakabi le guide des bons plans !??
Disponible sur play store et bientôt sur App store 🎉🎉✨✨✨
#Wakabileguide
#wakabi
#Explorewithwakabi",49,"02/14/2026 01:50",mixed,https://www.facebook.com/reel/1453529152824222/,0,0,Vidéos,,,,,Global,94,80,5,4,0,1,1,,1,94,0,80,0,23,0,21,0,0,23,0,0,0,0,202.064,3.515,116.747,0,4.491,1.758,3.767,0,0,0,1,1,1,1,1,1,1,1,1,1,1,1,1,0.67,0.67,0.67,0.67,0.67,0.33,0.17,0.17,0.17,0.17,0.17,0,0,0,0,0,0,0,0,0,,,322.326,4.132,0,0,0,1,1,1,0.87,0.61,0.52,0.43,0.43,0.39,0.35,0.35,0.35,0.26,0.17,0.17,0.17,0.17,0.17,0.09,0.04,0.04,0.04,0.04,0.04,0,0,0,0,0,0,0,0,0,0,0,0,0,0,0,0,0,0,0,0,0,0,0,0,0,,,,,,,,,,,,,,,,,,,,,,,,,,,,,,,,,,,,,,,,,,,,,,,,,,,,,,,,,,,,,,,,,,,,,,,,,,,,,,,,,,,,,,,
1246588890915552,100066933574280,"Wakabi - Le guide des bons coins","Eh oui wakabi c'est l'appli du moment que tout le monde doit avoir !!! Et toi tu attends quoi pour télécharger l'application wakabi !??
#wakabileguide
#wakabi
#expolrewithwakabi
Momo L'intellectuel","Eh oui wakabi c'est l'appli du moment que tout le monde doit avoir !!! Et toi tu attends quoi pour télécharger l'application wakabi !??
#wakabileguide
#wakabi
#expolrewithwakabi
@[100063466879322:2048:Momo L'intellectuel]",87,"02/14/2026 04:52",N/A,https://www.facebook.com/reel/751600564681821/,0,0,Vidéos,,,,,Global,94,71,3,2,1,0,0,,,93,0,71,0,23,1,20,1,0,23,0,0,0,0,153.287,0,246.011,0,3.333,0,7.688,0,0,0,1,1,1,1,1,1,1,1,1,1,1,1,1,0.75,0.75,0.75,0.5,0.5,0.75,0.75,0.75,0.75,0.5,0.5,0.5,0.5,0.5,0.25,0.25,0.25,0.5,0.5,0.25,,,399.298,5.119,0,0,0,1,1,0.7,0.43,0.35,0.17,0.17,0.17,0.17,0.17,0.17,0.17,0.17,0.13,0.13,0.13,0.09,0.09,0.13,0.13,0.13,0.13,0.09,0.09,0.09,0.09,0.09,0.04,0.04,0.04,0.09,0.09,0.04,0.04,0,0,0,0,0,0,0,0.25,0,0,0,0,0,0,0,,,,,,,,,,,,,,,,,,,,,,,,,,,,,,,,,,,,,,,,,,,,,,,,,,,,,,,,,,,,,,,,,,,,,,,,,,,,,,,,,,,,,,,
1163606949213747,100066933574280,"Wakabi - Le guide des bons coins","OFFRE D’EMPLOI — Business Developer / Chargé·e de Partenariats (H/F)
Localisation : Cotonou
Type de contrat : CDD (démarrage immédiat / période d’essai 3 mois)

À propos de Wakabi
Wakabi est la plateforme-guide qui référence les meilleurs lieux, expériences et événements urbains en Afrique de l’Ouest. Nous préparons un lancement fort à Cotonou et construisons un réseau de partenaires (restaurants, salles, organisateurs, guides, sponsors) pour proposer des bons plans locaux aux habitants et aux visiteurs. Rejoignez une équipe jeune, agile et ambitieuse !

La mission
En tant que Business Developer / Chargé·e de Partenariats vous aurez pour mission principale de développer et gérer le réseau de partenaires locaux pour accélérer la croissance et la valeur de Wakabi sur le terrain.

Vos responsabilités principales
* Démarcher et convertir de nouveaux partenaires stratégiques : restaurants, bars, hôtels, salles, promoteurs d’événements, agences de tourisme, sponsors locaux.* 
* Présenter clairement l’offre Wakabi  et convaincre de l’adhésion.
* Négocier conditions commerciales, packages de visibilité et partenariats .
* Onboarder les partenaires : création de fiche, formation à l’interface, accompagnement opérationnel.
* Assurer la relation commerciale continue : suivi de la satisfaction, reporting, propositions d’optimisation et upsell.
* Identifier opportunités locales (événements, festivals) et coordonner activation terrain (street marketing, opérations spéciales).
* Remonter les feedbacks du terrain à l’équipe Produit/Marketing pour améliorer l’offre.
* Atteindre les objectifs commerciaux.

Profil recherché
* Expérience : 2 à 5 ans en business development / partenariats, idéalement dans l’événementiel, l’hôtellerie, le tourisme ou une start-up digitale.
* Réseau local solide sur Cotonou cible et aisance à prendre des RDV terrain.
* Excellente capacité de négociation et esprit commerçant.
* Autonomie, organisation (gestion d’un portefeuille), ténacité et capacité à travailler en mode terrain.
* Bon relationnel, orientation service client et pédagogie pour former des partenaires non tech.
* Français courant; anglais un plus.

Atouts qui feront la différence
* Expérience en onboarding de lieux / gestion d’événements.
* Maîtrise d’outils CRM simples et d’outils de présentation.
* Expérience de travail avec opérateurs télécoms ou fintech/Mobile Money.

Ce que nous offrons
* Rôle à fort impact et visibilité au sein d’un projet en pleine expansion.
* Matériel fourni (smartphone, laptop) + indemnité déplacement.
* Flexibilité : mix terrain / remote, équipe agile.
* Opportunité d’évolution (responsable régional, head of partnerships)

Comment postuler
Envoyez CV  + Prétention salariale + une courte note (max 200 mots) expliquant : 1) votre expérience terrain la plus pertinente, 2) un exemple concret où vous avez signé/animé un partenaire difficile, et 3) vos disponibilités à : contact@wakabileguide.com",,0,"10/30/2025 08:28",N/A,https://www.facebook.com/wakabileguide/posts/pfbid02QdkncrMMW3gd9WnNQ3XUNE8nWZAe7vipnZY2tLq7zjPTutGmiY9fCr3ireM2pNTul,0,0,Photos,,,,,Global,5353,4607,692,687,3,2,61,,47,175,5178,3802,4523,0,0,0,0,0,0,0,0,0,0,0,0,0,0,0,0,0,0,0,0,,,,,,,,,,,,,,,,,,,,,,,,,,,,,,,,,,14
1188744110033364,100066933574280,"Wakabi - Le guide des bons coins","Street-food à Dakar : 7 spécialités incontournables à savourer

https://wakabileguide.com/street-food-a-dakar-7-specialites-a-savourer/

Bénin - Côte d'Ivoire - Sénégal - Togo
📲+229 0146490999

#Wakabi #LeGuide #WakabiLeGuide #ExploreWithWakabi",,0,"11/30/2025 17:51",N/A,https://www.facebook.com/wakabileguide/posts/pfbid02ySxekk7nCGBLjC3Azmzo33W3xGDdfFRepU7nKXTKupnPe6vFHmjtQM4bZSXVmchUl,0,0,Liens,,,,,Global,23,11,1,1,0,0,0,,,23,0,11,0,0,0,0,0,0,0,0,0,0,0,0,0,0,0,0,0,0,0,0,0,,,,,,,,,,,,,,,,,,,,,,,,,,,,,,,,,,
1188743830033392,100066933574280,"Wakabi - Le guide des bons coins","Le Mont Agou : comment organiser une randonnée inoubliable ?

https://wakabileguide.com/mont-agou-comment-organiser-randonnee-memorable/

Bénin - Côte d'Ivoire - Sénégal - Togo
📲+229 0146490999

#Wakabi #LeGuide #WakabiLeGuide #ExploreWithWakabi",,0,"11/30/2025 17:51",N/A,https://www.facebook.com/wakabileguide/posts/pfbid02ub5bSWYtswAsk1wWbg2sgwdRX8k6QWXXDUn5xVCEkrvhpm6CYMp2iRXc3ghx2qxNl,0,0,Liens,,,,,Global,24,13,2,2,0,0,0,,,24,0,13,0,0,0,0,0,0,0,0,0,0,0,0,0,0,0,0,0,0,0,0,0,,,,,,,,,,,,,,,,,,,,,,,,,,,,,,,,,,
1188743390033436,100066933574280,"Wakabi - Le guide des bons coins","TOP 10 des lieux les plus visités du Sénégal

https://wakabileguide.com/top-10-des-lieux-les-plus-visites-du-senegal/

Bénin - Côte d'Ivoire - Sénégal - Togo
📲+229 0146490999

#Wakabi #LeGuide #WakabiLeGuide #ExploreWithWakabi",,0,"11/30/2025 17:50",N/A,https://www.facebook.com/wakabileguide/posts/pfbid02Phv2twGTp4X6qWJ9osWWRDUn1mwutcxWdak8gh2CMNrN9DhTHN8whYgRYQs6aRfxl,0,0,Liens,,,,,Global,20,12,1,1,0,0,0,,,20,0,12,0,0,0,0,0,0,0,0,0,0,0,0,0,0,0,0,0,0,0,0,0,,,,,,,,,,,,,,,,,,,,,,,,,,,,,,,,,,
1188742456700196,100066933574280,"Wakabi - Le guide des bons coins","Abidjan : 10 restaurants à essayer absolument !

https://wakabileguide.com/abidjan-10-restaurants-a-essayer-absolument/

Bénin - Côte d'Ivoire - Sénégal - Togo
📲+229 0146490999

#Wakabi #LeGuide #WakabiLeGuide #ExploreWithWakabi",,0,"11/30/2025 17:48",N/A,https://www.facebook.com/wakabileguide/posts/pfbid0dgoT8CiLE9aBAjzKG4AZYFkwBJzqFqmh7bxDwJAVcjJShSFtKzs7xP8C1AyAMrXdl,0,0,Liens,,,,,Global,20,11,1,1,0,0,0,,,20,0,11,0,0,0,0,0,0,0,0,0,0,0,0,0,0,0,0,0,0,0,0,0,,,,,,,,,,,,,,,,,,,,,,,,,,,,,,,,,,
1186118333629275,100066933574280,"Wakabi - Le guide des bons coins","@fluoparty229 revient avec la soirée la plus colorée de l’année.
5eme édition encore plus lumineuse ce 28 & 29 novembre 2025

#wakabi #bénin #cotonoubénin #cotonouevents #festival #partylife #enjoyment #fluoparty🎉 #wakabileguide #explorewithwakabi",,30,"11/27/2025 03:28",N/A,https://www.facebook.com/wakabileguide/posts/pfbid02PEir1hygVQdMJER8TnDvCJRXD9LyZc91gqpCGn7mFugZpdA6Cm57DUVH8t5eT3Zol,1,0,Photos,,,,,Global,24,27,1,1,0,0,0,,,24,0,27,0,0,0,7,0,0,0,0,0,0,0,20.664,0,69.134,0,6.888,0,3.293,0,0,0,1,1,1,1,1,1,1,1,1,1,1,1,1,1,1,1,1,1,1,0,0,0,0,0,0,0,0,0,0,0,0,0,0,
1186103280297447,100066933574280,"Wakabi - Le guide des bons coins","Le sport dans la bonne vibe dans le nouveau parc @aleaparktg 

Ils t’attendent pour une séance CrossFit x Aérobic gratuite ce 29 novembre de 18h30 - 20h30

#wakabi #togo #lomé #lomeevent #togo228 #sport #crossfit #aerobic #wakabileguide",,0,"11/27/2025 03:00",N/A,https://www.facebook.com/wakabileguide/posts/pfbid02nWfhReckE5JWP67fZAKNjqJWnGcpG1UZACVXLL6cManEuT7VvT3dWZEka4YDDmhcl,0,0,Photos,,,,,Global,31,14,2,1,0,1,0,,,31,0,14,0,0,0,0,0,0,0,0,0,0,0,0,0,0,0,0,0,0,0,0,0,,,,,,,,,,,,,,,,,,,,,,,,,,,,,,,,,,
1175613318013110,100066933574280,"Wakabi - Le guide des bons coins","THE BANGA vous invite à sa 4ème édition sous le thème : Black & Yellow

Un évènement où vous pouvez vous divertir pleinement et c'est ce 16 Nov 2025 uniquement sur invitation 

#Wakabi #togo #lomé #lomeevent #togo228 #festival #partylife #enjoyment #thebanga #wakabileguide 
Ex",,22,"11/13/2025 11:50",N/A,https://www.facebook.com/wakabileguide/posts/pfbid027NWy4nwaD28HNSjwJUnjawk927fB2EwAAj5pEPcDy5Bigkbox6JDByLQwaDPRs5Ll,1,0,Photos,,,,,Global,55,27,2,2,0,0,0,,,55,0,27,0,0,0,12,0,0,0,0,0,0,0,38.341,0,107.003,0,12.781,0,5.632,0,0,0,1,1,1,1,1,1,1,1,1,1,1,1,1,1,1,1,1,1,1,1,1,1,1,1,1,,,,,,,,,
1175608821346893,100066933574280,"Wakabi - Le guide des bons coins","""Quel sort pour les danses Afro-Urbaines togolaises à l'international?""

Le nouveau MASTERCLASS, organisé par FABIO KOOL, se déroulera ce 15 Nov 2025 à La Fondation.

Inscription : 2000Frs

#Wakabi #togo #Lomé #masterclass #fabiokool #danseafrourbaine #wakabileguide",,0,"11/13/2025 11:41",N/A,https://www.facebook.com/wakabileguide/posts/pfbid02fosze9m5EEdaTm5MwnH6Rk3QPUMG6MFHHg5EbRjsmNqM3KfWyKZKDJS3T7tPGLpal,0,0,Photos,,,,,Global,62,19,2,1,0,1,0,,,62,0,19,0,0,0,0,0,0,0,0,0,0,0,0,0,0,0,0,0,0,0,0,0,,,,,,,,,,,,,,,,,,,,,,,,,,,,,,,,,,
1175601241347651,100066933574280,"Wakabi - Le guide des bons coins","Le Festival XWÉ VODUN revient pour sa deuxième édition

Rendez-vous du 29 Nov au 03 Déc 2025

#Wakabi #benin #xwevodun #vodun #festival #Tradition #wakabileguide",,0,"11/13/2025 11:26",N/A,https://www.facebook.com/wakabileguide/posts/pfbid031iT35zTXnuRLDWm1EVdqHcWbLBd7LUxNEqF5hZsNn5z96tFKDg6Q3LyBaaY1XGTxl,0,0,Photos,,,,,Global,61,19,2,1,0,1,1,,1,61,0,19,0,0,0,0,0,0,0,0,0,0,0,0,0,0,0,0,0,0,0,0,0,,,,,,,,,,,,,,,,,,,,,,,,,,,,,,,,,,
1174040991503676,100066933574280,"Wakabi - Le guide des bons coins","Assinie : Guide pour un week-end parfait entre amis

https://wakabileguide.com/assinie-guide-pour-un-week-end-entre-amis/

Bénin - Côte d'Ivoire - Sénégal - Togo
📲+229 0146490999

#Wakabi #LeGuide #WakabiLeGuide #ExploreWithWakabi",,0,"11/11/2025 12:00",N/A,https://www.facebook.com/wakabileguide/posts/pfbid0TF1ii1CUZWtJa1xo5E9h3Sk4RUbn8hf393rg43tqbcd7pcr8HixNoAMULf5kxcHol,0,0,Liens,,,,,Global,52,17,1,1,0,0,0,,,52,0,17,0,0,0,0,0,0,0,0,0,0,0,0,0,0,0,0,0,0,0,0,0,,,,,,,,,,,,,,,,,,,,,,,,,,,,,,,,,,
1174021118172330,100066933574280,"Wakabi - Le guide des bons coins","Lac Rose : Le guide pour une visite magique

https://wakabileguide.com/lac-rose-le-guide-pour-une-visite-magique/

Bénin - Côte d'Ivoire - Sénégal - Togo
📲+229 01 46 49 09 99

#Wakabi #LeGuide #WakabiLeGuide #ExploreWithWakabi",,0,"11/11/2025 11:25",N/A,https://www.facebook.com/wakabileguide/posts/pfbid0Bd7eLsfwjopzhycXoX9HN1SiU4p9WWaHScqFbNFjP1x4RUL2MQ9SqW4825weW9qMl,0,0,Liens,,,,,Global,41,17,4,4,0,0,1,1,,41,0,17,0,0,0,0,0,0,0,0,0,0,0,0,0,0,0,0,0,0,0,0,0,,,,,,,,,,,,,,,,,,,,,,,,,,,,,,,,,,
1401090872029965,100063871970753,"Zener SA","Nous-mêmes, on a créé notre iShowSpeed de Lomé : Founoufa 😎👌🏼

Le gars ne pouvait pas imaginer qu’au Togo, une entreprise d’énergie avait développé une solution comme la ZENCARD , une carte qui te permet de gérer ton carburant, suivre ta consommation, et recharger sans stress, depuis ton téléphone.

L’innovation locale, ça surprend même les plus vifs 🇹🇬🤭

#Zener #Zencard",,0,"01/30/2026 08:09",N/A,https://www.facebook.com/zenertg/posts/pfbid021QRvxYBnCr8XCHq2ydsgUnuLtbCvdD2oDAXu1exYPxVSp1xNanSCFQbfKjyWvbWNl,0,0,Photos,,,,,Global,18361,12086,134,108,23,3,106,,54,18361,0,12086,0,0,0,0,0,0,0,0,0,0,0,0,0,0,0,0,0,0,0,0,0,,,,,,,,,,,,,,,,,,,,,,,,,,,,,,,,,,52,,,,,,,,,,,,,,,,,,,,,,,,,,,,,,,,,,,,,,,,,,,,,,,,,,,,,,,,,,,,,,,,,,,,,,,,,,,,,,,,,,,,,,,,,,,,,,,,,,,,,,,,,,,,,,,,,,,,,,,,,,,,,,,,,,,,,,,,,,,,,,,,,,,,,,,,,,,,,,,,,,,,,,,,,,,,,
1403572801781772,100063871970753,"Zener SA","Au Togo, les habitants sont les togolais
Si on appelle le pays ZenFamili comment vas-t-on appeler les habitants ?",,0,"02/02/2026 10:38",N/A,https://www.facebook.com/zenertg/posts/pfbid02c8bL2LmE885JBg752fAzdCspRMoTaKLvFPc8ycuqFL3GYwzujtiiBNoTNFsAmdaQl,0,0,Texte,,,,,Global,4422,2559,86,49,35,2,172,,172,4422,0,2559,0,0,0,0,0,0,0,0,0,0,0,0,0,0,0,0,0,0,0,0,0,,,,,,,,,,,,,,,,,,,,,,,,,,,,,,,,,,,,,,,,,,,,,,,,,,,,,,,,,,,,,,,,,,,,,,,,,,,,,,,,,,,,,,,,,,,,,,,,,,,,,,,,,,,,,,,,,,,,,,,,,,,,,,,,,,,,,,,,,,,,,,,,,,,,,,,,,,,,,,,,,,,,,,,,,,,,,,,,,,,,,,,,,,,,,,,,,,,,,,,,,,,,,,,
1404172825055103,100063871970753,"Zener SA","Libérez les ZenCard ! 🥺✊😏

Vous croyez qu’elles aiment l’obscurité de vos portefeuilles ? Nos ZenCard sont en colère ! 

Elles sont tristes parce qu’elles se sentent abandonnées.

Pourtant, elles n’attendent qu’une chose, voir la lumière de la station Oasis et biper pour vous faire gagner du temps !

⚠️ Un souci technique ? Ne restez pas bloqués ! Écrivez-nous directement en Inbox ou contactez notre service clientèle. On gère ça ensemble ! 🤝💚

#Zener #Zencard","Libérez les ZenCard ! 🥺✊😏

Vous croyez qu’elles aiment l’obscurité de vos portefeuilles ? Nos ZenCard sont en colère ! 

Elles sont tristes parce qu’elles se sentent abandonnées.

Pourtant, elles n’attendent qu’une chose, voir la lumière de la station Oasis et biper pour vous faire gagner du temps !

⚠️ Un souci technique ? Ne restez pas bloqués ! Écrivez-nous directement en Inbox ou contactez notre service clientèle. On gère ça ensemble ! 🤝💚

#Zener #Zencard",39,"02/03/2026 05:37",N/A,https://www.facebook.com/reel/1818179595509611/,0,0,Vidéos,,,,,Global,866,898,40,29,9,2,29,,29,865,0,898,0,363,0,349,0,0,363,0,0,0,0,2628.669,9.343,3727.156,0,6.605,3.115,9.835,0,0,0,1,1,1,1,1,1,1,1,1,1,1,1,1,1,1,1,0.97,0.89,0.89,0.85,0.76,0.73,0.69,0.67,0.61,0.56,0.55,0.49,0.44,0.43,0.42,0.39,0.38,,,6365.168,8.16,0,0,0,1,1,1,1,0.87,0.75,0.69,0.63,0.61,0.6,0.57,0.53,0.5,0.47,0.45,0.41,0.39,0.35,0.35,0.33,0.3,0.29,0.27,0.26,0.24,0.21,0.21,0.19,0.17,0.16,0.16,0.14,0.14,0.13,0.13,0.12,0.12,0.11,0.1,0.09,0.08,0.36,0.33,0.32,0.31,0.29,0.27,0.23,0.2,160,69,35,30,19,13,15,9,3,2,3,1,261,7,16,4,21,,14,,,,,1,1,1,7,,4,4,1,8,,1,,,,,,,2,1,,,,,2,,,,,,1,2,,,1,,1,,,,,,,,,,,,,,,,,,,,,,,,,,,,,,,,,,,,,,,,,,,,1,,,,,,,,,,,1,,,,
1405414954930890,100063871970753,"Zener SA","Méfiez-vous de l’ami qui te demande un « petit prêt » là là là... soit-disant c'est urgent ! En vrai, c'est pour aller faire 'Lover avec sa go, sécurise ton argent de carburant champion ☝🏼",,0,"02/04/2026 11:05",N/A,https://www.facebook.com/zenertg/posts/pfbid0yeyULG39kP86cZK4GeCCxa16hQQ5n7LWxEg3qe4MP75oXHoe4ZXKteccujP7qvC1l,0,0,Texte,,,,,Global,1348,730,44,29,12,3,21,,21,1348,0,730,0,0,0,0,0,0,0,0,0,0,0,0,0,0,0,0,0,0,0,0,0,,,,,,,,,,,,,,,,,,,,,,,,,,,,,,,,,,,,,,,,,,,,,,,,,,,,,,,,,,,,,,,,,,,,,,,,,,,,,,,,,,,,,,,,,,,,,,,,,,,,,,,,,,,,,,,,,,,,,,,,,,,,,,,,,,,,,,,,,,,,,,,,,,,,,,,,,,,,,,,,,,,,,,,,,,,,,,,,,,,,,,,,,,,,,,,,,,,,,,,,,,,,,,,
1406382844834101,100063871970753,"Zener SA","On dit souvent que le client est roi, mais chez nous à l’Oasis, tu es plus que ça : tu es un membre de la ZenFamili. 💚

Que ce soit pour une suggestion, un grand merci ou juste pour nous raconter comment ta ZenCard t’a évité un retard aujourd’hui, notre micro est ouvert ! 

Laisse-nous un mot en commentaire, on lit tout avec attention. ✨

#Zener",,0,"02/05/2026 11:45",N/A,https://www.facebook.com/zenertg/posts/pfbid02Kwk14uWY9twKGKxEHcHtwHReq5EDkaBJquDbrNBWVoneXbB5AqnVov4humgFas2l,0,0,Photos,,,,,Global,1392,835,25,17,6,2,18,,9,1392,0,835,0,0,0,0,0,0,0,0,0,0,0,0,0,0,0,0,0,0,0,0,0,,,,,,,,,,,,,,,,,,,,,,,,,,,,,,,,,,9,,,,,,,,,,,,,,,,,,,,,,,,,,,,,,,,,,,,,,,,,,,,,,,,,,,,,,,,,,,,,,,,,,,,,,,,,,,,,,,,,,,,,,,,,,,,,,,,,,,,,,,,,,,,,,,,,,,,,,,,,,,,,,,,,,,,,,,,,,,,,,,,,,,,,,,,,,,,,,,,,,,,,,,,,,,,,
1407397318065987,100063871970753,"Zener SA","Quitte la file, rejoins la piste VIP et garde ton énergie pour des choses plus importantes ! 😎

#Zener",,0,"02/06/2026 10:44",N/A,https://www.facebook.com/zenertg/posts/pfbid02B3NJ9nvKbnFPtxsnejKbS2LkiMcLtbLMW78KesP4pvy8aTASyHxmq8sVG37S3191l,0,0,Photos,,,,,Global,1588,979,35,30,4,1,24,,16,1588,0,979,0,0,0,0,0,0,0,0,0,0,0,0,0,0,0,0,0,0,0,0,0,,,,,,,,,,,,,,,,,,,,,,,,,,,,,,,,,,8,,,,,,,,,,,,,,,,,,,,,,,,,,,,,,,,,,,,,,,,,,,,,,,,,,,,,,,,,,,,,,,,,,,,,,,,,,,,,,,,,,,,,,,,,,,,,,,,,,,,,,,,,,,,,,,,,,,,,,,,,,,,,,,,,,,,,,,,,,,,,,,,,,,,,,,,,,,,,,,,,,,,,,,,,,,,,
1408351201303932,100063871970753,"Zener SA","😂c’est pas la sorcellerie qui est là ça ? 

#minonclever #Zener","😂c’est pas la sorcellerie qui est là ça ? 

#minonclever #Zener",17,"02/07/2026 13:02",mixed,https://www.facebook.com/reel/929967939594364/,0,0,Vidéos,,,,,Global,938,920,33,32,0,1,16,,16,938,0,920,0,410,0,396,0,0,410,0,0,0,0,2707.005,14.539,2842.822,0,6.906,2.908,7.309,0,0,0,1,1,1,1,1,1,1,1,1,1,1,1,1,1,1,1,1,1,1,0.88,0.78,,,,,,,,,,,,,,,5564.366,7.079,0,0,0,0.99,1,1,1,0.97,0.82,0.7,0.62,0.58,0.54,0.51,0.5,0.49,0.46,0.44,0.43,0.38,0.31,0.26,0.21,0.19,,,,,,,,,,,,,,,,,,,,,,,,,,,,,168,85,48,37,24,15,7,11,2,2,6,2,332,7,5,1,11,4,18,2,,1,1,2,,3,6,,3,3,1,4,,,,2,1,,,,,,,,,,,,,,,,2,,,,1,,,,,,,,,,,,,,,,,,,,,,,,,,,,,,,,,,,,,,,,,,,,,,,,,,,,,,,,,,,,,
1410184641120588,100063871970753,"Zener SA","Méfiez-vous des hommes qui disent qu'ils vont en voyage cette semaine, ils vont revenir le 16 février en prétextant une panne d'essence. #MINONCLEVER",,0,"02/09/2026 12:11",N/A,https://www.facebook.com/zenertg/posts/pfbid0QwEKLW1TUEwyqYXEpQHzaonbiTwEYDwVYgHkDQ2LfBEhg8hZJb2NsVSap2sWFoN7l,0,0,Texte,,,,,Global,600,352,15,12,2,1,3,,3,600,0,352,0,0,0,0,0,0,0,0,0,0,0,0,0,0,0,0,0,0,0,0,0,,,,,,,,,,,,,,,,,,,,,,,,,,,,,,,,,,,,,,,,,,,,,,,,,,,,,,,,,,,,,,,,,,,,,,,,,,,,,,,,,,,,,,,,,,,,,,,,,,,,,,,,,,,,,,,,,,,,,,,,,,,,,,,,,,,,,,,,,,,,,,,,,,,,,,,,,,,,,,,,,,,,,,,,,,,,,,,,,,,,,,,,,,,,,,,,,,,,,,,,,,,,,,,
1411588080980244,100063871970753,"Zener SA","💌 On a lancé un jeu concours qui peut t’offrir un dîner à deux chez BONICI pour célébrer l’amour ce 14 février 2026 ❤️.

Tu veux tenter ta chance ? 🌝

👉 Rejoins‑nous ici : https://whatsapp.com/channel/0029VabhdedDp2QESN9kDV38 pour en savoir plus 

#Zener #SaintValentin #BONICI #JeuConcours",,0,"02/11/2026 02:17",N/A,https://www.facebook.com/zenertg/posts/pfbid02FpsVJ1LkRkx68NaEANgJHnThZYkYHvoPVYYhpjfxDJiMdccWEVA5wPSCYmDV6Lzml,0,1,Liens,,,,,Global,167,101,3,3,0,0,7,7,,167,0,101,0,0,0,0,0,0,0,0,0,0,0,0,0,0,0,0,0,0,0,0,0,,,,,,,,,,,,,,,,,,,,,,,,,,,,,,,,,,,,,,,,,,,,,,,,,,,,,,,,,,,,,,,,,,,,,,,,,,,,,,,,,,,,,,,,,,,,,,,,,,,,,,,,,,,,,,,,,,,,,,,,,,,,,,,,,,,,,,,,,,,,,,,,,,,,,,,,,,,,,,,,,,,,,,,,,,,,,,,,,,,,,,,,,,,,,,,,,,,,,,,,,,,,,,,
1412612627544456,100063871970753,"Zener SA","Si on vous donnait pour une journée la place de votre boss que feriez-vous ? 🌝

#zener","Si on vous donnait pour une journée la place de votre boss que feriez-vous ? 🌝

#zener",33,"02/12/2026 06:45",N/A,https://www.facebook.com/reel/1431424591392420/,0,0,Vidéos,,,,,Global,1141,1078,18,17,1,0,16,,16,1140,0,1078,0,671,0,671,0,0,671,0,0,0,0,8491.891,0,3943.711,0,12.063,0,12.481,0,0,0,1,1,1,1,1,1,1,1,1,1,1,1,1,1,1,1,1,0.98,0.91,0.87,0.85,0.82,0.76,0.71,0.67,0.64,0.62,0.6,0.58,0.57,0.55,0.51,0.51,,,12435.602,12.191,0,0,0,1,1,1,1,0.94,0.89,0.83,0.78,0.73,0.68,0.62,0.57,0.53,0.52,0.5,0.48,0.45,0.44,0.41,0.39,0.38,0.37,0.34,0.32,0.3,0.29,0.28,0.27,0.26,0.25,0.24,0.23,0.23,0.22,0.22,0.15,0.12,,,,,0.5,0.49,0.34,0.27,,,,,249,186,45,42,53,23,20,9,20,9,5,2,393,22,38,1,49,17,36,2,,8,,1,,11,7,1,4,16,3,7,4,15,,1,1,2,,1,,,,7,,,3,5,,,,1,7,1,,,2,,,,,,,,,1,,,,1,,,,,,,,,,,,,,,,,,,,,,,,,,,,,1,,,,,,,,,,,,,,,,1,1,,
1414347044037681,100063871970753,"Zener SA","L'amour de Zener, c'est comme le moteur d'une voiture bien entretenue 

c'est silencieux, c'est présent dans chaque kilomètre, et c'est partout au Togo pour vous accompagner. 🇹🇬⛽ 

Bonne fête de l’amour à toute la ZenFamili ! ❤️","L'amour de Zener, c'est comme le moteur d'une voiture bien entretenue 

c'est silencieux, c'est présent dans chaque kilomètre, et c'est partout au Togo pour vous accompagner. 🇹🇬⛽ 

Bonne fête de l’amour à toute la ZenFamili ! ❤️",120,"02/14/2026 02:53",N/A,https://www.facebook.com/reel/1433172615216353/,0,0,Vidéos,,,,,Global,767,850,37,30,5,2,19,,19,764,0,850,0,356,35,337,35,0,356,0,0,0,0,3436.898,107.691,4287.862,0,8.68,9.791,14.341,0,0,0,1,1,1,1,1,1,0.85,0.76,0.71,0.64,0.59,0.58,0.54,0.49,0.47,0.47,0.44,0.43,0.42,0.4,0.4,0.36,0.35,0.35,0.33,0.33,0.33,0.32,0.32,0.31,0.31,0.3,0.3,,,7832.451,11.094,0,0,0,0.99,1,0.51,0.39,0.33,0.26,0.22,0.2,0.19,0.16,0.15,0.15,0.14,0.13,0.12,0.12,0.11,0.11,0.11,0.1,0.1,0.09,0.09,0.09,0.08,0.08,0.08,0.08,0.08,0.08,0.08,0.08,0.08,0.08,0.08,0.08,0.07,0.06,0.06,0.05,0.03,0.3,0.3,0.31,0.29,0.25,0.22,0.19,0.13,165,67,27,37,16,12,12,10,3,2,3,,290,3,12,2,16,2,4,1,,3,,,,3,1,,1,2,1,5,2,,,1,,1,,,,,,3,,,,,,,,1,,,,,,,,,,,,,,,,,,,,,,,,,,,,,,,,,,,,,,,,,,,,,,,,,,1,,,,1,,,,,,,,,,,,
1418058780333174,100063871970753,"Zener SA","Elle a choisi la Zencard 💃 
Elle ne perd plus de temps dans les files d’attente. 

#Zener",,0,"02/18/2026 04:40",N/A,https://www.facebook.com/zenertg/posts/pfbid02aaXJE3JwQoyDy4QBqHpxykAVhyjeK38JtWUqYz6UMn9vJ3gsunnosxDaq18pW3Dl,0,0,Photos,,,,,Global,1294,879,21,20,1,0,23,,13,1294,0,879,0,0,0,0,0,0,0,0,0,0,0,0,0,0,0,0,0,0,0,0,0,,,,,,,,,,,,,,,,,,,,,,,,,,,,,,,,,,10,,,,,,,,,,,,,,,,,,,,,,,,,,,,,,,,,,,,,,,,,,,,,,,,,,,,,,,,,,,,,,,,,,,,,,,,,,,,,,,,,,,,,,,,,,,,,,,,,,,,,,,,,,,,,,,,,,,,,,,,,,,,,,,,,,,,,,,,,,,,,,,,,,,,,,,,,,,,,,,,,,,,,,,,,,,,,
1418091500329902,100063871970753,"Zener SA","Chez ZENER, nous croyons fermement en une communauté soudée et solidaire, où chaque genre est respecté et épanoui. ✨

Parce que l’énergie la plus puissante est celle qui nous unit, nous avons eu l’immense honneur de recevoir et de soutenir la Caravane des @hommeallietogo sur nos Oasis.

Soutenir cette campagne, c’est réaffirmer notre engagement pour un monde plus juste, où personne n’est laissé de côté face aux défis de notre société. C’est aussi cela, l’esprit de la ZenFamili.

Avez-vous déjà croisé le chemin de cette caravane ou l’avez-vous aperçue lors de son passage sur l’une de nos stations ? 🚛💨

Dites-nous tout en commentaire ! 👇

#Zener #HommesAlliés #Solidarité #ZenFamili",,0,"02/18/2026 05:26",N/A,https://www.facebook.com/zenertg/posts/pfbid0hSto9hHALse8WSYBzkC3xH2zdDEHTHjQosz6a5h9i45nvRuu7jWC6jcTDaD2iiW4l,0,0,Photos,,,,,Global,1430,759,35,29,3,3,136,,61,1430,0,759,0,0,0,0,0,0,0,0,0,0,0,0,0,0,0,0,0,0,0,0,0,,,,,,,,,,,,,,,,,,,,,,,,,,,,,,,,,,75,,,,,,,,,,,,,,,,,,,,,,,,,,,,,,,,,,,,,,,,,,,,,,,,,,,,,,,,,,,,,,,,,,,,,,,,,,,,,,,,,,,,,,,,,,,,,,,,,,,,,,,,,,,,,,,,,,,,,,,,,,,,,,,,,,,,,,,,,,,,,,,,,,,,,,,,,,,,,,,,,,,,,,,,,,,,,
1418254123646973,100063871970753,"Zener SA",😁,,0,"02/18/2026 09:07",N/A,https://www.facebook.com/zenertg/posts/pfbid0dmPTmUmmP4wkVsDHFYV8Mq7NNfxMM3BU5Huowm5FFvwKVMyLTSGL6QR8EaVWbvZKl,0,1,Vidéos,,,,,Global,8,150,7,7,0,0,1,,1,8,0,150,0,28,0,28,0,0,28,0,0,0,0,0,224.05,75.535,0,,,,,0,0,,,,,,,,,,,,,,,,,,,,,,,,,,,,,,,,,,,,,,,,,,,,,,,,,,,,,,,,,,,,,,,,,,,,,,,,,,,,,,,,,,,,,,,,,,,,,,,,,,,,,,,,,,,,,,,,,,,,,,,,,,,,,,,,,,,,,,,,,,,,,,,,,,,,,,,,,,,,,,,,,,,,,,,,,,,,,,,,,,,,,,,,,,,,,,,,,,,,,,,,,,,,,,,
1418902110248841,100063871970753,"Zener SA","Cette année, le carême chrétien et le Ramadan musulman se vivent au même moment.

Deux traditions. Un même appel à la purification du cœur, à la paix et à la fraternité.🙏🏾

Que cette période soit pour chacun un moment de lumière intérieure, de solidarité et d’élévation.

#Zener #jeûnechrétien #jeûnemusulman",,0,"02/19/2026 03:33",N/A,https://www.facebook.com/zenertg/posts/pfbid029FcqvVZXVKdQukLYCMGCMrkjzH8EwqGwi46mGQVKLD3fovUKhkegc3Rg3ZSak1qWl,0,0,Photos,,,,,Global,1170,738,30,27,0,3,22,,10,1170,0,738,0,0,0,0,0,0,0,0,0,0,0,0,0,0,0,0,0,0,0,0,0,,,,,,,,,,,,,,,,,,,,,,,,,,,,,,,,,,12,,,,,,,,,,,,,,,,,,,,,,,,,,,,,,,,,,,,,,,,,,,,,,,,,,,,,,,,,,,,,,,,,,,,,,,,,,,,,,,,,,,,,,,,,,,,,,,,,,,,,,,,,,,,,,,,,,,,,,,,,,,,,,,,,,,,,,,,,,,,,,,,,,,,,,,,,,,,,,,,,,,,,,,,,,,,,
1419891346816584,100063871970753,"Zener SA","Zenaya arrive ! 👀

#Zenaya #Coming soon",,0,"02/20/2026 06:30",N/A,https://www.facebook.com/zenertg/posts/pfbid0sEMECkt89rC76TBKQJ5Hs7VATRk5aYM3DGYvDGCznGzZiGwDf5u5MDr7t8UZDF5El,0,0,Photos,,,,,Global,1169,713,27,21,4,2,15,,10,1169,0,713,0,0,0,0,0,0,0,0,0,0,0,0,0,0,0,0,0,0,0,0,0,,,,,,,,,,,,,,,,,,,,,,,,,,,,,,,,,,5,,,,,,,,,,,,,,,,,,,,,,,,,,,,,,,,,,,,,,,,,,,,,,,,,,,,,,,,,,,,,,,,,,,,,,,,,,,,,,,,,,,,,,,,,,,,,,,,,,,,,,,,,,,,,,,,,,,,,,,,,,,,,,,,,,,,,,,,,,,,,,,,,,,,,,,,,,,,,,,,,,,,,,,,,,,,,
1425022599636792,100063871970753,"Zener SA","Plus besoin de se compliquer la vie. 😎

Recharge ta ZenCard depuis ton téléphone en quelques clics.

On a pensé à tout ! Mixx, Flooz, Coris, Visa. 😁🙌

#Zener #zenfamili #recharge",,0,"02/26/2026 02:30",N/A,https://www.facebook.com/zenertg/posts/pfbid03ceKqh9MYKQu9dAv7EMUqTy8fYRd531eBpmATExfzRTEUiqwBJrZfRY3GqnTZX7tl,0,0,Photos,,,,,Global,1249,772,38,28,5,5,20,,13,1249,0,772,0,0,0,0,0,0,0,0,0,0,0,0,0,0,0,0,0,0,0,0,0,,,,,,,,,,,,,,,,,,,,,,,,,,,,,,,,,,7,,,,,,,,,,,,,,,,,,,,,,,,,,,,,,,,,,,,,,,,,,,,,,,,,,,,,,,,,,,,,,,,,,,,,,,,,,,,,,,,,,,,,,,,,,,,,,,,,,,,,,,,,,,,,,,,,,,,,,,,,,,,,,,,,,,,,,,,,,,,,,,,,,,,,,,,,,,,,,,,,,,,,,,,,,,,,
1430242582448127,100063871970753,"Zener SA","Dis-nous en commentaire 👇 😏

#zener #trajet #route",,0,"03/04/2026 04:42",N/A,https://www.facebook.com/zenertg/posts/pfbid02HbRGK5Q2KrNMssvicMLCosnr7ZTbc9UjEw3rBBfZ1BPfdnGtARXX6PBmm37j4yWvl,0,0,Photos,,,,,Global,2027,1145,35,23,11,1,38,,32,2027,0,1145,0,0,0,0,0,0,0,0,0,0,0,0,0,0,0,0,0,0,0,0,0,,,,,,,,,,,,,,,,,,,,,,,,,,,,,,,,,,6,,,,,,,,,,,,,,,,,,,,,,,,,,,,,,,,,,,,,,,,,,,,,,,,,,,,,,,,,,,,,,,,,,,,,,,,,,,,,,,,,,,,,,,,,,,,,,,,,,,,,,,,,,,,,,,,,,,,,,,,,,,,,,,,,,,,,,,,,,,,,,,,,,,,,,,,,,,,,,,,,,,,,,,,,,,,,
1431062739032778,100063871970753,"Zener SA","Tout est devenu simple à la pompe et maintenant, je ne peux plus m’en passer. »

Témoigne d’un client conquis parmi des milliers 
Et toi ta zencard  l’as-tu ? 😉

#zener",,0,"03/05/2026 05:46",N/A,https://www.facebook.com/zenertg/posts/pfbid02Ry5R5aLtd8Ga2NSUS95f6NjuaBhS18oJjU6ZPV71FEzBYtRddK9gqwXjYrqgCHFnl,0,0,Photos,,,,,Global,7251,5135,374,368,5,1,141,24,107,2876,4375,3702,3230,0,0,0,0,0,0,0,0,0,0,0,0,0,0,0,0,0,0,0,0,,,,,,,,,,,,,,,,,,,,,,,,,,,,,,,,,,10,,,,,,,,,,,,,,,,,,,,,,,,,,,,,,,,,,,,,,,,,,,,,,,,,,,,,,,,,,,,,,,,,,,,,,,,,,,,,,,,,,,,,,,,,,,,,,,,,,,,,,,,,,,,,,,,,,,,,,,,,,,,,,,,,,,,,,,,,,,,,,,,,,,,,,,,,,,,,,,,,,,,,,,,,,,,,
1432795698859482,100063871970753,"Zener SA","Une petite danse avant la fin du week-end 😎

#zener","Une petite danse avant la fin du week-end 😎

#zener",12,"03/07/2026 11:00",N/A,https://www.facebook.com/reel/903541885932315/,0,0,Vidéos,,,,,Global,421,328,14,11,2,1,2,,2,421,0,328,0,137,0,130,0,0,137,0,0,0,0,665.244,12.242,1126.457,0,5.04,6.121,5.216,0,0,0,1,1,1,1,1,1,1,1,1,1,1,1,1,1,1,1,0.91,,,,,,,,,,,,,,,,,,,1803.943,5.154,0,0,0,0.99,0.99,0.99,0.99,0.99,0.99,0.91,0.78,0.64,0.64,0.54,0.44,0.39,0.39,0.3,0.26,0.22,,,,,,,,,,,,,,,,,,,,,,,,,,,,,,,,,55,31,13,15,11,1,1,5,1,1,,1,122,2,,2,3,,1,,,1,,,,1,,,,,,2,,,,,,,,,,,,2,,,1,,,,,,,,,,,,,,,,,,,,,,,,,,,,,,,,,,,,,,,,,,,,,,,,,,,,,,,,,,,,,,,,,,,,,,,
1434346112037774,100063871970753,"Zener SA","On sait que tu veux. 👀
On sait que tu hésites. 🤔
On sait que tu dis « bientôt » depuis plusieurs mois. 😂

Mais la ZenCard elle attend toujours hein.
Et elle est seulement à 1 000 FCFA

Rejoins la ZENFAMILI . 🤗

#Zener #Zenfamilli #ZenCard",,0,"03/09/2026 12:05",N/A,https://www.facebook.com/zenertg/posts/pfbid0fBd72664Sc1G6DW5drXMhM4T8yGt7MrsJinVBXD48dL476DaELgnUyzv7k9EDpvYl,0,0,Photos,,,,,Global,1219,781,19,15,3,1,19,,13,1219,0,781,0,0,0,0,0,0,0,0,0,0,0,0,0,0,0,0,0,0,0,0,0,,,,,,,,,,,,,,,,,,,,,,,,,,,,,,,,,,6,,,,,,,,,,,,,,,,,,,,,,,,,,,,,,,,,,,,,,,,,,,,,,,,,,,,,,,,,,,,,,,,,,,,,,,,,,,,,,,,,,,,,,,,,,,,,,,,,,,,,,,,,,,,,,,,,,,,,,,,,,,,,,,,,,,,,,,,,,,,,,,,,,,,,,,,,,,,,,,,,,,,,,,,,,,,,
1434823768656675,100063871970753,"Zener SA","On discute, on papote, on informe, on rigole, on vous partage des gbairais zénergétiques et surtout, on vous fait gagner des cadeaux 😏🎁.

👉 rejoins‑nous sur notre compte TikTok à 15h. 

N’oublie pas de mettre ton alarme 🚨😎

#Zener #livemood #livetiktok","On discute, on papote, on informe, on rigole, on vous partage des gbairais zénergétiques et surtout, on vous fait gagner des cadeaux 😏🎁.

👉 rejoins‑nous sur notre compte TikTok à 15h. 

N’oublie pas de mettre ton alarme 🚨😎

#Zener #livemood #livetiktok",21,"03/10/2026 04:30",uploaded,https://www.facebook.com/reel/802525268949790/,0,0,Vidéos,,,,,Global,1547,1294,56,52,1,3,21,,21,1547,0,1294,0,842,0,828,0,0,842,0,0,0,0,5254.351,21.975,9237.577,0,8.787,3.663,14.345,0,0,0,1,1,1,1,1,1,1,1,1,1,1,1,1,1,1,1,1,1,0.98,0.94,0.91,0.89,0.83,0.77,0.67,,,,,,,,,,,14513.903,11.629,0,0,0,1,1,1,1,0.93,0.82,0.74,0.71,0.68,0.66,0.6,0.54,0.5,0.46,0.44,0.42,0.41,0.39,0.37,0.36,0.34,0.33,0.31,0.29,0.25,,,,,,,,,,,,,,,,,,,,,,,,,313,210,66,61,71,22,30,19,12,11,9,4,743,17,3,4,10,3,8,4,,7,,6,,3,1,1,1,3,5,6,1,,,,,2,,,,1,,3,,,2,2,,,,,,,,,2,,,,1,,,1,,,,,,,,,,1,1,,,,,,,,,,,,,,,,,,,,,,,,,,,,,,,,,,,,,,,,,,,
1436708455134873,100063871970753,"Zener SA","Depuis le mangé, je n’ai rien matin 
Et vous ? 😔
#CM",,0,"03/12/2026 09:29",N/A,https://www.facebook.com/zenertg/posts/pfbid02rGyjenLE2z8tUtjWyitYasBLWLtyH52two9CSxL3HzoUcHiE8jBjwpxP7KE2bahUl,0,0,Texte,,,,,Global,1440,786,44,33,11,0,56,,56,1440,0,786,0,0,0,0,0,0,0,0,0,0,0,0,0,0,0,0,0,0,0,0,0,,,,,,,,,,,,,,,,,,,,,,,,,,,,,,,,,,,,,,,,,,,,,,,,,,,,,,,,,,,,,,,,,,,,,,,,,,,,,,,,,,,,,,,,,,,,,,,,,,,,,,,,,,,,,,,,,,,,,,,,,,,,,,,,,,,,,,,,,,,,,,,,,,,,,,,,,,,,,,,,,,,,,,,,,,,,,,,,,,,,,,,,,,,,,,,,,,,,,,,,,,,,,,,
1437463925059326,100063871970753,"Zener SA","🤣 incroyable mais vrai ! 

#Zener","🤣 incroyable mais vrai ! 

#Zener",12,"03/13/2026 06:39",N/A,https://www.facebook.com/reel/1317039773625087/,0,0,Vidéos,,,,,Global,279,225,11,11,0,0,8,,8,279,0,225,0,89,0,85,0,0,89,0,0,0,0,339.318,0,926.212,0,6.284,0,6.094,0,0,0,1,1,1,1,1,1,1,1,1,1,1,1,1,1,1,1,0.96,,,,,,,,,,,,,,,,,,,1265.53,6.143,0,0,0,1,1,1,1,1,1,0.92,0.84,0.81,0.81,0.73,0.7,0.61,0.61,0.58,0.52,0.49,,,,,,,,,,,,,,,,,,,,,,,,,,,,,,,,,,,,,,,,,,,,,,,,,,,,,,,,,,,,,,,,,,,,,,,,,,,,,,,,,,,,,,,,,,,,,,,,,,,,,,,,,,,,,,,,,,,,,,,,,,,,,,,,,,,,,,,,,,,,,,,,,,,,,,
1440833268055725,100063871970753,"Zener SA","Mesdames et Messieurs, chers amis de la ZenFamili, c’est l’heure du LIVE ! 🎉😎

On est en ligne, prêts à papoter, discuter, rigoler et partager nos vibes sur TikTok. Et comme toujours, il y aura des surprises, des petits cadeaux à gagner pour les plus fidèles et les plus fun d’entre vous 🎁✨.

Alors connecte-toi et tapote beaucoup beaucoup 😏

🔗 https://vt.tiktok.com/ZS9RjH8co8H2f-elFXK/

#zener #livetiktok",,0,"03/17/2026 08:13",N/A,https://www.facebook.com/zenertg/posts/pfbid08s1hiXbEubFCeQB7DjJ8HGwTDcyQFwSQkYThpYxGe6uEBRSRZaW9eS59wq1wfUrul,0,0,Photos,,,,,Global,1675,1085,30,26,2,2,25,,17,1675,0,1085,0,0,0,0,0,0,0,0,0,0,0,0,0,0,0,0,0,0,0,0,0,,,,,,,,,,,,,,,,,,,,,,,,,,,,,,,,,,8,,,,,,,,,,,,,,,,,,,,,,,,,,,,,,,,,,,,,,,,,,,,,,,,,,,,,,,,,,,,,,,,,,,,,,,,,,,,,,,,,,,,,,,,,,,,,,,,,,,,,,,,,,,,,,,,,,,,,,,,,,,,,,,,,,,,,,,,,,,,,,,,,,,,,,,,,,,,,,,,,,,,,,,,,,,,,
1441673867971665,100063871970753,"Zener SA","Le saviez-vous ? 😏

On sait que la vie a ses raisons que la poche ignore, mais on dit minimum 100 000 f sur la Zencard. L’as-tu ? 

#Zener #Zencard",,0,"03/18/2026 09:32",N/A,https://www.facebook.com/zenertg/posts/pfbid0TbSDHuLLApT7AHeHN9Daow2vBhKK6yWFefz9vHqZ76Zjn6HSudkmVMEKWcu3QVPxl,0,0,Photos,,,,,Global,2650,1487,84,45,16,23,100,,83,2650,0,1487,0,0,0,0,0,0,0,0,0,0,0,0,0,0,0,0,0,0,0,0,0,,,,,,,,,,,,,,,,,,,,,,,,,,,,,,,,,,17,,,,,,,,,,,,,,,,,,,,,,,,,,,,,,,,,,,,,,,,,,,,,,,,,,,,,,,,,,,,,,,,,,,,,,,,,,,,,,,,,,,,,,,,,,,,,,,,,,,,,,,,,,,,,,,,,,,,,,,,,,,,,,,,,,,,,,,,,,,,,,,,,,,,,,,,,,,,,,,,,,,,,,,,,,,,,
1442357991236586,100063871970753,"Zener SA","Certains donnent et reprennent. 😏
Nous on donne et on assume. 😎

Ta ZenCard, tes avantages, ton accès 24h/24.C’est à toi. On touche pas. 

#Zener #Zencard",,0,"03/19/2026 06:20",N/A,https://www.facebook.com/zenertg/posts/pfbid0cJXoL1Lt378xwdBDyzUH62rmuWQfhXZn4wRrdDM4vb7UfFsz2CmRMxuduaiNFtn5l,0,0,Photos,,,,,Global,1902,1164,34,30,1,3,32,,21,1902,0,1164,0,0,0,0,0,0,0,0,0,0,0,0,0,0,0,0,0,0,0,0,0,,,,,,,,,,,,,,,,,,,,,,,,,,,,,,,,,,11,,,,,,,,,,,,,,,,,,,,,,,,,,,,,,,,,,,,,,,,,,,,,,,,,,,,,,,,,,,,,,,,,,,,,,,,,,,,,,,,,,,,,,,,,,,,,,,,,,,,,,,,,,,,,,,,,,,,,,,,,,,,,,,,,,,,,,,,,,,,,,,,,,,,,,,,,,,,,,,,,,,,,,,,,,,,,
1442676207871431,100063871970753,"Zener SA","Et le hilal apparut.🌙

Symbole de foi, de lumière et de renouveau.

ZENER s’associe à vos prières et à vos joies pour vous souhaiter une belle fête de Ramadan.

#Zener #Ramadan",,0,"03/19/2026 14:11",N/A,https://www.facebook.com/zenertg/posts/pfbid0zFp5SuoFuCeQHAuNY4CZH7ERsgeavM5LAEvS51WG247GFQzwFPRJrXyJcTxTaeRPl,0,0,Photos,,,,,Global,2221,1430,45,40,3,2,32,,13,2221,0,1430,0,0,0,0,0,0,0,0,0,0,0,0,0,0,0,0,0,0,0,0,0,,,,,,,,,,,,,,,,,,,,,,,,,,,,,,,,,,19,,,,,,,,,,,,,,,,,,,,,,,,,,,,,,,,,,,,,,,,,,,,,,,,,,,,,,,,,,,,,,,,,,,,,,,,,,,,,,,,,,,,,,,,,,,,,,,,,,,,,,,,,,,,,,,,,,,,,,,,,,,,,,,,,,,,,,,,,,,,,,,,,,,,,,,,,,,,,,,,,,,,,,,,,,,,,
1446302450842140,100063871970753,"Zener SA","Rouler à 1h du matin sans crainte…
Parce que ta ZenCard est ton garde‑fou.
Même en panne d’essence , tu sais que tu as la solution.😌

#Zener #Zencard #Selfservice",,0,"03/23/2026 13:00",N/A,https://www.facebook.com/zenertg/posts/pfbid0ZCmjER3qwVTpo7cufS1eshi6fBLK2796Q2X1jUgWMp8p9Z97Tzr4iNhwyLqh2NHal,0,0,Photos,,,,,Global,2180,1462,33,29,2,2,14,,9,2180,0,1462,0,0,0,0,0,0,0,0,0,0,0,0,0,0,0,0,0,0,0,0,0,,,,,,,,,,,,,,,,,,,,,,,,,,,,,,,,,,5,,,,,,,,,,,,,,,,,,,,,,,,,,,,,,,,,,,,,,,,,,,,,,,,,,,,,,,,,,,,,,,,,,,,,,,,,,,,,,,,,,,,,,,,,,,,,,,,,,,,,,,,,,,,,,,,,,,,,,,,,,,,,,,,,,,,,,,,,,,,,,,,,,,,,,,,,,,,,,,,,,,,,,,,,,,,,
1453036510168734,100063871970753,"Zener SA","Obéna les hommes qui utilisent la ZenCard sont des paresseux ? 😳 

Rendez‑vous à 15 h en LIVE TikTok sur la page de Zener pour en parler ensemble !

Thème du jour : ZenCard x ZenFamili, le duo gagnant — mode d’utilisation et avantages 😎

#zener #livetiktok",,0,"03/31/2026 07:10",N/A,https://www.facebook.com/zenertg/posts/pfbid02gW4zwy9EiC9hMzb5ueLrvK1Enwh1jdCEeXSmXHXqzhXUhdV2pWjp2kiAZ8KSLvb4l,0,0,Photos,,,,,Global,520,343,17,14,2,1,6,,4,520,0,343,0,0,0,0,0,0,0,0,0,0,0,0,0,0,0,0,0,0,0,0,0,,,,,,,,,,,,,,,,,,,,,,,,,,,,,,,,,,2,,,,,,,,,,,,,,,,,,,,,,,,,,,,,,,,,,,,,,,,,,,,,,,,,,,,,,,,,,,,,,,,,,,,,,,,,,,,,,,,,,,,,,,,,,,,,,,,,,,,,,,,,,,,,,,,,,,,,,,,,,,,,,,,,,,,,,,,,,,,,,,,,,,,,,,,,,,,,,,,,,,,,,,,,,,,,
1453750116764040,100063871970753,"Zener SA","Nous avons gardé le secret mais il est temps de vous l’annoncer !

Jamais vu dans l’histoire, ZENER lance le tout premier carburant fruité au monde 🍊🍍🍓🥭.

Disponible dans nos Oasis dès le 1er avril 2026 

#Zener #énergie #zencard #carburant #carburantfruité",,0,"04/01/2026 01:44",N/A,https://www.facebook.com/zenertg/posts/pfbid0EFnp4y9mm2HZ4HmdNiRyttcSyVCCc3RSrhip71HkUYuPTHxhYhP4oUAz5i2dsKJ6l,0,0,Photos,,,,,Global,6758,4532,161,103,55,3,435,,403,6758,0,4532,0,0,0,0,0,0,0,0,0,0,0,0,0,0,0,0,0,0,0,0,0,,,,,,,,,,,,,,,,,,,,,,,,,,,,,,,,,,32,,,,,,,,,,,,,,,,,,,,,,,,,,,,,,,,,,,,,,,,,,,,,,,,,,,,,,,,,,,,,,,,,,,,,,,,,,,,,,,,,,,,,,,,,,,,,,,,,,,,,,,,,,,,,,,,,,,,,,,,,,,,,,,,,,,,,,,,,,,,,,,,,,,,,,,,,,,,,,,,,,,,,,,,,,,,,
1454823959989989,100063871970753,"Zener SA","bèlèlouuuuu on vous a eu 😂
Qui sont ceux qui sont tombé dans le piège ? 
⁠
#Zener",,0,"04/02/2026 06:02",N/A,https://www.facebook.com/zenertg/posts/pfbid027VWMZmF9d4zGeByKkecZEan66HgYknXmLU6JWa5uX4SGEq9TJnpCAeGTrNAbAyZbl,0,0,Photos,,,,,Global,326,890,24,19,3,2,67,,54,326,0,890,0,0,0,0,0,0,0,0,0,0,0,0,0,0,0,0,0,0,0,0,0,,,,,,,,,,,,,,,,,,,,,,,,,,,,,,,,,,13,,,,,,,,,,,,,,,,,,,,,,,,,,,,,,,,,,,,,,,,,,,,,,,,,,,,,,,,,,,,,,,,,,,,,,,,,,,,,,,,,,,,,,,,,,,,,,,,,,,,,,,,,,,,,,,,,,,,,,,,,,,,,,,,,,,,,,,,,,,,,,,,,,,,,,,,,,,,,,,,,,,,,,,,,,,,,
1455970409875344,100063871970753,"Zener SA","On a déjà préparé le sourire d’accueil 😁, il ne manque plus que vous.

Qui veut être le prochain client à venir faire sa Zencard ?💚

#Zener #énergie #zencard #carburant","On a déjà préparé le sourire d’accueil 😁, il ne manque plus que vous.

Qui veut être le prochain client à venir faire sa Zencard ?💚

#Zener #énergie #zencard #carburant",18,"04/03/2026 12:25",N/A,https://www.facebook.com/reel/958063947180702/,0,0,Vidéos,,,,,Global,11891,8547,137,131,6,0,414,73,231,2104,9553,2815,6988,4342,0,4105,0,3406,936,0,0,0,0,8850.518,0,3134.436,47535.134,6.147,0,8.78,5.714,0,0,1,1,1,1,1,1,1,1,1,1,1,1,1,1,1,1,1,1,0.98,0.87,0.63,,,,,,,,,,,,,,110,59520.088,5.883,0,0,0,1,1,1,1,1,1,1,1,0.91,0.91,0.81,0.81,0.71,0.71,0.63,0.62,0.56,0.55,0.51,0.5,0.47,0.47,0.44,0.44,0.4,0.4,0.37,0.37,0.35,0.35,0.34,0.34,0.32,0.32,0.31,0.31,0.3,0.3,0.27,0.26,0.19,,,,,,,,,1411,682,522,529,223,238,226,207,83,79,71,26,3700,62,85,4,64,16,119,8,,13,2,3,1,28,75,2,22,25,8,12,16,8,,5,6,1,,2,8,,,2,,,4,5,,,2,,11,4,6,,1,2,2,,,1,,,1,1,,,,1,,,,,,,,,,,,,,,,,,,,2,,,,,,,,,2,,,,,,,,,,,,,,,,,,,
1456906613115057,100063871970753,"Zener SA","Pâques, c’est le rappel que même dans le silence, quelque chose se relève, quelque chose recommence.

Nous vous souhaitons de la paix, de la force,
et de belles renaissances dans tout ce qui compte pour vous. 

Très belle fête de Pâques à la ZENFAMILI 🎉

#Zener",,0,"04/04/2026 15:12",N/A,https://www.facebook.com/zenertg/posts/pfbid036541WmAF7YWir6VDGVMF1r2Hmc2ifD8vQiJVu3jZbhvhxqEbyJygpvwAEddmZbGpl,0,0,Photos,,,,,Global,856,550,13,9,2,2,12,,5,856,0,550,0,0,0,0,0,0,0,0,0,0,0,0,0,0,0,0,0,0,0,0,0,,,,,,,,,,,,,,,,,,,,,,,,,,,,,,,,,,7,,,,,,,,,,,,,,,,,,,,,,,,,,,,,,,,,,,,,,,,,,,,,,,,,,,,,,,,,,,,,,,,,,,,,,,,,,,,,,,,,,,,,,,,,,,,,,,,,,,,,,,,,,,,,,,,,,,,,,,,,,,,,,,,,,,,,,,,,,,,,,,,,,,,,,,,,,,,,,,,,,,,,,,,,,,,,
1458148812990837,100063871970753,"Zener SA","Ayimolou, électricité… ça varie. ZenCard ? Toujours 1000 francs. Fidèle comme jamais 😉

#Zener #énergie #zencard #carburant",,0,"04/06/2026 04:48",N/A,https://www.facebook.com/zenertg/posts/pfbid02EvLijHg43RV39vxFU6JMH621tqGhQjy5tb6vzDKoBdxUM3wQXB7QzpviiGK7GXpKl,0,0,Photos,,,,,Global,827,520,19,17,1,1,7,,3,827,0,520,0,0,0,0,0,0,0,0,0,0,0,0,0,0,0,0,0,0,0,0,0,,,,,,,,,,,,,,,,,,,,,,,,,,,,,,,,,,4,,,,,,,,,,,,,,,,,,,,,,,,,,,,,,,,,,,,,,,,,,,,,,,,,,,,,,,,,,,,,,,,,,,,,,,,,,,,,,,,,,,,,,,,,,,,,,,,,,,,,,,,,,,,,,,,,,,,,,,,,,,,,,,,,,,,,,,,,,,,,,,,,,,,,,,,,,,,,,,,,,,,,,,,,,,,,
1459104432895275,100063871970753,"Zener SA","On dit toujours  ‘Va là où l’on t’aime’… et chez ZENER, nos Oasis sont justement faites pour ça 💚.

Que tu sois à moto ou en voiture, tu sais que tu trouveras l’énergie qu’il te faut, 24h/24 et 7j/7. Alors, toi aussi, prends la direction des Oasis ZENER 🚦

#Zener #énergie #zencard #carburant",,0,"04/07/2026 08:21",N/A,https://www.facebook.com/zenertg/posts/pfbid02uy2jx1cVeD2Ghu5t86afMsc2BdTJyufKEzx9buuxaopHeBo6R3Ug85at9Qgid5tol,0,0,Photos,,,,,Global,1438,953,24,21,1,2,9,,4,1438,0,953,0,0,0,0,0,0,0,0,0,0,0,0,0,0,0,0,0,0,0,0,0,,,,,,,,,,,,,,,,,,,,,,,,,,,,,,,,,,5,,,,,,,,,,,,,,,,,,,,,,,,,,,,,,,,,,,,,,,,,,,,,,,,,,,,,,,,,,,,,,,,,,,,,,,,,,,,,,,,,,,,,,,,,,,,,,,,,,,,,,,,,,,,,,,,,,,,,,,,,,,,,,,,,,,,,,,,,,,,,,,,,,,,,,,,,,,,,,,,,,,,,,,,,,,,,
1460951609377224,100063871970753,"Zener SA","Imagine ton/ta  meilleur(e) ami(e) te demande cela. 😅

Vous serais de la team ‘je prête’ ou team je ne prête pas ? 

#Zener #énergie #zencard #carburant",,0,"04/09/2026 14:36",N/A,https://www.facebook.com/zenertg/posts/pfbid03Xcyfc4pg9nAkAvP3qGxZL8V36dSy5MzeMz1CnQGUXkmUhGpL8fB5dnf9QYc3CdBl,0,0,Photos,,,,,Global,2704,1464,45,23,21,1,131,,109,2704,0,1464,0,0,0,0,0,0,0,0,0,0,0,0,0,0,0,0,0,0,0,0,0,,,,,,,,,,,,,,,,,,,,,,,,,,,,,,,,,,22,,,,,,,,,,,,,,,,,,,,,,,,,,,,,,,,,,,,,,,,,,,,,,,,,,,,,,,,,,,,,,,,,,,,,,,,,,,,,,,,,,,,,,,,,,,,,,,,,,,,,,,,,,,,,,,,,,,,,,,,,,,,,,,,,,,,,,,,,,,,,,,,,,,,,,,,,,,,,,,,,,,,,,,,,,,,,
1464138085725243,100063871970753,"Zener SA","Il est venu…
Il a fait sa Zencard…
Et il repart avec le sourire 😄
Simple, rapide, efficace 

Et toi, tu attends quoi ? 👀

#Zener #Energie #zencard #carburan","Il est venu…
Il a fait sa Zencard…
Et il repart avec le sourire 😄
Simple, rapide, efficace 

Et toi, tu attends quoi ? 👀

#Zener #Energie #zencard #carburan",22,"04/13/2026 11:58",N/A,https://www.facebook.com/reel/1671301077361013/,0,0,Vidéos,,,,,Global,4946,4425,63,60,3,0,12,,12,4946,0,4425,0,1855,0,1796,0,0,1855,0,0,0,0,25793.563,0,3031.763,0,6.336,0,9.358,0,0,0,1,1,1,1,1,1,1,1,1,1,1,1,1,1,1,1,1,1,0.95,0.92,0.89,0.85,0.82,0.64,0.49,,,,,,,,,,,28825.326,6.558,0,0,0,1,1,1,1,0.91,0.81,0.74,0.69,0.65,0.59,0.55,0.51,0.48,0.43,0.39,0.37,0.34,0.32,0.31,0.3,0.29,0.27,0.27,0.21,0.16,,,,,,,,,,,,,,,,,,,,,,,,,438,345,209,120,194,131,87,93,74,57,27,29,225,105,161,2,85,16,322,22,,16,26,3,4,56,222,,189,55,4,23,44,23,4,7,10,6,3,,89,,2,3,3,,11,29,,2,,,17,16,5,,,,3,,3,8,,,,,,5,3,,,,,,,,,,,,,,,,,,,,,5,,,,,,,1,,,,,,3,,,1,,,,,,,2,,,,,
1464692212336497,100063871970753,"Zener SA","Tu es plutôt team dernier moment ou toujours prêt(e) avec la Zencard ? 😏

#Zener #Energie #zencard #carburant",,0,"04/14/2026 05:41",N/A,https://www.facebook.com/zenertg/posts/pfbid08LmA7dAmbCMZaGWpQhvsyNZNXn8RVXRPRGmjjgfBjUW5dA7YpPLBwBWBTtGq98tGl,0,0,Photos,,,,,Global,928,596,12,10,0,2,1,,,928,0,596,0,0,0,0,0,0,0,0,0,0,0,0,0,0,0,0,0,0,0,0,0,,,,,,,,,,,,,,,,,,,,,,,,,,,,,,,,,,1,,,,,,,,,,,,,,,,,,,,,,,,,,,,,,,,,,,,,,,,,,,,,,,,,,,,,,,,,,,,,,,,,,,,,,,,,,,,,,,,,,,,,,,,,,,,,,,,,,,,,,,,,,,,,,,,,,,,,,,,,,,,,,,,,,,,,,,,,,,,,,,,,,,,,,,,,,,,,,,,,,,,,,,,,,,,,
1464805102325208,100063871970753,"Zener SA","Y a matchhh ohhh 😁

Rejoignez-nous en live sur TikTok 

👉🏽https://vt.tiktok.com/ZS9L5XjSKF9F9-oX2IO/","Y a matchhh ohhh 😁

Rejoignez-nous en live sur TikTok 

👉🏽https://vt.tiktok.com/ZS9L5XjSKF9F9-oX2IO/",27,"04/14/2026 08:27",auto,https://www.facebook.com/reel/1643241636901703/,0,0,Vidéos,,,,,Global,819,726,19,16,2,1,12,,12,819,0,726,0,482,0,465,0,0,482,0,0,0,0,3164.386,0,3521.798,0,7.991,0,11.398,0,0,0,1,1,1,0.99,0.99,0.99,0.99,0.99,0.99,0.99,0.99,0.99,0.99,1,1,1,0.98,0.9,0.86,0.82,0.8,0.73,0.68,0.64,0.61,0.55,0.52,0.45,0.43,,,,,,,6686.184,9.483,0,0,0,1,1,1,1,0.88,0.68,0.58,0.52,0.48,0.45,0.43,0.4,0.39,0.39,0.38,0.36,0.34,0.32,0.3,0.29,0.28,0.25,0.24,0.22,0.21,0.19,0.18,0.16,0.15,,,,,,,,,,,,,,,,,,,,,150,96,46,38,47,30,13,21,6,10,4,2,256,10,28,2,15,3,92,3,,2,,3,,8,6,,10,2,1,7,14,2,,1,1,,3,,1,,,1,,,,2,,1,,,1,,,,,,,,2,1,1,1,,,,,,,,,,1,,,,,,,,,,,,,,,,,,,,,,,1,,,,,,,,,,,,,,,,,,,,,
1465821335556918,100063871970753,"Zener SA","On a trouvé le remède contre les soucis en station ! ☺️👌🏾

Arrête de réfléchir et viens chercher la tienne aussi.
Pour plus d’informations, n’hésitez pas à nous contacter en inbox  . 

#Zener #Energie #zencard #carburant","On a trouvé le remède contre les soucis en station ! ☺️👌🏾

Arrête de réfléchir et viens chercher la tienne aussi.
Pour plus d’informations, n’hésitez pas à nous contacter en inbox  . 

#Zener #Energie #zencard #carburant",26,"04/15/2026 12:40",N/A,https://www.facebook.com/reel/1272818331040235/,0,0,Vidéos,,,,,Global,12022,9216,158,145,12,1,276,63,144,2014,9719,2464,7467,5670,0,5503,0,4546,1124,0,0,0,0,10558.475,15.861,3954.882,68647.423,7.586,3.173,9.888,7.95,0,0,1,1,1,1,1,1,1,1,1,1,1,1,1,1,1,1,1,0.98,0.9,0.83,0.77,0.74,0.72,0.69,0.67,0.64,0.59,0.51,0.39,,,,,,69,83176.641,7.973,0,0,0,1,1,1,1,1,1,0.91,0.9,0.79,0.7,0.62,0.62,0.55,0.51,0.51,0.48,0.44,0.4,0.39,0.37,0.34,0.34,0.33,0.32,0.32,0.31,0.29,0.26,0.26,0.24,0.23,0.23,0.23,0.22,0.21,0.21,0.2,0.19,0.19,0.16,0.12,,,,,,,,,2055,1061,519,647,359,260,282,166,122,77,63,24,4919,36,117,2,92,13,264,12,,14,1,8,3,34,41,,15,34,1,19,12,3,1,3,,1,,,,,1,2,,,2,,,,1,1,5,1,,,2,,1,,,,,1,3,,,,,,,,,,,,,,,,,,,1,,,,,,,1,,1,,,,1,,,,,,,,,,,,1,,,,,,,,,
1466506805488371,100063871970753,"Zener SA","Ça fait vraiment mal hein 😩
raconte nous ton vécu en commentaire 

#Zener  #zencard #carburant#Energie",,0,"04/16/2026 07:18",N/A,https://www.facebook.com/zenertg/posts/pfbid02iSED67Fn9NdRqYU5YUNsqB56hCUQU3EKBsD2KpFWAXEp2rrUjingR9ypoE5tqyDul,0,0,Photos,,,,,Global,2472,1512,32,24,5,3,27,,21,2472,0,1512,0,0,0,0,0,0,0,0,0,0,0,0,0,0,0,0,0,0,0,0,0,,,,,,,,,,,,,,,,,,,,,,,,,,,,,,,,,,6,,,,,,,,,,,,,,,,,,,,,,,,,,,,,,,,,,,,,,,,,,,,,,,,,,,,,,,,,,,,,,,,,,,,,,,,,,,,,,,,,,,,,,,,,,,,,,,,,,,,,,,,,,,,,,,,,,,,,,,,,,,,,,,,,,,,,,,,,,,,,,,,,,,,,,,,,,,,,,,,,,,,,,,,,,,,,
1467489712056747,100063871970753,"Zener SA","La vie est trop courte pour s’arrêter... sauf pour faire le plein dans nos Oasis Zener 😉

bon week-end la ZENFAMILI 

#Zener #RoadTrip #Energie #zencard #carburant",,0,"04/17/2026 10:36",N/A,https://www.facebook.com/zenertg/posts/pfbid02EF2QvKyBpxE5dXUSBPcDeVk1xrqZ1sTjK96hfsh1QpyVZ951fhhCMR4HEaL8LpDXl,0,0,Photos,,,,,Global,1988,1297,25,21,3,1,12,,6,1988,0,1297,0,0,0,0,0,0,0,0,0,0,0,0,0,0,0,0,0,0,0,0,0,,,,,,,,,,,,,,,,,,,,,,,,,,,,,,,,,,6,,,,,,,,,,,,,,,,,,,,,,,,,,,,,,,,,,,,,,,,,,,,,,,,,,,,,,,,,,,,,,,,,,,,,,,,,,,,,,,,,,,,,,,,,,,,,,,,,,,,,,,,,,,,,,,,,,,,,,,,,,,,,,,,,,,,,,,,,,,,,,,,,,,,,,,,,,,,,,,,,,,,,,,,,,,,,
1469924645146587,100063871970753,"Zener SA","Le petit réflexe qui change tout en début de semaine. 🤫 Avoir sa ZenCard sur soi, c’est s’assurer que l’énergie ne vous lâchera pas.

#Zener #Energie #Selfservice #Zencard",,0,"04/20/2026 09:44",N/A,https://www.facebook.com/zenertg/posts/pfbid02Puvo1EHfw4B5wQrfXWUDvKQ49RhmzBu5aQ9vv64fQnbjxMgsHvPQFzC4pAKXAdT4l,0,0,Photos,,,,,Global,1056,695,11,8,3,0,18,,10,1056,0,695,0,0,0,0,0,0,0,0,0,0,0,0,0,0,0,0,0,0,0,0,0,,,,,,,,,,,,,,,,,,,,,,,,,,,,,,,,,,8,,,,,,,,,,,,,,,,,,,,,,,,,,,,,,,,,,,,,,,,,,,,,,,,,,,,,,,,,,,,,,,,,,,,,,,,,,,,,,,,,,,,,,,,,,,,,,,,,,,,,,,,,,,,,,,,,,,,,,,,,,,,,,,,,,,,,,,,,,,,,,,,,,,,,,,,,,,,,,,,,,,,,,,,,,,,,
1471374641668254,100063871970753,"Zener SA","On a fait les calculs 🤓
⏱️ Moins d'attente, plus de route. Pourquoi perdre du temps à la station alors que vous pouvez passer en mode self-service 

#Zener #Energie #Selfservice #Zencard","On a fait les calculs 🤓
⏱️ Moins d'attente, plus de route. Pourquoi perdre du temps à la station alors que vous pouvez passer en mode self-service 

#Zener #Energie #Selfservice #Zencard",30,"04/22/2026 04:00",N/A,https://www.facebook.com/reel/1649403152768854/,0,0,Vidéos,,,,,Global,3007,3058,40,38,1,1,22,,22,3007,0,3058,0,1183,0,1168,0,0,1183,0,0,0,0,16704.587,0,3404.915,0,7.235,0,8.449,0,0,0,1,1,1,1,1,1,1,1,1,1,1,1,1,1,1,1,1,0.95,0.91,0.87,0.81,0.76,0.72,0.69,0.67,0.66,0.64,0.62,0.6,0.57,0.46,0.38,0.32,,,20109.502,7.415,0,0,0,1,1,1,1,0.88,0.8,0.67,0.63,0.61,0.58,0.55,0.51,0.49,0.47,0.45,0.41,0.38,0.36,0.34,0.33,0.3,0.28,0.27,0.26,0.25,0.25,0.24,0.23,0.22,0.21,0.17,0.14,0.12,,,,,,,,,,,,,,,,,396,279,66,86,128,38,68,22,52,16,11,10,395,45,91,1,118,12,193,19,,22,,8,1,17,110,4,28,17,4,27,11,3,,4,5,1,,2,2,,,7,3,,3,1,,,1,,6,,3,,5,1,,,,1,,4,1,,,,,,,,,,,,,,,,,,,,,,,,,1,1,,,,,,,,1,,,,2,1,,,,,,,,,1,,,,,
1472357358236649,100063871970753,"Zener SA","Il y a toujours quelqu’un dans ton groupe d’ami qui n’a pas encore sa ZenCard 🙄 

Tague le ici, peut être qu’on peut l’aider 😉

#Zener #Energie #Selfservice #Zencard",,0,"04/23/2026 06:44",N/A,https://www.facebook.com/zenertg/posts/pfbid0cGEnHkVcYLEJMHg2sJU2SVsDi69m85ncoEn8hpXB8BLCqh5siZEzfomMbWS7TNCwl,0,0,Photos,,,,,Global,2107,1316,52,21,31,0,29,,22,2107,0,1316,0,0,0,0,0,0,0,0,0,0,0,0,0,0,0,0,0,0,0,0,0,,,,,,,,,,,,,,,,,,,,,,,,,,,,,,,,,,7,,,,,,,,,,,,,,,,,,,,,,,,,,,,,,,,,,,,,,,,,,,,,,,,,,,,,,,,,,,,,,,,,,,,,,,,,,,,,,,,,,,,,,,,,,,,,,,,,,,,,,,,,,,,,,,,,,,,,,,,,,,,,,,,,,,,,,,,,,,,,,,,,,,,,,,,,,,,,,,,,,,,,,,,,,,,,
1473149754824076,100063871970753,"Zener SA","Nos Zenfamilois et Zenfamiloises 😍

Rejoignez le QG de la ZENFAMILI 
Sur la chaîne WhatsApp vous attend pour vivre l'aventure au plus près de la famille.
Cliquez ici pour nous rejoindre : https://whatsapp.com/channel/0029VabhdedDp2QESN9kDV38

#Zener #Energie #Selfservice #Zencard","Nos Zenfamilois et Zenfamiloises 😍

Rejoignez le QG de la ZENFAMILI 
Sur la chaîne WhatsApp vous attend pour vivre l'aventure au plus près de la famille.
Cliquez ici pour nous rejoindre : https://whatsapp.com/channel/0029VabhdedDp2QESN9kDV38

#Zener #Energie #Selfservice #Zencard",11,"04/24/2026 04:52",N/A,https://www.facebook.com/reel/2088042808432897/,0,0,Vidéos,,,,,Global,615,469,16,16,0,0,6,5,1,615,0,469,0,212,0,209,0,0,212,0,0,0,0,1047.951,0,1376.098,0,4.7,0,4.746,0,0,0,1,1,1,1,1,1,1,1,1,1,1,1,0.93,,,,,,,,,,,,,,,,,,,,,,,2424.049,4.725,0,0,0,1,1,1,1,0.95,0.78,0.68,0.58,0.5,0.43,0.37,0.33,0.24,,,,,,,,,,,,,,,,,,,,,,,,,,,,,,,,,,,,,73,39,19,27,22,3,11,8,6,,1,,165,2,6,1,11,1,5,,,1,,,,,4,,,,,5,4,,,,1,,,,,,,,,,3,,,,1,,1,,,,,,,,,,,,,,,,,,,,,,,,,,,,,,,,,,,,,,,,,,,,,,,,,,,,,,,,,1,,,,,,,,
1475780981227620,100063871970753,"Zener SA","Bonne fête de l’Indépendance à toutes
et à tous ! 🥳

#Zener #Indépendance #Énergie
#Carburant",,0,"04/27/2026 03:05",N/A,https://www.facebook.com/zenertg/posts/pfbid02CZVz5LzSnydNdY8uNRZ1SiqHqwxWG5zJ3Faf1rdepLJQDYXQWceB7P9QHZH967Nwl,0,0,Photos,,,,,Global,2086,1307,41,39,0,2,24,,10,2086,0,1307,0,0,0,0,0,0,0,0,0,0,0,0,0,0,0,0,0,0,0,0,0,,,,,,,,,,,,,,,,,,,,,,,,,,,,,,,,,,14,,,,,,,,,,,,,,,,,,,,,,,,,,,,,,,,,,,,,,,,,,,,,,,,,,,,,,,,,,,,,,,,,,,,,,,,,,,,,,,,,,,,,,,,,,,,,,,,,,,,,,,,,,,,,,,,,,,,,,,,,,,,,,,,,,,,,,,,,,,,,,,,,,,,,,,,,,,,,,,,,,,,,,,,,,,,,
1477087974430254,100063871970753,"Zener SA","Pour obtenir la Zencard vous avez deux possibilités 😉
𝟏. 𝐃𝐚𝐧𝐬 𝐧𝐨𝐬 𝐬𝐭𝐚𝐭𝐢𝐨𝐧𝐬-𝐬𝐞𝐫𝐯𝐢𝐜𝐞 𝐎𝐚𝐬𝐢𝐬
-Rendez-vous dans l’une de nos stations 
-Munissez-vous d’une pièce d’identité
-Prévoyez 1000 fcfa pour les frais de la carte

𝟐. 𝐄𝐧 𝐩𝐫𝐞́𝐜𝐨𝐦𝐦𝐚𝐧𝐝𝐞 𝐯𝐢𝐚 𝐥’𝐚𝐩𝐩 𝐙𝐞𝐧𝐟𝐚𝐦𝐢𝐥𝐢 
- Téléchargez et installez l’app Zenfamili
- Ayez au moins 1000 fcfa sur votre compte ( Tmoney, Flooz, carte bancaire)
- Suivez les instructions pour commander la Zencard

#Zener #Zencard#Énergie #Carburant",,0,"04/28/2026 13:13",N/A,https://www.facebook.com/zenertg/posts/pfbid0QW7THtRHwqxX4L3i9VfVM7JDUCnbfj1WfWhmZkJ5vNgyo2Ppt9B8ZpnVFWQMQYVgl,0,0,Liens,,,,,Global,36288,20399,98,86,9,3,1223,343,875,1307,34981,3014,19842,0,0,0,0,0,0,0,0,0,0,0,0,0,0,0,0,0,0,0,0,,,,,,,,,,,,,,,,,,,,,,,,,,,,,,,,,,5,,,,,,,,,,,,,,,,,,,,,,,,,,,,,,,,,,,,,,,,,,,,,,,,,,,,,,,,,,,,,,,,,,,,,,,,,,,,,,,,,,,,,,,,,,,,,,,,,,,,,,,,,,,,,,,,,,,,,,,,,,,,,,,,,,,,,,,,,,,,,,,,,,,,,,,,,,,,,,,,,,,,,,,,,,,,,
1477721161033602,100063871970753,"Zener SA","Peu importe l’heure ou la destination, la ZenCard est votre meilleure alliée sur la route.🧭

Profitez de nos services 7j/7 et 24h/24 en toute simplicité.

Rejoignez le mouvement et faites de chaque trajet un moment de plaisir. ✨

#Zener #zenfamili #Énergie #Zencard","Peu importe l’heure ou la destination, la ZenCard est votre meilleure alliée sur la route.🧭

Profitez de nos services 7j/7 et 24h/24 en toute simplicité.

Rejoignez le mouvement et faites de chaque trajet un moment de plaisir. ✨

#Zener #zenfamili #Énergie #Zencard",75,"04/29/2026 07:14",auto,https://www.facebook.com/reel/2148616289249285/,0,0,Vidéos,,,,,Global,517,486,12,12,0,0,1,,1,514,0,486,0,239,25,233,25,0,239,0,0,0,0,2783.624,0,2127.998,0,9.837,0,11.26,0,0,0,1,1,1,1,1,1,1,1,1,0.93,0.86,0.81,0.78,0.72,0.72,0.71,0.67,0.64,0.6,0.59,0.57,0.57,0.57,0.57,0.55,0.53,0.53,0.5,0.47,0.45,0.43,0.43,0.43,,,4911.622,10.405,0,0,0,1,1,0.87,0.72,0.49,0.41,0.34,0.28,0.25,0.23,0.21,0.2,0.19,0.18,0.18,0.17,0.16,0.15,0.15,0.14,0.14,0.14,0.14,0.14,0.13,0.13,0.13,0.12,0.11,0.11,0.1,0.1,0.1,0.1,0.1,0.09,0.07,0.05,0.04,0.03,0.03,0.43,0.4,0.38,0.29,0.19,0.17,0.12,0.12,100,45,19,25,16,10,11,4,2,1,1,3,150,9,11,2,14,,15,1,,,1,1,2,2,5,,5,,,3,2,1,,2,2,,,,,,,2,,,,,,1,1,1,4,,,,,,,,,,,,,,,,,1,,,,,,,,,,,,,,,,,,,,,,,,,,,1,,,,,,,,,,,,,,,,,,,,,
1479245620881156,100063871970753,"Zener SA","Bonne fête du Travail à toute la grande famille Zener !🥳
 
#Zener #carburant #Énergie #1mai",,0,"05/01/2026 01:30",N/A,https://www.facebook.com/zenertg/posts/pfbid0V2erzLSbawaFPPtEDH8MqCo56TEB4QG5VVLd4eqjNxWAvig6EptMFMRVaE6kbEQgl,0,0,Photos,,,,,Global,1158,746,25,23,0,2,15,,11,1158,0,746,0,0,0,0,0,0,0,0,0,0,0,0,0,0,0,0,0,0,0,0,0,,,,,,,,,,,,,,,,,,,,,,,,,,,,,,,,,,4,,,,,,,,,,,,,,,,,,,,,,,,,,,,,,,,,,,,,,,,,,,,,,,,,,,,,,,,,,,,,,,,,,,,,,,,,,,,,,,,,,,,,,,,,,,,,,,,,,,,,,,,,,,,,,,,,,,,,,,,,,,,,,,,,,,,,,,,,,,,,,,,,,,,,,,,,,,,,,,,,,,,,,,,,,,,,
1482002313938820,100063871970753,"Zener SA","Rejoignez la ZENFAMILI sur WhatsApp pour être au courant de toutes nos actualités, promotions, jeu-concours , événements.💚

👉 Cliquez sur ce lien  pour nous rejoindre
https://whatsapp.com/channel/0029VabhdedDp2QESN9kDV38

#Zener #zenfamili #Énergie #carburant",,0,"05/04/2026 06:41",N/A,https://www.facebook.com/zenertg/posts/pfbid02LPhsAEw7tFeQoNikUM1k2AxEErPpqm5SfJbMhjGgNvanSCjxQTPQsGhkNBFar2uJl,0,0,Photos,,,,,Global,871,533,9,7,0,2,7,2,4,871,0,533,0,0,0,0,0,0,0,0,0,0,0,0,0,0,0,0,0,0,0,0,0,,,,,,,,,,,,,,,,,,,,,,,,,,,,,,,,,,1,,,,,,,,,,,,,,,,,,,,,,,,,,,,,,,,,,,,,,,,,,,,,,,,,,,,,,,,,,,,,,,,,,,,,,,,,,,,,,,,,,,,,,,,,,,,,,,,,,,,,,,,,,,,,,,,,,,,,,,,,,,,,,,,,,,,,,,,,,,,,,,,,,,,,,,,,,,,,,,,,,,,,,,,,,,,,
1482977530507965,100063871970753,"Zener SA","Depuis des mois, on le fait.✌🏽
Chaque mardi, on se retrouve en live sur TikTok. On partage, on rigole, on fait gagner des bons et des cadeaux.💚

Aujourd’hui, on dit merci.
Merci à ceux qui réagissent, qui s’abonnent, qui se connectent, qui posent des questions. Merci à ceux qui font vivre cette communauté.

🚨Aujourd’hui encore, on sera en live.
Rendez-vous à 15h sur TikTok.
Rejoignez-nous ici 👉🏽 https://vt.tiktok.com/ZS9FFpdLsW3uP-JurnU/ 

Tentez votre chance. On vous attend.

#Zener #livetiktok #Zencard",,0,"05/05/2026 08:24",N/A,https://www.facebook.com/zenertg/posts/pfbid02UzFT6ewPjEFLocB3pXcZhadMnPSXkMD77HfLucQ9yJEb6wzd8pneSpn9Lph2kPPgl,0,0,Photos,,,,,Global,1190,631,27,23,2,2,88,4,29,1190,0,631,0,0,0,0,0,0,0,0,0,0,0,0,0,0,0,0,0,0,0,0,0,,,,,,,,,,,,,,,,,,,,,,,,,,,,,,,,,,55,,,,,,,,,,,,,,,,,,,,,,,,,,,,,,,,,,,,,,,,,,,,,,,,,,,,,,,,,,,,,,,,,,,,,,,,,,,,,,,,,,,,,,,,,,,,,,,,,,,,,,,,,,,,,,,,,,,,,,,,,,,,,,,,,,,,,,,,,,,,,,,,,,,,,,,,,,,,,,,,,,,,,,,,,,,,,
1483776257094759,100063871970753,"Zener SA","La ZenCard, tu en entends parler depuis
longtemps ? Et tu ne l’as pas encore ? 😩

Nos équipes t’attendent à l’oasis TELESSOU
Apporte ta pièce d’identité et 1000 FCFA
pour la souscription à la carte, on te fait la
tienne en 5 min.😁

Et pendant que tu y es , profite de nos
lubrifiants en promo aussi 🤩

#Zener #Zenfamili #Energie #Zencard",,0,"05/06/2026 07:03",N/A,https://www.facebook.com/zenertg/posts/pfbid035dpneiBCpSoG8B5Trs9EdYYqccWWfWbwRy3AxzizAweJ62oSJVcn6UdMRhy7XqmQl,0,0,Photos,,,,,Global,22139,10868,117,74,42,1,643,167,465,1214,20925,7045,10503,0,0,0,0,0,0,0,0,0,0,0,0,0,0,0,0,0,0,0,0,,,,,,,,,,,,,,,,,,,,,,,,,,,,,,,,,,11,,,,,,,,,,,,,,,,,,,,,,,,,,,,,,,,,,,,,,,,,,,,,,,,,,,,,,,,,,,,,,,,,,,,,,,,,,,,,,,,,,,,,,,,,,,,,,,,,,,,,,,,,,,,,,,,,,,,,,,,,,,,,,,,,,,,,,,,,,,,,,,,,,,,,,,,,,,,,,,,,,,,,,,,,,,,,
1484733680332350,100063871970753,"Zener SA","Pourquoi se compliquer la vie quand on peut tout gérer via une application ? 😎

Avec l’application ZenFamili, tout devient simple :
Commandez votre gaz ou vos lubrifiants sans bouger.
Gérez votre ZenCard en un clic.
Profitez du Self-Service pour un passage express en station. 

Téléchargement sur playstore 
👉🏽http://bit.ly/3vpTNG8

Téléchargement sur AppStore 
👉🏽https://bit.ly/478Kr2j

#Zener #Energie #Selfservice #Zencard",,0,"05/07/2026 09:31",N/A,https://www.facebook.com/zenertg/posts/pfbid035DoHsMmtR9A2EHWNGjPZfcoytuG3wzwD3CfsAgDYPHB8cbinnzoxScwY7GqNeKs5l,0,0,Photos,,,,,Global,664,426,7,6,0,1,8,1,1,664,0,426,0,0,0,0,0,0,0,0,0,0,0,0,0,0,0,0,0,0,0,0,0,,,,,,,,,,,,,,,,,,,,,,,,,,,,,,,,,,6,,,,,,,,,,,,,,,,,,,,,,,,,,,,,,,,,,,,,,,,,,,,,,,,,,,,,,,,,,,,,,,,,,,,,,,,,,,,,,,,,,,,,,,,,,,,,,,,,,,,,,,,,,,,,,,,,,,,,,,,,,,,,,,,,,,,,,,,,,,,,,,,,,,,,,,,,,,,,,,,,,,,,,,,,,,,,
1484770940328624,100063871970753,"Zener SA","Déjà Zen. Déjà équipé. 😎
Ou bien ? 😂

#Zener #Zenfamili #Zencard",,0,"05/07/2026 10:27",N/A,https://www.facebook.com/zenertg/posts/pfbid02QKdK5D4mPdJXneBPviz8d1pxWdGvimnuM1JzKqaesSfZdfBzSsgH7599ZvQCWDJil,0,0,Photos,,,,,Global,1559,969,22,14,7,1,17,,10,1559,0,969,0,0,0,0,0,0,0,0,0,0,0,0,0,0,0,0,0,0,0,0,0,,,,,,,,,,,,,,,,,,,,,,,,,,,,,,,,,,7,,,,,,,,,,,,,,,,,,,,,,,,,,,,,,,,,,,,,,,,,,,,,,,,,,,,,,,,,,,,,,,,,,,,,,,,,,,,,,,,,,,,,,,,,,,,,,,,,,,,,,,,,,,,,,,,,,,,,,,,,,,,,,,,,,,,,,,,,,,,,,,,,,,,,,,,,,,,,,,,,,,,,,,,,,,,,
1485696746902710,100063871970753,"Zener SA","Promo exceptionnelle à l’Oasis Telessou sur nos lubrifiants
Texaco Havoline Formula SAE20W50 qui
passent de 2850 F à 2600 F. 

📍 Promo valable jusqu’au 17 mai 2026 à
l’oasis Telessou
KPOAAA TU VAS RATER ÇA ? 😉

#Zener #Zenfamili #Energie #Zencard",,0,"05/08/2026 11:55",N/A,https://www.facebook.com/zenertg/posts/pfbid02zJ731wkMxpCB7x4KFYFwkHD1vJynAUyuVtzyBLEtGD3WnRPLzghHCD4fCxinQAB6l,0,0,Photos,,,,,Global,27849,15242,760,744,9,7,522,12,317,775,27074,10310,14882,0,0,0,0,0,0,0,0,0,0,0,0,0,0,0,0,0,0,0,0,,,,,,,,,,,,,,,,,,,,,,,,,,,,,,,,,,193,,,,,,,,,,,,,,,,,,,,,,,,,,,,,,,,,,,,,,,,,,,,,,,,,,,,,,,,,,,,,,,,,,,,,,,,,,,,,,,,,,,,,,,,,,,,,,,,,,,,,,,,,,,,,,,,,,,,,,,,,,,,,,,,,,,,,,,,,,,,,,,,,,,,,,,,,,,,,,,,,,,,,,,,,,,,,
1486354310170287,100063871970753,"Zener SA","La famille s’agrandit !✨🌝
Félicitations à nos nouveaux détenteurs de la ZenCard. Plus qu’une simple carte, 

Et pour ceux qui ne l’ont pas encore 
Jusqu’au 17 mai, on vous attend à Oasis Télessou.
Pièce d’identité + 1000 FCFA.
Nos équipes sont là pour vous accueillir.

#Zener #carburant#Énergie #Zencard",,0,"05/09/2026 05:39",N/A,https://www.facebook.com/zenertg/posts/pfbid021y5rR8rPnYA2eKU25LCR3nC3x9KcjUfGChRbZ9KXXPgroGUk7eEGLJVoB8LYq4bZl,0,0,Photos,,,,,Global,1141,661,21,21,0,0,91,,37,1141,0,661,0,0,0,0,0,0,0,0,0,0,0,0,0,0,0,0,0,0,0,0,0,,,,,,,,,,,,,,,,,,,,,,,,,,,,,,,,,,54,,,,,,,,,,,,,,,,,,,,,,,,,,,,,,,,,,,,,,,,,,,,,,,,,,,,,,,,,,,,,,,,,,,,,,,,,,,,,,,,,,,,,,,,,,,,,,,,,,,,,,,,,,,,,,,,,,,,,,,,,,,,,,,,,,,,,,,,,,,,,,,,,,,,,,,,,,,,,,,,,,,,,,,,,,,,,
1488185526653832,100063871970753,"Zener SA","Pas besoin d'attendre, ici c'est toi le chef ! 😎 
Avec le self-service chez Zener, tu gagnes du temps et tu gères ton plein comme un pro. Simple, rapide, et efficace.

 C’est ça l’esprit ZenFamili !✨

#Zener #selfservice #carburant#Énergie #Zencard",,0,"05/11/2026 05:50",N/A,https://www.facebook.com/zenertg/posts/pfbid03UfxL8gucTkBbu8v6JazpodJxxaWNwNrpbZX2ghDUM74APy2M1nL2W1iTtt9WweJl,0,0,Photos,,,,,Global,1126,695,13,10,0,3,21,,13,1126,0,695,0,0,0,0,0,0,0,0,0,0,0,0,0,0,0,0,0,0,0,0,0,,,,,,,,,,,,,,,,,,,,,,,,,,,,,,,,,,8,,,,,,,,,,,,,,,,,,,,,,,,,,,,,,,,,,,,,,,,,,,,,,,,,,,,,,,,,,,,,,,,,,,,,,,,,,,,,,,,,,,,,,,,,,,,,,,,,,,,,,,,,,,,,,,,,,,,,,,,,,,,,,,,,,,,,,,,,,,,,,,,,,,,,,,,,,,,,,,,,,,,,,,,,,,,,
1488395129966205,100063871970753,"Zener SA","Oasis Telessou, on vous attend  ! 📍

Notre Oasis vous accueille jusqu’au 17 mai pour l’établissement de votre Zencard.
Venez muni de votre pièce d’identité et de 1000 F pèeee pour l’achat de la carte. 

Vous avez des questions ou des inquiétudes nos équipes vous accompagnent et vous guident. 😉

#Zener #carburant#Énergie #Zencard",,0,"05/11/2026 10:48",N/A,https://www.facebook.com/zenertg/posts/pfbid0hjVbLVzuTRL6s6SoczLUBm2MkQKLeLwvYgWazaedTmGQidtNvcfw7fWpHCaUKiDJl,0,0,Photos,,,,,Global,5195,3058,61,53,2,6,52,,24,5195,0,3058,0,0,0,0,0,0,0,0,0,0,0,0,0,0,0,0,0,0,0,0,0,,,,,,,,,,,,,,,,,,,,,,,,,,,,,,,,,,28,,,,,,,,,,,,,,,,,,,,,,,,,,,,,,,,,,,,,,,,,,,,,,,,,,,,,,,,,,,,,,,,,,,,,,,,,,,,,,,,,,,,,,,,,,,,,,,,,,,,,,,,,,,,,,,,,,,,,,,,,,,,,,,,,,,,,,,,,,,,,,,,,,,,,,,,,,,,,,,,,,,,,,,,,,,,,
1488985953240456,100063871970753,"Zener SA","La cigale ayant chanté tout l'été se trouva fort dépourvue quand la bise fut venue. 😂

Une pensée sincère pour ceux qui sont passés du festin à la bouillie en quelques jours ! 😭

Ceux qui ont bloqué leur consommation sur la ZenCard sont épargnés. Quand les temps sont durs, la ZenCard devient votre meilleure alliée pour garder le cap sans stress.

Alors, dans quelle situation etes-vous actuement ? Soyez honnêtes ! 👇😂 

#Zener #carburant#Énergie #Zencard",,0,"05/12/2026 04:24",N/A,https://www.facebook.com/zenertg/posts/pfbid02URhs2G2Z5GxDT5M2Ky88wWBffm4rQoHYrcASWq6V2BTTZRD1vHPLJ5NRmJvnzVMYl,0,0,Photos,,,,,Global,1216,751,20,14,3,3,29,,18,1216,0,751,0,0,0,0,0,0,0,0,0,0,0,0,0,0,0,0,0,0,0,0,0,,,,,,,,,,,,,,,,,,,,,,,,,,,,,,,,,,11,,,,,,,,,,,,,,,,,,,,,,,,,,,,,,,,,,,,,,,,,,,,,,,,,,,,,,,,,,,,,,,,,,,,,,,,,,,,,,,,,,,,,,,,,,,,,,,,,,,,,,,,,,,,,,,,,,,,,,,,,,,,,,,,,,,,,,,,,,,,,,,,,,,,,,,,,,,,,,,,,,,,,,,,,,,,,
1489012116571173,100063871970753,"Zener SA","On lutte ici chaque jour pour vous expliquer ce que c’est la ZenCard... et vous nous posez encore des questions su genre  ? 😭🤌

 « C’est de la nourriture ? », « On mange ça avec quelle sauce ? », « C'est quoi même ? »... Franchement, vous voulez nous tuer ! 😂

En tout cas, on ne va pas se laisser abattre ! On vous donne rendez-vous en LIVE sur TikTok tout à l'heure à 15h pour discuter, papoter et surtout pour qu'on vous explique TOUT . ✨

#Zener #ZenCard #LiveTikTok  #Tiktokzener #Cadeaux #Zenfamili #Lomé",,0,"05/12/2026 07:30",N/A,https://www.facebook.com/zenertg/posts/pfbid02c29cSPEXMJWvzoLmFWFhwm1xDM2RPsYJhitKjRqKBcnA5YfqZrTsMtCrE3cEEz9Yl,0,0,Photos,,,,,Global,1551,906,35,29,4,2,41,,36,1551,0,906,0,0,0,0,0,0,0,0,0,0,0,0,0,0,0,0,0,0,0,0,0,,,,,,,,,,,,,,,,,,,,,,,,,,,,,,,,,,5,,,,,,,,,,,,,,,,,,,,,,,,,,,,,,,,,,,,,,,,,,,,,,,,,,,,,,,,,,,,,,,,,,,,,,,,,,,,,,,,,,,,,,,,,,,,,,,,,,,,,,,,,,,,,,,,,,,,,,,,,,,,,,,,,,,,,,,,,,,,,,,,,,,,,,,,,,,,,,,,,,,,,,,,,,,,,
1490735706398814,100063871970753,"Zener SA","S’élever, c’est viser plus haut et aller plus loin. 🚀
En ce jeudi de l’Ascension, nous vous souhaitons de prendre de la hauteur dans tous vos projets . 

#Zener #carburant#Énergie #Zencard #Ascension",,0,"05/14/2026 02:30",N/A,https://www.facebook.com/zenertg/posts/pfbid02rvYhLVxhQ2exupqnkg4iqhxdx9MJuJ1YS4tdFER95gRukW4D6hyeVGbTSbKF8QASl,0,0,Photos,,,,,Global,1160,766,16,15,0,1,7,,3,1160,0,766,0,0,0,0,0,0,0,0,0,0,0,0,0,0,0,0,0,0,0,0,0,,,,,,,,,,,,,,,,,,,,,,,,,,,,,,,,,,4,,,,,,,,,,,,,,,,,,,,,,,,,,,,,,,,,,,,,,,,,,,,,,,,,,,,,,,,,,,,,,,,,,,,,,,,,,,,,,,,,,,,,,,,,,,,,,,,,,,,,,,,,,,,,,,,,,,,,,,,,,,,,,,,,,,,,,,,,,,,,,,,,,,,,,,,,,,,,,,,,,,,,,,,,,,,,
1491760419629676,100063871970753,"Zener SA","Encore 2 jours pour avoir votre Zencard à l’oasis Telessou 

Présentez votre pièce d'identité.  
Payez 1000 F pour l'achat de votre carte. 
Repartez avec votre Zencard prête à l'emploi ! 💳

Rejoignez  dès aujourd'hui la zenfamili ⚡️

#Zener #carburant#Énergie #Zencard","Encore 2 jours pour avoir votre Zencard à l’oasis Telessou 

Présentez votre pièce d'identité.  
Payez 1000 F pour l'achat de votre carte. 
Repartez avec votre Zencard prête à l'emploi ! 💳

Rejoignez  dès aujourd'hui la zenfamili ⚡️

#Zener #carburant#Énergie #Zencard",28,"05/15/2026 04:59",N/A,https://www.facebook.com/reel/984263294004840/,0,0,Vidéos,,,,,Global,1147,1138,19,16,2,1,5,,5,1147,0,1138,0,417,0,413,0,0,417,0,0,0,0,3698.564,3.598,2452.551,0,4.925,1.799,8.791,0,0,0,1,1,1,1,1,1,1,1,1,1,1,1,1,1,1,1,0.9,0.86,0.8,0.77,0.74,0.73,0.7,0.67,0.61,0.59,0.53,0.46,0.43,,,,,,,6154.713,5.963,0,0,0,1,1,1,1,0.8,0.68,0.57,0.49,0.44,0.4,0.37,0.34,0.32,0.3,0.28,0.25,0.22,0.21,0.2,0.19,0.18,0.18,0.17,0.17,0.15,0.15,0.13,0.11,0.11,,,,,,,,,,,,,,,,,,,,,158,107,13,30,47,11,16,5,15,2,4,1,208,19,26,2,18,5,49,6,,5,,3,,2,27,1,2,6,2,9,5,5,,1,,1,,,1,,,1,,,,2,,1,,1,3,,,,1,,,,,,,3,1,,,,,,,,,,,,,,,,,,,,,,,,,,,,,,,,,,1,,,,,,,,,,,,,,,,,,,
1492906729515045,100063871970753,"Zener SA","🚨Demain c’est pour vous les retardataires hein ! 🌝 

Passez vite récupérer votre ZenCard pour profiter du Self-Service et l’appli ZenFamili, tout en bénéficiant de nos promotions exceptionnelles sur nos lubrifiants avant qu’il ne soit trop tard ! 💳🔥 

Mille merci à ceux qui sont déja passés ✨

Rendez-vous à l’Oasis Téléssou  ⛽

#Zener #OasisTéléssou  #ZenCard #PromoLubrifiants",,0,"05/16/2026 08:20",N/A,https://www.facebook.com/zenertg/posts/pfbid0o9N3Wy7BbCq1KQb3gaEEahjf3LxQSpDKAwQAjnAyXKcUormnesr5iQJL7U7mK9PYl,0,0,Photos,,,,,Global,751,456,11,8,0,3,3,,2,751,0,456,0,0,0,0,0,0,0,0,0,0,0,0,0,0,0,0,0,0,0,0,0,,,,,,,,,,,,,,,,,,,,,,,,,,,,,,,,,,1,,,,,,,,,,,,,,,,,,,,,,,,,,,,,,,,,,,,,,,,,,,,,,,,,,,,,,,,,,,,,,,,,,,,,,,,,,,,,,,,,,,,,,,,,,,,,,,,,,,,,,,,,,,,,,,,,,,,,,,,,,,,,,,,,,,,,,,,,,,,,,,,,,,,,,,,,,,,,,,,,,,,,,,,,,,,,
1493762179429500,100063871970753,"Zener SA","⏳ Dernier jour de promo aujourd’hui !🌝
Profitez de notre promo spéciale sur le lubrifiant Texaco Havoline Formula SAE20W50 à 2.600 F CFA au lieu de 2.850 F CFA.

👉 Offre valable uniquement à l’Oasis Telessou
Après aujourdhui , il sera trop tard looo

#Zener #Promo #Texaco #Havoline #Énergie Moto",,0,"05/17/2026 07:34",N/A,https://www.facebook.com/zenertg/posts/pfbid0VeanVn7MBPJ6pbXvhZFVHMwvRaJE2AWL9vJsqdpuddhsgQg6tQrJSy9hCum9Ahhyl,0,0,Photos,,,,,Global,1740,1005,22,17,2,3,45,,29,1740,0,1005,0,0,0,0,0,0,0,0,0,0,0,0,0,0,0,0,0,0,0,0,0,,,,,,,,,,,,,,,,,,,,,,,,,,,,,,,,,,16,,,,,,,,,,,,,,,,,,,,,,,,,,,,,,,,,,,,,,,,,,,,,,,,,,,,,,,,,,,,,,,,,,,,,,,,,,,,,,,,,,,,,,,,,,,,,,,,,,,,,,,,,,,,,,,,,,,,,,,,,,,,,,,,,,,,,,,,,,,,,,,,,,,,,,,,,,,,,,,,,,,,,,,,,,,,,
1494636006008784,100063871970753,"Zener SA","Certains diront que c’est l’IA 
Pourtant on l’a aperçu devant l’une de nos oasis avec une zencard, il y a quelques instants. 😫

🚨Nous prions toute personne ayant aperçu ce lion de le notifier très rapidement aux autorités compétentes 🙏🏾

#Zener #humour",,0,"05/18/2026 07:19",N/A,https://www.facebook.com/zenertg/posts/pfbid0j2rBULmQ2pop1uAKhoHr4SdNQuQJ35inWm2MeHHZukR5CfKwCEXqNdKJ5eZKzCNSl,0,0,Photos,,,,,Global,102144,58354,1210,1062,115,33,3944,,3030,102144,0,58354,0,0,0,0,0,0,0,0,0,0,0,0,0,0,0,0,0,0,0,0,0,,,,,,,,,,,,,,,,,,,,,,,,,,,,,,,,,,914,,,,,,,,,,,,,,,,,,,,,,,,,,,,,,,,,,,,,,,,,,,,,,,,,,,,,,,,,,,,,,,,,,,,,,,,,,,,,,,,,,,,,,,,,,,,,,,,,,,,,,,,,,,,,,,,,,,,,,,,,,,,,,,,,,,,,,,,,,,,,,,,,,,,,,,,,,,,,,,,,,,,,,,,,,,,,
1495439829261735,100063871970753,"Zener SA","🎓 Dites‑nous votre Bac 1, il a quel âge aujourd’hui ? 👀",,0,"05/19/2026 05:21",N/A,https://www.facebook.com/zenertg/posts/pfbid02HRbBrqUJmoe6x3fho2YoUKef9aYEm9gwsAKFyegq6z5F64PDogotWHykjLCjyUn8l,0,0,Texte,,,,,Global,58548,31363,973,385,551,37,3175,,3175,58548,0,31363,0,0,0,0,0,0,0,0,0,0,0,0,0,0,0,0,0,0,0,0,0,,,,,,,,,,,,,,,,,,,,,,,,,,,,,,,,,,,,,,,,,,,,,,,,,,,,,,,,,,,,,,,,,,,,,,,,,,,,,,,,,,,,,,,,,,,,,,,,,,,,,,,,,,,,,,,,,,,,,,,,,,,,,,,,,,,,,,,,,,,,,,,,,,,,,,,,,,,,,,,,,,,,,,,,,,,,,,,,,,,,,,,,,,,,,,,,,,,,,,,,,,,,,,,
1496694815802903,100063871970753,"Zener SA","Zencard by night 😏
on est partout partout 😎

L’atout discret de ceux qui savent anticiper.👌🏾

#Zener  #Energie #zencard #carburant",,0,"05/20/2026 14:05",N/A,https://www.facebook.com/zenertg/posts/pfbid02ccSa5FrrhQYqjxrF7QZ5zesbjRe3EmvSdacQKYtcjE6Y1wuWEXbHxBnQKW3DmiYFl,0,0,Photos,,,,,Global,1031,599,20,15,4,1,68,,27,1031,0,599,0,0,0,0,0,0,0,0,0,0,0,0,0,0,0,0,0,0,0,0,0,,,,,,,,,,,,,,,,,,,,,,,,,,,,,,,,,,41,,,,,,,,,,,,,,,,,,,,,,,,,,,,,,,,,,,,,,,,,,,,,,,,,,,,,,,,,,,,,,,,,,,,,,,,,,,,,,,,,,,,,,,,,,,,,,,,,,,,,,,,,,,,,,,,,,,,,,,,,,,,,,,,,,,,,,,,,,,,,,,,,,,,,,,,,,,,,,,,,,,,,,,,,,,,,
1497486015723783,100063871970753,"Zener SA","On connaît tous cette envie de s’énerver quand le pompiste te dit qu’il y’a pas de monnaie. 😂 
Épargne tes nerfs, sors ta ZenCard et passe en mode Self-service 

#Zener #Energie #Selfservice #Zencard",,0,"05/21/2026 11:26",N/A,https://www.facebook.com/zenertg/posts/pfbid02XU5YpLHUYz2sjirb6qJxzr8VSHkZUpGqhiYQ8pDNuouQDfBxryQKGHzhCWBUKhFVl,0,0,Photos,,,,,Global,2488,1495,42,32,9,1,66,,54,2488,0,1495,0,0,0,0,0,0,0,0,0,0,0,0,0,0,0,0,0,0,0,0,0,,,,,,,,,,,,,,,,,,,,,,,,,,,,,,,,,,12,,,,,,,,,,,,,,,,,,,,,,,,,,,,,,,,,,,,,,,,,,,,,,,,,,,,,,,,,,,,,,,,,,,,,,,,,,,,,,,,,,,,,,,,,,,,,,,,,,,,,,,,,,,,,,,,,,,,,,,,,,,,,,,,,,,,,,,,,,,,,,,,,,,,,,,,,,,,,,,,,,,,,,,,,,,,,
1498086775663707,100063871970753,"Zener SA","C’est ici, on verra ceux qui étaient forts en mathématiques à l’école. 🤪😁
Top, c’est parti  ♀

#Zener #carburant#Énergie #Zencard #jeu",,0,"05/22/2026 05:03",N/A,https://www.facebook.com/zenertg/posts/pfbid0UrH6Br6uYuLKkHbo3b4S6vbJov6ThWY8np4vMQshtVFukuFxY5e1G5nQ2VCiMHxUl,0,0,Photos,,,,,Global,4421,2338,112,58,54,0,274,,245,4421,0,2338,0,0,0,0,0,0,0,0,0,0,0,0,0,0,0,0,0,0,0,0,0,,,,,,,,,,,,,,,,,,,,,,,,,,,,,,,,,,29,,,,,,,,,,,,,,,,,,,,,,,,,,,,,,,,,,,,,,,,,,,,,,,,,,,,,,,,,,,,,,,,,,,,,,,,,,,,,,,,,,,,,,,,,,,,,,,,,,,,,,,,,,,,,,,,,,,,,,,,,,,,,,,,,,,,,,,,,,,,,,,,,,,,,,,,,,,,,,,,,,,,,,,,,,,,,
1499151372223914,100063871970753,"Zener SA","c’est le TGOGO 🇹🇬

#Cm 🌝
✋  Levez la main pour signaler, c’est pratique… mais rien ne remplace vos clignotants ! Assurez‑vous qu’ils fonctionnent et respectez le code de la route 🚦. 

Weekend bokoooooor namiiiii

#Zener #conduite  #ZenCard #codelaroute",,0,"05/23/2026 09:18",N/A,https://www.facebook.com/zenertg/posts/pfbid0zvaiLrjFUBHQnpg5dfVnnQsPdd7ijwB27L16WTjR3kgPgpd1dVxyQvdPdvgBFN8Fl,0,0,Photos,,,,,Global,125977,74389,1199,1034,153,12,4031,,2970,125977,0,74389,0,0,0,0,0,0,0,0,0,0,0,0,0,0,0,0,0,0,0,0,0,,,,,,,,,,,,,,,,,,,,,,,,,,,,,,,,,,1061,,,,,,,,,,,,,,,,,,,,,,,,,,,,,,,,,,,,,,,,,,,,,,,,,,,,,,,,,,,,,,,,,,,,,,,,,,,,,,,,,,,,,,,,,,,,,,,,,,,,,,,,,,,,,,,,,,,,,,,,,,,,,,,,,,,,,,,,,,,,,,,,,,,,,,,,,,,,,,,,,,,,,,,,,,,,,
1499316982207353,100063871970753,"Zener SA","Le souffle de l’Esprit traverse les siècles pour nous rappeler que nous ne marchons jamais seuls. Que la paix et l’espérance vous accompagnent. 🕊️

Bonne fête de Pentecôte à toutes et à tous 💚

#Zener   #ZenCard #pentécôte",,0,"05/23/2026 13:36",N/A,https://www.facebook.com/zenertg/posts/pfbid038DzJ1NwKKtiRz7UkZsGAShYkEMfUMgw9Rkck3d9PaijG7DpYKREP55C7JNJ5jDAxl,0,0,Photos,,,,,Global,910,613,17,15,0,2,13,,6,910,0,613,0,0,0,0,0,0,0,0,0,0,0,0,0,0,0,0,0,0,0,0,0,,,,,,,,,,,,,,,,,,,,,,,,,,,,,,,,,,7,,,,,,,,,,,,,,,,,,,,,,,,,,,,,,,,,,,,,,,,,,,,,,,,,,,,,,,,,,,,,,,,,,,,,,,,,,,,,,,,,,,,,,,,,,,,,,,,,,,,,,,,,,,,,,,,,,,,,,,,,,,,,,,,,,,,,,,,,,,,,,,,,,,,,,,,,,,,,,,,,,,,,,,,,,,,,
1501545301984521,100063871970753,"Zener SA","Nous vous souhaitons de passer une bonne journée .☺️

#Zener#zenfamili#carburant#Énergie #Zencard#carburant",,0,"05/26/2026 02:42",N/A,https://www.facebook.com/zenertg/posts/pfbid02hxhzd34aCSXdhqLCtdFvab4VLdXdiqhdkAxMautA1fvopxZ1bjecuhfmZXSKDCLTl,0,0,Photos,,,,,Global,1003,675,28,22,2,4,15,,8,1003,0,675,0,0,0,0,0,0,0,0,0,0,0,0,0,0,0,0,0,0,0,0,0,,,,,,,,,,,,,,,,,,,,,,,,,,,,,,,,,,7,,,,,,,,,,,,,,,,,,,,,,,,,,,,,,,,,,,,,,,,,,,,,,,,,,,,,,,,,,,,,,,,,,,,,,,,,,,,,,,,,,,,,,,,,,,,,,,,,,,,,,,,,,,,,,,,,,,,,,,,,,,,,,,,,,,,,,,,,,,,,,,,,,,,,,,,,,,,,,,,,,,,,,,,,,,,,
1501750661963985,100063871970753,"Zener SA","Le rêve de tout le monde aujourd’hui, c’est qu’il soit déjà 18h pour plier bagage... 🙂‍↕️
Mais désolé, vous ne pouvez pas tricher avec le temps et sauter 15h !
C’est l’heure sacré du live sur TikTok 😁",,0,"05/26/2026 07:47",N/A,https://www.facebook.com/zenertg/posts/pfbid02zwtfU4tPBR8ibC32fYrwP2LuzjvzVBXxDFAbAGgX97zBvQ1mXnDBxezhfN3DZ93Xl,0,0,Texte,,,,,Global,1252,723,24,22,0,2,8,,8,1252,0,723,0,0,0,0,0,0,0,0,0,0,0,0,0,0,0,0,0,0,0,0,0,,,,,,,,,,,,,,,,,,,,,,,,,,,,,,,,,,,,,,,,,,,,,,,,,,,,,,,,,,,,,,,,,,,,,,,,,,,,,,,,,,,,,,,,,,,,,,,,,,,,,,,,,,,,,,,,,,,,,,,,,,,,,,,,,,,,,,,,,,,,,,,,,,,,,,,,,,,,,,,,,,,,,,,,,,,,,,,,,,,,,,,,,,,,,,,,,,,,,,,,,,,,,,,
1502050445267340,100063871970753,"Zener SA","Tabaski Eid Mubarak à toute la communauté musulmane ! 🌙🐑✨

Que cette fête du sacrifice et de la foi vous apporte, ainsi qu’à vos familles, la paix, la santé et d’abondantes bénédictions. Profitons de ces moments de partage, de générosité et de dévotion.

#Zener #Tabaski2026 #EidMubarak #Partage #Solidarité",,0,"05/26/2026 15:53",N/A,https://www.facebook.com/zenertg/posts/pfbid032sisTbjbq9PkdZvmCUcJ2bTb2dTkeW43o6xUEzewKtZU8APLxPwuHuKaiLfLD1Zhl,0,0,Photos,,,,,Global,466,281,7,7,0,0,3,,1,466,0,281,0,0,0,0,0,0,0,0,0,0,0,0,0,0,0,0,0,0,0,0,0,,,,,,,,,,,,,,,,,,,,,,,,,,,,,,,,,,2,,,,,,,,,,,,,,,,,,,,,,,,,,,,,,,,,,,,,,,,,,,,,,,,,,,,,,,,,,,,,,,,,,,,,,,,,,,,,,,,,,,,,,,,,,,,,,,,,,,,,,,,,,,,,,,,,,,,,,,,,,,,,,,,,,,,,,,,,,,,,,,,,,,,,,,,,,,,,,,,,,,,,,,,,,,,,
1503561845116200,100063871970753,"Zener SA","Aujourd’hui c’est aujourd’hui 😁
On attend les tags ! 👇😂

#Zener #Energie #Selfservice #Zencard",,0,"05/28/2026 05:11",N/A,https://www.facebook.com/zenertg/posts/pfbid02CbghAdj3ChXFkeExU68hHsZhemSbMgvbCFK44NGfWf9abNRjxha2keeX76twJattl,0,0,Photos,,,,,Global,9625,5625,174,90,80,4,152,,123,9625,0,5625,0,0,0,0,0,0,0,0,0,0,0,0,0,0,0,0,0,0,0,0,0,,,,,,,,,,,,,,,,,,,,,,,,,,,,,,,,,,29,,,,,,,,,,,,,,,,,,,,,,,,,,,,,,,,,,,,,,,,,,,,,,,,,,,,,,,,,,,,,,,,,,,,,,,,,,,,,,,,,,,,,,,,,,,,,,,,,,,,,,,,,,,,,,,,,,,,,,,,,,,,,,,,,,,,,,,,,,,,,,,,,,,,,,,,,,,,,,,,,,,,,,,,,,,,,
1504494205022964,100063871970753,"Zener SA","Le savais-tu ? 
Un proche en panne de carburant ou à court de budget en pleine route ? Plus besoin de paniquer 

Vous pouvez transférer des bons de carburant de Zencard à Zencard , de l’application ZENFAMILI  à ZENFAMILI. 

#Zener #Zenfamili  #ZenCard",,0,"05/29/2026 05:41",N/A,https://www.facebook.com/zenertg/posts/pfbid02RHKkJZyprjJSuYGdEwwyfxFMLPYCJ2fc1FP7ctJPLn79vfVuEXpT3vndPuFWtGtTl,0,0,Photos,,,,,Global,1296,788,28,21,7,0,20,,14,1296,0,788,0,0,0,0,0,0,0,0,0,0,0,0,0,0,0,0,0,0,0,0,0,,,,,,,,,,,,,,,,,,,,,,,,,,,,,,,,,,6,,,,,,,,,,,,,,,,,,,,,,,,,,,,,,,,,,,,,,,,,,,,,,,,,,,,,,,,,,,,,,,,,,,,,,,,,,,,,,,,,,,,,,,,,,,,,,,,,,,,,,,,,,,,,,,,,,,,,,,,,,,,,,,,,,,,,,,,,,,,,,,,,,,,,,,,,,,,,,,,,,,,,,,,,,,,,
1505649458240772,100063871970753,"Zener SA","On a beau grandir, pour elle, on reste toujours son petit passager à protéger. ☺️

#Zener #Conseildemaman #Surlaroute #Lomé #Togo",,0,"05/30/2026 10:17",N/A,https://www.facebook.com/zenertg/posts/pfbid02DghVcLZu2dvgzrVKsXJTZPuyQMPL4xbuidB7JzneirbvWrJd8UK3W1oQVeF8TNQtl,0,0,Photos,,,,,Global,1248,826,20,16,2,2,20,,15,1248,0,826,0,0,0,0,0,0,0,0,0,0,0,0,0,0,0,0,0,0,0,0,0,,,,,,,,,,,,,,,,,,,,,,,,,,,,,,,,,,5,,,,,,,,,,,,,,,,,,,,,,,,,,,,,,,,,,,,,,,,,,,,,,,,,,,,,,,,,,,,,,,,,,,,,,,,,,,,,,,,,,,,,,,,,,,,,,,,,,,,,,,,,,,,,,,,,,,,,,,,,,,,,,,,,,,,,,,,,,,,,,,,,,,,,,,,,,,,,,,,,,,,,,,,,,,,,
1506293378176380,100063871970753,"Zener SA","Excellente fête à toutes les mamans du monde entier  💚💐

#Zener #Lomé #Togo
#ZenCard #fêtedesmères",,0,"05/31/2026 03:51",N/A,https://www.facebook.com/zenertg/posts/pfbid0rk4g4GQVhuG26qi5cEPqpE8jGYLjv2xp9Z1qBPRa1C36Kqyp4TzPo7ia8TS7eR65l,0,0,Photos,,,,,Global,671,431,20,17,0,3,17,,10,671,0,431,0,0,0,0,0,0,0,0,0,0,0,0,0,0,0,0,0,0,0,0,0,,,,,,,,,,,,,,,,,,,,,,,,,,,,,,,,,,7,,,,,,,,,,,,,,,,,,,,,,,,,,,,,,,,,,,,,,,,,,,,,,,,,,,,,,,,,,,,,,,,,,,,,,,,,,,,,,,,,,,,,,,,,,,,,,,,,,,,,,,,,,,,,,,,,,,,,,,,,,,,,,,,,,,,,,,,,,,,,,,,,,,,,,,,,,,,,,,,,,,,,,,,,,,,,
1507382321400819,100063871970753,"Zener SA","Bon mois de juin à tous ! ✨
Un nouveau mois commence, parfait pour continuer à rouler vers un avenir plus vert.

Ce mois on célébrer l’énergie naturelle qui nous accompagne chaque jour, le propane liquéfié propre, accessible et durable. 🌱

#Zener #BonMois #LPG #ÉnergieNaturelle #GazPropre #TransitionÉnergétique",,0,"06/01/2026 06:46",N/A,https://www.facebook.com/zenertg/posts/pfbid02yJmcUn9nQevJLhVig9Cg8uKYdx4QVq7BCC8E7E1qAYfRuC6yA4ZKuRDW3u4xuC1Fl,0,0,Photos,,,,,Global,823,503,19,16,0,3,18,,9,823,0,503,0,0,0,0,0,0,0,0,0,0,0,0,0,0,0,0,0,0,0,0,0,,,,,,,,,,,,,,,,,,,,,,,,,,,,,,,,,,9,,,,,,,,,,,,,,,,,,,,,,,,,,,,,,,,,,,,,,,,,,,,,,,,,,,,,,,,,,,,,,,,,,,,,,,,,,,,,,,,,,,,,,,,,,,,,,,,,,,,,,,,,,,,,,,,,,,,,,,,,,,,,,,,,,,,,,,,,,,,,,,,,,,,,,,,,,,,,,,,,,,,,,,,,,,,,
1507455528060165,100063871970753,"Zener SA","ZENFOREST ÉDITION 2026 

Agir aujourd’hui pour le climat de demain. 🌳🌍

Fidèles à notre engagement pour la préservation de notre environnement, nos équipes se sont une nouvelle fois mobilisées ce 1er juin, Journée Nationale de l’Arbre.

Dans le cadre de notre projet communautaire ZENFOREST ÉDITION 2026 , nous avons mis les mains à la terre pour planter de nouveaux arbres. Face aux défis du dérèglement climatique et pour la protection de la couche d’ozone, chaque jeune pousse mise en terre est une barrière de plus contre la dégradation de notre écosystème.

Pour Zener, honorer ce rendez-vous annuel est bien plus qu’une tradition , c’est une action concrète pour offrir aux générations futures une nature plus verte, plus humaine et plus durable. 💚🌱

#Zener #ZenForest #Journéedelarbre #ActionClimat #Énergieverte Togo",,0,"06/01/2026 08:20",N/A,https://www.facebook.com/zenertg/posts/pfbid0dpfVFZR1ETnkqdJTVepajnQ6Ge7xBaR1imjiLFJCQGHSEMe4J5fZoEEoQswdSzDgl,0,0,Photos,,,,,Global,5111,3054,86,74,7,5,388,,162,5111,0,3054,0,0,0,0,0,0,0,0,0,0,0,0,0,0,0,0,0,0,0,0,0,,,,,,,,,,,,,,,,,,,,,,,,,,,,,,,,,,226,,,,,,,,,,,,,,,,,,,,,,,,,,,,,,,,,,,,,,,,,,,,,,,,,,,,,,,,,,,,,,,,,,,,,,,,,,,,,,,,,,,,,,,,,,,,,,,,,,,,,,,,,,,,,,,,,,,,,,,,,,,,,,,,,,,,,,,,,,,,,,,,,,,,,,,,,,,,,,,,,,,,,,,,,,,,,
1510226904449694,100063871970753,"Zener SA","Jj - 3 

C’est quoi le GPL, en vrai ?🌝

Le GPL (Gaz de Pétrole Liquéfié), c’est tout simplement le nom technique du *gaz de cuisine*. 

C’est une énergie moderne et propre. Dans  exactement 3 jours, nous célébrons cette journée mondiale avec vous ! 

À cette occasion, Zener vous réserve de grosses surprises pour fêter l’énergie propre ensemble. 🎉

#Zener #GPLDay #EnergiePropre #Sodigaz #Enora Lomé Togo",,0,"06/04/2026 05:14",N/A,https://www.facebook.com/zenertg/posts/pfbid0hNk6bzbj4rVLZoQzZSfGhDWMhndfr7ByxSQuJpzi4gSwVhMmK4tyNniCXj6Gb166l,0,0,Photos,,,,,Global,840,537,14,12,0,2,8,,4,840,0,537,0,0,0,0,0,0,0,0,0,0,0,0,0,0,0,0,0,0,0,0,0,,,,,,,,,,,,,,,,,,,,,,,,,,,,,,,,,,4,,,,,,,,,,,,,,,,,,,,,,,,,,,,,,,,,,,,,,,,,,,,,,,,,,,,,,,,,,,,,,,,,,,,,,,,,,,,,,,,,,,,,,,,,,,,,,,,,,,,,,,,,,,,,,,,,,,,,,,,,,,,,,,,,,,,,,,,,,,,,,,,,,,,,,,,,,,,,,,,,,,,,,,,,,,,,
1511159567689761,100063871970753,"Zener SA","Zener s’invite dans vos marchés ! 🥳

Aujourd’hui, vendredi 5 juin 2026, l’équipe Zener lance sa grande tournée « Activation Marché »et dépose ses bagages au marché de Tsévié ! 

C’est l’occasion idéale de découvrir tous les avantages d’une cuisine moderne, rapide et totalement propre pour toute la famille.

📍Au programme 

* Des offres promotionnelles exceptionnelles sur vos bouteilles de gaz préférées SODIGAZ et ÉNORA 
* Des conseils pratiques pour cuisiner en toute sécurité et maîtriser votre consommation.
* Une équipe dynamique sur place pour répondre avec joie à toutes vos questions.

⚠️ Les stocks sont limités sur le stand, premiers arrivés, premiers servis !☺️

#Zener #ActivationMarché #gpi #Enora #Sodigaz ÉnergiePropre",,0,"06/05/2026 04:43",N/A,https://www.facebook.com/zenertg/posts/pfbid0wcvExQot2A1xeRQQ5tZEoYTXFFHwLhfkrmooKnvcU7oW8y3eUKZK1dQbMxDvAgHGl,0,0,Photos,,,,,Global,434,269,11,10,0,1,5,,3,434,0,269,0,0,0,0,0,0,0,0,0,0,0,0,0,0,0,0,0,0,0,0,0,,,,,,,,,,,,,,,,,,,,,,,,,,,,,,,,,,2,,,,,,,,,,,,,,,,,,,,,,,,,,,,,,,,,,,,,,,,,,,,,,,,,,,,,,,,,,,,,,,,,,,,,,,,,,,,,,,,,,,,,,,,,,,,,,,,,,,,,,,,,,,,,,,,,,,,,,,,,,,,,,,,,,,,,,,,,,,,,,,,,,,,,,,,,,,,,,,,,,,,,,,,,,,,,
1511206204351764,100063871970753,"Zener SA","Republie si tu as déjà fait semblant de ne pas entendre le bruit bizarre de ton moteur juste parce que ton portefeuille était à sec 😂",,0,"06/05/2026 05:42",N/A,https://www.facebook.com/zenertg/posts/pfbid034JcX1RaYTgEcQa37SuoPhhAn2PByzsiJudMhoUrd5dxfjm1j8NEGhZVZ15biGyvGl,0,0,Texte,,,,,Global,741,476,69,16,3,50,9,,9,741,0,476,0,0,0,0,0,0,0,0,0,0,0,0,0,0,0,0,0,0,0,0,0,,,,,,,,,,,,,,,,,,,,,,,,,,,,,,,,,,,,,,,,,,,,,,,,,,,,,,,,,,,,,,,,,,,,,,,,,,,,,,,,,,,,,,,,,,,,,,,,,,,,,,,,,,,,,,,,,,,,,,,,,,,,,,,,,,,,,,,,,,,,,,,,,,,,,,,,,,,,,,,,,,,,,,,,,,,,,,,,,,,,,,,,,,,,,,,,,,,,,,,,,,,,,,,
1511304981008553,100063871970753,"Zener SA","Le LPG Day arrive, et c’est VOUS qui gagnez les cadeaux ! 🎉

À l’occasion du LPG Day, la grande journée mondiale du Gaz de Pétrole Liquéfié (GPL) en tant qu’énergie propre, sûre et accessible, Zener vous gâte ! 

Nous lançons un grand jeu-concours sous forme de tombola et de quiz pour vous faire gagner plein de lots exclusifs (T-shirts, casquettes, accessoires et même des bonbonnes de gaz de 3 kg) ! 🎁🥳

⚠️ ATTENTION : Tout se passe exclusivement sur notre chaîne WhatsApp !

Le jeu commence officiellement dès ce soir et se termine le 07 juin. Si tu n’es pas encore dans la communauté, c’est le moment ou jamais !

👉 Comment participer ?

- Clique sur 👉🏽  https://whatsapp.com/channel/0029VabhdedDp2QESN9kDV38. pour rejoindre la chaîne WhatsApp Zener.

- Abonne-toi à la chaîne (active les notifications pour ne rien rater).
Reste connecté(e), les premiers quiz tombe ce soir !

#Zener #LPGDay #JeuConcours #ChaineWhatsAppZener #Togo Lomé",,0,"06/05/2026 07:45",N/A,https://www.facebook.com/zenertg/posts/pfbid0RoFNfKgEfUqyZeGsPgGdKYkdMAbyX7irQo76eJBsiwjkKK2s5u9a3iJ7hbmowPGgl,0,0,Photos,,,,,Global,897,502,83,44,6,33,28,7,17,897,0,502,0,0,0,0,0,0,0,0,0,0,0,0,0,0,0,0,0,0,0,0,0,,,,,,,,,,,,,,,,,,,,,,,,,,,,,,,,,,4,,,,,,,,,,,,,,,,,,,,,,,,,,,,,,,,,,,,,,,,,,,,,,,,,,,,,,,,,,,,,,,,,,,,,,,,,,,,,,,,,,,,,,,,,,,,,,,,,,,,,,,,,,,,,,,,,,,,,,,,,,,,,,,,,,,,,,,,,,,,,,,,,,,,,,,,,,,,,,,,,,,,,,,,,,,,,
1512247227580995,100063871970753,"Zener SA","🚀 Le 2ᵉ Quiz jeu concours LPG est lancé ! 🎉

Prêts à vos claviers 👉 laissez vos réponses dès maintenant dans notre chaine WhatsApp en cliquant sur ce lien 👉🏽https://whatsapp.com/channel/0029VabhdedDp2QESN9kDV38

🎁 À gagner :

• Bons d’achat
• Gadgets pratiques
• Bouteilles de gaz 3 kg
• Et bien d’autres surprises…

#Zener #QuizÉnergie #Tombola #LPGDay #gpi",,0,"06/06/2026 06:47",N/A,https://www.facebook.com/zenertg/posts/pfbid0cH7TMNXoy91DAzsK88dBnSn6C7QAePBRBRGkKJcE5bJdWJtTtrbKPD3wFaKC8Bmzl,0,0,Photos,,,,,Global,4199,2210,103,60,39,4,280,10,232,4199,0,2210,0,0,0,0,0,0,0,0,0,0,0,0,0,0,0,0,0,0,0,0,0,,,,,,,,,,,,,,,,,,,,,,,,,,,,,,,,,,38,,,,,,,,,,,,,,,,,,,,,,,,,,,,,,,,,,,,,,,,,,,,,,,,,,,,,,,,,,,,,,,,,,,,,,,,,,,,,,,,,,,,,,,,,,,,,,,,,,,,,,,,,,,,,,,,,,,,,,,,,,,,,,,,,,,,,,,,,,,,,,,,,,,,,,,,,,,,,,,,,,,,,,,,,,,,,
1513179454154439,100063871970753,"Zener SA","Aujourd’hui, 7 juin, c’est le World LPG Day.

Partout dans le monde, des entreprises, des gouvernements et des familles célèbrent une énergie qui change concrètement des vies.

Au Togo, nous sommes fiers d’en faire partie.
Depuis plusieurs années, Zener investit dans le développement des infrastructures GPL sur l’ensemble de la chaîne de valeur de l’approvisionnement à la distribution finale afin de garantir un accès sécurisé et abordable aux ménages, aux professionnels et aux industriels togolais.

Derrière chaque bouteille de gaz, il y a une famille qui cuisine sans fumée, un enfant qui respire mieux, une femme qui gagne du temps, un arbre qui reste debout.

Aujourd’hui, nos équipes terrain, nos Oasis et nos revendeurs agréés ont marqué cette journée ensemble, parce que l’énergie propre n’est pas une
promesse. C’est déjà une réalité que nous construisons chaque jour au Togo. 🧡🔥

Bonne célébration du World LPG Day à tous nos clients, partenaires et collaborateurs.

#WorldLPGDay #LPGDay #Zener #ÉnergieAfrique #GazButane #TransitionÉnergétique #Togo #Lo",,0,"06/07/2026 06:44",N/A,https://www.facebook.com/zenertg/posts/pfbid02YrMBBJ1puQCNX9ApWX1zEioksM3X9bmcQf6a5inJmQLyg73GbzXrjygvX7xiGLZsl,0,0,Photos,,,,,Global,848,524,21,18,0,3,14,,7,848,0,524,0,0,0,0,0,0,0,0,0,0,0,0,0,0,0,0,0,0,0,0,0,,,,,,,,,,,,,,,,,,,,,,,,,,,,,,,,,,7,,,,,,,,,,,,,,,,,,,,,,,,,,,,,,,,,,,,,,,,,,,,,,,,,,,,,,,,,,,,,,,,,,,,,,,,,,,,,,,,,,,,,,,,,,,,,,,,,,,,,,,,,,,,,,,,,,,,,,,,,,,,,,,,,,,,,,,,,,,,,,,,,,,,,,,,,,,,,,,,,,,,,,,,,,,,,
1514006714071713,100063871970753,"Zener SA","SPÉCIALE PROMO LPG dans toutes nos stations Oasis ! 🎉

🔵 Kit Complet SODIGAZ 3 KG : 14.000 FCFA !

🟢 Kit Complet ENORA 6 KG : 20.000 FCFA !

⚠️ Offre valable dans la limite des stocks disponibles et uniquement jusqu’au 13 juin 2026.

Passez vite dans l’Oasis la plus proche de chez vous avant qu’il ne soit trop tard ! 🏃💨

#Zener #PromoLPG #Sodigaz #enOra #oasis promo",,0,"06/08/2026 05:11",N/A,https://www.facebook.com/zenertg/posts/pfbid0rqCQV2X1BHTLUGPP24Vs6N9QhoTKHA9idS2gUHB9yc8eTiDxj9eq6dmiffEFb3ohl,0,0,Photos,,,,,Global,11423,5676,310,304,2,4,75,21,39,2538,8885,2867,3941,0,0,0,0,0,0,0,0,0,0,0,0,0,0,0,0,0,0,0,0,,,,,,,,,,,,,,,,,,,,,,,,,,,,,,,,,,15,,,,,,,,,,,,,,,,,,,,,,,,,,,,,,,,,,,,,,,,,,,,,,,,,,,,,,,,,,,,,,,,,,,,,,,,,,,,,,,,,,,,,,,,,,,,,,,,,,,,,,,,,,,,,,,,,,,,,,,,,,,,,,,,,,,,,,,,,,,,,,,,,,,,,,,,,,,,,,,,,,,,,,,,,,,,,
1514046450734406,100063871970753,"Zener SA","Après l’Oasis Téléssou, cap sur l’Oasis Tam-Tam ! 🚀

Notre équipe s’installe chez vous, à l’Oasis Tam-Tam, du 08 au 21 juin 2026 pour l’activation de votre ZenCard! 💳✨

Tu as une moto ou une voiture et tu as toujours rêvé d’avoir ta propre carte de carburant pour rouler l’esprit tranquille ? 

C’est le moment idéal, nous sommes dans ta zone pour te faciliter la vie !

Pourquoi tu dois absolument récupérer ta ZenCard ?

* ❌ Fini les problèmes de monnaie au moment de payer ton carburant.
* 📲 Recharge ultra-facile et rapide via mix by yas, Flooz, Coris money ou carte bancaire.
* 🕒 Accès 24H/24 & priorité absolue dans toutes nos stations-service et bien d’autres avantages 

👉 Comment faire ?
C’est simple et direct ! Viens nous voir sur à l’oasis Tam-Tam muni de :

1. Une pièce d’identité
2. Seulement 1000 F CFA

#Zener #ZenCard #OasisTamTam #energie #Lomé Togo",,0,"06/08/2026 06:06",N/A,https://www.facebook.com/zenertg/posts/pfbid0mKRtCP1o57kzKsKHKHCJMF7nfAVZhceDfQbK4kzjvwKfQDRwe4Tz9JtG8BdoDfxal,0,0,Photos,,,,,Global,21572,8110,481,476,2,3,104,45,55,1209,20363,3434,7478,0,0,0,0,0,0,0,0,0,0,0,0,0,0,0,0,0,0,0,0,,,,,,,,,,,,,,,,,,,,,,,,,,,,,,,,,,4,,,,,,,,,,,,,,,,,,,,,,,,,,,,,,,,,,,,,,,,,,,,,,,,,,,,,,,,,,,,,,,,,,,,,,,,,,,,,,,,,,,,,,,,,,,,,,,,,,,,,,,,,,,,,,,,,,,,,,,,,,,,,,,,,,,,,,,,,,,,,,,,,,,,,,,,,,,,,,,,,,,,,,,,,,,,,
1515979060541145,100063871970753,"Zener SA","Le temps de patience en vaut le coup ! 😏

Vous êtes conducteur, chauffeur, taximan, zedman, propriétaire d’engins à 2, 4, 6 roues, la zencard est la carte carburant qu’il vous faut.😌

Rejoignez-nous à l’oasis Tam-tam muni d’une pièce d’identité et de 1000 f pour l’achat de la carte. 

#Zener #Zencard #oasistamtam",,0,"06/10/2026 08:12",N/A,https://www.facebook.com/zenertg/posts/pfbid0GyvjofeXswqnZL9A3W5YJje6qQe6tHSjvh1dnWhDVZjt48M7oDZf4JCUTMNLaeJKl,0,0,Photos,,,,,Global,5805,3612,88,71,14,3,76,,50,5805,0,3612,0,0,0,0,0,0,0,0,0,0,0,0,0,0,0,0,0,0,0,0,0,,,,,,,,,,,,,,,,,,,,,,,,,,,,,,,,,,26,,,,,,,,,,,,,,,,,,,,,,,,,,,,,,,,,,,,,,,,,,,,,,,,,,,,,,,,,,,,,,,,,,,,,,,,,,,,,,,,,,,,,,,,,,,,,,,,,,,,,,,,,,,,,,,,,,,,,,,,,,,,,,,,,,,,,,,,,,,,,,,,,,,,,,,,,,,,,,,,,,,,,,,,,,,,,
1516814970457554,100063871970753,"Zener SA","•Protection maximale du moteur. 🛡️
•Idéal pour les fortes chaleurs 🔥
•Moteur plus propre, plus longtemps ⚙️
•Économie d’entretien 🔧
•Performance constante 🚗💨

En promo jusqu’au 21 juin 2026 à l’oasis Tam-tam 

#Zener #ZenCard #lubrifiant #texacohavoline",,0,"06/11/2026 05:32",N/A,https://www.facebook.com/zenertg/posts/pfbid02syNrzczGLR9jkwBfgeAjk1iq5a2KMevKx86toTDJKr3sCFnUfMKrabiWU7hJLTsql,0,0,Photos,,,,,Global,1070,679,22,7,12,3,22,,13,1070,0,679,0,0,0,0,0,0,0,0,0,0,0,0,0,0,0,0,0,0,0,0,0,,,,,,,,,,,,,,,,,,,,,,,,,,,,,,,,,,9,,,,,,,,,,,,,,,,,,,,,,,,,,,,,,,,,,,,,,,,,,,,,,,,,,,,,,,,,,,,,,,,,,,,,,,,,,,,,,,,,,,,,,,,,,,,,,,,,,,,,,,,,,,,,,,,,,,,,,,,,,,,,,,,,,,,,,,,,,,,,,,,,,,,,,,,,,,,,,,,,,,,,,,,,,,,,
1517723743700010,100063871970753,"Zener SA","Lâchez le nom ou les émojis de votre équipe en commentaire, on veut voir qui va faire le plus de bruit dans la ZenFamili ! 👇🗣️

#Zener #ZenCard #football #coupe du monde  #Zenfamili Lomé",,0,"06/12/2026 05:02",N/A,https://www.facebook.com/zenertg/posts/pfbid0BzxTUAyma9c1xHG4G4TiprzQgmWtKW1MGWSDGQAkmHHrRBSNcaJToc6hLf4PvUHTl,0,0,Photos,,,,,Global,1375,807,32,26,4,2,23,,18,1375,0,807,0,0,0,0,0,0,0,0,0,0,0,0,0,0,0,0,0,0,0,0,0,,,,,,,,,,,,,,,,,,,,,,,,,,,,,,,,,,5,,,,,,,,,,,,,,,,,,,,,,,,,,,,,,,,,,,,,,,,,,,,,,,,,,,,,,,,,,,,,,,,,,,,,,,,,,,,,,,,,,,,,,,,,,,,,,,,,,,,,,,,,,,,,,,,,,,,,,,,,,,,,,,,,,,,,,,,,,,,,,,,,,,,,,,,,,,,,,,,,,,,,,,,,,,,,
1520603013412083,100063871970753,"Zener SA","La façon dont certaines personnes attrapent leur zencard actuellement à l’oasis Tam-Tam situé au quartier Doumasséssé.😌

Venez muni d’une pièce d’identité et de 1000 F pour
l’achat de la carte kpoaaa evoor 🫵🏾

#Zener #Zencard#Zenfamili #Carburant",,0,"06/15/2026 09:14",N/A,https://www.facebook.com/zenertg/posts/pfbid0zmJJodaQZTgJ9GhRdTDGHxMhzEWPFBdAwyiySj5AEX5375LNoQ64ZkqypMiKNAa2l,0,0,Photos,,,,,Global,2993,1777,52,42,7,3,33,,20,2993,0,1777,0,0,0,0,0,0,0,0,0,0,0,0,0,0,0,0,0,0,0,0,0,,,,,,,,,,,,,,,,,,,,,,,,,,,,,,,,,,13,,,,,,,,,,,,,,,,,,,,,,,,,,,,,,,,,,,,,,,,,,,,,,,,,,,,,,,,,,,,,,,,,,,,,,,,,,,,,,,,,,,,,,,,,,,,,,,,,,,,,,,,,,,,,,,,,,,,,,,,,,,,,,,,,,,,,,,,,,,,,,,,,,,,,,,,,,,,,,,,,,,,,,,,,,,,,
1521285700010481,100063871970753,"Zener SA","On demande peu, et on donne beaucoup en avantage 😁

Avec la Zencard tu as :
- Accès 24H/24 et 7J/7 à notre réseau de stations-
service
- Une carte tout en un (Achat Gaz, Lubrifant, Restaurant
BONICI etc.)
- Rechargeable facilement via mobile (mixx by yas,
flooz, Coris money, carte bancaire )
- La priorité sur nos stations-service
- Accès au self-service dans toutes nos stations-service
- Consultation du solde et gestion des opérations via
l’application Zenfamili
- Fin des problèmes de monnaie dans les stations

#Zener #Zencard#Zenfamili #Carburant",,0,"06/16/2026 04:41",N/A,https://www.facebook.com/zenertg/posts/pfbid0yZJ6RinsUX7K4gVs5JAjXqi7L52NGdphZw4rLgwqigX6V9m321G5sUzPsdYfbiGal,0,0,Photos,,,,,Global,50292,27961,322,239,79,4,2040,,1576,50292,0,27961,0,0,0,0,0,0,0,0,0,0,0,0,0,0,0,0,0,0,0,0,0,,,,,,,,,,,,,,,,,,,,,,,,,,,,,,,,,,464,,,,,,,,,,,,,,,,,,,,,,,,,,,,,,,,,,,,,,,,,,,,,,,,,,,,,,,,,,,,,,,,,,,,,,,,,,,,,,,,,,,,,,,,,,,,,,,,,,,,,,,,,,,,,,,,,,,,,,,,,,,,,,,,,,,,,,,,,,,,,,,,,,,,,,,,,,,,,,,,,,,,,,,,,,,,,
1522227073249677,100063871970753,"Zener SA",,,0,"06/17/2026 05:19",N/A,https://www.facebook.com/zenertg/posts/pfbid02Vy9ZYF9yQpzPo5M59hk7CKhSw477PDp5w78aPSpDMuqE7P15VPECZkpff3fr4kPMl,0,1,Photos,,,,,Global,298,197,9,8,1,0,1,,1,298,0,197,0,0,0,0,0,0,0,0,0,0,0,0,0,0,0,0,0,0,0,0,0,,,,,,,,,,,,,,,,,,,,,,,,,,,,,,,,,,,,,,,,,,,,,,,,,,,,,,,,,,,,,,,,,,,,,,,,,,,,,,,,,,,,,,,,,,,,,,,,,,,,,,,,,,,,,,,,,,,,,,,,,,,,,,,,,,,,,,,,,,,,,,,,,,,,,,,,,,,,,,,,,,,,,,,,,,,,,,,,,,,,,,,,,,,,,,,,,,,,,,,,,,,,,,,
1522255889913462,100063871970753,"Zener SA","Le meilleur lubrifiant de tous les temps
Ton moteur tourne mieux avec les lubrifiants Texaco havoline formula SAE20W50 ,chaque trajet devient plus fluide, plus sûr, plus performant.

Passe dès aujourd’hui à l’oasis tam tam et profite de notre promo sur le texaco havoline formula SAE20W50

#Zener  #Lubrifiant #Zenfamili  #ZenCard #Carburant",,0,"06/17/2026 06:00",N/A,https://www.facebook.com/zenertg/posts/pfbid0Rit1MDVFXge86VZKyjBBsLHLJLZvrde2GxNVbmBGTYUUxuvzTTwLvQ76LccZ8m7rl,0,0,Photos,,,,,Global,1303,803,27,14,12,1,35,,28,1303,0,803,0,0,0,0,0,0,0,0,0,0,0,0,0,0,0,0,0,0,0,0,0,,,,,,,,,,,,,,,,,,,,,,,,,,,,,,,,,,7,,,,,,,,,,,,,,,,,,,,,,,,,,,,,,,,,,,,,,,,,,,,,,,,,,,,,,,,,,,,,,,,,,,,,,,,,,,,,,,,,,,,,,,,,,,,,,,,,,,,,,,,,,,,,,,,,,,,,,,,,,,,,,,,,,,,,,,,,,,,,,,,,,,,,,,,,,,,,,,,,,,,,,,,,,,,,
1523049676500750,100063871970753,"Zener SA","Tout le monde a déjà récupéré sa ZenCard à l’Oasis Tam-Tam. Et toi, tu attends quoi ? 🫵🏾😏

Rejoignez des centaines de conducteurs déjà équipés ! Venez muni de votre pièce d’identité et de 1000 F, et n’oubliez pas de profiter de nos lubrifiants. 

#Zener #Zencard#Zenfamili #Carburant","Tout le monde a déjà récupéré sa ZenCard à l’Oasis Tam-Tam. Et toi, tu attends quoi ? 🫵🏾😏

Rejoignez des centaines de conducteurs déjà équipés ! Venez muni de votre pièce d’identité et de 1000 F, et n’oubliez pas de profiter de nos lubrifiants. 

#Zener #Zencard#Zenfamili #Carburant",17,"06/18/2026 03:03",auto,https://www.facebook.com/reel/1726593308489048/,0,0,Vidéos,,,,,Global,810,565,24,21,2,1,7,,7,805,0,565,0,302,0,273,0,0,302,0,0,0,0,1566.816,57.227,2499.591,0,4.706,8.176,8.012,0,0,0,1,1,1,1,1,1,1,1,1,1,1,1,1,1,1,1,1,1,1,0.83,0.61,,,,,,,,,,,,,,,4123.634,6.324,0,0,0,1,1,1,1,0.88,0.75,0.64,0.55,0.5,0.46,0.41,0.4,0.39,0.37,0.36,0.35,0.33,0.32,0.29,0.23,0.17,,,,,,,,,,,,,,,,,,,,,,,,,,,,,136,63,23,30,15,8,3,15,4,1,,1,233,5,6,1,20,1,10,5,,9,,1,,,1,,,2,,,1,,,1,,,,,,,,1,,,2,,,,1,1,,,,,,,,,,,,,,,,,,,,,,,,,,,,,,,,,,,,,,,,,,,,,,,,,,,,,,1,,,,,,,,,,,,
1524879752984409,100063871970753,"Zener SA","Chaque moteur a son lubrifiant idéal à l’Oasis Tam-Tam ! 🏍️🚗

Que vous rouliez à moto ou en voiture, nous avons exactement le lubrifiant qu’il vous faut en format 1 Litre ! 

Profitez de nos offres exceptionnelles jusqu’au 21 juin 2026 pour faire votre vidange avec la bonne formule ☺️👌🏾

#Zener #lubrifiant #texaco",,0,"06/20/2026 04:56",N/A,https://www.facebook.com/zenertg/posts/pfbid0RB6nPUVwDLevvyjCoG8VPHkXNMZuiDMAaEAbNqbxF2XQjn3tYLX5UCxnGWd1DSTgl,0,0,Photos,,,,,Global,578,367,10,9,0,1,14,,9,578,0,367,0,0,0,0,0,0,0,0,0,0,0,0,0,0,0,0,0,0,0,0,0,,,,,,,,,,,,,,,,,,,,,,,,,,,,,,,,,,5,,,,,,,,,,,,,,,,,,,,,,,,,,,,,,,,,,,,,,,,,,,,,,,,,,,,,,,,,,,,,,,,,,,,,,,,,,,,,,,,,,,,,,,,,,,,,,,,,,,,,,,,,,,,,,,,,,,,,,,,,,,,,,,,,,,,,,,,,,,,,,,,,,,,,,,,,,,,,,,,,,,,,,,,,,,,,
1525243909614660,100063871970753,"Zener SA","Certains super-héros portent une cape… d’autres conduisent, travaillent dur et pensent toujours à leur famille .
Aujourd’hui on célèbre tous ces papas qui donnent de l’énergie à la famille chaque jour .

Bonne fête à tous les papas 💚

#Zener #fetedesperes #Zenfamili",,0,"06/20/2026 13:48",N/A,https://www.facebook.com/zenertg/posts/pfbid023jJeiqHSk17moPv9zqZuYX6V27s37zbfoxnnqv9ERbp68K7wZomEcvwjyWNQMKRel,0,0,Photos,,,,,Global,1378,903,17,17,0,0,12,,6,1378,0,903,0,0,0,0,0,0,0,0,0,0,0,0,0,0,0,0,0,0,0,0,0,,,,,,,,,,,,,,,,,,,,,,,,,,,,,,,,,,6,,,,,,,,,,,,,,,,,,,,,,,,,,,,,,,,,,,,,,,,,,,,,,,,,,,,,,,,,,,,,,,,,,,,,,,,,,,,,,,,,,,,,,,,,,,,,,,,,,,,,,,,,,,,,,,,,,,,,,,,,,,,,,,,,,,,,,,,,,,,,,,,,,,,,,,,,,,,,,,,,,,,,,,,,,,,,
1527549079384143,100063871970753,"Zener SA","On a activé notre meilleur Jutsu pour vous apporter le combo ultime de la performance :

 🛢️ Les lubrifiants Zener pour un moteur protégé et une longévité maximale. 

💳 La ZenCard pour maîtriser votre budget carburant en un clin d’œil.

Et vous, c’est quoi votre technique secrète pour optimiser vos trajets ? 🏎️💨

#Zener #Zenfamili  #ZenCard #carburant #énergie","On a activé notre meilleur Jutsu pour vous apporter le combo ultime de la performance :

 🛢️ Les lubrifiants Zener pour un moteur protégé et une longévité maximale. 

💳 La ZenCard pour maîtriser votre budget carburant en un clin d’œil.

Et vous, c’est quoi votre technique secrète pour optimiser vos trajets ? 🏎️💨

#Zener #Zenfamili  #ZenCard #carburant #énergie",7,"06/23/2026 03:30",N/A,https://www.facebook.com/reel/987702244142370/,0,0,Vidéos,,,,,Global,8241,5804,133,106,3,24,12,,12,8234,0,5804,0,3703,0,3521,0,0,3703,0,0,0,0,25272.552,246.573,4451.635,0,4.881,2.652,6.462,0,0,0,1,1,1,1,1,1,1,1,0.91,,,,,,,,,,,,,,,,,,,,,,,,,,,29970.76,5.028,0,0,0,1,1,1,1,0.93,0.69,0.64,0.55,0.45,,,,,,,,,,,,,,,,,,,,,,,,,,,,,,,,,,,,,,,,,1274,616,328,486,230,139,100,187,63,49,24,8,2071,15,100,4,1257,4,91,14,,6,,2,,10,8,3,1,11,1,34,3,2,,2,1,,,,1,1,,37,,,,1,,,8,,2,1,,,3,,,,,1,,1,,,,1,,,,,,,,,,,1,,,,,,,,,,,,,,,,,,,,2,,,,,,,,,,,,,,,,,,1,
1528504629288588,100063871970753,"Zener SA","On connaît tous ce moment où chaque minute
compte. C’est pour ça que chez Zener, on te donne le
contrôle direct.

Tu arrives, tu sers ton engin toi-même en mode Kaba
Kaba, et tu libères la piste. Rapide, propre, efficace.
Passe dans l’une de nos stations et deviens le vrai
boss de ton réservoir ! 😎

#Zener #Zenfamili #ZenCard #carburant",,0,"06/24/2026 05:14",N/A,https://www.facebook.com/zenertg/posts/pfbid02gHBYLpSjKfpiBAWYSD6seWPWm8itocRyMgyFqeWZwY7Y5AxyTLMo78wHmSD9pyrel,0,0,Photos,,,,,Global,1870,1210,27,19,6,2,36,,25,1870,0,1210,0,0,0,0,0,0,0,0,0,0,0,0,0,0,0,0,0,0,0,0,0,,,,,,,,,,,,,,,,,,,,,,,,,,,,,,,,,,11,,,,,,,,,,,,,,,,,,,,,,,,,,,,,,,,,,,,,,,,,,,,,,,,,,,,,,,,,,,,,,,,,,,,,,,,,,,,,,,,,,,,,,,,,,,,,,,,,,,,,,,,,,,,,,,,,,,,,,,,,,,,,,,,,,,,,,,,,,,,,,,,,,,,,,,,,,,,,,,,,,,,,,,,,,,,,
1529739252498459,100063871970753,"Zener SA","Mets le nom de ton joueur préféré ou de ton équipe préférée pour cette mondiale en commentaire ⚽🔥 

Nous vous apportons l'énergie durant toute cette coupe du monde. 

#Zener #foot #Zenfamili  #ZenCard #carburant","Mets le nom de ton joueur préféré ou de ton équipe préférée pour cette mondiale en commentaire ⚽🔥 

Nous vous apportons l'énergie durant toute cette coupe du monde. 

#Zener #foot #Zenfamili  #ZenCard #carburant",36,"06/25/2026 12:56",auto,https://www.facebook.com/reel/1775360886790338/,0,0,Vidéos,,,,,Global,16772,10566,400,342,8,50,550,103,260,1566,15191,2867,9484,5892,0,5003,0,5218,674,0,0,0,0,5990.256,865.213,6412.874,102346.501,9.678,5.847,11.746,7.648,0,0,0.99,0.99,1,1,1,1,1,1,1,1,1,1,1,1,1,1,0.96,0.92,0.89,0.86,0.84,0.82,0.8,0.78,0.77,0.75,0.73,0.71,0.7,0.69,0.68,0.66,0.66,,187,115614.844,7.867,0,0,0,0.99,0.99,0.99,0.99,0.87,0.77,0.69,0.61,0.56,0.52,0.49,0.46,0.43,0.42,0.41,0.39,0.37,0.36,0.35,0.33,0.33,0.32,0.31,0.3,0.3,0.29,0.28,0.27,0.27,0.27,0.26,0.26,0.26,0.25,0.24,0.23,0.16,,,,,0.65,0.63,0.6,0.42,,,,,2363,677,568,1207,189,171,167,311,46,42,69,26,5746,17,13,2,33,9,13,1,1,10,1,5,,4,5,,1,1,,2,,4,,2,,,,,3,1,1,6,,,3,,,,2,,,,,,1,,,,1,,,1,,,,,,1,,,,,,,,,,,,,1,,,,,,,,,,,,,,1,,,,,,,,,,,,,,,,,,,,,
1530252055780512,100063871970753,"Zener SA",,,0,"06/26/2026 03:52",N/A,https://www.facebook.com/zenertg/posts/pfbid0Mp3vhWYT9How76JSepVEc8uUevpSkEKDgtiijy6pUr5hrs3UsLdGW1MyFqHT5rZzl,0,1,Photos,,,,,Global,342,181,11,9,1,1,3,,2,342,0,181,0,0,0,0,0,0,0,0,0,0,0,0,0,0,0,0,0,0,0,0,0,,,,,,,,,,,,,,,,,,,,,,,,,,,,,,,,,,1,,,,,,,,,,,,,,,,,,,,,,,,,,,,,,,,,,,,,,,,,,,,,,,,,,,,,,,,,,,,,,,,,,,,,,,,,,,,,,,,,,,,,,,,,,,,,,,,,,,,,,,,,,,,,,,,,,,,,,,,,,,,,,,,,,,,,,,,,,,,,,,,,,,,,,,,,,,,,,,,,,,,,,,,,,,,,
1531224845683233,100063871970753,"Zener SA","Boire et conduire ne font jamais bon ménage.
Préserve des vies, y compris la tienne ❤️

on sait qu’on ne donne pas conseil le week-end mais bon à bon entendeur …….. 😏

#Zener #carburant#prudence #Zenfamili  #ZenCard",,0,"06/27/2026 05:54",N/A,https://www.facebook.com/zenertg/posts/pfbid0D8NfCohsWFjuGMgPEh6y9NHd9URUUFuFQEhzfTvx2EgpjG6iNn4Hah3SrRb5PbwDl,0,0,Photos,,,,,Global,7985,4869,77,65,8,4,117,,68,7985,0,4869,0,0,0,0,0,0,0,0,0,0,0,0,0,0,0,0,0,0,0,0,0,,,,,,,,,,,,,,,,,,,,,,,,,,,,,,,,,,49,,,,,,,,,,,,,,,,,,,,,,,,,,,,,,,,,,,,,,,,,,,,,,,,,,,,,,,,,,,,,,,,,,,,,,,,,,,,,,,,,,,,,,,,,,,,,,,,,,,,,,,,,,,,,,,,,,,,,,,,,,,,,,,,,,,,,,,,,,,,,,,,,,,,,,,,,,,,,,,,,,,,,,,,,,,,,
1533087468830304,100063871970753,"Zener SA","Après l’Oasis Tam-Tam, cap sur l’Oasis Adjololo ! 🔥

L’équipe s’installe à l’Oasis Adjololo du 29 juin au 12 juillet 2026 pour t’offrir ta liberté sur la route.

Pourquoi adopter la ZenCard ?
•Zéro galère de monnaie : Tu paies au franc près. 🪙
•Recharge mobile facile : Via Tmoney, Flooz ou carte bancaire. 📲
•Le boss de la station : Accès exclusif au Self-Service dans nos oasis. ⛽
•Disponibilité totale : Priorité absolue sur la piste, 24H/24 et 7J/7. 

Comment faire ? Passe nous voir à la station muni de ta pièce d’identité et de 1000 F CFA

#Zener #ZenCard #OasisAdjololo #SelfService #Lomé",,0,"06/29/2026 08:14",N/A,https://www.facebook.com/zenertg/posts/pfbid0BJSVtDcUzAXTnispE4SxqBN3wTZ5RV8u36DHvgpuSxG1e7gR2cdonwYgTQS9pcTKl,0,0,Photos,,,,,Global,30857,16372,148,113,32,3,530,181,341,992,29865,12263,16019,0,0,0,0,0,0,0,0,0,0,0,0,0,0,0,0,0,0,0,0,,,,,,,,,,,,,,,,,,,,,,,,,,,,,,,,,,8,,,,,,,,,,,,,,,,,,,,,,,,,,,,,,,,,,,,,,,,,,,,,,,,,,,,,,,,,,,,,,,,,,,,,,,,,,,,,,,,,,,,,,,,,,,,,,,,,,,,,,,,,,,,,,,,,,,,,,,,,,,,,,,,,,,,,,,,,,,,,,,,,,,,,,,,,,,,,,,,,,,,,,,,,,,,,
1534981455307572,100063871970753,"Zener SA","Une seule application pour tout gérer, c’est ça la tranquillité ! 📲

Plus besoin de multiplier les portefeuilles. Avec l’application Zenfamili, tu prends le contrôle total de tes dépenses du quotidien directement depuis ton téléphone :
⛽ Carburant : Paie ton plein à la station en un clin d’œil.
🛢️ Lubrifiant : Prends soin de ton moteur sans friction.
🔋 Gaz : Gère la recharge de ta bouteille de gaz à la maison.
🍕 Resto : Fais-toi plaisir en payant directement chez Bonici !

Télécharge vite l’application Zenfamili sur Google Play via  http://bit.ly/3vpTNG8 ou l’App Store via https://bit.ly/478Kr2j et simplifie-toi la vie ! 🚀

#Zener #Zenfamili #ZenCard #SimplifieTaVie #Lomé Togo",,0,"07/01/2026 09:29",N/A,https://www.facebook.com/zenertg/posts/pfbid022SVjW1Hpouaqsx9ieTwrt6pyKBvJgRDc6KmgBUvyBCAdpYBPTKS7Q5GHmU39kgdBl,0,0,Photos,,,,,Global,1528,939,25,23,1,1,11,1,5,1528,0,939,0,0,0,0,0,0,0,0,0,0,0,0,0,0,0,0,0,0,0,0,0,,,,,,,,,,,,,,,,,,,,,,,,,,,,,,,,,,5,,,,,,,,,,,,,,,,,,,,,,,,,,,,,,,,,,,,,,,,,,,,,,,,,,,,,,,,,,,,,,,,,,,,,,,,,,,,,,,,,,,,,,,,,,,,,,,,,,,,,,,,,,,,,,,,,,,,,,,,,,,,,,,,,,,,,,,,,,,,,,,,,,,,,,,,,,,,,,,,,,,,,,,,,,,,,
1535610401911344,100063871970753,"Zener SA","Ceux qui sont dans la chaîne WhatsApp savent déjà ce qui se trame... 😏🔥

Lien de la chaîne whatsapp 👉🏽 https://whatsapp.com/channel/0029VabhdedDp2QESN9kDV38

#Zener #info",,0,"07/02/2026 03:34",N/A,https://www.facebook.com/zenertg/posts/pfbid02gNCux9AN2Umy7JwRUf9D3ZPKHGjgZiGNPvcRaib81kzmxphY8L4sEaRyVfKAyr5Dl,0,0,Photos,,,,,Global,3365,2130,30,25,3,2,115,16,84,3365,0,2130,0,0,0,0,0,0,0,0,0,0,0,0,0,0,0,0,0,0,0,0,0,,,,,,,,,,,,,,,,,,,,,,,,,,,,,,,,,,15,,,,,,,,,,,,,,,,,,,,,,,,,,,,,,,,,,,,,,,,,,,,,,,,,,,,,,,,,,,,,,,,,,,,,,,,,,,,,,,,,,,,,,,,,,,,,,,,,,,,,,,,,,,,,,,,,,,,,,,,,,,,,,,,,,,,,,,,,,,,,,,,,,,,,,,,,,,,,,,,,,,,,,,,,,,,,
1536561805149537,100063871970753,"Zener SA","Le flocage est en cours, mais une question reste ouverte 👀 , quel nom sera inscrit dessus ?

#Zener #Oasis #energie",,0,"07/03/2026 03:48",N/A,https://www.facebook.com/zenertg/posts/pfbid02HQAqtCfEhhySz1pcnK6eF2VpNK15e4D41tmr79xjh4R71EABsccoDS8crfaTBdTzl,0,0,Photos,,,,,Global,1658,934,36,25,10,1,49,,36,1658,0,934,0,0,0,0,0,0,0,0,0,0,0,0,0,0,0,0,0,0,0,0,0,,,,,,,,,,,,,,,,,,,,,,,,,,,,,,,,,,13,,,,,,,,,,,,,,,,,,,,,,,,,,,,,,,,,,,,,,,,,,,,,,,,,,,,,,,,,,,,,,,,,,,,,,,,,,,,,,,,,,,,,,,,,,,,,,,,,,,,,,,,,,,,,,,,,,,,,,,,,,,,,,,,,,,,,,,,,,,,,,,,,,,,,,,,,,,,,,,,,,,,,,,,,,,,,
1537502998388751,100063871970753,"Zener SA","✨ Vous l’aurez compris… la 11ᵉ Oasis est là ! ✨

L’équipe Zener s’agrandit et accueille Oasis Atakpamé comme nouveau joueur sur le terrain de l’énergie ⚡️.

Le match continue, et avec ce 11ᵉ point de service, nous sommes encore plus proches de vous 🚀.

Nous vous apportons l’énergie 

#Zener #Oasis11 #OasisAtakpamé #ÉnergiePropre #TeamZener",,0,"07/04/2026 03:50",N/A,https://www.facebook.com/zenertg/posts/pfbid0GWQVuMpE69FXa7kgkdUhM1Gcsz4VV7dViBDfFUFVm5Ayh8dTYSRZERbFgUGt4vBQl,0,0,Photos,,,,,Global,4833,3099,59,51,7,1,94,,67,4833,0,3099,0,0,0,0,0,0,0,0,0,0,0,0,0,0,0,0,0,0,0,0,0,,,,,,,,,,,,,,,,,,,,,,,,,,,,,,,,,,27,,,,,,,,,,,,,,,,,,,,,,,,,,,,,,,,,,,,,,,,,,,,,,,,,,,,,,,,,,,,,,,,,,,,,,,,,,,,,,,,,,,,,,,,,,,,,,,,,,,,,,,,,,,,,,,,,,,,,,,,,,,,,,,,,,,,,,,,,,,,,,,,,,,,,,,,,,,,,,,,,,,,,,,,,,,,,
1539280054877712,100063871970753,"Zener SA","📍ATAKPAMÉ nous sommes là 

L’Oasis Atakpamé vous accueille dès aujourd’hui ⚡️.

Vous êtes dans les environs ? Passez faire le plein d’énergie, rechargez vos bouteilles et profitez de nos services.

👉 Et pour ceux qui ont déjà leur ZenCard, c’est l’occasion de faire partie des toutes premières personnes à bénéficier du service dans cette nouvelle station 🎉.

#Zener #OasisAtakpamé #ZenCard #ZenFamili #ÉnergiePropre Carburant",,0,"07/06/2026 03:03",N/A,https://www.facebook.com/zenertg/posts/pfbid0JyueLuBBofi5AuJdJeg7WoB82s1DMEhng1KZbAL37wau5BhVtakkijwDYUwFE7yfl,0,0,Photos,,,,,Global,25731,15345,276,238,34,4,144,,52,25731,0,15345,0,0,0,0,0,0,0,0,0,0,0,0,0,0,0,0,0,0,0,0,0,,,,,,,,,,,,,,,,,,,,,,,,,,,,,,,,,,92,,,,,,,,,,,,,,,,,,,,,,,,,,,,,,,,,,,,,,,,,,,,,,,,,,,,,,,,,,,,,,,,,,,,,,,,,,,,,,,,,,,,,,,,,,,,,,,,,,,,,,,,,,,,,,,,,,,,,,,,,,,,,,,,,,,,,,,,,,,,,,,,,,,,,,,,,,,,,,,,,,,,,,,,,,,,,
1540391534766564,100063871970753,"Zener SA","Vous preniez la route pour vibrer au rythme des luttes ? pas de place pour les pannes.
Faites une halte obligatoire à l’Oasis Kara :
⛽ Carburant 
🔋 Gaz 
🍕 Resto Bonici 

#Zener #NousvousapportonslEnergie #Evala2026 #OasisKara #Kara Togo",,0,"07/07/2026 05:49",N/A,https://www.facebook.com/zenertg/posts/pfbid0drXAm1FB1jrLavLK7RcNLrjdDtA1FMoTwkXsN8oFr3opD5VDBTUBaMinoQ3ucCVCl,0,0,Photos,,,,,Global,1656,1023,23,22,0,1,26,,13,1656,0,1023,0,0,0,0,0,0,0,0,0,0,0,0,0,0,0,0,0,0,0,0,0,,,,,,,,,,,,,,,,,,,,,,,,,,,,,,,,,,13,,,,,,,,,,,,,,,,,,,,,,,,,,,,,,,,,,,,,,,,,,,,,,,,,,,,,,,,,,,,,,,,,,,,,,,,,,,,,,,,,,,,,,,,,,,,,,,,,,,,,,,,,,,,,,,,,,,,,,,,,,,,,,,,,,,,,,,,,,,,,,,,,,,,,,,,,,,,,,,,,,,,,,,,,,,,,
1541586384647079,100063871970753,"Zener SA","Nouvelle moto ? Nouvelle voiture ? Ou tu as juste décidé de mieux gérer tes poches cette année ? Dans tous les cas, il te faut la carte carburant de référence à Lomé , la ZenCard. 💳😏

C'est le secret pour dompter les pistes Self-Service, éviter les files d'attente et piloter ton budget carburant comme un pro.

Rendez-vous à l’OASIS ADJOLOLO, muni d’une pièce d’identité et de 1000 F jusqu’au 12 Juillet 2026.

#Zener #Zenfamili #ZenCard  #Lomé #Togo","Nouvelle moto ? Nouvelle voiture ? Ou tu as juste décidé de mieux gérer tes poches cette année ? Dans tous les cas, il te faut la carte carburant de référence à Lomé , la ZenCard. 💳😏

C'est le secret pour dompter les pistes Self-Service, éviter les files d'attente et piloter ton budget carburant comme un pro.

Rendez-vous à l’OASIS ADJOLOLO, muni d’une pièce d’identité et de 1000 F jusqu’au 12 Juillet 2026.

#Zener #Zenfamili #ZenCard  #Lomé #Togo",83,"07/08/2026 10:53",auto,https://www.facebook.com/reel/1422433433268358/,0,0,Vidéos,,,,,Global,2035,2167,72,67,5,0,50,,50,2033,0,2167,0,1150,222,1117,222,0,1150,0,0,0,0,21997.344,0,12826.624,0,16.857,0,22.464,0,0,0,1,1,1,0.99,0.99,0.99,1,1,0.98,0.93,0.87,0.79,0.76,0.74,0.72,0.71,0.69,0.68,0.67,0.65,0.64,0.62,0.6,0.57,0.54,0.52,0.48,0.44,0.43,0.42,0.42,0.42,0.41,,,34823.968,18.562,0,0,0,0.99,0.99,0.85,0.71,0.59,0.52,0.5,0.47,0.45,0.43,0.4,0.37,0.35,0.35,0.33,0.33,0.32,0.32,0.31,0.3,0.3,0.29,0.28,0.26,0.25,0.24,0.22,0.21,0.2,0.2,0.19,0.19,0.19,0.19,0.18,0.18,0.18,0.17,0.17,0.13,0.09,0.4,0.4,0.39,0.39,0.38,0.36,0.27,0.2,511,270,53,120,67,35,31,18,20,3,4,2,916,35,19,,41,8,32,7,,5,,6,1,4,5,1,2,5,6,7,1,1,1,3,,1,1,,1,1,1,8,,1,4,,,3,4,1,1,,,,,,,,1,,,2,2,,,1,,1,,,1,,,,,,,,,,,,1,,,,,1,,,,,,,1,,,,,1,,,,,2,1,,,,,,,,,,
1542370044568713,100063871970753,"Zener SA","Tu as ta ZenCard en main et tu es à Atakpamé ? C’est le moment idéal pour passer sur la piste !

Le mode Self-Service est activé, tu insères ta carte, tu te sers au plus près de toi en un clin d’œil, et tu repars direct. Pas de protocole, pas de temps perdu ! ⏱️⚡

Bonne route à tous ! 

#Zener #OasisAtakpamé #ZenCard #SelfService #Atakpamé",,0,"07/09/2026 09:14",N/A,https://www.facebook.com/zenertg/posts/pfbid091e6xYDSFKN42BxRWEYcgsS8awCNgaULTFxxGWMTsGKyxfdBFexqyjVceGdvamZZl,0,0,Photos,,,,,Global,6140,4064,61,53,4,4,21,,9,6140,0,4064,0,0,0,0,0,0,0,0,0,0,0,0,0,0,0,0,0,0,0,0,0,,,,,,,,,,,,,,,,,,,,,,,,,,,,,,,,,,12,,,,,,,,,,,,,,,,,,,,,,,,,,,,,,,,,,,,,,,,,,,,,,,,,,,,,,,,,,,,,,,,,,,,,,,,,,,,,,,,,,,,,,,,,,,,,,,,,,,,,,,,,,,,,,,,,,,,,,,,,,,,,,,,,,,,,,,,,,,,,,,,,,,,,,,,,,,,,,,,,,,,,,,,,,,,,
1543212081151176,100063871970753,"Zener SA","Cette semaine, notre équipe ZENCARD est à l’oasis Adjololo 
Jusqu’au 12 juillet, Kpoaaa tu vas rater cette occasion aussi ? 😏

#Zener #carburant#prudence #Zenfamili  #ZenCard",,0,"07/10/2026 08:49",N/A,https://www.facebook.com/zenertg/posts/pfbid0VNCf5Nu9vewMWSwEtWbop3T3ozZbMbraJbx4Pm5FhtaubjfvmVVaiGVDudx21dTel,0,0,Photos,,,,,Global,2286,1487,52,22,9,21,29,,19,2286,0,1487,0,0,0,0,0,0,0,0,0,0,0,0,0,0,0,0,0,0,0,0,0,,,,,,,,,,,,,,,,,,,,,,,,,,,,,,,,,,10,,,,,,,,,,,,,,,,,,,,,,,,,,,,,,,,,,,,,,,,,,,,,,,,,,,,,,,,,,,,,,,,,,,,,,,,,,,,,,,,,,,,,,,,,,,,,,,,,,,,,,,,,,,,,,,,,,,,,,,,,,,,,,,,,,,,,,,,,,,,,,,,,,,,,,,,,,,,,,,,,,,,,,,,,,,,,
1546316124174105,100063871970753,"Zener SA","Evala sans passer à l’Oasis Kara ? C’est comme aller au combat sans force ! 😌

Carburant, lubrifiants, gaz… tout est là pour te booster.
Passez nous voir à l’oasis Kara.😌☝🏼

#Zener #NousvousapportonslEnergie #Evala2026 #OasisKara #Kara","Evala sans passer à l’Oasis Kara ? C’est comme aller au combat sans force ! 😌

Carburant, lubrifiants, gaz… tout est là pour te booster.
Passez nous voir à l’oasis Kara.😌☝🏼

#Zener #NousvousapportonslEnergie #Evala2026 #OasisKara #Kara",19,"07/14/2026 04:07",auto,https://www.facebook.com/reel/1730888755033254/,0,0,Vidéos,,,,,Global,24587,14498,262,254,6,2,909,94,471,1074,23506,4082,13692,6649,0,5962,0,6209,440,0,0,0,0,2731.924,0,2991.965,87480.979,4.768,0,8.087,4.198,0,0,1,1,1,1,1,1,1,1,1,1,1,1,1,1,1,1,1,0.93,0.82,0.61,0.45,,,,,,,,,,,,,,344,93204.868,4.278,0,0,0,1,1,1,1,0.84,0.69,0.59,0.53,0.49,0.45,0.41,0.36,0.34,0.31,0.29,0.28,0.27,0.25,0.22,0.16,0.12,,,,,,,,,,,,,,,,,,,,,,,,,,,,,2824,1064,416,1184,309,181,273,142,82,53,52,18,6544,13,19,1,15,3,15,1,,6,,1,1,1,5,,1,3,3,5,1,1,,,,,,,,,,6,,,,2,,,,,,,,,,,,,,,,,,,,,,,,,,,,,,,,,,,,,,,,,,,,,,1,,,1,,,,,,,,,,,,,,,,,,,,,
1547299010742483,100063871970753,"Zener SA","Le contrôle total au bout des doigts. 👌🏾✨

La vraie liberté sur la route, c’est de pouvoir faire son plein à n’importe quelle heure, sans dépendre de personne. Tu arrives, tu insères ta carte, et tu repars direct.

Simplifie tes trajets et éliminer les galères du quotidien.  ! 🤜

#Zener #Autonomie #Efficace #Togo #Oasis Cartecarburant",,0,"07/15/2026 05:49",N/A,https://www.facebook.com/zenertg/posts/pfbid0HzMWArnriPGh1XBFLiRgMdCgnSSUv924CDZ3PG7YNoNFn8TDJxEf6zF6RY2Jr9eFl,0,0,Photos,,,,,Global,1431,863,40,15,4,21,25,,18,1431,0,863,0,0,0,0,0,0,0,0,0,0,0,0,0,0,0,0,0,0,0,0,0,,,,,,,,,,,,,,,,,,,,,,,,,,,,,,,,,,7,,,,,,,,,,,,,,,,,,,,,,,,,,,,,,,,,,,,,,,,,,,,,,,,,,,,,,,,,,,,,,,,,,,,,,,,,,,,,,,,,,,,,,,,,,,,,,,,,,,,,,,,,,,,,,,,,,,,,,,,,,,,,,,,,,,,,,,,,,,,,,,,,,,,,,,,,,,,,,,,,,,,,,,,,,,,,
1548233430649041,100063871970753,"Zener SA","Nous avons promené nos micros dans les rues de Kara, à la recherche de quelques réponses sur ce que représente Evala… Et voici ce que la ville nous a confié ! 🎤

👉 Tague un/e ami/e qui a toujours voulu comprendre Evala… et surtout, n’oubliez pas de passer à l’Oasis Kara pour faire le plein d’énergie, carburant, lubrifiants et gaz de maison, tout est là pour vous accompagner dans la fête.

#Zener#Zenfamili  #carburant #ZenCard #OasisKara #Evala","Nous avons promené nos micros dans les rues de Kara, à la recherche de quelques réponses sur ce que représente Evala… Et voici ce que la ville nous a confié ! 🎤

👉 Tague un/e ami/e qui a toujours voulu comprendre Evala… et surtout, n’oubliez pas de passer à l’Oasis Kara pour faire le plein d’énergie, carburant, lubrifiants et gaz de maison, tout est là pour vous accompagner dans la fête.

#Zener#Zenfamili  #carburant #ZenCard #OasisKara #Evala",121,"07/16/2026 06:43",auto,https://www.facebook.com/reel/1675045567093615/,0,0,Vidéos,,,,,Global,617,645,23,21,0,2,6,,6,617,0,645,0,332,20,322,20,0,332,0,0,0,0,3260.512,21.224,2795.462,0,8.933,5.306,12.942,0,0,0,1,1,1,1,1,0.99,0.74,0.55,0.52,0.48,0.42,0.4,0.38,0.36,0.31,0.3,0.27,0.25,0.25,0.24,0.24,0.24,0.23,0.23,0.23,0.23,0.23,0.23,0.21,0.21,0.2,0.21,0.2,,,6077.198,10.388,0,0,0,1,0.99,0.61,0.48,0.35,0.25,0.19,0.14,0.13,0.12,0.11,0.1,0.1,0.09,0.08,0.08,0.07,0.06,0.06,0.06,0.06,0.06,0.06,0.06,0.06,0.06,0.06,0.06,0.05,0.05,0.05,0.05,0.05,0.05,0.05,0.05,0.05,0.05,0.05,0.05,0.04,0.2,0.2,0.2,0.2,0.2,0.2,0.2,0.14,126,56,31,43,18,21,9,12,4,4,4,,237,14,3,1,5,4,47,2,,1,1,,,1,1,1,,2,2,2,,1,,,,,,,,,,,,,3,,,,2,,,,,,1,,1,,,,,,,,,,,,,,,,,,,,,,,,,,,,,,,,,,,,,,,,,,,,,,,,,,,,,,,,,,,
1549183230554061,100063871970753,"Zener SA","À l’occasion de la Journée des emojis, on a décidé de remettre du style dans vos claviers 😏

👉 Et si ces emojis étaient réellement disponibles sur vos claviers… les utiliseriez‑vous ?🌝

#zener #emojieday",,0,"07/17/2026 06:26",N/A,https://www.facebook.com/zenertg/posts/pfbid0Ba4GBxu9uJ14T9mbvbsbWmpAtm1bNSVGJdpgAZM5uX9WvcrnuKh3MJBEpKDhGrDnl,0,0,Photos,,,,,Global,1385,772,15,13,0,2,65,,29,1385,0,772,0,0,0,0,0,0,0,0,0,0,0,0,0,0,0,0,0,0,0,0,0,,,,,,,,,,,,,,,,,,,,,,,,,,,,,,,,,,36,,,,,,,,,,,,,,,,,,,,,,,,,,,,,,,,,,,,,,,,,,,,,,,,,,,,,,,,,,,,,,,,,,,,,,,,,,,,,,,,,,,,,,,,,,,,,,,,,,,,,,,,,,,,,,,,,,,,,,,,,,,,,,,,,,,,,,,,,,,,,,,,,,,,,,,,,,,,,,,,,,,,,,,,,,,,,
1550084653797252,100063871970753,"Zener SA","🏆 Qui va soulever la Coupe du Monde 2026 ?
Espagne 🇪🇸 ou Argentine 🇦🇷 ? 🌝

👉 Donne ton score exact en commentaire 
Un petit cadeau peu sortir dans dos hein, donc soyez bien precis. 😏

#Zener #Prononstic #coupedumonde",,0,"07/18/2026 07:27",N/A,https://www.facebook.com/zenertg/posts/pfbid0wcbEooYZEdBQZrzcoPVgKwzAUBnzgL7B6GjVCdRMJoDxtdRqkegbto5Bxk3DdEbHl,0,0,Photos,,,,,Global,23258,11815,662,270,366,26,846,,741,23258,0,11815,0,0,0,0,0,0,0,0,0,0,0,0,0,0,0,0,0,0,0,0,0,,,,,,,,,,,,,,,,,,,,,,,,,,,,,,,,,,105,,,,,,,,,,,,,,,,,,,,,,,,,,,,,,,,,,,,,,,,,,,,,,,,,,,,,,,,,,,,,,,,,,,,,,,,,,,,,,,,,,,,,,,,,,,,,,,,,,,,,,,,,,,,,,,,,,,,,,,,,,,,,,,,,,,,,,,,,,,,,,,,,,,,,,,,,,,,,,,,,,,,,,,,,,,,,
1551739123631805,100063871970753,"Zener SA","Tu as ta ZENCARD mais tu ne sais toujours pas comment t’en servir, on te montre. 👌🏾😌

Regarde cette vidéo jusqu’à la fin ! 

#Zener#Zenfamili  #carburant #ZenCard","Tu as ta ZENCARD mais tu ne sais toujours pas comment t’en servir, on te montre. 👌🏾😌

Regarde cette vidéo jusqu’à la fin ! 

#Zener#Zenfamili  #carburant #ZenCard",60,"07/20/2026 08:16",auto,https://www.facebook.com/reel/1672521570526536/,0,0,Vidéos,,,,,Global,5347,5257,123,112,6,5,106,,106,5344,0,5257,0,2887,0,2851,0,0,2887,0,0,0,0,61969.454,858.3,18548.3,0,15.769,18.262,22.029,0,0,0,1,1,1,1,1,1,1,1,1,1,1,0.98,0.96,0.93,0.9,0.87,0.84,0.82,0.8,0.79,0.78,0.77,0.76,0.75,0.73,0.72,0.72,0.7,0.69,0.68,0.67,0.65,0.65,,,81376.054,16.886,0,0,0,1,1,1,0.8,0.64,0.58,0.55,0.51,0.5,0.49,0.47,0.46,0.46,0.44,0.42,0.41,0.4,0.39,0.38,0.38,0.37,0.36,0.36,0.36,0.35,0.34,0.34,0.33,0.33,0.32,0.32,0.31,0.31,0.3,0.3,0.3,0.29,0.28,0.27,0.25,0.13,0.64,0.64,0.62,0.61,0.6,0.57,0.52,0.28,1145,620,168,318,218,107,97,67,66,31,22,10,1441,46,207,6,228,24,329,30,,26,8,12,3,21,125,,67,29,6,20,26,28,2,3,4,3,,,15,,,26,8,,25,9,,9,7,2,25,,4,,7,,2,,3,12,,,3,,,3,,2,3,,,,,,,,,,,,,,,,,,,2,,,,,,,,,5,,,,,,,,,,,,,,,,,,,2
1552747820197602,100063871970753,"Zener SA","Vous avez la Zencard, FÉLICITATIONS… mais attention, elle n’est pas magique !  il faut l’alimenter ! 

👉 Recharge possible via Mix by Yas, Flooz, Coris Money et même carte Visa directement dans l’application ZenFamili.

#Zener #Recharge #Zencard #Oasis #Zenfamili",,0,"07/21/2026 10:41",N/A,https://www.facebook.com/zenertg/posts/pfbid0viVqD8Y4QQmefvTB7GdaLvVnKFCaKmx3pewtUouY5PvyV6ZutNg7Nnyv5VL5fCx3l,0,0,Photos,,,,,Global,534,310,15,13,2,0,7,,5,534,0,310,0,0,0,0,0,0,0,0,0,0,0,0,0,0,0,0,0,0,0,0,0,,,,,,,,,,,,,,,,,,,,,,,,,,,,,,,,,,2,,,,,,,,,,,,,,,,,,,,,,,,,,,,,,,,,,,,,,,,,,,,,,,,,,,,,,,,,,,,,,,,,,,,,,,,,,,,,,,,,,,,,,,,,,,,,,,,,,,,,,,,,,,,,,,,,,,,,,,,,,,,,,,,,,,,,,,,,,,,,,,,,,,,,,,,,,,,,,,,,,,,,,,,,,,,,
1554323036706747,100063871970753,"Zener SA","Dis-nous où tu es, on te dira à quelle oasis aller 📍
Où que tu sois, ton oasis n’est jamais loin.🌝

#Zener#Zenfamili  #carburant #ZenCard #Oasis",,0,"07/23/2026 07:38",N/A,https://www.facebook.com/zenertg/posts/pfbid0qrdGkoveShjjrmuQLEEQCNLE7HnBebzqMNvu5dfCfxR4wK9PKTCbjGojDKrKBQinl,0,0,Photos,,,,,Global,1736,1202,45,36,6,3,133,4,58,854,882,826,782,0,0,0,0,0,0,0,0,0,0,0,0,0,0,0,0,0,0,0,0,,,,,,,,,,,,,,,,,,,,,,,,,,,,,,,,,,71,,,,,,,,,,,,,,,,,,,,,,,,,,,,,,,,,,,,,,,,,,,,,,,,,,,,,,,,,,,,,,,,,,,,,,,,,,,,,,,,,,,,,,,,,,,,,,,,,,,,,,,,,,,,,,,,,,,,,,,,,,,,,,,,,,,,,,,,,,,,,,,,,,,,,,,,,,,,,,,,,,,,,,,,,,,,,
1557661679706216,100063871970753,"Zener SA","Quel chemin empreintes-tu pour récupérer ton Xtraline ? 🤪 
A , B , C , D ou E ? 

#Zener#Zenfamili #carburant #ZenCard #Xtraline",,0,"07/27/2026 04:52",N/A,https://www.facebook.com/zenertg/posts/pfbid0sHqwtUg1hT5NAFfv4RRWtT48CVJ9PLbzkwH3qQFHGDMazQ7AjHWZ84BE3fftftNpl,0,0,Photos,,,,,Global,10453,6365,120,52,55,13,85,,57,10453,0,6365,0,0,0,0,0,0,0,0,0,0,0,0,0,0,0,0,0,0,0,0,0,,,,,,,,,,,,,,,,,,,,,,,,,,,,,,,,,,28,,,,,,,,,,,,,,,,,,,,,,,,,,,,,,,,,,,,,,,,,,,,,,,,,,,,,,,,,,,,,,,,,,,,,,,,,,,,,,,,,,,,,,,,,,,,,,,,,,,,,,,,,,,,,,,,,,,,,,,,,,,,,,,,,,,,,,,,,,,,,,,,,,,,,,,,,,,,,,,,,,,,,,,,,,,,,
1558605029611881,100063871970753,"Zener SA","Un arrêt à l’Oasis RAMATOU peut tout changer ! ⛽
Jusqu’au 31 juillet :

✅ Profite de nos promotions sur les lubrifiants.
✅ Obtiens ta ZenCard à seulement 1 000 FCFA.
Notre équipe est prête à t’accueillir. À très vite ! 💚

#zener #zenfamili #zencard #carburant #promo","Un arrêt à l’Oasis RAMATOU peut tout changer ! ⛽
Jusqu’au 31 juillet :

✅ Profite de nos promotions sur les lubrifiants.
✅ Obtiens ta ZenCard à seulement 1 000 FCFA.
Notre équipe est prête à t’accueillir. À très vite ! 💚

#zener #zenfamili #zencard #carburant #promo",9,"07/28/2026 04:52",N/A,https://www.facebook.com/reel/2477047816434147/,0,0,Vidéos,,,,,Global,1054,782,22,22,0,0,9,,9,1053,0,782,0,536,0,520,0,0,536,0,0,0,0,3767.581,0,4010.305,0,12.903,0,8.152,0,0,0,1,1,1,1,1,1,1,1,1,1,1,1,0.86,,,,,,,,,,,,,,,,,,,,,,,7777.886,9.92,0,0,0,1,1,1,1,1,0.93,0.87,0.81,0.79,0.74,0.69,0.56,0.35,,,,,,,,,,,,,,,,,,,,,,,,,,,,,,,,,,,,,232,120,40,48,29,16,20,12,4,8,3,1,435,21,7,1,17,6,9,,,3,10,1,1,2,3,,1,2,1,3,,1,,1,,,,,4,,1,1,,1,,,,1,,1,,,,,,,,,,,,,,,,,,,,,,,,,,,,,,,,,,,,,,,,,,,,,,,,,,,,,,,,,,,1,1,,,,,,
1559449116194139,100063871970753,"Zener SA","🚨Alors retenez cette règle :

🔒 Ce qui est secret… reste secret.
•Votre code PIN.
• Votre code SMS.
• Vos identifiants Zenfamili.
Ne les communiquez à personne.

#zener #zenfamili #zencard #conseil #securite",,0,"07/29/2026 02:28",N/A,https://www.facebook.com/zenertg/posts/pfbid0KMkUuS87UsEHjfDrtMZk3b5Eddf5pAY2o81p51MvBd3WZyGtxCYBh27AAm4mfytkl,0,0,Photos,,,,,Global,565,348,10,5,2,3,11,,6,565,0,348,0,0,0,0,0,0,0,0,0,0,0,0,0,0,0,0,0,0,0,0,0,,,,,,,,,,,,,,,,,,,,,,,,,,,,,,,,,,5,,,,,,,,,,,,,,,,,,,,,,,,,,,,,,,,,,,,,,,,,,,,,,,,,,,,,,,,,,,,,,,,,,,,,,,,,,,,,,,,,,,,,,,,,,,,,,,,,,,,,,,,,,,,,,,,,,,,,,,,,,,,,,,,,,,,,,,,,,,,,,,,,,,,,,,,,,,,,,,,,,,,,,,,,,,,,
1561487475990303,100063871970753,"Zener SA","📱 Plus besoin de courir partout pour recharger votre ZenCard.
Quelques clics sur l’application Zenfamili...
Votre recharge est effectuée. Votre mobilité est assurée. ⛽
Simple - Rapide - Sécurisé.

Téléchargez l’application et gardez toujours une longueur d’avance.

Télécharge vite l’application Zenfamili sur Google Play via http://bit.ly/3vpTNG8 ou l’App Store via https://bit.ly/478Kr2j et simplifie-toi la vie ! 

#zenfamili #zencard #zener #mobilite #digital",,0,"07/31/2026 06:19",N/A,https://www.facebook.com/zenertg/posts/pfbid028cVDmax9qke3kxKGa9u1mQUDKuhBSJ7DRPUPVEJfWTyZkiiCoHhf7wnkGTnRkrjdl,0,0,Photos,,,,,Global,614,407,8,5,0,3,5,,2,614,0,407,0,0,0,0,0,0,0,0,0,0,0,0,0,0,0,0,0,0,0,0,0,,,,,,,,,,,,,,,,,,,,,,,,,,,,,,,,,,3,,,,,,,,,,,,,,,,,,,,,,,,,,,,,,,,,,,,,,,,,,,,,,,,,,,,,,,,,,,,,,,,,,,,,,,,,,,,,,,,,,,,,,,,,,,,,,,,,,,,,,,,,,,,,,,,,,,,,,,,,,,,,,,,,,,,,,,,,,,,,,,,,,,,,,,,,,,,,,,,,,,,,,,,,,,,,
1562532389219145,100063871970753,"Zener SA","🎤 On dit toujours qu'il faut bien écouter les consignes. 🤣
Regardez jusqu'à la fin et dites-nous si ce que la responsable a demandé a été respecté.

#zener #zenfamili #zencard #carburant #humour","🎤 On dit toujours qu'il faut bien écouter les consignes. 🤣
Regardez jusqu'à la fin et dites-nous si ce que la responsable a demandé a été respecté.

#zener #zenfamili #zencard #carburant #humour",43,"08/01/2026 05:56",auto,https://www.facebook.com/reel/2052446495354025/,0,0,Vidéos,,,,,Global,1293,1539,46,43,2,1,72,,72,1292,0,1539,0,564,0,546,0,0,564,0,0,0,0,5840.357,0,7248.592,0,7.546,0,17.552,0,0,0,1,1,1,1,1,1,1,1,1,1,1,1,1,1,1,0.98,0.97,0.94,0.93,0.91,0.85,0.81,0.76,0.72,0.69,0.67,0.66,0.66,0.65,0.64,0.64,0.63,0.63,,,13088.949,11.026,0,0,0,1,1,1,0.98,0.91,0.83,0.78,0.71,0.66,0.65,0.61,0.57,0.54,0.5,0.48,0.46,0.46,0.45,0.44,0.43,0.4,0.38,0.36,0.34,0.33,0.32,0.31,0.31,0.31,0.3,0.3,0.3,0.3,0.29,0.29,0.27,0.27,0.26,0.26,0.2,0.17,0.62,0.6,0.58,0.57,0.56,0.54,0.42,0.35,198,122,52,52,22,30,18,27,6,6,18,8,389,40,15,,8,5,35,1,,5,,2,2,3,11,1,14,,1,1,,6,,1,1,,,,2,,,,1,,3,2,,,1,,7,,,,1,,,,,1,,,2,,,1,,,1,,,,,,,,,,,,,,,,,,,,,,,,,,,,,,,,,,1,,,,,,,,,,,,,
1389837336488652,100063871970753,"Zener SA","Si tu es abonné à cette page et tu n'as jamais gagné de cadeau, lève la main, on sait jamais ohh!!! 😁",,0,"01/17/2026 08:02",N/A,https://www.facebook.com/zenertg/posts/pfbid02sNKZgL5WVXuybj4MWn2Lsr68oDFbPrsNugqxros4RKa5DxZZM9wobzmmQQduSzJjl,0,0,Texte,,,,,Global,18493,11455,509,252,255,2,640,,640,18493,0,11455,0,0,0,0,0,0,0,0,0,0,0,0,0,0,0,0,0,0,0,0,0,,,,,,,,,,,,,,,,,,,,,,,,,,,,,,,,,,,,,,,,,,,,,,,,,,,,,,,,,,,,,,,,,,,,,,,,,,,,,,,,,,,,,,,,,,,,,,,,,,,,,,,,,,,,,,,,,,,,,,,,,,,,,,,,,,,,,,,,,,,,,,,,,,,,,,,,,,,,,,,,,,,,,,,,,,,,,,,,,,,,,,,,,,,,,,,,,
1389837723155280,100063871970753,"Zener SA","Si tu es client de Zener et que tu n'es pas abonné à notre chaîne WhatsApp ""la ZENFAMILI"", tu vas rater les bonnes choses qui vont arriver.😌

C’est pas mieux, tu nous rejoins en même temps? 
C’est par ici 👉🏽http://bit.ly/laZenfamili",,0,"01/17/2026 08:02",N/A,https://www.facebook.com/zenertg/posts/pfbid02XGipSVS1qj916bxndp8VUU8KXmBjVosHbdmc8szE4nYadbY7FzSfNn1JNFHQutaYl,0,1,Liens,,,,,Global,245,158,5,4,1,0,1,1,,245,0,158,0,0,0,0,0,0,0,0,0,0,0,0,0,0,0,0,0,0,0,0,0,,,,,,,,,,,,,,,,,,,,,,,,,,,,,,,,,,,,,,,,,,,,,,,,,,,,,,,,,,,,,,,,,,,,,,,,,,,,,,,,,,,,,,,,,,,,,,,,,,,,,,,,,,,,,,,,,,,,,,,,,,,,,,,,,,,,,,,,,,,,,,,,,,,,,,,,,,,,,,,,,,,,,,,,,,,,,,,,,,,,,,,,,,,,,,,,,
1389838439821875,100063871970753,"Zener SA","Bon, maintenant qu’on a arrangé un peu les choses, c’est maintenant que les vraies portes de 2026 vous sont ouvertttttttes   😌",,0,"01/17/2026 08:03",N/A,https://www.facebook.com/zenertg/posts/pfbid0aQ1bvuYxXf8qiftcKnerJcnPFRCdGaMKfFhy3ngcocFPYotBjoJWsEa62ThGZJocl,0,0,Texte,,,,,Global,719,419,30,25,4,1,20,,20,719,0,419,0,0,0,0,0,0,0,0,0,0,0,0,0,0,0,0,0,0,0,0,0,,,,,,,,,,,,,,,,,,,,,,,,,,,,,,,,,,,,,,,,,,,,,,,,,,,,,,,,,,,,,,,,,,,,,,,,,,,,,,,,,,,,,,,,,,,,,,,,,,,,,,,,,,,,,,,,,,,,,,,,,,,,,,,,,,,,,,,,,,,,,,,,,,,,,,,,,,,,,,,,,,,,,,,,,,,,,,,,,,,,,,,,,,,,,,,,,
1391559336316452,100063871970753,"Zener SA","🚨 Tous les mardis, c’est rendez‑vous ZENER sur TikTok !

➡️ Connecte‑toi à 15h sur 👉🏽  https://www.tiktok.com/@zenertg?_r=1&_t=ZS-93D3SEDtyYC et viens vivre l’énergie en direct 

• Quiz interactifs
• Conseils pratiques & sécurité gaz
• Questions‑réponses en mode convivial

#Zener #Zenfamili",,0,"01/19/2026 11:30",N/A,https://www.facebook.com/zenertg/posts/pfbid0t3CbRhfSRNEZUjApZk3nXqaPbsAqz7y7H1vfoVhcYKcaTgoTk2YzDkAadyLHLHQal,0,0,Photos,,,,,Global,916,568,18,15,1,2,9,,7,916,0,568,0,0,0,0,0,0,0,0,0,0,0,0,0,0,0,0,0,0,0,0,0,,,,,,,,,,,,,,,,,,,,,,,,,,,,,,,,,,2,,,,,,,,,,,,,,,,,,,,,,,,,,,,,,,,,,,,,,,,,,,,,,,,,,,,,,,,,,,,,,,,,,,,,,,,,,,,,,,,,,,,,,,,,,,,,,,,,,,,,,,,,,,,,,,,,,,,,,,,,,,,,,,,,,,,,,,,,,,,,,,,,,,,,,,,,,,,,,,
1393102132828839,100063871970753,"Zener SA","🚨URGENT❌🚨  Voir plus …",,0,"01/21/2026 07:19",N/A,https://www.facebook.com/zenertg/posts/pfbid02FMMGpw9YUZ5YwvwiqUhz2R31T8aq3nGV9pfbHHvirxbrjR8zZzg9dzc3UD9iKiXfl,0,0,Photos,,,,,Global,7623,3555,81,74,6,1,848,,795,7623,0,3555,0,0,0,0,0,0,0,0,0,0,0,0,0,0,0,0,0,0,0,0,0,,,,,,,,,,,,,,,,,,,,,,,,,,,,,,,,,,53,,,,,,,,,,,,,,,,,,,,,,,,,,,,,,,,,,,,,,,,,,,,,,,,,,,,,,,,,,,,,,,,,,,,,,,,,,,,,,,,,,,,,,,,,,,,,,,,,,,,,,,,,,,,,,,,,,,,,,,,,,,,,,,,,,,,,,,,,,,,,,,,,,,,,,,,,,,,,,,
1393249619480757,100063871970753,"Zener SA","Pssssss… oui toi 👀
Pourquoi galérer alors que tu peux te faciliter la vie ? 🙃

👉 Avec la ZENCARD, tu as :

• L’énergie toujours dispo sans stress
•  Des recharges simples et rapides
•  Un accès direct aux promos et avantages ZENER
•La sécurité et la tranquillité au quotidien
Active ta carte carburant aujourd’hui ! 

#Zener #énergie #zencard #carburant","Pssssss… oui toi 👀
Pourquoi galérer alors que tu peux te faciliter la vie ? 🙃

👉 Avec la ZENCARD, tu as :

• L’énergie toujours dispo sans stress
•  Des recharges simples et rapides
•  Un accès direct aux promos et avantages ZENER
•La sécurité et la tranquillité au quotidien
Active ta carte carburant aujourd’hui ! 

#Zener #énergie #zencard #carburant",23,"01/21/2026 10:47",N/A,https://www.facebook.com/reel/886841177172577/,1,0,Vidéos,,,,,Global,788,734,20,19,0,1,2,,2,788,0,734,0,413,0,396,0,0,413,0,0,0,0,2739.739,0,3320.628,0,7.965,0,10.249,0,0,0,1,1,1,1,1,1,1,1,1,1,1,1,1,1,1,1,1,0.96,0.94,0.89,0.86,0.81,0.6,0.47,0.41,,,,,,,,,,,6060.367,9.072,0,0,0,1,1,1,1,0.92,0.78,0.71,0.64,0.6,0.56,0.52,0.49,0.47,0.45,0.44,0.43,0.42,0.39,0.39,0.37,0.35,0.33,0.24,0.19,0.16,,,,,,,,,,,,,,,,,,,,,,,,,164,93,26,31,47,10,14,10,9,2,1,2,281,9,29,2,15,1,26,2,,2,,2,,4,10,,5,8,3,4,1,2,,,,1,,,,,,1,,,2,,,,1,,,1,,,,,,,,,,,1,,,,,,,,,,,,,,,,,,,,,,,,,,,,,,,,,,,,,,,
1394145459391173,100063871970753,"Zener SA","Tuto Self‑Service ZENCARD

1️⃣ Prépare ta carte
• Tu sors ta ZENCARD 💳 (pas pour décorer le portefeuille hein 😅).
• Vérifie qu’elle est bien activée et rechargée.

2️⃣ À la pompe, c’est toi le boss
• Tu présentes ta ZENCARD au guichet.
• Tu choisis ton montant ou ton volume.
• Pas besoin d’attendre quelqu’un → self‑service total.

3️⃣ Tu prends ton carburant tranquille
• Tu remplis ton réservoir.
• Tu peux même prendre la dernière goutte sans que personne vienne te déranger 😏.

C’est pas chic ça ? 
#Zener #énergie #zencard #chaine #entretien",,0,"01/22/2026 11:21",N/A,https://www.facebook.com/zenertg/posts/pfbid02MExcEsxaR5x7rLPqcpLr1HnqTtL3X8fsoQ8WGyRLt9Nhrn4kCHYsRMGMFRREeR6gl,0,0,Photos,,,,,Global,1920,1194,51,27,3,21,28,,22,1920,0,1194,0,0,0,0,0,0,0,0,0,0,0,0,0,0,0,0,0,0,0,0,0,,,,,,,,,,,,,,,,,,,,,,,,,,,,,,,,,,6,,,,,,,,,,,,,,,,,,,,,,,,,,,,,,,,,,,,,,,,,,,,,,,,,,,,,,,,,,,,,,,,,,,,,,,,,,,,,,,,,,,,,,,,,,,,,,,,,,,,,,,,,,,,,,,,,,,,,,,,,,,,,,,,,,,,,,,,,,,,,,,,,,,,,,,,,,,,,,,
1394862409319478,100063871970753,"Zener SA","Tu aimes pousser ta moto sous le soleil ?

🥵On suppose que Non ?
Alors ne néglige pas ta chaîne, graisse la de temps en temps!

C’est le week-end profite pour faire ton entretien en même temps 

#Zener #énergie #zencard #chaine
#entretien",,0,"01/23/2026 09:55",N/A,https://www.facebook.com/zenertg/posts/pfbid02swJVHY1SrhsnLMNEmNWds8VsUq5sT6P2L8TRBVeoJDkFXnKGcTMU9NeJ1fYdz49ul,0,0,Photos,,,,,Global,724,433,19,13,3,3,10,,6,724,0,433,0,0,0,0,0,0,0,0,0,0,0,0,0,0,0,0,0,0,0,0,0,,,,,,,,,,,,,,,,,,,,,,,,,,,,,,,,,,4,,,,,,,,,,,,,,,,,,,,,,,,,,,,,,,,,,,,,,,,,,,,,,,,,,,,,,,,,,,,,,,,,,,,,,,,,,,,,,,,,,,,,,,,,,,,,,,,,,,,,,,,,,,,,,,,,,,,,,,,,,,,,,,,,,,,,,,,,,,,,,,,,,,,,,,,,,,,,,,
1398371352301917,100063871970753,"Zener SA","Voici le gagnant de notre Live TikTok du Mardi passé 🎉 !

Il est reparti avec une Zencard + un bon carburant de 5000 Fr ⛽.

Et toi, tu attends quoi ? Rejoins‑nous en live sur TikTok à 15h 

Ça se passe ici👇🏿👇🏿

🔗 https://vt.tiktok.com/ZSHobf6VT5j21-81IOF/",,0,"01/27/2026 06:22",N/A,https://www.facebook.com/zenertg/posts/pfbid0w5gfUSxLWMKcdAhk2DxdbAPnPHedobpXAABz3BZmXd8hhDZw2qfbftFfXgtFFQgGl,0,0,Photos,,,,,Global,3689,2382,45,40,3,2,74,7,50,3689,0,2382,0,0,0,0,0,0,0,0,0,0,0,0,0,0,0,0,0,0,0,0,0,,,,,,,,,,,,,,,,,,,,,,,,,,,,,,,,,,17,,,,,,,,,,,,,,,,,,,,,,,,,,,,,,,,,,,,,,,,,,,,,,,,,,,,,,,,,,,,,,,,,,,,,,,,,,,,,,,,,,,,,,,,,,,,,,,,,,,,,,,,,,,,,,,,,,,,,,,,,,,,,,,,,,,,,,,,,,,,,,,,,,,,,,,,,,,,,,,
1399128648892854,100063871970753,"Zener SA","Le lundi passé c’etait la Journée mondiale des Community Managers !🌝

Si vous trouvez que je fais du bon boulot, que je vous informe, vous amuse et vous gâte , dites au boss en commentaire que je mérite une augmentation 🙏🏾🥹💶

PS : Je vous promets de vous faire gagner plus de cadeaux 👀

#LaCM",,0,"01/28/2026 03:36",N/A,https://www.facebook.com/zenertg/posts/pfbid08axaSjeNSMs4NoTHSeSNXvLFqzZpZs2N3xA3uNe89eVEkSnGTEVBrL4L7PxYqicvl,0,0,Texte,,,,,Global,1443,826,88,44,18,26,65,,65,1443,0,826,0,0,0,0,0,0,0,0,0,0,0,0,0,0,0,0,0,0,0,0,0,,,,,,,,,,,,,,,,,,,,,,,,,,,,,,,,,,,,,,,,,,,,,,,,,,,,,,,,,,,,,,,,,,,,,,,,,,,,,,,,,,,,,,,,,,,,,,,,,,,,,,,,,,,,,,,,,,,,,,,,,,,,,,,,,,,,,,,,,,,,,,,,,,,,,,,,,,,,,,,,,,,,,,,,,,,,,,,,,,,,,,,,,,,,,,,,,
1400069348798784,100063871970753,"Zener SA","Minā miagnan ! 
On veut tout savoir 😁

#Zencard #Zener",,0,"01/29/2026 05:07",N/A,https://www.facebook.com/zenertg/posts/pfbid0PxSYH7Yeibx6nfpjTN3bsYiWtvgkMhqRGvciSYKY9oC4oe3oe9wbccHNFnddpUqTl,0,0,Photos,,,,,Global,2095,1412,34,27,5,2,39,,28,2095,0,1412,0,0,0,0,0,0,0,0,0,0,0,0,0,0,0,0,0,0,0,0,0,,,,,,,,,,,,,,,,,,,,,,,,,,,,,,,,,,11,,,,,,,,,,,,,,,,,,,,,,,,,,,,,,,,,,,,,,,,,,,,,,,,,,,,,,,,,,,,,,,,,,,,,,,,,,,,,,,,,,,,,,,,,,,,,,,,,,,,,,,,,,,,,,,,,,,,,,,,,,,,,,,,,,,,,,,,,,,,,,,,,,,,,,,,,,,,,,,
1266398048832582,100063871970753,"Zener SA","📖 “Au commencement était la route, et la ZenCard vint pour rendre la vie facile aux conducteurs et automobilistes.” (Genèse version Zener 1:1)

🙏 Aujourd’hui, on prêche la bonne parole… celle de la ZenCard ✨

Des milliers des fidèles convertis, parce qu’elle rend la vie plus simple aux conducteurs 🚗🛵

Vous voulez nous rejoindre ? 😌
c’est par ici 👉🏽 https://whatsapp.com/channel/0029VabhdedDp2QESN9kDV38

#Zener #carburant #zenfamili #communautéwhatsapp #Togo",,0,"08/24/2025 06:33",N/A,https://www.facebook.com/zenertg/posts/pfbid0245HomvQCdjdPTSVbLyX4uRrYjNPu3hfsR1bcXc2yxd7WcGSm6t2YSNwd4JRaeTiDl,0,0,Photos,,,,,Global,446,250,12,10,0,2,5,2,1,446,0,250,0,0,0,0,0,0,0,0,0,0,0,0,0,0,0,0,0,0,0,0,0,,,,,,,,,,,,,,,,,,,,,,,,,,,,,,,,,,2,,,,,,,,,,,,,,,,,,,,,,,,,,,,,,,,,,,,,,,,,,,,,,,,,,,,,,,,,,,,,,,,,,,,,,,,,,,,,,,,,,,,,,,,,,,,,,,,,,,,,,,,,,,,,,,,,,,,,,,,,,,,,,,,,,,,,,,,,,,,,,,,,,,,,,,,,,,,,,,
1267217052084015,100063871970753,"Zener SA","🚨 ALERTE NOUVEAUTÉ 🤩

Zenfamili revient avec une version toute fraîche, plus belle, plus utile, plus performante. À découvrir dès maintenant !

📲Foncez mettre à jour pour une expérience encore plus zen 🏃🏽‍♀️🏃

✅𝗧𝗘́𝗟𝗘́𝗖𝗛𝗔𝗥𝗚𝗘𝗠𝗘𝗡𝗧 𝗗𝗜𝗦𝗣𝗢𝗡𝗜𝗕𝗟𝗘 𝗦𝗨𝗥 𝗔𝗣𝗣𝗦𝗧𝗢𝗥𝗘 & 𝗣𝗟𝗔𝗬𝗦𝗧𝗢𝗥𝗘 

#Zener #Zenfamili #miseàjour #appstore #Playstore #application",,0,"08/25/2025 06:00",N/A,https://www.facebook.com/zenertg/posts/pfbid0QmHvwHy4q1QphHwgczuRf4SGcThcFbSBnUS88H253S6SG3gp2a6Rk71PBgEozWL9l,0,0,Photos,,,,,Global,2121,959,112,62,15,35,123,,55,1480,641,855,267,0,0,0,0,0,0,0,0,0,0,0,0,0,0,0,0,0,0,0,0,,,,,,,,,,,,,,,,,,,,,,,,,,,,,,,,,,68,,,,,,,,,,,,,,,,,,,,,,,,,,,,,,,,,,,,,,,,,,,,,,,,,,,,,,,,,,,,,,,,,,,,,,,,,,,,,,,,,,,,,,,,,,,,,,,,,,,,,,,,,,,,,,,,,,,,,,,,,,,,,,,,,,,,,,,,,,,,,,,,,,,,,,,,,,,,,,,
1268338918638495,100063871970753,"Zener SA","On mets quoi ? C’est urgent svp 😔

#Zener #essaisituesfort #fun
#selfservice #Zenfamili",,0,"08/26/2025 11:55",N/A,https://www.facebook.com/zenertg/posts/pfbid032pmr88MgmAWsSwqvZKna9u8xfiTiyajer99B5yr9uZqjWv8ktBSiEo2MTij3efs4l,0,0,Photos,,,,,Global,2413,1292,105,30,43,32,146,,137,2413,0,1292,0,0,0,0,0,0,0,0,0,0,0,0,0,0,0,0,0,0,0,0,0,,,,,,,,,,,,,,,,,,,,,,,,,,,,,,,,,,9,,,,,,,,,,,,,,,,,,,,,,,,,,,,,,,,,,,,,,,,,,,,,,,,,,,,,,,,,,,,,,,,,,,,,,,,,,,,,,,,,,,,,,,,,,,,,,,,,,,,,,,,,,,,,,,,,,,,,,,,,,,,,,,,,,,,,,,,,,,,,,,,,,,,,,,,,,,,,,,
1268936855245368,100063871970753,"Zener SA","PS : Nous, ce sont les pannes sèches. 😌

#Zener #carburant #energie #Oasis",,0,"08/27/2025 04:36",N/A,https://www.facebook.com/zenertg/posts/pfbid02DLH12SS3RZKrvkxKq556e4QJc2Qh4prFrD2bBmrgtsdtE7xiaGaib6qrcAgkyfKRl,0,0,Photos,,,,,Global,1066,587,22,14,6,2,27,,23,1066,0,587,0,0,0,0,0,0,0,0,0,0,0,0,0,0,0,0,0,0,0,0,0,,,,,,,,,,,,,,,,,,,,,,,,,,,,,,,,,,4,,,,,,,,,,,,,,,,,,,,,,,,,,,,,,,,,,,,,,,,,,,,,,,,,,,,,,,,,,,,,,,,,,,,,,,,,,,,,,,,,,,,,,,,,,,,,,,,,,,,,,,,,,,,,,,,,,,,,,,,,,,,,,,,,,,,,,,,,,,,,,,,,,,,,,,,,,,,,,,
1269744595164594,100063871970753,"Zener SA","🚦À moto comme en voiture, le code de la route, c’est pour tout le monde.

👉 Respecter les règles, c’est protéger sa vie et celle des autres.  
Que tu sois en deux ou quatre roues, adopte les bons réflexes !

#Zener #Sécuritéroutière #Respectcodedelaroute #Prévention #RSE #Sensibilisation",,0,"08/28/2025 04:16",N/A,https://www.facebook.com/zenertg/posts/pfbid056bL7C7zArwPEaeYQJuGnz283kEk4zoiZPZ8iK3tHigGVNpRmGYFZmRxr8u1s41jl,0,0,Photos,,,,,Global,1323,872,46,17,2,27,11,,7,1323,0,872,0,0,0,0,0,0,0,0,0,0,0,0,0,0,0,0,0,0,0,0,0,,,,,,,,,,,,,,,,,,,,,,,,,,,,,,,,,,4,,,,,,,,,,,,,,,,,,,,,,,,,,,,,,,,,,,,,,,,,,,,,,,,,,,,,,,,,,,,,,,,,,,,,,,,,,,,,,,,,,,,,,,,,,,,,,,,,,,,,,,,,,,,,,,,,,,,,,,,,,,,,,,,,,,,,,,,,,,,,,,,,,,,,,,,,,,,,,,
1270560135083040,100063871970753,"Zener SA","Depuis le début du mois d’août, Zener a lancé un tout nouveau concept, COUP DE POUCE ZENER 🎉  

L’objectif ? Soutenir des talents locaux, des artisans, des entrepreneurs qui font bouger le pays avec passion.  

Et pour cette première édition, nous avons eu l’immense plaisir d’accompagner bethel_fleurita_delices, une femme entrepreneure inspirante qui régale les papilles avec ses mets savoureux. 🙌

Une initiative portée par l’envie de valoriser nos héros du quotidien et de bâtir un impact concret.  

📌 Parce que chez Zener, nous croyons au pouvoir de l’entraide locale. 

#Zener #coupdepouce #soutient #entreprenariatlocal #travail",,0,"08/29/2025 04:23",N/A,https://www.facebook.com/zenertg/posts/pfbid0QoFwpwZ1YCTnuYHuaSKhvEa7yURR29PxeqzAYtqYkH6UmQSSQLYLfsmYL35zcZMkl,0,0,Photos,,,,,Global,2087,1076,64,48,12,4,196,,67,2087,0,1076,0,0,0,0,0,0,0,0,0,0,0,0,0,0,0,0,0,0,0,0,0,,,,,,,,,,,,,,,,,,,,,,,,,,,,,,,,,,129,,,,,,,,,,,,,,,,,,,,,,,,,,,,,,,,,,,,,,,,,,,,,,,,,,,,,,,,,,,,,,,,,,,,,,,,,,,,,,,,,,,,,,,,,,,,,,,,,,,,,,,,,,,,,,,,,,,,,,,,,,,,,,,,,,,,,,,,,,,,,,,,,,,,,,,,,,,,,,,
1270786061727114,100063871970753,"Zener SA","Retour en vidéo sur un moment chargé de saveurs, de joie et d’émotion 🥹✨

Quand Bethel Fleurita délices , entrepreneure passionnée, a reçu le
Coup de pouce de Zener, ce n’était pas juste une aide…

C’était un sourire en plus, un espoir ravivé, un coup de boost pour
aller plus loin 💪🏾

#Zener #coupdepouce #soutient #entreprenariatlocal #travailleur","Retour en vidéo sur un moment chargé de saveurs, de joie et d’émotion 🥹✨

Quand Bethel Fleurita délices , entrepreneure passionnée, a reçu le
Coup de pouce de Zener, ce n’était pas juste une aide…

C’était un sourire en plus, un espoir ravivé, un coup de boost pour
aller plus loin 💪🏾

#Zener #coupdepouce #soutient #entreprenariatlocal #travailleur",130,"08/29/2025 09:34",N/A,https://www.facebook.com/zenertg/videos/1294587539031124/,0,0,Vidéos,,,,,Global,236,223,11,8,2,1,7,,7,234,0,223,0,85,12,81,12,0,85,0,0,0,0,365.05,73.246,1951.265,0,7.158,14.65,13.365,0,0,0,0.97,0.97,1,1,1,0.97,0.67,0.63,0.63,0.63,0.57,0.57,0.57,0.57,0.57,0.5,0.47,0.43,0.4,0.37,0.37,0.37,0.33,0.3,0.3,0.3,0.3,0.3,0.3,0.27,0.27,0.27,0.27,,,2389.561,11.829,0,0,0,0.99,0.92,0.58,0.42,0.39,0.33,0.24,0.22,0.21,0.21,0.16,0.16,0.16,0.16,0.16,0.14,0.13,0.12,0.13,0.09,0.08,0.08,0.07,0.07,0.06,0.06,0.06,0.06,0.05,0.05,0.05,0.05,0.06,0.05,0.05,0.05,0.05,0.05,0.05,0.04,0.04,0.27,0.27,0.27,0.27,0.27,0.23,0.2,0.17,,,,,,,,,,,,,,,,,,,,,,,,,,,,,,,,,,,,,,,,,,,,,,,,,,,,,,,,,,,,,,,,,,,,,,,,,,,,,,,,,,,,,,,,,,,,,,,,,,,,,,,,
1270789618393425,100063871970753,"Zener SA","Retour en vidéo sur un moment chargé de saveurs, de joie et d’émotion 🥹✨

Quand Bethel Fleurita délices , entrepreneure passionnée, a reçu le
Coup de pouce de Zener, ce n’était pas juste une aide…

C’était un sourire en plus, un espoir ravivé, un coup de boost pour
aller plus loin 💪🏾

#Zener #coupdepouce #soutient #entreprenariatlocal #travailleur","Retour en vidéo sur un moment chargé de saveurs, de joie et d’émotion 🥹✨

Quand Bethel Fleurita délices , entrepreneure passionnée, a reçu le
Coup de pouce de Zener, ce n’était pas juste une aide…

C’était un sourire en plus, un espoir ravivé, un coup de boost pour
aller plus loin 💪🏾

#Zener #coupdepouce #soutient #entreprenariatlocal #travailleur",130,"08/29/2025 09:41",N/A,https://www.facebook.com/zenertg/videos/1302086414996976/,0,0,Vidéos,,,,,Global,324,260,17,11,4,2,4,,4,323,0,260,0,145,24,125,24,0,145,0,0,0,0,1601.934,659.994,2272.894,0,16.02,23.572,15.053,0,0,0,0.98,1,1,1,1,0.94,0.78,0.76,0.71,0.67,0.65,0.63,0.55,0.55,0.57,0.55,0.55,0.53,0.51,0.49,0.45,0.49,0.47,0.45,0.43,0.35,0.37,0.41,0.41,0.41,0.41,0.41,0.39,,,4534.822,16.253,0,0,0,0.97,0.9,0.55,0.43,0.37,0.31,0.26,0.24,0.23,0.21,0.18,0.17,0.14,0.14,0.15,0.14,0.14,0.13,0.13,0.12,0.11,0.12,0.11,0.11,0.1,0.08,0.09,0.09,0.09,0.1,0.1,0.1,0.09,0.08,0.08,0.06,0.06,0.07,0.06,0.06,0.03,0.35,0.33,0.27,0.24,0.31,0.24,0.24,0.14,37,27,37,4,7,14,8,5,,1,2,1,124,5,,2,4,3,1,,,3,,,,2,,,,,,1,,,,,,,,,,,,,,,,,,,,,,,,,,,,,,,,,,,,,,,,,,,,,,,,,,,,,,,,,,,,,,,,,,,,,,,,
1271481054990948,100063871970753,"Zener SA","Quand @bethel_fleurita_delices , entrepreneure passionnée, a reçu le Coup de pouce de Zener, ce n’était pas juste une aide, c’etait un sourire en plus, un espoir ravivé, un coup de boost pour aller plus loin 💪🏾

Et bien sûr… une explosion de goûts à chaque bouchée 😋🔥

📢 Et pour septembre… À qui le tour ?👀

#Zener #coupdepouce #soutient #entreprenariatlocal #travai",,0,"08/30/2025 06:51",N/A,https://www.facebook.com/zenertg/posts/pfbid02EYAuTP6uRTaSMaKrN7GQRkHbffCeksnMCWzwBELtGPDgdR7JB5yhe5G32Kthzogsl,0,0,Photos,,,,,Global,5895,4616,123,122,0,1,554,7,260,671,5224,2525,4025,0,0,0,0,0,0,0,0,0,0,0,0,0,0,0,0,0,0,0,0,,,,,,,,,,,,,,,,,,,,,,,,,,,,,,,,,,287,,,,,,,,,,,,,,,,,,,,,,,,,,,,,,,,,,,,,,,,,,,,,,,,,,,,,,,,,,,,,,,,,,,,,,,,,,,,,,,,,,,,,,,,,,,,,,,,,,,,,,,,,,,,,,,,,,,,,,,,,,,,,,,,,,,,,,,,,,,,,,,,,,,,,,,,,,,,,,,
1272977138174673,100063871970753,"Zener SA","On démarre septembre comme on
démarre une moto bien huilée, avec
confiance, puissance et zéro stress 😎

#Zener #septembre #bonmois #zencard
#Zenfamili",,0,"09/01/2025 04:18",N/A,https://www.facebook.com/zenertg/posts/pfbid0yKXzCBhGVpPtSS3cYFHAiQMsu82J2T97wwm52jhe51Q2v8GahRFwYNWKkXwHp1D2l,0,0,Photos,,,,,Global,1370,876,30,24,4,2,22,,17,1370,0,876,0,0,0,0,0,0,0,0,0,0,0,0,0,0,0,0,0,0,0,0,0,,,,,,,,,,,,,,,,,,,,,,,,,,,,,,,,,,5,,,,,,,,,,,,,,,,,,,,,,,,,,,,,,,,,,,,,,,,,,,,,,,,,,,,,,,,,,,,,,,,,,,,,,,,,,,,,,,,,,,,,,,,,,,,,,,,,,,,,,,,,,,,,,,,,,,,,,,,,,,,,,,,,,,,,,,,,,,,,,,,,,,,,,,,,,,,,,,
1273826631423057,100063871970753,"Zener SA","Nous aussi, nous avons sorti la liste des choses à faire quand vous touchez à votre salaire ce mois-ci 😎

Ne venez pas dire qu’on n'a pas été de bon conseil, hein.🤪

#Zener #carburant #energie #Oasis #conseil #listedeschosesafaire",,0,"09/02/2025 05:06",N/A,https://www.facebook.com/zenertg/posts/pfbid0LUHz9DAv9RcB6joUB96rA3ppKTC6ZPb4JKc5cJ21nD1BJBYX8NBUk6WEvFdKr6N9l,0,0,Photos,,,,,Global,926,490,42,18,2,22,81,,24,926,0,490,0,0,0,0,0,0,0,0,0,0,0,0,0,0,0,0,0,0,0,0,0,,,,,,,,,,,,,,,,,,,,,,,,,,,,,,,,,,57,,,,,,,,,,,,,,,,,,,,,,,,,,,,,,,,,,,,,,,,,,,,,,,,,,,,,,,,,,,,,,,,,,,,,,,,,,,,,,,,,,,,,,,,,,,,,,,,,,,,,,,,,,,,,,,,,,,,,,,,,,,,,,,,,,,,,,,,,,,,,,,,,,,,,,,,,,,,,,,
1274652708007116,100063871970753,"Zener SA","À ton avis, qui va faire le plein en premier ?

 🏁 Réponds en commentaire 🤩

#Zener #plein #quizz #moto #jeu",,0,"09/03/2025 05:19",N/A,https://www.facebook.com/zenertg/posts/pfbid0RVSuGHeyLbmq9MT5XtFMhobKaRey8AwZcTPVbLeYH9w4yna1Lgp7mH7dvSGn2Cokl,0,0,Photos,,,,,Global,1317,751,67,25,39,3,64,,59,1317,0,751,0,0,0,0,0,0,0,0,0,0,0,0,0,0,0,0,0,0,0,0,0,,,,,,,,,,,,,,,,,,,,,,,,,,,,,,,,,,5,,,,,,,,,,,,,,,,,,,,,,,,,,,,,,,,,,,,,,,,,,,,,,,,,,,,,,,,,,,,,,,,,,,,,,,,,,,,,,,,,,,,,,,,,,,,,,,,,,,,,,,,,,,,,,,,,,,,,,,,,,,,,,,,,,,,,,,,,,,,,,,,,,,,,,,,,,,,,,,
1275454757926911,100063871970753,"Zener SA","🇹🇬 Allez les Éperviers ! 
On attend ton pronostic en commentaire 😎🔥

#Zener #Eperviés #soutient #match",,0,"09/04/2025 05:19",N/A,https://www.facebook.com/zenertg/posts/pfbid0MowbKJngDU9JDYiZGh7kVVfk4to9yB74LP1YXSPyFmsv7JQZjcb7GeTtv8J1TnBUl,0,0,Photos,,,,,Global,1002,620,32,20,8,4,18,,14,1002,0,620,0,0,0,0,0,0,0,0,0,0,0,0,0,0,0,0,0,0,0,0,0,,,,,,,,,,,,,,,,,,,,,,,,,,,,,,,,,,4,,,,,,,,,,,,,,,,,,,,,,,,,,,,,,,,,,,,,,,,,,,,,,,,,,,,,,,,,,,,,,,,,,,,,,,,,,,,,,,,,,,,,,,,,,,,,,,,,,,,,,,,,,,,,,,,,,,,,,,,,,,,,,,,,,,,,,,,,,,,,,,,,,,,,,,,,,,,,,,
1276270667845320,100063871970753,"Zener SA","As-tu déjà fait ta mise à jour ? 😜

C’est le moment de profiter à fond.
Plus d’excuses, plus de galères.

#Zener #miseàjour #application
#Zenfamili #ios #Télechargement",,0,"09/05/2025 05:03",N/A,https://www.facebook.com/zenertg/posts/pfbid02TZU8w2rE2PFiHZn9dkUUgJ5HTtCNDfaHU4PuwoXn8DtpzosGTCmMjoibug8CkagQl,0,0,Photos,,,,,Global,515,309,8,5,1,2,10,,7,515,0,309,0,0,0,0,0,0,0,0,0,0,0,0,0,0,0,0,0,0,0,0,0,,,,,,,,,,,,,,,,,,,,,,,,,,,,,,,,,,3,,,,,,,,,,,,,,,,,,,,,,,,,,,,,,,,,,,,,,,,,,,,,,,,,,,,,,,,,,,,,,,,,,,,,,,,,,,,,,,,,,,,,,,,,,,,,,,,,,,,,,,,,,,,,,,,,,,,,,,,,,,,,,,,,,,,,,,,,,,,,,,,,,,,,,,,,,,,,,,
1277082297764157,100063871970753,"Zener SA","Team zen ou team stress ? 😅

Dis-nous, tu attends le dernier
moment ou tu fais le plein dès
les premiers signes ?

#Zener #pannecarburant
#energie #zencard
#route",,0,"09/06/2025 05:10",N/A,https://www.facebook.com/zenertg/posts/pfbid0UDaoZkWdctA2enGg2r5d1Emd1TzTR4N5tY6dPvEnGhrcA5NM4xe3FksmHGsz4Hekl,0,0,Photos,,,,,Global,465,307,8,5,2,1,3,,2,465,0,307,0,0,0,0,0,0,0,0,0,0,0,0,0,0,0,0,0,0,0,0,0,,,,,,,,,,,,,,,,,,,,,,,,,,,,,,,,,,1,,,,,,,,,,,,,,,,,,,,,,,,,,,,,,,,,,,,,,,,,,,,,,,,,,,,,,,,,,,,,,,,,,,,,,,,,,,,,,,,,,,,,,,,,,,,,,,,,,,,,,,,,,,,,,,,,,,,,,,,,,,,,,,,,,,,,,,,,,,,,,,,,,,,,,,,,,,,,,,
1278697264269327,100063871970753,"Zener SA","Aujourd’hui, on est en début de
semaine 🏍🚗… petit rappel du jour 

👉🏾 Recharge ta ZenCard directement
via Mix by Yas ou Flooz 💳
👉🏾 Comme ça, pas de panne
d’essence surprise 😅
👉🏾 Et ta mobilité reste 100% zen ✨

Ne néglige pas ce petit geste, c’est
lui qui fait la différence entre galérer
et rouler tranquille 😎.

#zenfamili #zencard #recharge
#fluidité #carburant",,0,"09/08/2025 05:02",N/A,https://www.facebook.com/zenertg/posts/pfbid024yGszPevY7BUnx8oQRyjrKFHjqa7gCYtvbZqM8Ew76C4KRH9rpbLBVw7L87Zr9gnl,0,0,Photos,,,,,Global,682,435,14,12,0,2,4,,3,682,0,435,0,0,0,0,0,0,0,0,0,0,0,0,0,0,0,0,0,0,0,0,0,,,,,,,,,,,,,,,,,,,,,,,,,,,,,,,,,,1,,,,,,,,,,,,,,,,,,,,,,,,,,,,,,,,,,,,,,,,,,,,,,,,,,,,,,,,,,,,,,,,,,,,,,,,,,,,,,,,,,,,,,,,,,,,,,,,,,,,,,,,,,,,,,,,,,,,,,,,,,,,,,,,,,,,,,,,,,,,,,,,,,,,,,,,,,,,,,,
1279514590854261,100063871970753,"Zener SA","Ton Oasis préféré, c’est un peu comme ton maquis du quartier, tu y reviens toujours 😎.

Alors dis-nous, toi c’est où tu fais ton plein le plus souvent ? ⛽

#zener #zencard #oasis #plein #mafamille",,0,"09/09/2025 04:30",N/A,https://www.facebook.com/zenertg/posts/pfbid0dJQweezXv1dVHwbxdz3e5zRm5eXx6KYCUU9XPQsixCxvUWqWasTcrjTLpvZNduppl,0,0,Photos,,,,,Global,4267,2411,245,215,27,3,101,,78,1459,2808,1777,1606,0,0,0,0,0,0,0,0,0,0,0,0,0,0,0,0,0,0,0,0,,,,,,,,,,,,,,,,,,,,,,,,,,,,,,,,,,23,,,,,,,,,,,,,,,,,,,,,,,,,,,,,,,,,,,,,,,,,,,,,,,,,,,,,,,,,,,,,,,,,,,,,,,,,,,,,,,,,,,,,,,,,,,,,,,,,,,,,,,,,,,,,,,,,,,,,,,,,,,,,,,,,,,,,,,,,,,,,,,,,,,,,,,,,,,,,,,
1280357324103321,100063871970753,"Zener SA","Tu viens faire ton plein et boom , tu tombes sur ton gars/ta go censé(e) être en voyage d’affaires, assis(e) dans une voiture avec quelqu’un.
Tu vas fâcher ?ou tu resteras zen ?🤔
#Zener",,0,"09/10/2025 05:12",N/A,https://www.facebook.com/zenertg/posts/pfbid02nHEcmxRZshiTCx8pLjdfuFun366o5zEX9pyGeNTGd5x4UMsNTBvjpnbwhgtqa3dHl,0,0,Texte,,,,,Global,1305,803,53,21,13,19,18,,18,1305,0,803,0,0,0,0,0,0,0,0,0,0,0,0,0,0,0,0,0,0,0,0,0,,,,,,,,,,,,,,,,,,,,,,,,,,,,,,,,,,,,,,,,,,,,,,,,,,,,,,,,,,,,,,,,,,,,,,,,,,,,,,,,,,,,,,,,,,,,,,,,,,,,,,,,,,,,,,,,,,,,,,,,,,,,,,,,,,,,,,,,,,,,,,,,,,,,,,,,,,,,,,,,,,,,,,,,,,,,,,,,,,,,,,,,,,,,,,,,,
1281205347351852,100063871970753,"Zener SA","Koh je n’ai pas d’espace sur mon téléphone, l’argument préféré des gens qui n’aiment pas installer de nouvelles applications 🤪🤣

‎JUSTE 146 Mo pour avoir la zen attitude✅.
Franchement, ton téléphone mérite bien ça 😉.

Partage l’info à 5 personnes de tes connaissances tchaleyyy😎

#Zener #zenfamili #application #mobilité #facilité #Carburant #énergie",,0,"09/11/2025 04:40",N/A,https://www.facebook.com/zenertg/posts/pfbid0YUqQEbEPT15hyot9stph9pXXZyLjUhy3fUMuRgx5U9geLYWaLapqnvdVuJ3hd79ql,0,0,Photos,,,,,Global,354,209,12,8,4,0,5,,5,354,0,209,0,0,0,0,0,0,0,0,0,0,0,0,0,0,0,0,0,0,0,0,0,,,,,,,,,,,,,,,,,,,,,,,,,,,,,,,,,,,,,,,,,,,,,,,,,,,,,,,,,,,,,,,,,,,,,,,,,,,,,,,,,,,,,,,,,,,,,,,,,,,,,,,,,,,,,,,,,,,,,,,,,,,,,,,,,,,,,,,,,,,,,,,,,,,,,,,,,,,,,,,,,,,,,,,,,,,,,,,,,,,,,,,,,,,,,,,,,
1282058180599902,100063871970753,"Zener SA","Il y a des problèmes que seul Zener
peut résoudre 😌😏

Si tu nous aimes appuie sur le coeur ou
un like 🙃

#zener #zencard #carburant #fluidité
#selfservice",,0,"09/12/2025 05:05",N/A,https://www.facebook.com/zenertg/posts/pfbid02Z9c16YuKRjJW3SYjE2ZLPBTCDn8ohp6V2FoYPhTJmYmHCScjHsvm6gvKTXu6uPSPl,0,0,Photos,,,,,Global,1144,810,19,15,2,2,11,,5,1144,0,810,0,0,0,0,0,0,0,0,0,0,0,0,0,0,0,0,0,0,0,0,0,,,,,,,,,,,,,,,,,,,,,,,,,,,,,,,,,,6,,,,,,,,,,,,,,,,,,,,,,,,,,,,,,,,,,,,,,,,,,,,,,,,,,,,,,,,,,,,,,,,,,,,,,,,,,,,,,,,,,,,,,,,,,,,,,,,,,,,,,,,,,,,,,,,,,,,,,,,,,,,,,,,,,,,,,,,,,,,,,,,,,,,,,,,,,,,,,,
1282908483848205,100063871970753,"Zener SA","4 raisons pour ne pas utiliser la zencard en commentaire 👇🏽",,0,"09/13/2025 04:36",N/A,https://www.facebook.com/zenertg/posts/pfbid037sM8f5HusEmvF84HRTfhUqH3KZL7nv13BCXQYtw2aoPdRcmiyeAm3sarmoiPwr3kl,0,0,Texte,,,,,Global,1179,661,26,19,5,2,53,,53,1179,0,661,0,0,0,0,0,0,0,0,0,0,0,0,0,0,0,0,0,0,0,0,0,,,,,,,,,,,,,,,,,,,,,,,,,,,,,,,,,,,,,,,,,,,,,,,,,,,,,,,,,,,,,,,,,,,,,,,,,,,,,,,,,,,,,,,,,,,,,,,,,,,,,,,,,,,,,,,,,,,,,,,,,,,,,,,,,,,,,,,,,,,,,,,,,,,,,,,,,,,,,,,,,,,,,,,,,,,,,,,,,,,,,,,,,,,,,,,,,
1284555310350189,100063871970753,"Zener SA","La rentrée commence avec le sourire
et un plein Zen 💚 Bonne route à
toutes les familles !

#Zener #Rentrée2025 #trajet
#carburant",,0,"09/15/2025 02:08",N/A,https://www.facebook.com/zenertg/posts/pfbid02xXEER2nfSM2phXCsjF3LTyApqaGZtHuPc8pCNPKMNwwoF3cL23jz6B2pKgS2AnxXl,0,0,Photos,,,,,Global,6053,3201,400,398,0,2,53,,29,708,5345,2099,2734,0,0,0,0,0,0,0,0,0,0,0,0,0,0,0,0,0,0,0,0,,,,,,,,,,,,,,,,,,,,,,,,,,,,,,,,,,24,,,,,,,,,,,,,,,,,,,,,,,,,,,,,,,,,,,,,,,,,,,,,,,,,,,,,,,,,,,,,,,,,,,,,,,,,,,,,,,,,,,,,,,,,,,,,,,,,,,,,,,,,,,,,,,,,,,,,,,,,,,,,,,,,,,,,,,,,,,,,,,,,,,,,,,,,,,,,,,
1285521403586913,100063871970753,"Zener SA","Nous, à la rentrée, on marchait pieds nus pendant 10 km… 😅

On a tous entendu une phrase culte de nos aînés. Tu connais d’autres phrases de ce genre, raconte-nous  en commentaire 👇 

#Souvenirsderentrée
#zener #zencard #oasis #plein",,0,"09/16/2025 04:53",N/A,https://www.facebook.com/zenertg/posts/pfbid022oTvS9qetocPYgVr97VLYr2pjVNVqUmLZR25hiNiyw9Sk3JwKUA8LJxLHb2sDuydl,0,0,Photos,,,,,Global,720,463,23,8,2,13,12,,7,720,0,463,0,0,0,0,0,0,0,0,0,0,0,0,0,0,0,0,0,0,0,0,0,,,,,,,,,,,,,,,,,,,,,,,,,,,,,,,,,,5,,,,,,,,,,,,,,,,,,,,,,,,,,,,,,,,,,,,,,,,,,,,,,,,,,,,,,,,,,,,,,,,,,,,,,,,,,,,,,,,,,,,,,,,,,,,,,,,,,,,,,,,,,,,,,,,,,,,,,,,,,,,,,,,,,,,,,,,,,,,,,,,,,,,,,,,,,,,,,,
1286387220166998,100063871970753,"Zener SA","Entre ceux qui ont la ZenCard et ceux qui
galèrent à la pompe, y’a pas débat.

Si t’as pas encore la tienne, c’est le moment
de rejoindre le bon côté de la file 😏

Premièrement commence par rejoindre
notre communauté via ce lien 👉🏽
https://whatsapp.com/channel/0029Vabhd
edDp2QESN9kDV38

#Zener #Zencard",,0,"09/17/2025 04:35",N/A,https://www.facebook.com/zenertg/posts/pfbid0ojmK6orC2Q4UMuZkzoTaTMkwYjvZWApQE9GWPqeBjrLJs4rMXSBzhCtFuXwUDsz4l,0,0,Photos,,,,,Global,1172,713,28,16,9,3,21,3,14,1172,0,713,0,0,0,0,0,0,0,0,0,0,0,0,0,0,0,0,0,0,0,0,0,,,,,,,,,,,,,,,,,,,,,,,,,,,,,,,,,,4,,,,,,,,,,,,,,,,,,,,,,,,,,,,,,,,,,,,,,,,,,,,,,,,,,,,,,,,,,,,,,,,,,,,,,,,,,,,,,,,,,,,,,,,,,,,,,,,,,,,,,,,,,,,,,,,,,,,,,,,,,,,,,,,,,,,,,,,,,,,,,,,,,,,,,,,,,,,,,,
1287293023409751,100063871970753,"Zener SA","Nous espérons que ce petit
carroussel vous aurait éclairé sur le concept. 😉
Tag ton entreprise et tente ta chance
🚀

#zener #entreprise #local
#entrepreneur #coupdepouce",,0,"09/18/2025 05:48",N/A,https://www.facebook.com/zenertg/posts/pfbid0RnNj2wH95JojRFa5796PpqGFnAdALuaMsPXZrKsNJJh8N6qgCKAt4K8iWiUQ1qUEl,0,0,Photos,,,,,Global,1764,1173,67,31,6,30,144,1,61,1086,678,875,608,0,0,0,0,0,0,0,0,0,0,0,0,0,0,0,0,0,0,0,0,,,,,,,,,,,,,,,,,,,,,,,,,,,,,,,,,,82,,,,,,,,,,,,,,,,,,,,,,,,,,,,,,,,,,,,,,,,,,,,,,,,,,,,,,,,,,,,,,,,,,,,,,,,,,,,,,,,,,,,,,,,,,,,,,,,,,,,,,,,,,,,,,,,,,,,,,,,,,,,,,,,,,,,,,,,,,,,,,,,,,,,,,,,,,,,,,,
1288079709997749,100063871970753,"Zener SA",,,0,"09/19/2025 03:50",N/A,https://www.facebook.com/zenertg/posts/pfbid0JwWHvSa9NzXNxaB2KLCeVLp6ofERu4LPSPNg9yV9EosZDQPwqCc2Jw13mSXGTHBPl,0,1,Photos,,,,,Global,291,163,5,4,0,1,10,,3,291,0,163,0,0,0,0,0,0,0,0,0,0,0,0,0,0,0,0,0,0,0,0,0,,,,,,,,,,,,,,,,,,,,,,,,,,,,,,,,,,7,,,,,,,,,,,,,,,,,,,,,,,,,,,,,,,,,,,,,,,,,,,,,,,,,,,,,,,,,,,,,,,,,,,,,,,,,,,,,,,,,,,,,,,,,,,,,,,,,,,,,,,,,,,,,,,,,,,,,,,,,,,,,,,,,,,,,,,,,,,,,,,,,,,,,,,,,,,,,,,
1288089963330057,100063871970753,"Zener SA","🔥 Y’a promo  jusqu’au 17 octobre.  

Ne dis pas qu’on t’a pas prévenu 😏

Kaba kaba ne traîne pas trop 🥳

#Zener #promotion #gaz #énergie",,0,"09/19/2025 04:05",N/A,https://www.facebook.com/zenertg/posts/pfbid0z39LUdtW3evhGXDLFEBy9ox7g44Bhqmh45xkGgadJ6x8FXW2WEhvhqa8fR5SfMgJl,0,0,Photos,,,,,Global,2582,1675,116,82,4,30,92,,59,1397,1185,1307,876,0,0,0,0,0,0,0,0,0,0,0,0,0,0,0,0,0,0,0,0,,,,,,,,,,,,,,,,,,,,,,,,,,,,,,,,,,33,,,,,,,,,,,,,,,,,,,,,,,,,,,,,,,,,,,,,,,,,,,,,,,,,,,,,,,,,,,,,,,,,,,,,,,,,,,,,,,,,,,,,,,,,,,,,,,,,,,,,,,,,,,,,,,,,,,,,,,,,,,,,,,,,,,,,,,,,,,,,,,,,,,,,,,,,,,,,,,
1289095429896177,100063871970753,"Zener SA","Sécuriser sa bouteille de gaz pendant cette promotion est la meilleure chose que vous ne puisses faire inh . 🤪

Si vous n’êtes pas au courant rendez
vous sur @Sodigaz @Enora

#zener #zencard #promogaz",,0,"09/20/2025 07:06",N/A,https://www.facebook.com/zenertg/posts/pfbid02DrXa4aVcapMnZpS2ZzRFfSUdmvktRuCjpKA91tyut43qEo6YRJAMqJqNKRxjnyo9l,0,0,Photos,,,,,Global,2243,1380,22,19,0,3,51,,31,2243,0,1380,0,0,0,0,0,0,0,0,0,0,0,0,0,0,0,0,0,0,0,0,0,,,,,,,,,,,,,,,,,,,,,,,,,,,,,,,,,,20,,,,,,,,,,,,,,,,,,,,,,,,,,,,,,,,,,,,,,,,,,,,,,,,,,,,,,,,,,,,,,,,,,,,,,,,,,,,,,,,,,,,,,,,,,,,,,,,,,,,,,,,,,,,,,,,,,,,,,,,,,,,,,,,,,,,,,,,,,,,,,,,,,,,,,,,,,,,,,,
1291657826306604,100063871970753,"Zener SA","À tous ceux qui roulent pour nous, qui veillent sur nos trajets que la route vous soit bonne. 💚

#Zener #énergie #trajet #carburant",,0,"09/23/2025 05:01",N/A,https://www.facebook.com/zenertg/posts/pfbid0MeYpxeExYA4ABt2gRJTfyYSqZss37FysmfWWdJV9S2JER82aXtu2tj4ZoYTSCu95l,0,0,Photos,,,,,Global,798,521,16,13,1,2,14,,10,798,0,521,0,0,0,0,0,0,0,0,0,0,0,0,0,0,0,0,0,0,0,0,0,,,,,,,,,,,,,,,,,,,,,,,,,,,,,,,,,,4,,,,,,,,,,,,,,,,,,,,,,,,,,,,,,,,,,,,,,,,,,,,,,,,,,,,,,,,,,,,,,,,,,,,,,,,,,,,,,,,,,,,,,,,,,,,,,,,,,,,,,,,,,,,,,,,,,,,,,,,,,,,,,,,,,,,,,,,,,,,,,,,,,,,,,,,,,,,,,,
1292569739548746,100063871970753,"Zener SA","• Sans huile, les pièces frottent entre elles et
s’usent vite ⚙
• Le moteur chauffe trop et peut griller 🔥
• Tu risques des pannes soudaines en pleine
route 😬
• Tu réduis la durée de vie de ton véhicule 🚗

Tu veux éviter les pannes surprises ? L’huile
moteur, c’est ton alliée 🔧
Ne cherche pas loin… elle est dispo sur l’appli Zenfamili. 

📲 Clique, commande, roule Zen.

#zener #zencard #energie #conseil",,0,"09/24/2025 05:41",N/A,https://www.facebook.com/zenertg/posts/pfbid028gCZMEyPZnRXXZQaPPuJWzvr7gwVr6VfPevu6Yxc2AYFeKbcHebX2KUYsyBX3x7rl,0,0,Photos,,,,,Global,674,430,12,10,0,2,3,,1,674,0,430,0,0,0,0,0,0,0,0,0,0,0,0,0,0,0,0,0,0,0,0,0,,,,,,,,,,,,,,,,,,,,,,,,,,,,,,,,,,2,,,,,,,,,,,,,,,,,,,,,,,,,,,,,,,,,,,,,,,,,,,,,,,,,,,,,,,,,,,,,,,,,,,,,,,,,,,,,,,,,,,,,,,,,,,,,,,,,,,,,,,,,,,,,,,,,,,,,,,,,,,,,,,,,,,,,,,,,,,,,,,,,,,,,,,,,,,,,,,
1293396522799401,100063871970753,"Zener SA","Un peu de fun aujourd’hui ! Tu penses
avoir la bonne réponse ? Écris-la en
commentaire 😏

#Zener #Zencard #cartecarburant
#quesuisje",,0,"09/25/2025 05:18",N/A,https://www.facebook.com/zenertg/posts/pfbid02WoJuvPMUysba3mgHg8Me4SoDwXiXq3dbwuwkqo65t41nJ5aXNvn8nKu2mCV8YE1Rl,0,0,Photos,,,,,Global,996,583,26,12,11,3,35,,28,996,0,583,0,0,0,0,0,0,0,0,0,0,0,0,0,0,0,0,0,0,0,0,0,,,,,,,,,,,,,,,,,,,,,,,,,,,,,,,,,,7,,,,,,,,,,,,,,,,,,,,,,,,,,,,,,,,,,,,,,,,,,,,,,,,,,,,,,,,,,,,,,,,,,,,,,,,,,,,,,,,,,,,,,,,,,,,,,,,,,,,,,,,,,,,,,,,,,,,,,,,,,,,,,,,,,,,,,,,,,,,,,,,,,,,,,,,,,,,,,,
1294217092717344,100063871970753,"Zener SA","📍Astuce du jour

Glisse ta ZenCard derrière ta coque.
Elle sera toujours là, même quand toi
t’oublies 😅

#zener #astuce #téléphone #zencard",,0,"09/26/2025 04:45",N/A,https://www.facebook.com/zenertg/posts/pfbid02Jn18iMNVLtW6oXsHfsoymsrG1duMcyncZpX9ZFAq7N9muSngpfd3hWi65NJeode4l,0,0,Photos,,,,,Global,1546,982,21,18,1,2,23,,14,1546,0,982,0,0,0,0,0,0,0,0,0,0,0,0,0,0,0,0,0,0,0,0,0,,,,,,,,,,,,,,,,,,,,,,,,,,,,,,,,,,9,,,,,,,,,,,,,,,,,,,,,,,,,,,,,,,,,,,,,,,,,,,,,,,,,,,,,,,,,,,,,,,,,,,,,,,,,,,,,,,,,,,,,,,,,,,,,,,,,,,,,,,,,,,,,,,,,,,,,,,,,,,,,,,,,,,,,,,,,,,,,,,,,,,,,,,,,,,,,,,
1295077055964681,100063871970753,"Zener SA","Ceux qui ont déjà perdu leur ZenCard 2 fois ouplus…La carte a demandé une réunion
d’urgence. 🤣

Elle dit qu’elle est fatiguée d’être oubliée,
perdue, négligée par certaines personne 😏
Midekoukouyé 😔 Prenez soin d’elle.

#lacartecarburant #zencard",,0,"09/27/2025 04:35",N/A,https://www.facebook.com/zenertg/posts/pfbid02E3SzLqy5RQz59pjtfxUQgPxwoJyGTsVTXk9PAHZcBnu1UdsiC4nrwKR6iAtnHYghl,0,0,Photos,,,,,Global,1204,786,27,19,5,3,17,,12,1204,0,786,0,0,0,0,0,0,0,0,0,0,0,0,0,0,0,0,0,0,0,0,0,,,,,,,,,,,,,,,,,,,,,,,,,,,,,,,,,,5,,,,,,,,,,,,,,,,,,,,,,,,,,,,,,,,,,,,,,,,,,,,,,,,,,,,,,,,,,,,,,,,,,,,,,,,,,,,,,,,,,,,,,,,,,,,,,,,,,,,,,,,,,,,,,,,,,,,,,,,,,,,,,,,,,,,,,,,,,,,,,,,,,,,,,,,,,,,,,,
1296770582461995,100063871970753,"Zener SA","C’est l’heure de faire le plein ⛽ 
Et chez Zener, l’énergie ne dort jamais !

#Zener #énergie #trajet #carburant",,0,"09/29/2025 03:05",N/A,https://www.facebook.com/zenertg/posts/pfbid0HW4yTbxL7CkUFD8rStQtCSQQeGYdJqXSGdJLungEeRb2NvzDfDxAaaDamRwdbCyKl,0,0,Photos,,,,,Global,924,601,12,8,2,2,16,,13,924,0,601,0,0,0,0,0,0,0,0,0,0,0,0,0,0,0,0,0,0,0,0,0,,,,,,,,,,,,,,,,,,,,,,,,,,,,,,,,,,3,,,,,,,,,,,,,,,,,,,,,,,,,,,,,,,,,,,,,,,,,,,,,,,,,,,,,,,,,,,,,,,,,,,,,,,,,,,,,,,,,,,,,,,,,,,,,,,,,,,,,,,,,,,,,,,,,,,,,,,,,,,,,,,,,,,,,,,,,,,,,,,,,,,,,,,,,,,,,,,
1296783932460660,100063871970753,"Zener SA","Zener SA a changé sa photo de couverture.",,0,"09/29/2025 03:26",N/A,https://www.facebook.com/photo.php?fbid=1296783932460660&set=a.488257403313321&type=3,0,0,Photos,,,,,Global,32,19,5,4,0,1,0,,,32,0,19,0,0,0,0,0,0,0,0,0,0,0,0,0,0,0,0,0,0,0,0,0,,,,,,,,,,,,,,,,,,,,,,,,,,,,,,,,,,,,,,,,,,,,,,,,,,,,,,,,,,,,,,,,,,,,,,,,,,,,,,,,,,,,,,,,,,,,,,,,,,,,,,,,,,,,,,,,,,,,,,,,,,,,,,,,,,,,,,,,,,,,,,,,,,,,,,,,,,,,,,,,,,,,,,,,,,,,,,,,,,,,,,,,,,,,,,,,,
1297006832438370,100063871970753,"Zener SA","Un nouvel Oasis arrive…🎉
Devinez notre prochaine destination en commentaire 👀

Indice : ça commence par un B…

#Oasis 
#Zenertg #zenfamili #Bonnenouvelle",,0,"09/29/2025 08:43",N/A,https://www.facebook.com/zenertg/posts/pfbid02Zv3zToSVS6RpUdtAB79by33Wmv6Qwq7WZyp8bEJ7RKu7aYrWqo4yqkXgGbXvkQCvl,0,0,Photos,,,,,Global,6590,4097,119,52,62,5,370,,340,6590,0,4097,0,0,0,0,0,0,0,0,0,0,0,0,0,0,0,0,0,0,0,0,0,,,,,,,,,,,,,,,,,,,,,,,,,,,,,,,,,,30,,,,,,,,,,,,,,,,,,,,,,,,,,,,,,,,,,,,,,,,,,,,,,,,,,,,,,,,,,,,,,,,,,,,,,,,,,,,,,,,,,,,,,,,,,,,,,,,,,,,,,,,,,,,,,,,,,,,,,,,,,,,,,,,,,,,,,,,,,,,,,,,,,,,,,,,,,,,,,,
1297636949042025,100063871970753,"Zener SA","À quoi cela sert même ? 🤣
Notre petite pensée du jour
Bon début de journée.

#Zener #énergie #penséedujour
#carburant",,0,"09/30/2025 02:06",N/A,https://www.facebook.com/zenertg/posts/pfbid0DJriX2X8ngVfYfJqc9hocTGVt5eKMmJXfBUZR4DGdWpYt44VG3kGKAiqMSAfLz2nl,0,0,Photos,,,,,Global,1115,741,19,15,1,3,20,,12,1115,0,741,0,0,0,0,0,0,0,0,0,0,0,0,0,0,0,0,0,0,0,0,0,,,,,,,,,,,,,,,,,,,,,,,,,,,,,,,,,,8,,,,,,,,,,,,,,,,,,,,,,,,,,,,,,,,,,,,,,,,,,,,,,,,,,,,,,,,,,,,,,,,,,,,,,,,,,,,,,,,,,,,,,,,,,,,,,,,,,,,,,,,,,,,,,,,,,,,,,,,,,,,,,,,,,,,,,,,,,,,,,,,,,,,,,,,,,,,,,,
1298084372330616,100063871970753,"Zener SA","📣 Population de Blitta 
la Zencard débarque bientôt  🥳
Self-service activé 😎",,0,"09/30/2025 12:04",N/A,https://www.facebook.com/zenertg/posts/pfbid02dvLogsm85EiCncKVyaP9KR7jgsvdN9qMBrNwwCYRiTwCygL3acVXK5YNGcJZ3k17l,0,0,Texte,,,,,Global,2025,1280,70,44,4,22,24,,24,2025,0,1280,0,0,0,0,0,0,0,0,0,0,0,0,0,0,0,0,0,0,0,0,0,,,,,,,,,,,,,,,,,,,,,,,,,,,,,,,,,,,,,,,,,,,,,,,,,,,,,,,,,,,,,,,,,,,,,,,,,,,,,,,,,,,,,,,,,,,,,,,,,,,,,,,,,,,,,,,,,,,,,,,,,,,,,,,,,,,,,,,,,,,,,,,,,,,,,,,,,,,,,,,,,,,,,,,,,,,,,,,,,,,,,,,,,,,,,,,,,
1298695565602830,100063871970753,"Zener SA","Si t’as déjà poussé ta voiture une fois,
ce post est pour toi 😅.

1 - Ouvre l’app Zenfamili
2- Choisis le montant à recharger sur ta
Zencard
3- Valide le paiement

Et hop, ton plein est sécurisé, tu peux
rouler tranquille et prochain arrêt
dans nos oasis.

#Zener #Zencard #cartecarburant",,0,"10/01/2025 04:43",N/A,https://www.facebook.com/zenertg/posts/pfbid0eC6fJBYcV9qaPSgjWnb1Fq9dYh6VHvSh343aPay6PtQtV68CzDYnqK4CfpvnkmZl,0,0,Photos,,,,,Global,554,343,11,8,0,3,3,,,554,0,343,0,0,0,0,0,0,0,0,0,0,0,0,0,0,0,0,0,0,0,0,0,,,,,,,,,,,,,,,,,,,,,,,,,,,,,,,,,,3,,,,,,,,,,,,,,,,,,,,,,,,,,,,,,,,,,,,,,,,,,,,,,,,,,,,,,,,,,,,,,,,,,,,,,,,,,,,,,,,,,,,,,,,,,,,,,,,,,,,,,,,,,,,,,,,,,,,,,,,,,,,,,,,,,,,,,,,,,,,,,,,,,,,,,,,,,,,,,,
1298934308912289,100063871970753,"Zener SA","Tu as ta ZenCard ?

C’est bientôt le moment de t’en servir.
À l’Oasis Blitta, tu feras le plein toi-même. ⛽️

Pas de pompiste. Juste toi, ta carte, et ton carburant. 💚

#Zener #Oasisblitta",,0,"10/01/2025 10:00",N/A,https://www.facebook.com/zenertg/posts/pfbid029oQ4tEYqoggtjRNCRmkJwXtHsCdiJwMarVUorZZwsU1okF6hoarh9LWb3wXi5KBxl,0,0,Photos,,,,,Global,14110,9156,717,698,11,8,291,,216,3134,10976,6756,7373,0,0,0,0,0,0,0,0,0,0,0,0,0,0,0,0,0,0,0,0,,,,,,,,,,,,,,,,,,,,,,,,,,,,,,,,,,75,,,,,,,,,,,,,,,,,,,,,,,,,,,,,,,,,,,,,,,,,,,,,,,,,,,,,,,,,,,,,,,,,,,,,,,,,,,,,,,,,,,,,,,,,,,,,,,,,,,,,,,,,,,,,,,,,,,,,,,,,,,,,,,,,,,,,,,,,,,,,,,,,,,,,,,,,,,,,,,
1299633692175684,100063871970753,"Zener SA","Un petit geste peut tout changer. La prévention commence par toi. 🙏🏾 

Partage ce message, tu pourrais aider quelqu’un à agir aussi. 

#Octobrerose #Zener #Préventioncancerdesein",,0,"10/02/2025 04:37",N/A,https://www.facebook.com/zenertg/posts/pfbid02teUUbwYUrVQdvRksVfkkQu6fEPUxnGcF7coS36E2zPP8N6UxKkhXEx1rT3UMvHfNl,0,0,Photos,,,,,Global,612,403,14,12,0,2,9,,4,612,0,403,0,0,0,0,0,0,0,0,0,0,0,0,0,0,0,0,0,0,0,0,0,,,,,,,,,,,,,,,,,,,,,,,,,,,,,,,,,,5,,,,,,,,,,,,,,,,,,,,,,,,,,,,,,,,,,,,,,,,,,,,,,,,,,,,,,,,,,,,,,,,,,,,,,,,,,,,,,,,,,,,,,,,,,,,,,,,,,,,,,,,,,,,,,,,,,,,,,,,,,,,,,,,,,,,,,,,,,,,,,,,,,,,,,,,,,,,,,,
1300557788749941,100063871970753,"Zener SA","Que suis-je ? 👀
💬 Donne ta réponse en commentaire… et prouve que t’as le cerveau bien lubrifié 😏

#quesuije #zener",,0,"10/03/2025 04:15",N/A,https://www.facebook.com/zenertg/posts/pfbid0XRTcXvi9YaXPhytXFQfNwhWcRap1AyN1nApC5Ae7Vbznv9efcDhusRD4UaFAKaMdl,0,0,Photos,,,,,Global,909,551,28,12,15,1,30,,29,909,0,551,0,0,0,0,0,0,0,0,0,0,0,0,0,0,0,0,0,0,0,0,0,,,,,,,,,,,,,,,,,,,,,,,,,,,,,,,,,,1,,,,,,,,,,,,,,,,,,,,,,,,,,,,,,,,,,,,,,,,,,,,,,,,,,,,,,,,,,,,,,,,,,,,,,,,,,,,,,,,,,,,,,,,,,,,,,,,,,,,,,,,,,,,,,,,,,,,,,,,,,,,,,,,,,,,,,,,,,,,,,,,,,,,,,,,,,,,,,,
1303594515112935,100063871970753,"Zener SA","Gagnez en puissance. Pas en problèmes. 😎

Les lubrifiants Havoline nourrissent votre
moteur, boostent ses performances et
prolongent sa vie.

📍 Disponibles dans toutes les Oasis Zener.

#lubrifiants #zener #moteur #texaco",,0,"10/06/2025 08:39",N/A,https://www.facebook.com/zenertg/posts/pfbid02jDmYHPLhSG9WcgfF1fK1dAgqHAKvJcxSCLKaPT3NvxaswSo3GXz7fFXmF5Djdj8Ul,0,0,Photos,,,,,Global,469,312,16,14,0,2,1,,1,469,0,312,0,0,0,0,0,0,0,0,0,0,0,0,0,0,0,0,0,0,0,0,0,,,,,,,,,,,,,,,,,,,,,,,,,,,,,,,,,,,,,,,,,,,,,,,,,,,,,,,,,,,,,,,,,,,,,,,,,,,,,,,,,,,,,,,,,,,,,,,,,,,,,,,,,,,,,,,,,,,,,,,,,,,,,,,,,,,,,,,,,,,,,,,,,,,,,,,,,,,,,,,,,,,,,,,,,,,,,,,,,,,,,,,,,,,,,,,,,
1303703538435366,100063871970753,"Zener SA","JJ - 09

📍 Oasis Blitta ouvre dans 9 jours ! 🥳
Et cette fois, tout le monde pourra se servir soi-même.

Tu as une ZenCard ?
Parfait, tu passes encore plus vite.
Tu n’en as pas ?
Pas grave. Le service est ouvert à tous.

#OasisBlitta #zener #Carburant #Selfservice",,0,"10/06/2025 11:07",N/A,https://www.facebook.com/zenertg/posts/pfbid02uYgF23wrTM2tGq8oHTtXGN1wZahm8NFLUG5QqJi5gdHuowufMPkJtUXstSTEZZxgl,0,0,Photos,,,,,Global,876,540,26,22,2,2,9,,5,876,0,540,0,0,0,0,0,0,0,0,0,0,0,0,0,0,0,0,0,0,0,0,0,,,,,,,,,,,,,,,,,,,,,,,,,,,,,,,,,,4,,,,,,,,,,,,,,,,,,,,,,,,,,,,,,,,,,,,,,,,,,,,,,,,,,,,,,,,,,,,,,,,,,,,,,,,,,,,,,,,,,,,,,,,,,,,,,,,,,,,,,,,,,,,,,,,,,,,,,,,,,,,,,,,,,,,,,,,,,,,,,,,,,,,,,,,,,,,,,,
1304430091696044,100063871970753,"Zener SA","Pas de pompiste
Pas d’attente
Tu décides quand et comment 🤪

Le self-service c’est chic deh. 

#OasisBlitta #zener #Carburant #Selfservice",,0,"10/07/2025 06:49",N/A,https://www.facebook.com/zenertg/posts/pfbid0s5BA3jV4AiAspNJmGJbHTaDfcWqdqTfTPG4KCu2G2VYkNbTGmNiErvLJ2iWop22Ll,0,0,Photos,,,,,Global,7532,4674,118,75,23,20,292,,182,7532,0,4674,0,0,0,0,0,0,0,0,0,0,0,0,0,0,0,0,0,0,0,0,0,,,,,,,,,,,,,,,,,,,,,,,,,,,,,,,,,,110,,,,,,,,,,,,,,,,,,,,,,,,,,,,,,,,,,,,,,,,,,,,,,,,,,,,,,,,,,,,,,,,,,,,,,,,,,,,,,,,,,,,,,,,,,,,,,,,,,,,,,,,,,,,,,,,,,,,,,,,,,,,,,,,,,,,,,,,,,,,,,,,,,,,,,,,,,,,,,,
1305258011613252,100063871970753,"Zener SA","Comment se faire établir la zencard ?  💁🏽‍♂️

Enregistre ce post, cela pourrait te servir plus tard😎

#OasisBlitta #zener #Carburant #Selfservice",,0,"10/08/2025 03:05",N/A,https://www.facebook.com/zenertg/posts/pfbid028iiGb8yJkxZ62qyWPc1rvyNBjh5j55smkv6hP4a6xYNhDy91GpDC6GmwfH1MM1qal,0,0,Photos,,,,,Global,6918,5146,134,108,9,17,566,27,188,2496,4422,3376,3847,0,0,0,0,0,0,0,0,0,0,0,0,0,0,0,0,0,0,0,0,,,,,,,,,,,,,,,,,,,,,,,,,,,,,,,,,,351,,,,,,,,,,,,,,,,,,,,,,,,,,,,,,,,,,,,,,,,,,,,,,,,,,,,,,,,,,,,,,,,,,,,,,,,,,,,,,,,,,,,,,,,,,,,,,,,,,,,,,,,,,,,,,,,,,,,,,,,,,,,,,,,,,,,,,,,,,,,,,,,,,,,,,,,,,,,,,,
1305434228262297,100063871970753,"Zener SA","Encore 7 jours pour l’ouverture de l’Oasis Blitta ! 🥳

⛽️ Self-service carburant, accessible à tous.
ZenCard ou pas, tu roules, tu te sers.
Et si tu veux ta carte ? On te l’active sur place aussi.  😏

#OasisBlitta #ouverture #Zener",,0,"10/08/2025 06:56",N/A,https://www.facebook.com/zenertg/posts/pfbid02uiHdGeivK31Evodsp4Moz5DubY7tiVaCRosQBe4LCSK9M8TYqQ9KBwC1NAb76Kdyl,0,0,Photos,,,,,Global,1632,1096,23,21,0,2,16,,7,1632,0,1096,0,0,0,0,0,0,0,0,0,0,0,0,0,0,0,0,0,0,0,0,0,,,,,,,,,,,,,,,,,,,,,,,,,,,,,,,,,,9,,,,,,,,,,,,,,,,,,,,,,,,,,,,,,,,,,,,,,,,,,,,,,,,,,,,,,,,,,,,,,,,,,,,,,,,,,,,,,,,,,,,,,,,,,,,,,,,,,,,,,,,,,,,,,,,,,,,,,,,,,,,,,,,,,,,,,,,,,,,,,,,,,,,,,,,,,,,,,,
1305573944914992,100063871970753,"Zener SA","5W30, 15W40, 20W50, 5W40. 🛢

Chaque formule Havoline est conçue pour
maximiser la puissance de ton moteur.⚙
😉 Choisis ton bidon de 1 ou 5 L et gagne en performance.

#lubrifiant #zener #Carburant #performance","5W30, 15W40, 20W50, 5W40. 🛢

Chaque formule Havoline est conçue pour
maximiser la puissance de ton moteur.⚙
😉 Choisis ton bidon de 1 ou 5 L et gagne en performance.

#lubrifiant #zener #Carburant #performance",42,"10/08/2025 10:01",N/A,https://www.facebook.com/reel/1123641439842416/,1,0,Vidéos,,,,,Global,4483,4714,28,26,2,0,17,,14,350,5034,1147,4391,1683,0,1617,0,1599,84,0,0,0,0,765.904,0,817.251,24049.211,4.818,0,5.273,5.038,0,0,1,1,1,1,1,1,1,1,1,1,1,1,1,1,1,0.93,0.29,0.28,0.26,0.25,0.23,0.21,0.2,0.2,0.19,0.18,0.17,0.17,0.16,0.16,0.15,0.14,0.14,,3,25632.366,5.037,0,0,0,0.97,0.97,0.98,0.95,0.78,0.69,0.62,0.57,0.52,0.49,0.46,0.44,0.41,0.4,0.39,0.36,0.11,0.1,0.09,0.09,0.08,0.08,0.07,0.07,0.07,0.06,0.06,0.06,0.06,0.05,0.05,0.05,0.05,0.04,0.04,0.04,0.04,0.04,0.04,0.04,0.04,0.14,0.14,0.13,0.13,0.12,0.12,0.11,0.11,356,457,118,78,251,103,81,21,119,46,22,26,1672,1,2,,2,,1,,,,,,,,1,,,,,,,,,,,,,,,,,,,,,1,,1,,,,,,,,,,,,,,,,,,,,,,,,,,,,,,,,,,,,,,,,,,,,,,1,1,,,,,,,
1306514431487610,100063871970753,"Zener SA","👉 Viens chercher ton bidon Havoline dans nos Oasis Zener. 😏

📍 5W30, 15W40, 20W50, 5W40, on a ce qu’il te faut.

#lubrifiant #zener #Carburant #selfservice",,0,"10/09/2025 06:38",N/A,https://www.facebook.com/zenertg/posts/pfbid02WS1kGsBRx1vmcFbVrcLREcjczRyPop6tPEKiR4cB8rb2WMcpMSZnEPaMMwcC3dJ7l,0,0,Photos,,,,,Global,735,470,14,12,0,2,10,,5,735,0,470,0,0,0,0,0,0,0,0,0,0,0,0,0,0,0,0,0,0,0,0,0,,,,,,,,,,,,,,,,,,,,,,,,,,,,,,,,,,5,,,,,,,,,,,,,,,,,,,,,,,,,,,,,,,,,,,,,,,,,,,,,,,,,,,,,,,,,,,,,,,,,,,,,,,,,,,,,,,,,,,,,,,,,,,,,,,,,,,,,,,,,,,,,,,,,,,,,,,,,,,,,,,,,,,,,,,,,,,,,,,,,,,,,,,,,,,,,,,
1306527621486291,100063871970753,"Zener SA","J-6 avant l’ouverture de l’Oasis Blitta ! 🥳

⛽️Self-service pour tous : détenteurs de ZenCard, non-détenteurs, nouveaux venus.

Tu veux ton plein ? Tu l’auras.

📍 Oasis Blitta, soit des nôtres ce 15 octobre 2025.

#Oasisblitta #Zener",,0,"10/09/2025 06:56",N/A,https://www.facebook.com/zenertg/posts/pfbid02PTpvWnuY44yS2sDnWDDxfBrTcBm6xdJyuMrYWoD63bQMANojRdy742nrksWYvKLml,0,0,Photos,,,,,Global,366,208,10,8,0,2,3,,1,366,0,208,0,0,0,0,0,0,0,0,0,0,0,0,0,0,0,0,0,0,0,0,0,,,,,,,,,,,,,,,,,,,,,,,,,,,,,,,,,,2,,,,,,,,,,,,,,,,,,,,,,,,,,,,,,,,,,,,,,,,,,,,,,,,,,,,,,,,,,,,,,,,,,,,,,,,,,,,,,,,,,,,,,,,,,,,,,,,,,,,,,,,,,,,,,,,,,,,,,,,,,,,,,,,,,,,,,,,,,,,,,,,,,,,,,,,,,,,,,,
1307766491362404,100063871970753,"Zener SA","On sait. Tu sais. Ton moteur parle… mais tu fais semblant de ne pas entendre. 😒

Grincements, démarrages lents, odeurs bizarres…

👉 Si ton engin montre un de ces signes, il est temps d’agir.

📍 Viens chercher ton bidon Havoline 1L ou 5L dans nos Oasis Zener.

5W30, 15W40, 20W50, 5W40, on a ce qu’il te faut.

#Zener #Oasis #lubrifiants",,0,"10/10/2025 10:14",N/A,https://www.facebook.com/zenertg/posts/pfbid0eVS89WLzoex8GBcGd9ikQX3jfm71qANdASWPxchc3DfnGDTUTYKqsFWDxX51RNhQl,0,0,Photos,,,,,Global,728,445,16,15,0,1,34,,11,728,0,445,0,0,0,0,0,0,0,0,0,0,0,0,0,0,0,0,0,0,0,0,0,,,,,,,,,,,,,,,,,,,,,,,,,,,,,,,,,,23,,,,,,,,,,,,,,,,,,,,,,,,,,,,,,,,,,,,,,,,,,,,,,,,,,,,,,,,,,,,,,,,,,,,,,,,,,,,,,,,,,,,,,,,,,,,,,,,,,,,,,,,,,,,,,,,,,,,,,,,,,,,,,,,,,,,,,,,,,,,,,,,,,,,,,,,,,,,,,,
1308619524610434,100063871970753,"Zener SA","Self-service c’est quoi même maaa ?  🤔
On te dit tout aujourd’hui 

Enregistre ce post, ne viens pas dire qu’on ne t’avait rien expliqué. 😎

#OasisBlitta #zener #Carburant #Selfservice",,0,"10/11/2025 07:14",N/A,https://www.facebook.com/zenertg/posts/pfbid02kk7vQaZUL1F6fJneFjp8fX6SjxjpXjWU4vRHGPv6oPwwwERHiM9ByiuPQsNMW7qrl,0,0,Photos,,,,,Global,592,343,15,14,0,1,9,,3,592,0,343,0,0,0,0,0,0,0,0,0,0,0,0,0,0,0,0,0,0,0,0,0,,,,,,,,,,,,,,,,,,,,,,,,,,,,,,,,,,6,,,,,,,,,,,,,,,,,,,,,,,,,,,,,,,,,,,,,,,,,,,,,,,,,,,,,,,,,,,,,,,,,,,,,,,,,,,,,,,,,,,,,,,,,,,,,,,,,,,,,,,,,,,,,,,,,,,,,,,,,,,,,,,,,,,,,,,,,,,,,,,,,,,,,,,,,,,,,,,
1310284594443927,100063871970753,"Zener SA","📍 Du 3 octobre au 9 novembre, profite de nos prix promo sur nos lubrifiants Havoline , conçus pour prolonger la vie de ton moteur.

– 5W30 : 1L à 5.000 CFA / 5L à 24.900 CFA
– 5W40 : 1L à 4.900 CFA / 5L à 24.000 CFA
– 15W40 : 1L à 2.900 CFA / 5L à 14.500 CFA
– 20W50 : 1L à 3.000 CFA / 5L à 14.000 CFA

📍 Disponible dans toutes les Oasis Zener.

#Promolubrifiants #Zener #Havolinetexaco #performance #Qualité",,0,"10/13/2025 02:34",N/A,https://www.facebook.com/zenertg/posts/pfbid02jBoXPjkkj1WFmCZ1h3vW49bjHxMzVKfduYnkC3mma4EdbJbNDbmfykDMTR6dQDqvl,0,0,Photos,,,,,Global,719,446,14,12,0,2,11,,5,719,0,446,0,0,0,0,0,0,0,0,0,0,0,0,0,0,0,0,0,0,0,0,0,,,,,,,,,,,,,,,,,,,,,,,,,,,,,,,,,,6,,,,,,,,,,,,,,,,,,,,,,,,,,,,,,,,,,,,,,,,,,,,,,,,,,,,,,,,,,,,,,,,,,,,,,,,,,,,,,,,,,,,,,,,,,,,,,,,,,,,,,,,,,,,,,,,,,,,,,,,,,,,,,,,,,,,,,,,,,,,,,,,,,,,,,,,,,,,,,,
1310484841090569,100063871970753,"Zener SA","📍 Blitta a son Oasis !
La nouvelle oasis ouvre ce LUNDI 🎉
Et tout le monde est invité à faire le plein.

⛽️ Self-service carburant accessible à tous :
– Tu as une ZenCard ? Tu te sers.
– Tu n’en as pas ? On te sert.
– Tu veux l’avoir ? On te l’active sur place.

#OasisBlitta #Zener #Carburant #SelfService",,0,"10/13/2025 07:14",N/A,https://www.facebook.com/zenertg/posts/pfbid02jJuGi9TCubC6t9DqPZrdhiCxdKC35xv7R7VMmninvy4cSgh25smYy5NbvMgehiPJl,0,0,Photos,,,,,Global,1785,1220,40,35,2,3,20,,6,1785,0,1220,0,0,0,0,0,0,0,0,0,0,0,0,0,0,0,0,0,0,0,0,0,,,,,,,,,,,,,,,,,,,,,,,,,,,,,,,,,,14,,,,,,,,,,,,,,,,,,,,,,,,,,,,,,,,,,,,,,,,,,,,,,,,,,,,,,,,,,,,,,,,,,,,,,,,,,,,,,,,,,,,,,,,,,,,,,,,,,,,,,,,,,,,,,,,,,,,,,,,,,,,,,,,,,,,,,,,,,,,,,,,,,,,,,,,,,,,,,,
1312566160882437,100063871970753,"Zener SA","Pas de bruit bizarre, pas de panne surprise.
🛢 Texaco, c’est le bon choix pour ton
moteur.
📍 Jusqu’au 09 novembre, nous sommes en
promo

#lubrifiants #zener #moteur #texaco",,0,"10/15/2025 13:17",N/A,https://www.facebook.com/zenertg/posts/pfbid035jqAhrgosw6GHkq58aUSU6J5jKZXTNgX3wNzYRX8bcEemxSATh1izYWB9kQpP9Cxl,0,0,Photos,,,,,Global,1150,656,31,19,8,4,20,,13,1150,0,656,0,0,0,0,0,0,0,0,0,0,0,0,0,0,0,0,0,0,0,0,0,,,,,,,,,,,,,,,,,,,,,,,,,,,,,,,,,,7,,,,,,,,,,,,,,,,,,,,,,,,,,,,,,,,,,,,,,,,,,,,,,,,,,,,,,,,,,,,,,,,,,,,,,,,,,,,,,,,,,,,,,,,,,,,,,,,,,,,,,,,,,,,,,,,,,,,,,,,,,,,,,,,,,,,,,,,,,,,,,,,,,,,,,,,,,,,,,,
1313118780827175,100063871970753,"Zener SA","Allô Oasis Blitta ?

– Oui, c’est ouvert.
– Oui, tu peux te servir toi-même.
– Oui, même sans ZenCard.
On est là. Tu passes quand ?

#OasisBlitta #zener #Carburant #selfservice",,0,"10/16/2025 04:55",N/A,https://www.facebook.com/zenertg/posts/pfbid0MPUjZujAG9FjH6vhoWMNhRP1JGufDXevQ9fqPxcSL8Hb5Hb5V1HQEdq82gDoaqYsl,0,0,Photos,,,,,Global,1491,951,24,19,4,1,10,,3,1491,0,951,0,0,0,0,0,0,0,0,0,0,0,0,0,0,0,0,0,0,0,0,0,,,,,,,,,,,,,,,,,,,,,,,,,,,,,,,,,,7,,,,,,,,,,,,,,,,,,,,,,,,,,,,,,,,,,,,,,,,,,,,,,,,,,,,,,,,,,,,,,,,,,,,,,,,,,,,,,,,,,,,,,,,,,,,,,,,,,,,,,,,,,,,,,,,,,,,,,,,,,,,,,,,,,,,,,,,,,,,,,,,,,,,,,,,,,,,,,,
1314074027398317,100063871970753,"Zener SA","On dit ça, on dit rien mais réfléchis bien. 😒
Ton moteur te parle. Et là, c’est le moment
de lui répondre avec un prix cadeau chef.

📍 Promo en cours des lubrifiants Havoline
dans toutes nos Oasis ZENER. 

#lubrifiant #zener #Carburant #moteur",,0,"10/17/2025 05:35",N/A,https://www.facebook.com/zenertg/posts/pfbid02Eg2wajoaRhZdBzqc58SbgRmc4nngqV3i98nviZ5hFMuG5bLEoQg3w1SgY56imd7dl,0,0,Photos,,,,,Global,1148,767,14,11,0,3,13,,6,1148,0,767,0,0,0,0,0,0,0,0,0,0,0,0,0,0,0,0,0,0,0,0,0,,,,,,,,,,,,,,,,,,,,,,,,,,,,,,,,,,7,,,,,,,,,,,,,,,,,,,,,,,,,,,,,,,,,,,,,,,,,,,,,,,,,,,,,,,,,,,,,,,,,,,,,,,,,,,,,,,,,,,,,,,,,,,,,,,,,,,,,,,,,,,,,,,,,,,,,,,,,,,,,,,,,,,,,,,,,,,,,,,,,,,,,,,,,,,,,,,
1315053263967060,100063871970753,"Zener SA","La vraie force, c’est celle qu’on partage. Et dans ce combat, chaque voix compte. ✊🏼

Informer, écouter, soutenir voilà les armes les plus puissantes.

Le cancer du sein ne doit plus être un tabou. Il doit être un sujet de conversation, de prévention, de mobilisation.

#Zener #contrelecancerdusein",,0,"10/18/2025 07:19",N/A,https://www.facebook.com/zenertg/posts/pfbid09EJtoHQPnFZpxmBWUyeG6AA1sobNQ4LFgLcWJ6P8ewWbQVgRR1GMDr8gbmb1RbRal,0,0,Photos,,,,,Global,707,525,13,12,0,1,6,,2,707,0,525,0,0,0,0,0,0,0,0,0,0,0,0,0,0,0,0,0,0,0,0,0,,,,,,,,,,,,,,,,,,,,,,,,,,,,,,,,,,4,,,,,,,,,,,,,,,,,,,,,,,,,,,,,,,,,,,,,,,,,,,,,,,,,,,,,,,,,,,,,,,,,,,,,,,,,,,,,,,,,,,,,,,,,,,,,,,,,,,,,,,,,,,,,,,,,,,,,,,,,,,,,,,,,,,,,,,,,,,,,,,,,,,,,,,,,,,,,,,
1316649643807422,100063871970753,"Zener SA","Nous on sait que tu es un conducteur quand… 😉 
1- Tu salues tout le monde sans descendre du véhicule. 
2- Tu connais nos Oasis par coeur . 

Completez la liste ? 

 #zener #Carburant #Selfservice",,0,"10/20/2025 03:37",N/A,https://www.facebook.com/zenertg/posts/pfbid05CbiALdbECS92j2KZh26U75kZmVqQfVsx78uB944Nx4RSLoY4vBPgcuYzVbZFGWgl,0,0,Photos,,,,,Global,1197,792,9,8,0,1,11,,7,1197,0,792,0,0,0,0,0,0,0,0,0,0,0,0,0,0,0,0,0,0,0,0,0,,,,,,,,,,,,,,,,,,,,,,,,,,,,,,,,,,4,,,,,,,,,,,,,,,,,,,,,,,,,,,,,,,,,,,,,,,,,,,,,,,,,,,,,,,,,,,,,,,,,,,,,,,,,,,,,,,,,,,,,,,,,,,,,,,,,,,,,,,,,,,,,,,,,,,,,,,,,,,,,,,,,,,,,,,,,,,,,,,,,,,,,,,,,,,,,,,
1317891583683228,100063871970753,"Zener SA","🛑40 % des pannes moteur sont liées à un manque de lubrification.

Mais toi, tu peux éviter ça dès aujourd’hui avec les lubrifiants Havoline dispo dans toutes les Oasis Zener.

#Lubrifiants #zener #Carburant #Selfservice",,0,"10/21/2025 10:42",N/A,https://www.facebook.com/zenertg/posts/pfbid036gSG7C484j1EAjnE1WBa7j3o2mxvCwuaYYMJafqXE1PPxDQNLUmHonZvGzSobp2hl,0,0,Photos,,,,,Global,1351,844,23,18,3,2,18,,8,1351,0,844,0,0,0,0,0,0,0,0,0,0,0,0,0,0,0,0,0,0,0,0,0,,,,,,,,,,,,,,,,,,,,,,,,,,,,,,,,,,10,,,,,,,,,,,,,,,,,,,,,,,,,,,,,,,,,,,,,,,,,,,,,,,,,,,,,,,,,,,,,,,,,,,,,,,,,,,,,,,,,,,,,,,,,,,,,,,,,,,,,,,,,,,,,,,,,,,,,,,,,,,,,,,,,,,,,,,,,,,,,,,,,,,,,,,,,,,,,,,
1319576030181450,100063871970753,"Zener SA","👏 Merci à tous ceux qui ont déjà profité de la promo Havoline !  🥳

Certains ont même eu droit à des surprises bonus (eh oui, on aime faire plaisir 🥰)  
Et vous, vous attendez quoi pour venir ?

La promo lubrifiants Havoline continue dans toutes nos Oasis.

#Zener #lubrifiants #Havoline #Texaco",,0,"10/23/2025 07:55",N/A,https://www.facebook.com/zenertg/posts/pfbid0ytJGUDkkrGAG2iQ4fxwm9qENK8wkMhADSqutFCYakSFbHVZdwUjT4fzLc9USsgSEl,0,0,Photos,,,,,Global,1556,904,38,33,3,2,127,,54,1556,0,904,0,0,0,0,0,0,0,0,0,0,0,0,0,0,0,0,0,0,0,0,0,,,,,,,,,,,,,,,,,,,,,,,,,,,,,,,,,,73,,,,,,,,,,,,,,,,,,,,,,,,,,,,,,,,,,,,,,,,,,,,,,,,,,,,,,,,,,,,,,,,,,,,,,,,,,,,,,,,,,,,,,,,,,,,,,,,,,,,,,,,,,,,,,,,,,,,,,,,,,,,,,,,,,,,,,,,,,,,,,,,,,,,,,,,,,,,,,,
1320438250095228,100063871970753,"Zener SA","🚦Quel lubrifiant est fait pour ton moteur ?

Chaque engin a ses exigences. Choisir le bon lubrifiant, c’est assurer sa performance, éviter la surchauffe, et prolonger sa
durée de vie.

- 🏍 Pour motos (2 roues) on a la Havoline 20W50
- 🚗 Pour voitures (essence/diesel)
On a la Havoline 5W30 ou 5W40 (selon les recommandations
constructeur)
- 🚛 Pour camions et engins lourds
On a la Havoline 15W40

📍Disponible dans toutes les stations Oasis Zener

📞 Infos : +228 90 22 54 56 / 70 67 38 38

#Zener #HavolineTexaco #Lubrifiants #Performancemoteur",,0,"10/24/2025 06:16",N/A,https://www.facebook.com/zenertg/posts/pfbid0iTKax84b29tMACPADp24ZmpMUuiKN7oNc1LqvdLnMpWiWTs4wY8Etjrh7uQTUCWGl,0,0,Photos,,,,,Global,681,448,14,11,2,1,8,,6,681,0,448,0,0,0,0,0,0,0,0,0,0,0,0,0,0,0,0,0,0,0,0,0,,,,,,,,,,,,,,,,,,,,,,,,,,,,,,,,,,2,,,,,,,,,,,,,,,,,,,,,,,,,,,,,,,,,,,,,,,,,,,,,,,,,,,,,,,,,,,,,,,,,,,,,,,,,,,,,,,,,,,,,,,,,,,,,,,,,,,,,,,,,,,,,,,,,,,,,,,,,,,,,,,,,,,,,,,,,,,,,,,,,,,,,,,,,,,,,,,
1321469783325408,100063871970753,"Zener SA","ZenCard, c’est :

✅ Recharge facile
✅ Paiement rapide
✅ Suivi en temps réel grâce à l’appli Zenfamili disponible sur Android & iOS

#zener #Zenfamili",,0,"10/25/2025 08:11",N/A,https://www.facebook.com/zenertg/posts/pfbid02dfANuwVYsWw8pWnv8cUfdjZgGhP28GC58NNVZ74aZS3BPdeX3FeCyNd5KBo2oimsl,0,0,Photos,,,,,Global,810,577,11,9,1,1,4,,3,810,0,577,0,0,0,0,0,0,0,0,0,0,0,0,0,0,0,0,0,0,0,0,0,,,,,,,,,,,,,,,,,,,,,,,,,,,,,,,,,,1,,,,,,,,,,,,,,,,,,,,,,,,,,,,,,,,,,,,,,,,,,,,,,,,,,,,,,,,,,,,,,,,,,,,,,,,,,,,,,,,,,,,,,,,,,,,,,,,,,,,,,,,,,,,,,,,,,,,,,,,,,,,,,,,,,,,,,,,,,,,,,,,,,,,,,,,,,,,,,,
1323094383162948,100063871970753,"Zener SA","La ZenFamili, c'est la seule famille au Togo où tout le monde est joyeux et serein à la pompe ! 😂

Zéro stress de monnaie, zéro souci de
qualité. On est là pour le plein, le sourire, et le Zen ! Rejoins la famille et souris toi aussi. 😉

#Zener #Zencard #Zenfamili #communauté",,0,"10/27/2025 03:46",N/A,https://www.facebook.com/zenertg/posts/pfbid0SBkExJnukJaktooTJXgz6wXa5EMQhQHXnC57jyksiyUmSTzsTVyfoaSgGoBnE2mZl,0,0,Photos,,,,,Global,521,367,12,10,1,1,5,,1,521,0,367,0,0,0,0,0,0,0,0,0,0,0,0,0,0,0,0,0,0,0,0,0,,,,,,,,,,,,,,,,,,,,,,,,,,,,,,,,,,4,,,,,,,,,,,,,,,,,,,,,,,,,,,,,,,,,,,,,,,,,,,,,,,,,,,,,,,,,,,,,,,,,,,,,,,,,,,,,,,,,,,,,,,,,,,,,,,,,,,,,,,,,,,,,,,,,,,,,,,,,,,,,,,,,,,,,,,,,,,,,,,,,,,,,,,,,,,,,,,
1324068813065505,100063871970753,"Zener SA","Un bon conducteur, c’est pas celui qui va vite. C’est celui qui respecte les règles de la sécurité routière. 🙂

#Zener #Zencard #route #Prévention",,0,"10/28/2025 04:58",N/A,https://www.facebook.com/zenertg/posts/pfbid025o7H6PsJzxynz9BNcwLA5mfJaf6knw8ws6MEx7JQk4xqCx58LhCLM2fnz4i98HXzl,0,0,Photos,,,,,Global,793,571,37,15,0,22,8,,3,793,0,571,0,0,0,0,0,0,0,0,0,0,0,0,0,0,0,0,0,0,0,0,0,,,,,,,,,,,,,,,,,,,,,,,,,,,,,,,,,,5,,,,,,,,,,,,,,,,,,,,,,,,,,,,,,,,,,,,,,,,,,,,,,,,,,,,,,,,,,,,,,,,,,,,,,,,,,,,,,,,,,,,,,,,,,,,,,,,,,,,,,,,,,,,,,,,,,,,,,,,,,,,,,,,,,,,,,,,,,,,,,,,,,,,,,,,,,,,,,,
1324933256312394,100063871970753,"Zener SA","Que tu roules à deux, trois roues ou quatre,
ZENER te suit comme ton ombre. 😉

#Zener #Energie #Carburant #Oasis",,0,"10/29/2025 06:09",N/A,https://www.facebook.com/zenertg/posts/pfbid02fMT8177cZiZwuufYLwHQp6HNRBLbXQ7YxjZaqscXD3BX3yDxA7pp2cVaJxUdHRqVl,0,0,Photos,,,,,Global,1956,1273,28,23,3,2,33,,19,1956,0,1273,0,0,0,0,0,0,0,0,0,0,0,0,0,0,0,0,0,0,0,0,0,,,,,,,,,,,,,,,,,,,,,,,,,,,,,,,,,,14,,,,,,,,,,,,,,,,,,,,,,,,,,,,,,,,,,,,,,,,,,,,,,,,,,,,,,,,,,,,,,,,,,,,,,,,,,,,,,,,,,,,,,,,,,,,,,,,,,,,,,,,,,,,,,,,,,,,,,,,,,,,,,,,,,,,,,,,,,,,,,,,,,,,,,,,,,,,,,,
1325733689565684,100063871970753,"Zener SA","On dit que pour aller loin, il faut ménager sa
monture… Aujourd’hui, il suffit de recharger
sa ZenCard. Et le chemin devient plus doux. 😎

#Zener #énergie #trajet #carburant",,0,"10/30/2025 06:08",N/A,https://www.facebook.com/zenertg/posts/pfbid022h2BQxfrHARt6GBpX1aWEZSpCbRonUJ5KmgQ63XNzeLFCJBT7xeBXySGTF2tr6BHl,0,0,Photos,,,,,Global,1252,900,12,10,1,1,5,,3,1252,0,900,0,0,0,0,0,0,0,0,0,0,0,0,0,0,0,0,0,0,0,0,0,,,,,,,,,,,,,,,,,,,,,,,,,,,,,,,,,,2,,,,,,,,,,,,,,,,,,,,,,,,,,,,,,,,,,,,,,,,,,,,,,,,,,,,,,,,,,,,,,,,,,,,,,,,,,,,,,,,,,,,,,,,,,,,,,,,,,,,,,,,,,,,,,,,,,,,,,,,,,,,,,,,,,,,,,,,,,,,,,,,,,,,,,,,,,,,,,,
1326999102772476,100063871970753,"Zener SA","Bonne célébration de la Toussaint. 🕯️

Pensées pour toutes ces familles. Que la paix vous accompagne, là où vous êtes. 🙏🏾

#zener #Toussaint",,0,"10/31/2025 15:45",N/A,https://www.facebook.com/zenertg/posts/pfbid065VSYnLZrLWu3gKENecrMw4BL8X5Yrsf4HQVw781184pGFP5LwPa3PFxmzoz7Wsvl,0,0,Photos,,,,,Global,502,315,16,14,0,2,7,,3,502,0,315,0,0,0,0,0,0,0,0,0,0,0,0,0,0,0,0,0,0,0,0,0,,,,,,,,,,,,,,,,,,,,,,,,,,,,,,,,,,4,,,,,,,,,,,,,,,,,,,,,,,,,,,,,,,,,,,,,,,,,,,,,,,,,,,,,,,,,,,,,,,,,,,,,,,,,,,,,,,,,,,,,,,,,,,,,,,,,,,,,,,,,,,,,,,,,,,,,,,,,,,,,,,,,,,,,,,,,,,,,,,,,,,,,,,,,,,,,,,
1327834819355571,100063871970753,"Zener SA","Tchalley, tu as encore 61 jours avant la
fin de l’année pour avoir ta Zencard 😌
Juste un petit rappel si tu hésites encore. 😎

Bon mois de novembre à tous. 🥳

#zener #Carburant #Selfservice",,0,"11/01/2025 12:56",N/A,https://www.facebook.com/zenertg/posts/pfbid02JrQB3MmFkEviULPSxTMjbiKr7fLzqreoHYVdtBoiVrgyuSNXGNr4HEf7b6HKxiRl,0,0,Photos,,,,,Global,6401,4196,64,42,21,1,156,,121,6401,0,4196,0,0,0,0,0,0,0,0,0,0,0,0,0,0,0,0,0,0,0,0,0,,,,,,,,,,,,,,,,,,,,,,,,,,,,,,,,,,35,,,,,,,,,,,,,,,,,,,,,,,,,,,,,,,,,,,,,,,,,,,,,,,,,,,,,,,,,,,,,,,,,,,,,,,,,,,,,,,,,,,,,,,,,,,,,,,,,,,,,,,,,,,,,,,,,,,,,,,,,,,,,,,,,,,,,,,,,,,,,,,,,,,,,,,,,,,,,,,
1329291635876556,100063871970753,"Zener SA","Nous, on appelle ça le Baptême ZenCard.
Si tu as un doute, lève la main ! Nous sommes là pour t'aider à faire ton premier plein 100% Zen.

On t'assure que c'est simple🤗

#Zener #Zencard #Zenfamili #communauté",,0,"11/03/2025 03:16",N/A,https://www.facebook.com/zenertg/posts/pfbid029pi5Ufc8wrUA1ByaDHY6iTsuzF1QGRKBs66kNiWAmax3k8wSYuW8CjLCruq7yf3Ll,0,0,Photos,,,,,Global,1035,716,20,18,0,2,7,,6,1035,0,716,0,0,0,0,0,0,0,0,0,0,0,0,0,0,0,0,0,0,0,0,0,,,,,,,,,,,,,,,,,,,,,,,,,,,,,,,,,,1,,,,,,,,,,,,,,,,,,,,,,,,,,,,,,,,,,,,,,,,,,,,,,,,,,,,,,,,,,,,,,,,,,,,,,,,,,,,,,,,,,,,,,,,,,,,,,,,,,,,,,,,,,,,,,,,,,,,,,,,,,,,,,,,,,,,,,,,,,,,,,,,,,,,,,,,,,,,,,,
1330188462453540,100063871970753,"Zener SA","📍Le meilleur carburant du monde ne sert à rien si on ne prend pas le temps d'arriver à destination.

Ralentissez, respectez les distances.
Votre famille vous attend ! 👨‍👩‍👧‍👦

#Zener #Zencard #route #Prévention",,0,"11/04/2025 02:25",N/A,https://www.facebook.com/zenertg/posts/pfbid0P157CMtv2xLGZr3CK2V91UPydwLxW3CY8iCZgioCXsQKqL5uLA7w8sMKQyQeHG1Ul,0,0,Photos,,,,,Global,978,636,19,17,0,2,17,,9,978,0,636,0,0,0,0,0,0,0,0,0,0,0,0,0,0,0,0,0,0,0,0,0,,,,,,,,,,,,,,,,,,,,,,,,,,,,,,,,,,8,,,,,,,,,,,,,,,,,,,,,,,,,,,,,,,,,,,,,,,,,,,,,,,,,,,,,,,,,,,,,,,,,,,,,,,,,,,,,,,,,,,,,,,,,,,,,,,,,,,,,,,,,,,,,,,,,,,,,,,,,,,,,,,,,,,,,,,,,,,,,,,,,,,,,,,,,,,,,,,
1331210345684685,100063871970753,"Zener SA","Que suis-je ?
On parie que tu l'as dans la poche ! 😉

Tague la personne qui n'a pas encore ce
trésor dans la #ZenFamili pour qu'elle
devine !

#Zener #énergie #zencard #carburant",,0,"11/05/2025 04:35",N/A,https://www.facebook.com/zenertg/posts/pfbid0Ptcqt28YE5MXYPB4b8UCZ74JAFjba73kVDfytsDKqbQCNer7uuwJhF5AyiXfL6vml,0,0,Photos,,,,,Global,871,537,25,14,10,1,27,,24,871,0,537,0,0,0,0,0,0,0,0,0,0,0,0,0,0,0,0,0,0,0,0,0,,,,,,,,,,,,,,,,,,,,,,,,,,,,,,,,,,3,,,,,,,,,,,,,,,,,,,,,,,,,,,,,,,,,,,,,,,,,,,,,,,,,,,,,,,,,,,,,,,,,,,,,,,,,,,,,,,,,,,,,,,,,,,,,,,,,,,,,,,,,,,,,,,,,,,,,,,,,,,,,,,,,,,,,,,,,,,,,,,,,,,,,,,,,,,,,,,
1332180838920969,100063871970753,"Zener SA","🔥 Y’a que ZENER pour gâter ses clients comme ça. 😎

La promo sur nos lubrifiants continue jusqu’au 9 novembre. 

Ne rates pas ça 😌

#Zener #promo #lubrifiants",,0,"11/06/2025 05:20",N/A,https://www.facebook.com/zenertg/posts/pfbid02DD4wm4cv9n4p8EERBgjebsSZPFjVsyWeFmpUFVcp4PzBk66K3hn4mUFkxGmSdSxkl,0,0,Photos,,,,,Global,4212,2447,60,47,2,11,409,,169,4212,0,2447,0,0,0,0,0,0,0,0,0,0,0,0,0,0,0,0,0,0,0,0,0,,,,,,,,,,,,,,,,,,,,,,,,,,,,,,,,,,240,,,,,,,,,,,,,,,,,,,,,,,,,,,,,,,,,,,,,,,,,,,,,,,,,,,,,,,,,,,,,,,,,,,,,,,,,,,,,,,,,,,,,,,,,,,,,,,,,,,,,,,,,,,,,,,,,,,,,,,,,,,,,,,,,,,,,,,,,,,,,,,,,,,,,,,,,,,,,,,
1332825765523143,100063871970753,"Zener SA","Les records ne se battent pas seuls. ZENER est toujours dans les coulisses. 😏

📍Rendez-vous demain, 08 novembre  sur l’esplanade du stade de kegué 

#zener #partenaire #togoguinessworldrecord #chefcelia",,0,"11/06/2025 23:50",N/A,https://www.facebook.com/zenertg/posts/pfbid02QbMTddPQv9XydGqAiL6mK154bJDoJhKnPcpLm4U9anpWTpSQajqjeXkii2CWMh4kl,0,0,Photos,,,,,Global,2002,1299,40,34,4,2,51,,31,2002,0,1299,0,0,0,0,0,0,0,0,0,0,0,0,0,0,0,0,0,0,0,0,0,,,,,,,,,,,,,,,,,,,,,,,,,,,,,,,,,,20,,,,,,,,,,,,,,,,,,,,,,,,,,,,,,,,,,,,,,,,,,,,,,,,,,,,,,,,,,,,,,,,,,,,,,,,,,,,,,,,,,,,,,,,,,,,,,,,,,,,,,,,,,,,,,,,,,,,,,,,,,,,,,,,,,,,,,,,,,,,,,,,,,,,,,,,,,,,,,,
1333255448813508,100063871970753,"Zener SA","🏴󠁧󠁢󠁥󠁮󠁧󠁿 : Vulcanizer 

🇹🇬 : Bognaizaaaa",,0,"11/07/2025 09:58",N/A,https://www.facebook.com/zenertg/posts/pfbid0EfpMinqHqgp6RVd7vKj7Lcpx63wpXqi8HqcT8aikg8WqV1S9YLTkME3KYszbuhbKl,0,0,Texte,,,,,Global,14072,7923,235,155,68,12,605,,605,14072,0,7923,0,0,0,0,0,0,0,0,0,0,0,0,0,0,0,0,0,0,0,0,0,,,,,,,,,,,,,,,,,,,,,,,,,,,,,,,,,,,,,,,,,,,,,,,,,,,,,,,,,,,,,,,,,,,,,,,,,,,,,,,,,,,,,,,,,,,,,,,,,,,,,,,,,,,,,,,,,,,,,,,,,,,,,,,,,,,,,,,,,,,,,,,,,,,,,,,,,,,,,,,,,,,,,,,,,,,,,,,,,,,,,,,,,,,,,,,,,
1333914382080948,100063871970753,"Zener SA","Quand tu sais que ton carburant est de la qualité Xtrazole, tu le sert toi-même
avec fierté.

C'est l'autonomie garantie par la
simplicité Zener. ⛽

#zener #Carburant #Selfservice",,0,"11/08/2025 03:57",N/A,https://www.facebook.com/zenertg/posts/pfbid02mh41xXC7J9WU9VP84DN8NXcsqrb4tkZJSC43z4qAbGVnSXKUTWPDfERf4Y47Mkesl,0,0,Photos,,,,,Global,594,344,13,12,0,1,3,,2,594,0,344,0,0,0,0,0,0,0,0,0,0,0,0,0,0,0,0,0,0,0,0,0,,,,,,,,,,,,,,,,,,,,,,,,,,,,,,,,,,1,,,,,,,,,,,,,,,,,,,,,,,,,,,,,,,,,,,,,,,,,,,,,,,,,,,,,,,,,,,,,,,,,,,,,,,,,,,,,,,,,,,,,,,,,,,,,,,,,,,,,,,,,,,,,,,,,,,,,,,,,,,,,,,,,,,,,,,,,,,,,,,,,,,,,,,,,,,,,,,
1335687425236977,100063871970753,"Zener SA","🫶🏽 On prend soin des moteurs de vos engins avec Xtrazole et Xtraline pour garantir la performance.
Alors, pourquoi pas penser aux hommes qui les conduisent ! 🤝

Ce mois-ci, Zener met en lumière le cancer de la prostate. Messieurs, le dépistage est la première source d'énergie pour une longue vie.

#November #Sefairedépister
#Zener #novembrebleu",,0,"11/10/2025 02:50",N/A,https://www.facebook.com/zenertg/posts/pfbid02FnaSpWrP6DpcXir35nqMzGKFkNB5FytYytBMk6bNo352hDAoPxmoki1YixSBk9ynl,0,0,Photos,,,,,Global,720,488,10,9,0,1,13,,6,720,0,488,0,0,0,0,0,0,0,0,0,0,0,0,0,0,0,0,0,0,0,0,0,,,,,,,,,,,,,,,,,,,,,,,,,,,,,,,,,,7,,,,,,,,,,,,,,,,,,,,,,,,,,,,,,,,,,,,,,,,,,,,,,,,,,,,,,,,,,,,,,,,,,,,,,,,,,,,,,,,,,,,,,,,,,,,,,,,,,,,,,,,,,,,,,,,,,,,,,,,,,,,,,,,,,,,,,,,,,,,,,,,,,,,,,,,,,,,,,,
1336616448477408,100063871970753,"Zener SA","L’Ayimolou de la chef Celia et la
ZenCard, les deux choses essentielles à
Lomé cette semaine ! 😉

Vrai ou vrai ?

#Zener #Zencard #Guinessworldrecord",,0,"11/11/2025 03:10",N/A,https://www.facebook.com/zenertg/posts/pfbid0UDaoZkWdcv9cAbp7hhQhip49MLypGBKbEc2GD4mVQZyxR9Hk8ZizQt9YifvLQKWZl,0,0,Photos,,,,,Global,3019,2041,48,37,7,4,55,,36,3019,0,2041,0,0,0,0,0,0,0,0,0,0,0,0,0,0,0,0,0,0,0,0,0,,,,,,,,,,,,,,,,,,,,,,,,,,,,,,,,,,19,,,,,,,,,,,,,,,,,,,,,,,,,,,,,,,,,,,,,,,,,,,,,,,,,,,,,,,,,,,,,,,,,,,,,,,,,,,,,,,,,,,,,,,,,,,,,,,,,,,,,,,,,,,,,,,,,,,,,,,,,,,,,,,,,,,,,,,,,,,,,,,,,,,,,,,,,,,,,,,
1337719298367123,100063871970753,"Zener SA","Imaginez juste un petit moment 🤓

#Zener",,0,"11/12/2025 08:00",N/A,https://www.facebook.com/zenertg/posts/pfbid0ns6Gv1Hs6zgKJguuWiz5oxXwCiHs7cYVzdLvCSZq9Jcj739dLYohS8SDURU3oS5Ql,0,0,Photos,,,,,Global,1290,807,32,25,6,1,21,,18,1290,0,807,0,0,0,0,0,0,0,0,0,0,0,0,0,0,0,0,0,0,0,0,0,,,,,,,,,,,,,,,,,,,,,,,,,,,,,,,,,,3,,,,,,,,,,,,,,,,,,,,,,,,,,,,,,,,,,,,,,,,,,,,,,,,,,,,,,,,,,,,,,,,,,,,,,,,,,,,,,,,,,,,,,,,,,,,,,,,,,,,,,,,,,,,,,,,,,,,,,,,,,,,,,,,,,,,,,,,,,,,,,,,,,,,,,,,,,,,,,,
1338392281633158,100063871970753,"Zener SA","DÉFI DU JOUR : Demande du carburant à ton pompiste sans dire 'Sers-moi' !

Tu dirais quoi ? 😂
Le meilleur commentaire gagne notre
respect éternel !

Tague tes amis pour voir s'ils trouvent
la bonne phrase !

#DéfiZen #Zener #Energie #Carburant #Oasis",,0,"11/13/2025 03:30",N/A,https://www.facebook.com/zenertg/posts/pfbid02pxCoYJkfPmgqCJPVd4qk45KbQWMZgeseVQZQNffds62vQ4gXfNrywMkmVxZ2su9Tl,0,0,Photos,,,,,Global,5743,3555,91,38,51,2,233,,213,5743,0,3555,0,0,0,0,0,0,0,0,0,0,0,0,0,0,0,0,0,0,0,0,0,,,,,,,,,,,,,,,,,,,,,,,,,,,,,,,,,,20,,,,,,,,,,,,,,,,,,,,,,,,,,,,,,,,,,,,,,,,,,,,,,,,,,,,,,,,,,,,,,,,,,,,,,,,,,,,,,,,,,,,,,,,,,,,,,,,,,,,,,,,,,,,,,,,,,,,,,,,,,,,,,,,,,,,,,,,,,,,,,,,,,,,,,,,,,,,,,,
1339488588190194,100063871970753,"Zener SA","🚨La ZenFamili, on a un problème de taille ! 🤯

Aidez notre frère Kossi
Voici l'histoire de notre Zémidjan, disons... Kossi :

Kossi a croisé la plus belle fille de Lomé à l'Oasis Tam Tam. Ni une, ni deux, le cœur a parlé ! Il l'a suivie discrètement (enfin, il croyait l'être) jusqu'à ce qu'il se retrouve à... l'Oasis Kara ! 😱

Le problème ? Le réservoir était vide, l'amour avait brûlé tout le Super du patron. Kossi n'avait pas un franc, mais il avait la ZenCard de son patron dans la poche ! 💳

Ni une, ni deux, il a fait le plein pour rentrer à Lomé. (La ZenCard a sauvé
sa peau ! Merci l'efficacité !) 😎

MAIS MAINTENANT : L’historique de compte de la ZenCard du patron va
montrer un plein non autorisé à Kara. 😭

AIDEZ KOSSI : Quelle est l'excuse la plus Zen, la plus drôle et la plus
plausible qu'il peut donner à son patron pour ne pas se faire virer ?

#Zener #aideznous #zencard #carburant",,0,"11/14/2025 10:57",N/A,https://www.facebook.com/zenertg/posts/pfbid0GpKJgbbGLoShD7nBq99BQBcaAzyyytB1NEUM7nJhgETZ8sHvaYoJDMUAdArvhBfrl,0,0,Photos,,,,,Global,2855,1784,47,23,23,1,78,,70,2855,0,1784,0,0,0,0,0,0,0,0,0,0,0,0,0,0,0,0,0,0,0,0,0,,,,,,,,,,,,,,,,,,,,,,,,,,,,,,,,,,8,,,,,,,,,,,,,,,,,,,,,,,,,,,,,,,,,,,,,,,,,,,,,,,,,,,,,,,,,,,,,,,,,,,,,,,,,,,,,,,,,,,,,,,,,,,,,,,,,,,,,,,,,,,,,,,,,,,,,,,,,,,,,,,,,,,,,,,,,,,,,,,,,,,,,,,,,,,,,,,
1342502694555450,100063871970753,"Zener SA","Ekekem yina kpoé , aucune goute de perdue 😎
tu te sers, tu contrôles .

#Zener #Zencard #Zenfamili #selfservice",,0,"11/18/2025 05:05",N/A,https://www.facebook.com/zenertg/posts/pfbid02kawppKXJWGJptNBTES56SWbCA4DNrqF1zyRq1UJPH3sVQu9Qopa3GB1u63brQR5dl,0,0,Photos,,,,,Global,5101,3264,75,62,12,1,146,,121,5101,0,3264,0,0,0,0,0,0,0,0,0,0,0,0,0,0,0,0,0,0,0,0,0,,,,,,,,,,,,,,,,,,,,,,,,,,,,,,,,,,25,,,,,,,,,,,,,,,,,,,,,,,,,,,,,,,,,,,,,,,,,,,,,,,,,,,,,,,,,,,,,,,,,,,,,,,,,,,,,,,,,,,,,,,,,,,,,,,,,,,,,,,,,,,,,,,,,,,,,,,,,,,,,,,,,,,,,,,,,,,,,,,,,,,,,,,,,,,,,,,
1343255351146851,100063871970753,"Zener SA","Dis-nous comment tu payes à la
pompe. On prépare des surprises pour
les vrais habitués. 🌝

Met un pouce 👍🏽 ou mets un cœur ❤️ 

#Zener #Zencard",,0,"11/19/2025 03:59",N/A,https://www.facebook.com/zenertg/posts/pfbid0NP2psUqHg1phVXuGQjgSTAQTBeC7yutGjYDgBNdjtPv4wsHLzqmuk1kpXokxZNrpl,0,0,Photos,,,,,Global,4533,2761,94,62,31,1,143,,124,4533,0,2761,0,0,0,0,0,0,0,0,0,0,0,0,0,0,0,0,0,0,0,0,0,,,,,,,,,,,,,,,,,,,,,,,,,,,,,,,,,,19,,,,,,,,,,,,,,,,,,,,,,,,,,,,,,,,,,,,,,,,,,,,,,,,,,,,,,,,,,,,,,,,,,,,,,,,,,,,,,,,,,,,,,,,,,,,,,,,,,,,,,,,,,,,,,,,,,,,,,,,,,,,,,,,,,,,,,,,,,,,,,,,,,,,,,,,,,,,,,,
1344857327653320,100063871970753,"Zener SA","Si tu es fort donne le nom de ceci
on parie que tu ne vas pas trouver ! 😂

#Zener #énergie #zencard #carburant",,0,"11/21/2025 02:30",N/A,https://www.facebook.com/zenertg/posts/pfbid0V5VXWNRdt8eZzcubXVTr34iTcEjBVBJgihRPykTBZFihYrr9ixf393NghBEHNFwUl,0,0,Photos,,,,,Global,8443,5153,117,43,71,3,352,,328,8443,0,5153,0,0,0,0,0,0,0,0,0,0,0,0,0,0,0,0,0,0,0,0,0,,,,,,,,,,,,,,,,,,,,,,,,,,,,,,,,,,24,,,,,,,,,,,,,,,,,,,,,,,,,,,,,,,,,,,,,,,,,,,,,,,,,,,,,,,,,,,,,,,,,,,,,,,,,,,,,,,,,,,,,,,,,,,,,,,,,,,,,,,,,,,,,,,,,,,,,,,,,,,,,,,,,,,,,,,,,,,,,,,,,,,,,,,,,,,,,,,
1345064550965931,100063871970753,"Zener SA","🥳 On sait que vous adorez vos moteurs… alors on prolonge la promo sur les lubrifiants jusqu’au 30 novembre. 

N’oublie pas de partager l’information pour en faire profiter aux autres.",,0,"11/21/2025 07:18",N/A,https://www.facebook.com/zenertg/posts/pfbid0RkxP4JU51XBHEX8F8uFwEAo6nREVKtEnDnBh5aeqSuVggCB8s1X5y4dig3nm6ZsEl,0,1,Photos,,,,,Global,620,378,11,11,0,0,24,,12,620,0,378,0,0,0,0,0,0,0,0,0,0,0,0,0,0,0,0,0,0,0,0,0,,,,,,,,,,,,,,,,,,,,,,,,,,,,,,,,,,12,,,,,,,,,,,,,,,,,,,,,,,,,,,,,,,,,,,,,,,,,,,,,,,,,,,,,,,,,,,,,,,,,,,,,,,,,,,,,,,,,,,,,,,,,,,,,,,,,,,,,,,,,,,,,,,,,,,,,,,,,,,,,,,,,,,,,,,,,,,,,,,,,,,,,,,,,,,,,,,
1347247674080952,100063871970753,"Zener SA","Bon début de semaine 🚀 !

N’oublie pas de faire le plein d’énergie ⛽ pour minimum tenir jusqu’au vendredi.

#Zener #Zencard #Zenfamili #selfservice",,0,"11/24/2025 01:40",N/A,https://www.facebook.com/zenertg/posts/pfbid02U8tNdpAAGQV5pcbBvk2Eb8dkxE7iekpU6iWgayjMpds4YtRpggLQLNEczEjv9aHAl,0,0,Photos,,,,,Global,2948,1787,45,40,4,1,61,,45,2948,0,1787,0,0,0,0,0,0,0,0,0,0,0,0,0,0,0,0,0,0,0,0,0,,,,,,,,,,,,,,,,,,,,,,,,,,,,,,,,,,16,,,,,,,,,,,,,,,,,,,,,,,,,,,,,,,,,,,,,,,,,,,,,,,,,,,,,,,,,,,,,,,,,,,,,,,,,,,,,,,,,,,,,,,,,,,,,,,,,,,,,,,,,,,,,,,,,,,,,,,,,,,,,,,,,,,,,,,,,,,,,,,,,,,,,,,,,,,,,,,
1348132150659171,100063871970753,"Zener SA","329 jours, c’est un parcours. 🤌🏼
Pas parfait, mais vrai. Et ça, c’est déjà grand. 

Vous pouvez applaudir pour vous 😌

#zener",,0,"11/25/2025 04:17",N/A,https://www.facebook.com/zenertg/posts/pfbid0W3QewNVM3gx8siMgS5ncbmgBRJe1KYkrTdBRiMFrQU1dMWsyJDg4RdWqqz3CZvJnl,0,0,Photos,,,,,Global,1283,816,30,23,5,2,23,,14,1283,0,816,0,0,0,0,0,0,0,0,0,0,0,0,0,0,0,0,0,0,0,0,0,,,,,,,,,,,,,,,,,,,,,,,,,,,,,,,,,,9,,,,,,,,,,,,,,,,,,,,,,,,,,,,,,,,,,,,,,,,,,,,,,,,,,,,,,,,,,,,,,,,,,,,,,,,,,,,,,,,,,,,,,,,,,,,,,,,,,,,,,,,,,,,,,,,,,,,,,,,,,,,,,,,,,,,,,,,,,,,,,,,,,,,,,,,,,,,,,,
1348974347241618,100063871970753,"Zener SA","Tu as une moto 🛵 ? Une voiture 🚗 ? Alors viens t’équiper !

La carte carburant Zencard, c’est ton
passeport carburant, paiement de gaz,
lubrifiant , restaurant BONICI avec une
application ( La Zenfamili qui t’aide à
suivre tes dépenses.

👉🏽Munis-toi de ta pièce d’identité + 1000 Fr et rejoins nous dans nos oasis.

#Zener #Zencard #energie
#cartecarburant",,0,"11/26/2025 05:04",N/A,https://www.facebook.com/zenertg/posts/pfbid02FmvSXJKjX7RUirskzeiCVrxnFUwxR2vuEneZTEZ3XZhL3546rbUQH9CkQg3Bz4q4l,0,0,Photos,,,,,Global,2530,1612,40,36,2,2,40,,32,2530,0,1612,0,0,0,0,0,0,0,0,0,0,0,0,0,0,0,0,0,0,0,0,0,,,,,,,,,,,,,,,,,,,,,,,,,,,,,,,,,,8,,,,,,,,,,,,,,,,,,,,,,,,,,,,,,,,,,,,,,,,,,,,,,,,,,,,,,,,,,,,,,,,,,,,,,,,,,,,,,,,,,,,,,,,,,,,,,,,,,,,,,,,,,,,,,,,,,,,,,,,,,,,,,,,,,,,,,,,,,,,,,,,,,,,,,,,,,,,,,,
1350424420429944,100063871970753,"Zener SA","Qui a déjà oublié son code ?
On fait les malins à la pompe, mais le
cerveau parfois fait grève 😅.

Idéalement, notez-le sur une petite feuille ✍ et gardez-le bien.

Parce que sans code pas de carburant, pas de voyage 🚫⛽

#Zener #énergie #zencard #carburant",,0,"11/28/2025 00:57",N/A,https://www.facebook.com/zenertg/posts/pfbid02PctfHcYq7BV3k7JnSmoYJ6U5XBpmLgao7xBEQCYTqRharQhK2WCQ4P5261KXTeRXl,0,0,Photos,,,,,Global,1929,1148,32,22,7,3,40,,30,1929,0,1148,0,0,0,0,0,0,0,0,0,0,0,0,0,0,0,0,0,0,0,0,0,,,,,,,,,,,,,,,,,,,,,,,,,,,,,,,,,,10,,,,,,,,,,,,,,,,,,,,,,,,,,,,,,,,,,,,,,,,,,,,,,,,,,,,,,,,,,,,,,,,,,,,,,,,,,,,,,,,,,,,,,,,,,,,,,,,,,,,,,,,,,,,,,,,,,,,,,,,,,,,,,,,,,,,,,,,,,,,,,,,,,,,,,,,,,,,,,,
1351545610317825,100063871970753,"Zener SA","Zener est à la Foire Togo 2000 🥳

Venez vivre l’expérience énergie sur notre stand : animations, innovations, jeux et cadeaux vous attendent 🎁🔥  

📍Esplanade en face de la direction CETEF  
📍Pavillon Agou  

L’énergie est là. Vous venez quand ?

#foiretogo2000 #zenerenergie #zenfamili #innovationlocale",,0,"11/29/2025 11:15",N/A,https://www.facebook.com/zenertg/posts/pfbid02JZzNc4MHDoR3dMMkRzpvSjFzCrmsRi62t9kDMbLL6YbMJjQA1c6j6e9AHTzbNmCrl,0,0,Photos,,,,,Global,1456,926,27,20,3,4,15,,6,1456,0,926,0,0,0,0,0,0,0,0,0,0,0,0,0,0,0,0,0,0,0,0,0,,,,,,,,,,,,,,,,,,,,,,,,,,,,,,,,,,9,,,,,,,,,,,,,,,,,,,,,,,,,,,,,,,,,,,,,,,,,,,,,,,,,,,,,,,,,,,,,,,,,,,,,,,,,,,,,,,,,,,,,,,,,,,,,,,,,,,,,,,,,,,,,,,,,,,,,,,,,,,,,,,,,,,,,,,,,,,,,,,,,,,,,,,,,,,,,,,
1353411500131236,100063871970753,"Zener SA","Oléfi oléplé chez nous ! 😂

📍Si tu passes à la foire, fonce à l’esplanade Oti ou au pavillon Agou !  

Tu entends parler de la Zencard mais tu sais pas ce que c’est ?  C’est le moment idéal pour tout découvrir 👀

Et en plus, nos gaz sont en promo 🥳  

L’énergie est là, alors n’hésite pas. 

#FoireFun #zeneralafoire  #Zencard #Foiretogo2000",,0,"12/01/2025 23:28",N/A,https://www.facebook.com/zenertg/posts/pfbid0hD8iMPpfD98hwLQy9D86GshPxHeuPwc9n4BhUc68A8ApLPocYWwqxMo339w8YSpsl,0,0,Photos,,,,,Global,12886,8926,162,145,12,5,1484,127,554,4346,8540,6698,7197,0,0,0,0,0,0,0,0,0,0,0,0,0,0,0,0,0,0,0,0,,,,,,,,,,,,,,,,,,,,,,,,,,,,,,,,,,803,,,,,,,,,,,,,,,,,,,,,,,,,,,,,,,,,,,,,,,,,,,,,,,,,,,,,,,,,,,,,,,,,,,,,,,,,,,,,,,,,,,,,,,,,,,,,,,,,,,,,,,,,,,,,,,,,,,,,,,,,,,,,,,,,,,,,,,,,,,,,,,,,,,,,,,,,,,,,,,
1354309493374770,100063871970753,"Zener SA","🎁 À vous la parole !
Si Zener pouvait vous offrir un cadeau de Noël… ce serait quoi ? 👇

Lâchez vos idées en commentaire, on lit tout !

#NoëlAvecZener #CadeauDeNoël",,0,"12/03/2025 04:07",N/A,https://www.facebook.com/zenertg/posts/pfbid0seNmraZeEW9LKbUAkCziVLPvHm9ttXcASnszbGzsUdoMRga82qoz5pF68MnDQu3xl,0,0,Photos,,,,,Global,7361,4541,120,55,62,3,75,,59,7361,0,4541,0,0,0,0,0,0,0,0,0,0,0,0,0,0,0,0,0,0,0,0,0,,,,,,,,,,,,,,,,,,,,,,,,,,,,,,,,,,16,,,,,,,,,,,,,,,,,,,,,,,,,,,,,,,,,,,,,,,,,,,,,,,,,,,,,,,,,,,,,,,,,,,,,,,,,,,,,,,,,,,,,,,,,,,,,,,,,,,,,,,,,,,,,,,,,,,,,,,,,,,,,,,,,,,,,,,,,,,,,,,,,,,,,,,,,,,,,,,
1358182232987496,100063871970753,"Zener SA","🙏 Notre meilleure réussite, c’est vous.

Cette année, vous avez été notre moteur, notre force, notre trophée. Merci la famille. 🙏🏾 

#zener #energie #Zenfamili",,0,"12/08/2025 01:27",N/A,https://www.facebook.com/zenertg/posts/pfbid0TXPr8QQfpX8E62LhMcoSXA7tee1brCtTxg3MCFxWbxARGgwU91uWfa27FjxGtrwel,0,0,Photos,,,,,Global,923,565,31,19,9,3,11,,10,923,0,565,0,0,0,0,0,0,0,0,0,0,0,0,0,0,0,0,0,0,0,0,0,,,,,,,,,,,,,,,,,,,,,,,,,,,,,,,,,,1,,,,,,,,,,,,,,,,,,,,,,,,,,,,,,,,,,,,,,,,,,,,,,,,,,,,,,,,,,,,,,,,,,,,,,,,,,,,,,,,,,,,,,,,,,,,,,,,,,,,,,,,,,,,,,,,,,,,,,,,,,,,,,,,,,,,,,,,,,,,,,,,,,,,,,,,,,,,,,,
1359100286229024,100063871970753,"Zener SA","Plus que quelques jours avant la fin de la foire… Kaba Kaba, si tu n’as pas ton gaz, c’est le moment de courir profiter !🏃🏽‍♀️

📍Rdv sur l’esplanade du CETEF 

#Zener #energie #sodigaz","Plus que quelques jours avant la fin de la foire… Kaba Kaba, si tu n’as pas ton gaz, c’est le moment de courir profiter !🏃🏽‍♀️

📍Rdv sur l’esplanade du CETEF 

#Zener #energie #sodigaz",36,"12/09/2025 05:26",uploaded,https://www.facebook.com/reel/25844809938455969/,0,0,Vidéos,,,,,Global,722,876,27,27,0,0,20,,20,722,0,876,0,294,0,279,0,0,294,0,0,0,0,2499.47,0,2893.828,0,6.613,0,10.601,0,0,0,1,1,0.99,0.99,0.99,0.99,0.99,0.99,0.99,0.99,0.99,0.99,0.99,0.99,0.99,0.99,0.95,0.91,0.91,0.87,0.86,0.82,0.79,0.75,0.71,0.69,0.67,0.64,0.63,0.62,0.61,0.6,0.58,,,5393.298,8.284,0,0,0,0.98,0.98,0.99,0.99,0.81,0.72,0.64,0.58,0.51,0.47,0.45,0.43,0.41,0.4,0.39,0.37,0.35,0.34,0.34,0.32,0.32,0.3,0.29,0.28,0.26,0.26,0.25,0.24,0.23,0.23,0.23,0.22,0.22,0.22,0.2,0.2,0.18,,,,,0.58,0.54,0.53,0.48,,,,,123,56,26,30,10,17,9,10,2,1,6,1,255,3,5,3,6,2,1,,,1,1,1,1,2,3,,2,,,2,,1,,,,,,,2,,,,,,,,,,,,2,,,,,,,,,,,,,,,,,,,,,,,,,,,,,,,,,,,,,,,,,,,,,,,,,,1,
1359954542810265,100063871970753,"Zener SA","Les jaloux qui aiment bien parler vont seulement maigrir.😏 

Viens chercher ton gaz, et montre-leur que tu es prêt(e) à régaler torr. 

Ne rate pas les promos en cours sur notre stand à la foire actuellement 🥳

#Zener #promo #foiretogo2000","Les jaloux qui aiment bien parler vont seulement maigrir.😏 

Viens chercher ton gaz, et montre-leur que tu es prêt(e) à régaler torr. 

Ne rate pas les promos en cours sur notre stand à la foire actuellement 🥳

#Zener #promo #foiretogo2000",15,"12/10/2025 06:27",N/A,https://www.facebook.com/reel/2244116582765955/,0,0,Vidéos,,,,,Global,333,232,10,10,0,0,3,,3,333,0,232,0,125,0,107,0,0,125,0,0,0,0,568.669,0,1248.69,0,5.468,0,8.057,0,0,0,1,1,1,1,1,1,1,1,1,1,1,1,1,1,1,1,0.88,,,,,,,,,,,,,,,,,,,1817.359,7.016,0,0,0,1,1,1,1,0.9,0.82,0.7,0.62,0.52,0.46,0.43,0.42,0.41,0.41,0.39,0.31,0.22,,,,,,,,,,,,,,,,,,,,,,,,,,,,,,,,,42,24,20,13,2,3,4,6,4,1,4,,98,8,,3,3,1,2,,,1,,1,,,,,,,,3,,1,,,,,,,1,1,,,,,,,,,,,,,,,,,,,,,,2,,,,,,,,,,,,,,,,,,,,,,,,,,,,,,,,,,,,,,,,
1361712365967816,100063871970753,"Zener SA","En toute franchise dites-nous ! 😂

Mais il faut reconnaitre que l'homme est fort on continue d'avancer 😌☝🏼.

#Zener #zenfamili",,0,"12/12/2025 11:04",N/A,https://www.facebook.com/zenertg/posts/pfbid02fPJoWYwnMAmg8mfmFqxx9pYYiogb9siuH25ZHykBccHfbLiXwHkvsr2eRPTE2R3Zl,0,0,Photos,,,,,Global,690,408,20,15,3,2,7,,6,690,0,408,0,0,0,0,0,0,0,0,0,0,0,0,0,0,0,0,0,0,0,0,0,,,,,,,,,,,,,,,,,,,,,,,,,,,,,,,,,,1,,,,,,,,,,,,,,,,,,,,,,,,,,,,,,,,,,,,,,,,,,,,,,,,,,,,,,,,,,,,,,,,,,,,,,,,,,,,,,,,,,,,,,,,,,,,,,,,,,,,,,,,,,,,,,,,,,,,,,,,,,,,,,,,,,,,,,,,,,,,,,,,,,,,,,,,,,,,,,,
1362356132570106,100063871970753,"Zener SA","Après cette journée, il ne reste qu’1 jour avant la fin de la 20 eme foire internationale de Lomé, et tu veux vraiment rater ta ZENCARD ? 

Passe au stand ZENER au pavillon Agou, on t’attend 😎.

#Zener #Zencard","Après cette journée, il ne reste qu’1 jour avant la fin de la 20 eme foire internationale de Lomé, et tu veux vraiment rater ta ZENCARD ? 

Passe au stand ZENER au pavillon Agou, on t’attend 😎.

#Zener #Zencard",40,"12/13/2025 07:30",N/A,https://www.facebook.com/reel/879514441095342/,0,0,Vidéos,,,,,Global,708,669,17,17,0,0,9,,9,707,0,669,0,337,0,323,0,0,337,0,0,0,0,2272.047,0,2549.296,0,5.597,0,10.239,0,0,0,0.99,0.99,0.99,0.99,0.99,0.99,0.99,0.99,1,1,1,1,1,1,1,1,0.92,0.91,0.85,0.77,0.74,0.72,0.7,0.68,0.61,0.57,0.53,0.53,0.51,0.49,0.46,0.41,0.41,,,4821.343,7.36,0,0,0,0.99,0.99,0.99,0.99,0.89,0.77,0.64,0.53,0.5,0.42,0.36,0.32,0.26,0.23,0.22,0.22,0.2,0.2,0.19,0.17,0.16,0.15,0.15,0.14,0.13,0.12,0.11,0.11,0.11,0.1,0.09,0.08,0.08,0.08,0.08,0.08,0.08,0.08,0.07,0.05,0.04,0.41,0.41,0.39,0.39,0.38,0.35,0.26,0.22,109,74,34,20,26,14,14,7,18,6,8,3,176,20,15,2,5,6,19,5,1,,4,1,,8,22,,8,1,2,3,4,4,,1,2,,2,,5,1,1,,,1,4,1,,,,,2,2,,,,,,,,,,1,,,,,,2,,,,1,,,,,,,,,,,,,,,,1,,,1,,,,,,1,,,,1,1
1364766928995693,100063871970753,"Zener SA","🎄Mission décoration sapin de Noël😎

Alors, verdict ? Que pensez-vous de notre petit sapin de Noël ? 🎄

🤣 Maintenant, dites au Père Noël que c'est à lui de jouer... on a fait notre part 
😌

#Zener #noël","🎄Mission décoration sapin de Noël😎

Alors, verdict ? Que pensez-vous de notre petit sapin de Noël ? 🎄

🤣 Maintenant, dites au Père Noël que c'est à lui de jouer... on a fait notre part 
😌

#Zener #noël",34,"12/16/2025 10:37",N/A,https://www.facebook.com/reel/3890393624426468/,0,0,Vidéos,,,,,Global,706,588,38,30,7,1,41,,41,704,0,588,0,294,0,257,0,0,294,0,0,0,0,1438.85,107.181,4299.868,0,7.456,5.104,11.59,0,0,0,1,1,1,1,1,1,1,1,1,1,1,1,1,1,1,1,1,0.97,0.89,0.88,0.86,0.82,0.8,0.8,0.77,0.76,0.73,0.71,0.7,0.69,0.68,0.67,0.67,,,5845.899,9.992,0,0,0,0.99,0.99,0.99,0.99,0.9,0.8,0.67,0.56,0.52,0.51,0.49,0.47,0.46,0.44,0.42,0.4,0.39,0.36,0.34,0.34,0.33,0.31,0.31,0.31,0.29,0.29,0.28,0.27,0.26,0.26,0.25,0.25,0.25,0.23,0.23,0.23,0.21,,,,,0.66,0.66,0.66,0.62,,,,,96,44,57,16,4,24,8,10,4,6,14,10,246,25,,1,4,1,1,,,5,,2,,3,1,,,1,1,1,,,,,,,,,,,,,,,,,,,1,,,,,,,,,,,,,1,,,,,,,,,,,,,,,,,,,,,,,,,,,,,,,,,,,,,,,,
1367045855434467,100063871970753,"Zener SA","Presque 1 semaine déjà qu’on a bouclé l’expo à la foire Togo 2000 🎉. 

Merci à tous ceux qui sont passés au stand ZENER 🙌. 

Ceux qui ont raté la promo… vous avez vraiment raté 🤪. On croise les doigts pour que Papa Noël soit généreux pour nous permettre de lancer d’autres Promo 🎁✨

#Zener",,0,"12/19/2025 06:39",N/A,https://www.facebook.com/zenertg/posts/pfbid02pdkMHHqrLfyEXvySZfpWB6iyNonzFu4fU855HYkZcJ9YdyHnckwkFpN2buBCDg1Rl,0,0,Photos,,,,,Global,3294,1777,45,37,7,1,287,,113,3294,0,1777,0,0,0,0,0,0,0,0,0,0,0,0,0,0,0,0,0,0,0,0,0,,,,,,,,,,,,,,,,,,,,,,,,,,,,,,,,,,174,,,,,,,,,,,,,,,,,,,,,,,,,,,,,,,,,,,,,,,,,,,,,,,,,,,,,,,,,,,,,,,,,,,,,,,,,,,,,,,,,,,,,,,,,,,,,,,,,,,,,,,,,,,,,,,,,,,,,,,,,,,,,,,,,,,,,,,,,,,,,,,,,,,,,,,,,,,,,,,
1367751178697268,100063871970753,"Zener SA","Le Père Noël est actuellement à l’Oasis Telessou 🎅

Ceux qui veulent le voir et laisser vos vœux de Noël dépêchez-vous ! 

Ceux qui n’y croient pas c’est votre problème. 🤪😏

#Zener #Nöel",,0,"12/20/2025 03:14",N/A,https://www.facebook.com/zenertg/posts/pfbid0AYyU6Kb5etKYaR5V9hgPLdyx6cJwhyX2DqSDHCme4N5NdRmFzpJDP7U4e2JbW88ql,0,0,Photos,,,,,Global,9098,5539,113,98,14,1,229,,150,9098,0,5539,0,0,0,0,0,0,0,0,0,0,0,0,0,0,0,0,0,0,0,1,1,,,,,,,,,,,,,,,,,,,,,,,,,,,,,,,,,,79,,,,,,,,,,,,,,,,,,,,,,,,,,,,,,,,,,,,,,,,,,,,,,,,,,,,,,,,,,,,,,,,,,,,,,,,,,,,,,,,,,,,,,,,,,,,,,,,,,,,,,,,,,,,,,,,,,,,,,,,,,,,,,,,,,,,,,,,,,,,,,,1,1,,,,,,,,,,,,,,,
1369422741863445,100063871970753,"Zener SA","Pendant les fêtes, chaque geste compte. Un sourire, un partage, une attention… et une énergie qui nous relie tous.

Chez ZENER, nous sommes là pour que vos moments restent lumineux, chaleureux et pleins de vie. Que ce soit à la maison, sur la route ou en famille, gardez l’énergie… même pendant les fêtes.

#Zener",,0,"12/22/2025 05:14",N/A,https://www.facebook.com/zenertg/posts/pfbid0eC86XpeT3No7uaq5CcpkHUdugyrwVAC1Lsa57Hw46ff8trWjBygHu1iP7cutXM2l,0,0,Photos,,,,,Global,1663,1001,37,30,5,2,35,,23,1663,0,1001,0,0,0,0,0,0,0,0,0,0,0,0,0,0,0,0,0,0,0,0,0,,,,,,,,,,,,,,,,,,,,,,,,,,,,,,,,,,12,,,,,,,,,,,,,,,,,,,,,,,,,,,,,,,,,,,,,,,,,,,,,,,,,,,,,,,,,,,,,,,,,,,,,,,,,,,,,,,,,,,,,,,,,,,,,,,,,,,,,,,,,,,,,,,,,,,,,,,,,,,,,,,,,,,,,,,,,,,,,,,,,,,,,,,,,,,,,,,
1371027938369592,100063871970753,"Zener SA","On sait qu’actuellement c’est chaud et que vous n’avez pas d’oreille mais prenez ces conseils comme ça , Milévévédé nami looo. ☺️🙏🏾

#Zener #Zencard #Préventionaccident",,0,"12/24/2025 05:39",N/A,https://www.facebook.com/zenertg/posts/pfbid034E8pK7dnQ7rgrpcdxXV2sNGn3t1FmH3aG6tuuVFJoiApQtVBLhVAWKdaC6hPj19kl,0,0,Photos,,,,,Global,1164,713,22,15,4,3,51,,23,1164,0,713,0,0,0,0,0,0,0,0,0,0,0,0,0,0,0,0,0,0,0,0,0,,,,,,,,,,,,,,,,,,,,,,,,,,,,,,,,,,28,,,,,,,,,,,,,,,,,,,,,,,,,,,,,,,,,,,,,,,,,,,,,,,,,,,,,,,,,,,,,,,,,,,,,,,,,,,,,,,,,,,,,,,,,,,,,,,,,,,,,,,,,,,,,,,,,,,,,,,,,,,,,,,,,,,,,,,,,,,,,,,,,,,,,,,,,,,,,,,
1371370318335354,100063871970753,"Zener SA","Même la magie de Noël a besoin d'un bon plein d'énergie ! 🌟

Zener vous souhaite un Noël rempli de joie, de partage ! 🎄⛽️

#Zener #Noël",,0,"12/24/2025 13:44",N/A,https://www.facebook.com/zenertg/posts/pfbid0PM4GFT1fvno4BhSTPFTUrwS6PL3Wt5dzT8GcyCPjg7PfuidhtTP8pEnRCezvFCAfl,0,0,Photos,,,,,Global,836,500,14,10,2,2,3,,2,836,0,500,0,0,0,0,0,0,0,0,0,0,0,0,0,0,0,0,0,0,0,0,0,,,,,,,,,,,,,,,,,,,,,,,,,,,,,,,,,,1,,,,,,,,,,,,,,,,,,,,,,,,,,,,,,,,,,,,,,,,,,,,,,,,,,,,,,,,,,,,,,,,,,,,,,,,,,,,,,,,,,,,,,,,,,,,,,,,,,,,,,,,,,,,,,,,,,,,,,,,,,,,,,,,,,,,,,,,,,,,,,,,,,,,,,,,,,,,,,,
1371711784967874,100063871970753,"Zener SA","ZOYEUX NOËL 🎅🥳","ZOYEUX NOËL 🎅🥳

#zener",48,"12/25/2025 01:52",N/A,https://www.facebook.com/reel/2829199257471194/,0,0,Vidéos,,,,,Global,1536,1626,57,51,5,1,68,,68,1534,0,1626,0,873,0,835,0,0,873,0,0,0,0,6548.379,323.366,9489.834,0,8.085,10.106,18.18,0,0,0,1,1,1,1,1,1,1,1,1,1,1,1,1,1,0.98,0.96,0.93,0.88,0.86,0.81,0.79,0.77,0.74,0.73,0.71,0.69,0.66,0.65,0.62,0.62,0.6,0.54,0.52,,,16361.579,11.995,0,0,0,0.99,0.99,0.99,0.84,0.66,0.56,0.51,0.48,0.44,0.39,0.36,0.34,0.32,0.31,0.3,0.3,0.29,0.27,0.27,0.25,0.25,0.24,0.23,0.23,0.22,0.22,0.19,0.18,0.17,0.17,0.16,0.15,0.14,0.14,0.13,0.13,0.13,0.12,0.12,0.12,0.1,0.51,0.5,0.49,0.47,0.45,0.44,0.42,0.36,295,179,116,52,65,54,39,19,8,21,15,3,707,27,17,4,24,5,5,,,8,2,9,1,9,13,,,5,2,5,,6,,1,1,,,,,1,1,2,,,,1,,,1,,,,2,,2,,,,,,,1,,,,1,,,1,,,,1,,,,,,,,,,,,,,,3,1,1,1,1,1,,,,,,,,,
1374808831324836,100063871970753,"Zener SA","Si la patience était du carburant, le Togo serait la station la plus riche du monde ! ⛽️😂

2017 - 2025 : On attend toujours, mais on ne cale pas. À défaut d'aller au Maroc, Zener vous prepare un cadeau Bientôooot. 😏 

#Zener",,0,"12/29/2025 04:36",N/A,https://www.facebook.com/zenertg/posts/pfbid02eweHzADr26vqiXf6VvpZuqS2MddQULPkKxNMjn4ofwnGoAkZj5E1YyJ3iiiWzdL2l,0,0,Photos,,,,,Global,1482,846,49,35,12,2,48,,37,1482,0,846,0,0,0,0,0,0,0,0,0,0,0,0,0,0,0,0,0,0,0,0,0,,,,,,,,,,,,,,,,,,,,,,,,,,,,,,,,,,11,,,,,,,,,,,,,,,,,,,,,,,,,,,,,,,,,,,,,,,,,,,,,,,,,,,,,,,,,,,,,,,,,,,,,,,,,,,,,,,,,,,,,,,,,,,,,,,,,,,,,,,,,,,,,,,,,,,,,,,,,,,,,,,,,,,,,,,,,,,,,,,,,,,,,,,,,,,,,,,
1375626844576368,100063871970753,"Zener SA","On se connaît ici ! 😂 Les ""merci
beaucoup"" et les ""Dieu va te donner""

c'est gentil... mais un plein d'Extraline, c'est concret ! ⛽😏

#Zener",,0,"12/30/2025 05:58",N/A,https://www.facebook.com/zenertg/posts/pfbid0Zp3hK7U9eKKCM87E76PQLMMMN9CCGsZfVDB38NRep9wtLDCYMrR88RSnjrByGLukl,0,0,Photos,,,,,Global,1227,690,40,25,13,2,33,,27,1227,0,690,0,0,0,0,0,0,0,0,0,0,0,0,0,0,0,0,0,0,0,0,0,,,,,,,,,,,,,,,,,,,,,,,,,,,,,,,,,,6,,,,,,,,,,,,,,,,,,,,,,,,,,,,,,,,,,,,,,,,,,,,,,,,,,,,,,,,,,,,,,,,,,,,,,,,,,,,,,,,,,,,,,,,,,,,,,,,,,,,,,,,,,,,,,,,,,,,,,,,,,,,,,,,,,,,,,,,,,,,,,,,,,,,,,,,,,,,,,,
1376379407834445,100063871970753,"Zener SA","À bon entendeur, salut ! 
Ou bien on n’a pas vite parlé? 😏

#Zener","À bon entendeur, salut ! 
Ou bien on n’a pas vite parlé? 😏

#Zener",15,"12/31/2025 07:25",N/A,https://www.facebook.com/reel/1214057246834540/,0,0,Vidéos,,,,,Global,1137,945,39,35,4,0,28,,28,1137,0,945,0,424,0,422,0,0,424,0,0,0,0,2537.416,0,3330.167,0,4.797,0,8.606,0,0,0,1,1,1,1,1,1,1,1,1,1,1,1,1,1,1,1,0.87,,,,,,,,,,,,,,,,,,,5867.583,6.405,0,0,0,1,1,1,1,0.89,0.79,0.7,0.63,0.6,0.58,0.54,0.49,0.46,0.43,0.42,0.39,0.33,,,,,,,,,,,,,,,,,,,,,,,,,,,,,,,,,165,78,45,25,37,22,13,8,12,7,4,2,243,14,26,3,17,3,37,2,,3,,1,1,5,10,,9,17,3,9,,3,,1,,,1,,1,,,1,,,,3,,1,2,,2,1,,,,,2,,,,,2,,,,,,,,,,,,,,,,,,,,,,,,,,,,,,,,,,,,1,,,,
1376588934480159,100063871970753,"Zener SA","🌟 Bonne année 2026 de la part de toute l’équipe Zener !
Que cette nouvelle année soit synonyme d’énergie durable, d’innovation partagée et de succès collectif.

Merci à nos partenaires, clients et collaborateurs de nous accompagner vers un avenir plus maîtrisé et plus connecté.

#BonneAnnée2026 #Zener #InnovationEnsemble #Zenfamili",,0,"12/31/2025 10:25",N/A,https://www.facebook.com/zenertg/posts/pfbid0eo8GALcVCbL9DLp5Z9YTUrBz8EzjE5Yji1qLjtqPDLSvfkQT7Kf1sQouWud8oGmml,0,0,Photos,,,,,Global,3109,2074,50,43,5,2,22,,4,3109,0,2074,0,0,0,0,0,0,0,0,0,0,0,0,0,0,0,0,0,0,0,0,0,,,,,,,,,,,,,,,,,,,,,,,,,,,,,,,,,,18,,,,,,,,,,,,,,,,,,,,,,,,,,,,,,,,,,,,,,,,,,,,,,,,,,,,,,,,,,,,,,,,,,,,,,,,,,,,,,,,,,,,,,,,,,,,,,,,,,,,,,,,,,,,,,,,,,,,,,,,,,,,,,,,,,,,,,,,,,,,,,,,,,,,,,,,,,,,,,,
1378026611003058,100063871970753,"Zener SA","Des petits mots, des grands sourires, c’est sur cette base de fun que nous lançons 2026 😁⚡. 

Une année qui commence avec énergie et bonne vibe !

#FunAtWork #Zener #Zencard #energie #cartecarburant","Des petits mots, des grands sourires, c’est sur cette base de fun que nous lançons 2026 😁⚡. 

Une année qui commence avec énergie et bonne vibe !

#FunAtWork #Zener #Zencard #energie #cartecarburant",28,"01/02/2026 05:39",N/A,https://www.facebook.com/reel/1363277151708750/,0,0,Vidéos,,,,,Global,2049,2101,49,48,1,0,42,,42,2048,0,2101,0,904,0,889,0,0,904,0,0,0,0,7902.986,0,5694.533,0,6.043,0,11.123,0,0,0,1,1,1,1,1,1,1,1,1,1,1,1,1,1,1,1,0.93,0.86,0.82,0.79,0.76,0.73,0.72,0.69,0.68,0.65,0.61,0.42,0.31,,,,,,,13597.519,7.471,0,0,0,0.99,0.99,0.99,0.99,1,0.81,0.67,0.58,0.53,0.53,0.47,0.45,0.39,0.36,0.34,0.32,0.31,0.31,0.28,0.26,0.24,0.23,0.22,0.21,0.2,0.2,0.2,0.19,0.19,0.18,0.17,0.11,0.08,,,,,,,,,,,,,,,,,346,234,56,85,54,26,27,33,14,9,6,3,532,20,36,2,73,7,84,5,,8,3,2,3,7,24,1,1,25,2,22,2,10,,,1,1,,,4,,,4,,,2,1,,,3,1,2,1,1,,1,,8,,,,1,,,,,,,,,,,1,,,,,,,,,,,,,,,,,,,,,,,1,1,1,,,,,
1381063654032687,100063871970753,"Zener SA","Votre clavier ne ment jamais. 😏

Écrivez `j’aime‘ et laissez votre
clavier finir la phrase dans les commentaires !

let’s goooo 🏃
#Zener",,0,"01/06/2026 05:23",N/A,https://www.facebook.com/zenertg/posts/pfbid0ZrT2JLS6EBeV5RNt6mNyaW5M3PHDSNXEXJW1sR2S2Vdd8WfN7KoqJ92KrHa6PGZMl,0,0,Photos,,,,,Global,2206,1290,52,24,28,0,55,,46,2206,0,1290,0,0,0,0,0,0,0,0,0,0,0,0,0,0,0,0,0,0,0,0,0,,,,,,,,,,,,,,,,,,,,,,,,,,,,,,,,,,9,,,,,,,,,,,,,,,,,,,,,,,,,,,,,,,,,,,,,,,,,,,,,,,,,,,,,,,,,,,,,,,,,,,,,,,,,,,,,,,,,,,,,,,,,,,,,,,,,,,,,,,,,,,,,,,,,,,,,,,,,,,,,,,,,,,,,,,,,,,,,,,,,,,,,,,,,,,,,,,
1383696553769397,100063871970753,"Zener SA","Vous pensiez qu’on allait tourner la page des vœux 2026 ? Eh bien non 😎 !

Chaque membre de l’équipe ZENER a encore un petit mot à partager avec vous. 😌

#Zener #Zencard #BonneAnnée #EnergiePositive","Vous pensiez qu’on allait tourner la page des vœux 2026 ? Eh bien non 😎 !

Chaque membre de l’équipe ZENER a encore un petit mot à partager avec vous. 😌

#Zener #Zencard #BonneAnnée #EnergiePositive",38,"01/09/2026 10:19",N/A,https://www.facebook.com/reel/1200446378305129/,0,0,Vidéos,,,,,Global,482,475,19,17,2,0,13,,13,481,0,475,0,208,0,192,0,0,208,0,0,0,0,1155.269,0,2682.478,0,6.348,0,11.319,0,0,0,1,1,1,1,1,1,1,1,1,0.98,1,1,1,0.98,0.98,0.98,1,0.95,0.94,0.84,0.83,0.84,0.83,0.81,0.79,0.78,0.78,0.75,0.73,0.73,0.73,0.73,0.71,,,3837.747,9.159,0,0,0,0.99,0.99,0.99,0.99,0.88,0.77,0.68,0.61,0.54,0.48,0.48,0.45,0.41,0.38,0.33,0.31,0.28,0.26,0.26,0.23,0.22,0.22,0.22,0.23,0.22,0.22,0.22,0.21,0.19,0.19,0.19,0.19,0.18,0.17,0.16,0.16,0.16,0.16,0.16,0.15,0.12,0.7,0.7,0.68,0.67,0.67,0.67,0.6,0.46,79,45,26,7,10,12,6,8,,6,4,2,175,7,5,1,3,1,7,,,1,,,,1,2,,1,,,2,,,,,,,,,,,,,,,1,,,,,,,,,,,,1,,,,,,,,,,,,,,,,,,,,,,,,,,,,,,,,,,,,,,,,,,,,,
1385961900209529,100063871970753,"Zener SA","👏🏽Un immense bravo à la cheffe Akpéné pour son audace et son talent hors pair depuis le début de ce marathon culinaire !

500 heures passées et les flammes continuent de danser.

Une fierté locale, une énergie ZENER qui ne s’éteint jamais.

#ZENER #MarathonCulinaire #CheffeAkpéné","👏🏽Un immense bravo à la cheffe Akpéné pour son audace et son talent hors pair depuis le début de ce marathon culinaire !

500 heures passées et les flammes continuent de danser.

Une fierté locale, une énergie ZENER qui ne s’éteint jamais.

#ZENER #MarathonCulinaire #CheffeAkpéné",31,"01/12/2026 12:31",N/A,https://www.facebook.com/reel/25596671793322727/,0,0,Vidéos,,,,,Global,377,357,7,7,0,0,7,,7,377,0,357,0,150,0,143,0,0,150,0,0,0,0,976.754,0,1514.408,0,6.831,0,8.414,0,0,0,1,1,1,1,1,1,1,1,1,1,1,1,1,1,1,1,1,0.96,0.94,0.9,0.9,0.83,0.81,0.79,0.77,0.77,0.73,0.71,0.69,0.67,0.62,0.54,0.5,,,2491.162,7.712,0,0,0,1,1,1,1,0.82,0.7,0.65,0.6,0.56,0.5,0.47,0.46,0.41,0.4,0.38,0.36,0.33,0.32,0.31,0.31,0.31,0.28,0.27,0.27,0.26,0.26,0.25,0.24,0.23,0.23,0.21,0.18,0.17,,,,,,,,,,,,,,,,,60,35,16,12,7,2,7,4,2,1,2,,117,3,1,3,7,,5,,,2,1,,,,2,,1,,,3,,,,,,,,1,,,,,,,1,,,,,,,,,,,,2,,,,,1,,,,,,,,,,,,,,,,,,,,,,,,,,,,,,,,,,,,,,,,
1386377943501258,100063871970753,"Zener SA","C’est à cette date du mois que ça commence a chauffer sévèrement ? vrai ou faux
En tout cas,on vous avait donné conseil ici
hein

Reste encore 3 semaines à tenir 🤪

#Zener #Janviose",,0,"01/13/2026 03:23",N/A,https://www.facebook.com/zenertg/posts/pfbid02kx2KhSBogNUVSjAfBnjVuJNTCsqZzExVv5ZpT9miDQNWFUEE4BDWhVeU5VzTrzGal,0,0,Photos,,,,,Global,1759,1054,29,24,5,0,27,,17,1759,0,1054,0,0,0,0,0,0,0,0,0,0,0,0,0,0,0,0,0,0,0,0,0,,,,,,,,,,,,,,,,,,,,,,,,,,,,,,,,,,10,,,,,,,,,,,,,,,,,,,,,,,,,,,,,,,,,,,,,,,,,,,,,,,,,,,,,,,,,,,,,,,,,,,,,,,,,,,,,,,,,,,,,,,,,,,,,,,,,,,,,,,,,,,,,,,,,,,,,,,,,,,,,,,,,,,,,,,,,,,,,,,,,,,,,,,,,,,,,,,
1387195053419547,100063871970753,"Zener SA","Ps : Mon nom sur le terrain est Huile à moteur, numéro 04 et je suis attaquant 

Signé le CM😁 et toi ? 

#Zener #énergie #zencard #carburant",,0,"01/14/2026 04:00",N/A,https://www.facebook.com/zenertg/posts/pfbid0GiXbPrbD8sMZcNd786h2bhASTb14KXsAYbFtcaYtDW3LAwZHw9iBxrSXQGVYCphMl,0,0,Photos,,,,,Global,1388,841,39,26,12,1,35,,29,1388,0,841,0,0,0,0,0,0,0,0,0,0,0,0,0,0,0,0,0,0,0,0,0,,,,,,,,,,,,,,,,,,,,,,,,,,,,,,,,,,6,,,,,,,,,,,,,,,,,,,,,,,,,,,,,,,,,,,,,,,,,,,,,,,,,,,,,,,,,,,,,,,,,,,,,,,,,,,,,,,,,,,,,,,,,,,,,,,,,,,,,,,,,,,,,,,,,,,,,,,,,,,,,,,,,,,,,,,,,,,,,,,,,,,,,,,,,,,,,,,
1389052159900503,100063871970753,"Zener SA","Quand le cash disparaît… la Zencard sauve la mise ! Toujours idéale, toujours là ✨

#ZENER #Zencard #carburant","Quand le cash disparaît… la Zencard sauve la mise ! Toujours idéale, toujours là ✨

#ZENER #Zencard #carburant",17,"01/16/2026 08:18",N/A,https://www.facebook.com/reel/888696630228388/,0,0,Vidéos,,,,,Global,1118,1046,31,31,0,0,9,,9,1118,0,1046,0,487,0,466,0,0,487,0,0,0,0,2543.267,0,4114.001,0,5.389,0,8.698,0,0,0,1,1,1,1,1,1,1,1,1,1,1,1,1,1,1,1,1,1,1,0.78,0.66,,,,,,,,,,,,,,,6657.268,7.044,0,0,0,1,1,1,1,0.94,0.8,0.72,0.66,0.62,0.57,0.55,0.53,0.51,0.51,0.49,0.47,0.45,0.43,0.39,0.29,0.24,,,,,,,,,,,,,,,,,,,,,,,,,,,,,205,112,33,41,27,23,16,5,11,2,3,3,328,11,26,5,12,1,35,3,,4,,1,,3,11,2,10,6,3,3,1,3,,,1,1,,,,,,,1,,2,4,,,,,4,,,,,,,,,1,,,1,,,,1,,,,,,,,,,,1,,,,,,,,,,,,,,,,,,,,,1,1,,
1389784126493973,100063871970753,"Zener SA","Si tu es abonné à cette page mais tu ne connais pas les avantages de la zencard, lève la main, on va t'expliquer. Petite honte est mieux que grande honte hein!! 🥱",,0,"01/17/2026 06:40",N/A,https://www.facebook.com/zenertg/posts/pfbid0qXd89YbruUV8m6gjKnaLpFVKnCq25DPpTMkMXZxb3i1vtA9xRoCWaVv5ze4rHsFol,0,0,Texte,,,,,Global,2760,1664,93,58,34,1,93,,93,2760,0,1664,0,0,0,0,0,0,0,0,0,0,0,0,0,0,0,0,0,0,0,0,0,,,,,,,,,,,,,,,,,,,,,,,,,,,,,,,,,,,,,,,,,,,,,,,,,,,,,,,,,,,,,,,,,,,,,,,,,,,,,,,,,,,,,,,,,,,,,,,,,,,,,,,,,,,,,,,,,,,,,,,,,,,,,,,,,,,,,,,,,,,,,,,,,,,,,,,,,,,,,,,,,,,,,,,,,,,,,,,,,,,,,,,,,,,,,,,,,
1389784863160566,100063871970753,"Zener SA","Si tu es abonné ici et que durant toute l’année 2025 tu n'as ni commenté, ni réagi à aucune de nos publications, lève la main 😏",,0,"01/17/2026 06:41",N/A,https://www.facebook.com/zenertg/posts/pfbid0p7iV3YYtdXPChvxBc3UoA9wU8cvZoUW3nXnHLaTkeEZsSDUWwoL3zReRv23dgTn9l,0,0,Texte,,,,,Global,642,375,30,22,6,2,11,,11,642,0,375,0,0,0,0,0,0,0,0,0,0,0,0,0,0,0,0,0,0,0,0,0,,,,,,,,,,,,,,,,,,,,,,,,,,,,,,,,,,,,,,,,,,,,,,,,,,,,,,,,,,,,,,,,,,,,,,,,,,,,,,,,,,,,,,,,,,,,,,,,,,,,,,,,,,,,,,,,,,,,,,,,,,,,,,,,,,,,,,,,,,,,,,,,,,,,,,,,,,,,,,,,,,,,,,,,,,,,,,,,,,,,,,,,,,,,,,,,,
1247184560753931,100063871970753,"Zener SA","Chez Zener, le “Z” incarne notre engagement : Zencard, ZenFamili, Zéro stress…

Vous connaissez d’autres mots commençant par Z mentionné les 🤣 

Bon mois d’Aout à tous ! 

 #Zener #ZenFamili #SelfService #Zencard",,0,"08/02/2025 04:45",N/A,https://www.facebook.com/zenertg/posts/pfbid02WsZyHXRo2fqDkfa7USgif36WERgeVXiZD3m4zyeAnUs41mtfc3r8SAD7GuLadVFZl,0,0,Photos,,,,,Global,1269,770,35,19,13,3,40,,32,1269,0,770,0,0,0,0,0,0,0,0,0,0,0,0,0,0,0,0,0,0,0,0,0,,,,,,,,,,,,,,,,,,,,,,,,,,,,,,,,,,8,,,,,,,,,,,,,,,,,,,,,,,,,,,,,,,,,,,,,,,,,,,,,,,,,,,,,,,,,,,,,,,,,,,,,,,,,,,,,,,,,,,,,,,,,,,,,,,,,,,,,,,,,,,,,,,,
1246331564172564,100063871970753,"Zener SA","Pas besoin d’être Jeff Bezos pour soutenir l’économie locale.

Juste un coup de cœur tous les 1 mois .
Zener soutien  un petit créateur local.
Mets ton business ici en commentaire en mentionnant ta page.

Nous, on achète. Et on partage. Ensemble, on fait briller 🇹🇬

#EntreprendreIci #Zenavectoi
 #Coupdepoucezener #Zeneravecvous",,0,"08/01/2025 04:20",N/A,https://www.facebook.com/zenertg/posts/pfbid0jNWLNpcq8quyt5xnD3XCNG7SqtMvz6qkMZSairvggHkMpYLfcBDDeh1DeSLhywSgl,0,0,Photos,,,,,Global,396,234,38,18,2,18,33,,14,396,0,234,0,0,0,0,0,0,0,0,0,0,0,0,0,0,0,0,0,0,0,0,0,,,,,,,,,,,,,,,,,,,,,,,,,,,,,,,,,,19,,,,,,,,,,,,,,,,,,,,,,,,,,,,,,,,,,,,,,,,,,,,,,,,,,,,,,,,,,,,,,,,,,,,,,,,,,,,,,,,,,,,,,,,,,,,,,,,,,,,,,,,,,,,,,,,
1265662798906107,100063871970753,"Zener SA","😩 Tu connais quelqu’un qui se plaint
sur sa conso de carburant chaque
semaine ?

➡ Partage-lui ce post qui lui sera
bien utile !

#zencard #consommationcarburant
#avantages #cartecarburant #Lomé
#astucetip",,0,"08/23/2025 08:21",N/A,https://www.facebook.com/zenertg/posts/pfbid0Ap9vJVVkhSoPgp6Wimkify68ed5YrkXuiFc4TnWmzkV3zhfJkzonmuy61JgSnFjZl,0,0,Photos,,,,,Global,769,455,21,14,4,3,18,,11,769,0,455,0,0,0,0,0,0,0,0,0,0,0,0,0,0,0,0,0,0,0,0,0,,,,,,,,,,,,,,,,,,,,,,,,,,,,,,,,,,7,,,,,,,,,,,,,,,,,,,,,,,,,,,,,,,,,,,,,,,,,,,,,,,,,,,,,,,,,,,,,,,,,,,,,,,,,,,,,,,,,,,,,,,,,,,,,,,,,,,,,,,,,,,,,,,,
1264538825685171,100063871970753,"Zener SA","🤯 Qui aurait cru qu’une carte pouvait changer ta façon de consommer du carburant ?

Découvre la ZenCard. Simple,
pratique, intelligente. Tu vas kiffer. 💚

#Zener #carburant #energie #carte carburant #Togo",,0,"08/22/2025 03:30",N/A,https://www.facebook.com/zenertg/posts/pfbid0nU3m9F3RDVfjNps2RDduqosYNMswxYaNAzvETViyZ9SSdPwrSM2sK7XY8fqn1TEDl,0,0,Photos,,,,,Global,12359,9410,415,396,16,3,349,,287,1010,11349,5271,8874,0,0,0,0,0,0,0,0,0,0,0,0,0,0,0,0,0,0,0,0,,,,,,,,,,,,,,,,,,,,,,,,,,,,,,,,,,62,,,,,,,,,,,,,,,,,,,,,,,,,,,,,,,,,,,,,,,,,,,,,,,,,,,,,,,,,,,,,,,,,,,,,,,,,,,,,,,,,,,,,,,,,,,,,,,,,,,,,,,,,,,,,,,,
1263863179086069,100063871970753,"Zener SA","C’est en voyant le plein se vider plus vite que prévu qu’on se pose cette fameuse question

Alors de nous à vous combien depensez-vous par mois ? 

#Zener #carburant #energie #budget",,0,"08/21/2025 07:52",N/A,https://www.facebook.com/zenertg/posts/pfbid0P5z9RUrmp1eN5KsiVD3ZDP4ZpoU3cjv3uK8oW3RQhXBX4dwKhZUq64raCzCvCmLYl,0,0,Photos,,,,,Global,576,299,17,9,6,2,21,,16,576,0,299,0,0,0,0,0,0,0,0,0,0,0,0,0,0,0,0,0,0,0,0,0,,,,,,,,,,,,,,,,,,,,,,,,,,,,,,,,,,5,,,,,,,,,,,,,,,,,,,,,,,,,,,,,,,,,,,,,,,,,,,,,,,,,,,,,,,,,,,,,,,,,,,,,,,,,,,,,,,,,,,,,,,,,,,,,,,,,,,,,,,,,,,,,,,,
1262852372520483,100063871970753,"Zener SA","🔥 Le stand Zener ne s’éteint pas tout
comme le Guinness World Record Togo
qui continue de se poursuivre, grâce aux
flammes Sodigaz alimentant chaque
marmite et à la perseverance de Mme
Laurence Assignon.

D’après vous, combien d’heures sera son record?  😎

#Zener #guinessworldrecord
#Laurenceassigon #selfservice
#Zenfamili","🔥 Le stand Zener ne s’éteint pas tout
comme le Guinness World Record Togo
qui continue de se poursuivre, grâce aux
flammes Sodigaz alimentant chaque
marmite et à la perseverance de Mme
Laurence Assignon.

D’après vous, combien d’heures sera son record?  😎

#Zener #guinessworldrecord
#Laurenceassigon #selfservice
#Zenfamili",23,"08/20/2025 04:14",N/A,https://www.facebook.com/zenertg/videos/24352102721078164/,0,0,Vidéos,,,,,Global,647,521,19,18,0,1,11,,11,647,0,521,0,268,0,251,0,0,268,0,0,0,0,1839.369,96.412,2895.238,0,6.714,6.026,12.165,0,0,0,1,1,1,1,1,1,1,1,1,1,1,1,1,1,1,1,1,0.9,0.88,0.84,0.79,0.77,0.72,0.69,0.66,,,,,,,,,,,4831.019,9.149,0,0,0,1,1,1,1,0.92,0.84,0.79,0.71,0.63,0.57,0.52,0.48,0.44,0.43,0.41,0.39,0.37,0.33,0.32,0.31,0.29,0.28,0.26,0.24,0.23,,,,,,,,,,,,,,,,,,,,,,,,,108,54,23,22,18,15,11,7,5,2,1,,236,8,4,4,3,2,2,1,1,1,1,1,1,1,1,1,,,,,,,,,,,,,,,,,,,,,,,,,,,,,
1262209885918065,100063871970753,"Zener SA","😂 Quand t’es le seul de ta bande d’ami à faire encore la queue à la station service, il y a un peu de honte dedans inh 😒

Tu attends quoi encore, viens chercher ta Zencard. 

Forcément tu vas aimer 😁

#Zener #teamzencard #selfservice #Zenfamili",,0,"08/19/2025 09:08",N/A,https://www.facebook.com/zenertg/posts/pfbid02zLQ5VSEjJK1BhiJNNU1xY55kjfgDsWbbTxJEPCi57hWJ8PGjnLcvS46xcuzoahv4l,0,0,Photos,,,,,Global,296,176,11,7,0,4,1,,,296,0,176,0,0,0,0,0,0,0,0,0,0,0,0,0,0,0,0,0,0,0,0,0,,,,,,,,,,,,,,,,,,,,,,,,,,,,,,,,,,1,,,,,,,,,,,,,,,,,,,,,,,,,,,,,,,,,,,,,,,,,,,,,,,,,,,,,,,,,,,,,,,,,,,,,,,,,,,,,,,,,,,,,,,,,,,,,,,,,,,,,,,,,,,,,,,,
1260631312742589,100063871970753,"Zener SA","Tu prêtes de l’argent ok
Mais prêter la zencard otchanlooo 😏
C’est à 1000 f pè laaaa",,0,"08/17/2025 12:05",N/A,https://www.facebook.com/zenertg/posts/pfbid029t6SLx19j4nPddyDam9fb7BKgEdGzGmhSYSxWKGubrLVEpKv7UP5JJcsPPyRWPgwl,0,0,Texte,,,,,Global,944,489,30,16,13,1,28,,28,944,0,489,0,0,0,0,0,0,0,0,0,0,0,0,0,0,0,0,0,0,0,0,0,,,,,,,,,,,,,,,,,,,,,,,,,,,,,,,,,,,,,,,,,,,,,,,,,,,,,,,,,,,,,,,,,,,,,,,,,,,,,,,,,,,,,,,,,,,,,,,,,,,,,,,,,,,,,,,,,,,,,,,,,,,,,,,,,,,,,,,,,,,,,,,,,,
1259492392856481,100063871970753,"Zener SA","Parfois tu penses que ton mari à  une maîtresse or  la seule qu’il entretient chaque semaine, c’est sa ZenCard. 😆🤪

#zencard #zener #avantages #cartecarburant #Lomé #mobilité",,0,"08/16/2025 05:31",N/A,https://www.facebook.com/zenertg/posts/pfbid02PqtRqjN1asdYxE1ydTAY3iXECN3V8hoJMMMQDCXydaxTg44FjGa7j7NY1RYJHE5Tl,0,0,Photos,,,,,Global,1363,838,22,17,3,2,30,,27,1363,0,838,0,0,0,0,0,0,0,0,0,0,0,0,0,0,0,0,0,0,0,0,0,,,,,,,,,,,,,,,,,,,,,,,,,,,,,,,,,,3,,,,,,,,,,,,,,,,,,,,,,,,,,,,,,,,,,,,,,,,,,,,,,,,,,,,,,,,,,,,,,,,,,,,,,,,,,,,,,,,,,,,,,,,,,,,,,,,,,,,,,,,,,,,,,,,
1258466509625736,100063871970753,"Zener SA","Bonne fête de l’Assomption à tous ✨

Que cette journée soit remplie de lumière, de paix et de bons voyages vers vos destinations.

#Assomption #ZenCard #Toujoursplushaut #BonneFête",,0,"08/15/2025 02:31",N/A,https://www.facebook.com/zenertg/posts/pfbid09JMEXYgxHq7VAY6vs1EsDjQsQL4NRjbFdR7RqYaxaG61pjhftoLWuAfWC9Z3sS1kl,0,0,Photos,,,,,Global,261,157,9,9,0,0,1,,1,261,0,157,0,0,0,0,0,0,0,0,0,0,0,0,0,0,0,0,0,0,0,0,0,,,,,,,,,,,,,,,,,,,,,,,,,,,,,,,,,,,,,,,,,,,,,,,,,,,,,,,,,,,,,,,,,,,,,,,,,,,,,,,,,,,,,,,,,,,,,,,,,,,,,,,,,,,,,,,,,,,,,,,,,,,,,,,,,,,,,,,,,,,,,,,,,,
1257639253041795,100063871970753,"Zener SA","Nous avons recruté un nouveau monteur de vidéo regardez ce qu’il a produit , doit on le garder ? 😏

Zener #Zencard #Zenfamili #cartecarburant #Energie #carburant  #Lomé","Nous avons recruté un nouveau monteur de vidéo regardez ce qu’il a produit , doit on le garder ? 😏

Zener #Zencard #Zenfamili #cartecarburant #Energie #carburant  #Lomé",7,"08/14/2025 04:30",uploaded,https://www.facebook.com/zenertg/videos/1756722075211721/,1,0,Vidéos,,,,,Global,1863,889,67,32,20,15,74,,74,1856,0,889,0,723,0,667,0,0,723,0,0,0,0,1000.275,1234.196,5849.518,0,5.684,3.969,7.558,0,0,0,1,1,1,1,1,1,1,1,0.97,,,,,,,,,,,,,,,,,,,,,,,,,,,8083.989,6.41,0,0,0,0.99,1,1,1,0.98,0.89,0.78,0.64,0.56,,,,,,,,,,,,,,,,,,,,,,,,,,,,,,,,,,,,,,,,,283,128,75,67,46,38,37,15,7,10,5,4,527,23,13,4,10,2,25,14,2,4,11,2,2,14,8,2,2,6,2,3,7,6,3,2,1,,,1,1,,,2,8,4,2,2,1,1,1,1,1,1,1,1,
1257569153048805,100063871970753,"Zener SA","C’est facilllllle 😎
Rendez- vous dans nos oasis muni d’une pièce d’identité pour vous la faire établir .

 #Zener #Zencard #Zenfamili #cartecarburant #Energie #carburant #infos #Lomé","C’est facilllllle 😎
Rendez- vous dans nos oasis muni d’une pièce d’identité pour vous la faire établir .

 #Zener #Zencard #Zenfamili #cartecarburant #Energie #carburant #infos #Lomé",19,"08/14/2025 02:38",mixed,https://www.facebook.com/zenertg/videos/1815427179394378/,0,0,Vidéos,,,,,Global,643,404,20,19,0,1,1,,1,642,0,404,0,273,0,226,0,0,273,0,0,0,0,1294.341,72.241,3475.914,0,9.052,4.25,11.434,0,0,0,1,1,1,1,1,1,1,1,1,1,1,1,1,1,1,1,0.99,0.96,0.93,0.77,0.62,,,,,,,,,,,,,,,4842.496,10.436,0,0,0,0.99,1,1,1,0.78,0.66,0.6,0.59,0.55,0.53,0.48,0.43,0.41,0.4,0.37,0.36,0.33,0.32,0.31,0.26,0.21,,,,,,,,,,,,,,,,,,,,,,,,,,,,,99,64,21,13,24,20,13,9,2,4,1,1,236,11,3,4,2,3,8,,1,1,,,,,,,,,,2,,,,,,,,,,,1,,,,,,,,,,,,,,1
1256642666474787,100063871970753,"Zener SA","Les fautes d'orthographe diminuent souvent les sentiments 🙄🤧,de même que les pannes d’essence à 23 h quand tu dois ramener ta crush chez elle.",,0,"08/13/2025 04:27",N/A,https://www.facebook.com/zenertg/posts/pfbid0PpaW9kqyiUm1uV87cJiAvjk3RSeYFsHzKK4axAL9CxV3GKsCYCPjBrEvBuEmNQmEl,0,0,Texte,,,,,Global,1429,724,53,39,11,3,36,,36,1429,0,724,0,0,0,0,0,0,0,0,0,0,0,0,0,0,0,0,0,0,0,0,0,,,,,,,,,,,,,,,,,,,,,,,,,,,,,,,,,,,,,,,,,,,,,,,,,,,,,,,,,,,,,,,,,,,,,,,,,,,,,,,,,,,,,,,,,,,,,,,,,,,,,,,,,,,,,,,,,,,,,,,,,,,,,,,,,,,,,,,,,,,,,,,,,,
1255806289891758,100063871970753,"Zener SA","Une minute pour apprendre et  des heures de files d’attente évitées ⏳😎 

Chez Zener, on t’apprend à être maître de ta pompe
 
ici c’est l’oasis Tam-tam 

#Zener #teamzencard #selfservice #Zenfamili",,0,"08/12/2025 04:41",N/A,https://www.facebook.com/zenertg/posts/pfbid02rBjiiHk9K8cfZYcyyjvV86JVVKnbzzy4q4aeUAu9agHtNEsMRWzi7m4AWiEFT4tMl,0,0,Photos,,,,,Global,800,461,13,12,0,1,36,,10,800,0,461,0,0,0,0,0,0,0,0,0,0,0,0,0,0,0,0,0,0,0,0,0,,,,,,,,,,,,,,,,,,,,,,,,,,,,,,,,,,26,,,,,,,,,,,,,,,,,,,,,,,,,,,,,,,,,,,,,,,,,,,,,,,,,,,,,,,,,,,,,,,,,,,,,,,,,,,,,,,,,,,,,,,,,,,,,,,,,,,,,,,,,,,,,,,,
1254949789977408,100063871970753,"Zener SA","C’est notre manière à nous de
te motiver . 🤸🏽

Bon début de semaine la mifa.

#Zener #teamzencard
#selfservice #Zenfamili",,0,"08/11/2025 05:10",N/A,https://www.facebook.com/zenertg/posts/pfbid09tXqLyvQsRshu93gGrj9p7ZSJpnct6TignBhQYCcqqcdERW2aM25NkAu2JEtGetvl,0,0,Photos,,,,,Global,383,241,8,6,0,2,5,,3,383,0,241,0,0,0,0,0,0,0,0,0,0,0,0,0,0,0,0,0,0,0,0,0,,,,,,,,,,,,,,,,,,,,,,,,,,,,,,,,,,2,,,,,,,,,,,,,,,,,,,,,,,,,,,,,,,,,,,,,,,,,,,,,,,,,,,,,,,,,,,,,,,,,,,,,,,,,,,,,,,,,,,,,,,,,,,,,,,,,,,,,,,,,,,,,,,,
1254948596644194,100063871970753,"Zener SA","Cc Sodigaztg comme c’est vous qui contrôlez le feu et la bonne cuisson 
Ebivoaaa? 😏on peut passer ? 
#Guinessworldrecord
#LaurenceAssignon",,0,"08/11/2025 05:08",N/A,https://www.facebook.com/zenertg/posts/pfbid0euneWhejq4zaRAr5k3on4bWyU5kJCmzzjrK3zGXQq8HTH9apAH8tm4WYF7WCEAVhl,0,0,Texte,,,,,Global,949,561,22,20,0,2,9,,9,949,0,561,0,0,0,0,0,0,0,0,0,0,0,0,0,0,0,0,0,0,0,0,0,,,,,,,,,,,,,,,,,,,,,,,,,,,,,,,,,,,,,,,,,,,,,,,,,,,,,,,,,,,,,,,,,,,,,,,,,,,,,,,,,,,,,,,,,,,,,,,,,,,,,,,,,,,,,,,,,,,,,,,,,,,,,,,,,,,,,,,,,,,,,,,,,,
1254905586648495,100063871970753,"Zener SA","Parce que quand c’est Sodigaz qui alimente les marmites, ça ne peut être que chaud et délicieux. 😋🔥

On sera là pour la soutenir et pour goûter 🤭

📍 Rendez-vous sur le site pour encourager Mme Laurence ASSIGNON et célébrer le goût, la passion et un record 100% togolais ! 🇹🇬",,0,"08/11/2025 03:59",N/A,https://www.facebook.com/zenertg/posts/pfbid02pmHPG3HCZJVVKsk14X9DUJBnoKHQa154YaohmPZGrhCWDM5asiofgXr3DUy4caoxl,0,1,Photos,,,,,Global,403,239,14,13,0,1,17,,7,403,0,239,0,0,0,0,0,0,0,0,0,0,0,0,0,0,0,0,0,0,0,0,0,,,,,,,,,,,,,,,,,,,,,,,,,,,,,,,,,,10,,,,,,,,,,,,,,,,,,,,,,,,,,,,,,,,,,,,,,,,,,,,,,,,,,,,,,,,,,,,,,,,,,,,,,,,,,,,,,,,,,,,,,,,,,,,,,,,,,,,,,,,,,,,,,,,
1254277576711296,100063871970753,"Zener SA",😌,,0,"08/10/2025 08:50",N/A,https://www.facebook.com/zenertg/posts/pfbid02Xzz89gshHPpUAFJn84sGS91zNTtxWLJLfTkwRwhXrwPAj75yaZaVPcwyJiAwyyeNl,0,1,Photos,,,,,Global,806,461,25,20,2,3,21,,15,806,0,461,0,0,0,0,0,0,0,0,0,0,0,0,0,0,0,0,0,0,0,0,0,,,,,,,,,,,,,,,,,,,,,,,,,,,,,,,,,,6,,,,,,,,,,,,,,,,,,,,,,,,,,,,,,,,,,,,,,,,,,,,,,,,,,,,,,,,,,,,,,,,,,,,,,,,,,,,,,,,,,,,,,,,,,,,,,,,,,,,,,,,,,,,,,,,
1253547276784326,100063871970753,"Zener SA","Tu pensais tout savoir ? ☺

Parfois il y a quelques infos qui
t’echappent et heureusement nous
sommes là pour te le rappeler 🌝

#Lesaviezvous #bonasavoir
#economie #Astuces #zener
#automobile #lomé",,0,"08/09/2025 11:47",N/A,https://www.facebook.com/zenertg/posts/pfbid02d657vXoqaS7S5axMsagxeE1fCmC1TqA9DtHrWQiVeNRqR3wADKT2sy5UaMc5QbdEl,0,0,Photos,,,,,Global,782,498,12,9,1,2,15,,11,782,0,498,0,0,0,0,0,0,0,0,0,0,0,0,0,0,0,0,0,0,0,0,0,,,,,,,,,,,,,,,,,,,,,,,,,,,,,,,,,,4,,,,,,,,,,,,,,,,,,,,,,,,,,,,,,,,,,,,,,,,,,,,,,,,,,,,,,,,,,,,,,,,,,,,,,,,,,,,,,,,,,,,,,,,,,,,,,,,,,,,,,,,,,,,,,,,
1253249673480753,100063871970753,"Zener SA","Si t’as dit OUI au moins 2 fois, c’est que la Zencard est faite pour toi 😎

#zencard #zener #avantages #fun #cartecarburant #Lomé #mobilité",,0,"08/09/2025 04:30",N/A,https://www.facebook.com/zenertg/posts/pfbid02pZGd9kFzSD9smVjSjaHV81sRB4KzCk6bkvCj46NdQzeKL3B4Rb8FF7o7PZozp64El,0,0,Photos,,,,,Global,347,224,4,3,0,1,2,,2,347,0,224,0,0,0,0,0,0,0,0,0,0,0,0,0,0,0,0,0,0,0,0,0,,,,,,,,,,,,,,,,,,,,,,,,,,,,,,,,,,,,,,,,,,,,,,,,,,,,,,,,,,,,,,,,,,,,,,,,,,,,,,,,,,,,,,,,,,,,,,,,,,,,,,,,,,,,,,,,,,,,,,,,,,,,,,,,,,,,,,,,,,,,,,,,,,
1252700663535654,100063871970753,"Zener SA","l’arme secrète des gens organisés 😎
👉 La Zencard 

Et si tu obtenais le tien aujourd’hui ? Ecris ( je veux)   en commentaire et on te donne plus d’infos. 😌

#zencard #zener #avantages #cartecarburant #Lomé #mobilité","l’arme secrète des gens organisés 😎
👉 La Zencard 

Et si tu obtenais le tien aujourd’hui ? Ecris ( je veux)   en commentaire et on te donne plus d’infos. 😌

#zencard #zener #avantages #cartecarburant #Lomé #mobilité",53,"08/08/2025 12:02",N/A,https://www.facebook.com/zenertg/videos/1483983076372829/,0,0,Vidéos,,,,,Global,9994,8283,124,84,6,34,113,,97,950,9034,1969,7758,4641,0,4243,0,4304,337,0,0,0,0,2995.815,668.23,3028.585,67182.17,6.242,5.346,12.62,8.293,0,0,0.99,0.99,0.99,1,1,1,1,1,1,1,1,1,0.96,0.86,0.83,0.79,0.75,0.7,0.65,0.59,0.57,0.54,0.51,0.49,0.46,0.43,0.4,0.37,0.35,0.33,0.31,0.3,0.29,,16,73874.8,8.256,0,0,0,0.99,0.99,0.99,0.82,0.61,0.52,0.44,0.37,0.31,0.28,0.26,0.24,0.22,0.2,0.19,0.18,0.17,0.16,0.15,0.13,0.13,0.12,0.11,0.1,0.09,0.09,0.08,0.07,0.07,0.07,0.06,0.06,0.06,0.06,0.05,0.05,0.05,0.05,0.05,0.04,0.04,0.28,0.26,0.25,0.24,0.24,0.23,0.22,0.2,1244,1094,393,416,470,246,181,157,188,116,59,63,4553,13,7,3,1,4,11,2,,7,,,1,7,4,,5,4,3,2,2,2,1,1,1,1,1,1,1,1,1,1,,,,,,,,,,,,,
1251793573626363,100063871970753,"Zener SA","Zener est au FESMA 🤩

Les chefs sont à l’honneur sur ce festival et nous, on veille à ce qu’ils ne manquent jamais de gaz pour régaler les papilles ! 😌

Viens découvrir nos solutions gaz, poser des questions, rigoler un peu et peut-être restocker vos bouteilles de gaz 🔥

#Zener #énergie #festival #FESMA2025",,0,"08/07/2025 11:05",N/A,https://www.facebook.com/zenertg/posts/pfbid0suSsFK5SWQJY9F1fm3FAq1X6bLToVFYrpAkPsYiKeCQ72X1xWeimfrZwP4GZcKKRl,0,0,Photos,,,,,Global,425,262,12,10,0,2,7,,4,425,0,262,0,0,0,0,0,0,0,0,0,0,0,0,0,0,0,0,0,0,0,0,0,,,,,,,,,,,,,,,,,,,,,,,,,,,,,,,,,,3,,,,,,,,,,,,,,,,,,,,,,,,,,,,,,,,,,,,,,,,,,,,,,,,,,,,,,,,,,,,,,,,,,,,,,,,,,,,,,,,,,,,,,,,,,,,,,,,,,,,,,,,,,,,,,,,
1251610823644638,100063871970753,"Zener SA","📍 Zener sur le terrain, toujours plus proche de vous ! 

Cette semaine, nos équipes étaient à Oasis Tam-Tam  pour des ateliers de sensibilisation sur le bon usage des bouteilles de gaz.

🎯 Objectif : former, informer, sécuriser.
Merci à tous les distributeurs présents pour leur attention et leur engagement 🙌

#toolbox  #sensibilisation  #bouteilledegaz #zener #prévention","📍 Zener sur le terrain, toujours plus proche de vous ! 

Cette semaine, nos équipes étaient à Oasis Tam-Tam  pour des ateliers de sensibilisation sur le bon usage des bouteilles de gaz.

🎯 Objectif : former, informer, sécuriser.
Merci à tous les distributeurs présents pour leur attention et leur engagement 🙌

#toolbox  #sensibilisation  #bouteilledegaz #zener #prévention",73,"08/07/2025 06:30",mixed,https://www.facebook.com/zenertg/videos/726830056643046/,0,0,Vidéos,,,,,Global,366,214,10,9,0,1,5,,5,365,0,214,0,143,9,111,9,0,143,0,0,0,0,585.923,69.234,1988.685,0,6.369,4.946,11.43,0,0,0,0.97,0.97,0.97,1,1,1,1,1,1,0.92,0.78,0.69,0.67,0.64,0.64,0.64,0.58,0.56,0.5,0.44,0.42,0.36,0.36,0.36,0.31,0.31,0.31,0.31,0.31,0.31,0.28,0.31,0.31,,,2643.842,9.442,0,0,0,0.99,0.99,0.68,0.57,0.51,0.42,0.37,0.32,0.28,0.23,0.2,0.17,0.17,0.16,0.16,0.16,0.15,0.13,0.12,0.1,0.1,0.08,0.08,0.08,0.08,0.08,0.08,0.08,0.08,0.08,0.07,0.08,0.08,0.06,0.06,0.06,0.06,0.06,0.06,0.06,0.04,0.25,0.25,0.25,0.25,0.25,0.25,0.22,0.14,46,30,24,5,8,15,8,2,,3,1,,128,4,1,2,1,,,,,,,1,,1,1,,,2,,,,,,,,,,,,1,,,,,,1,,,,,,,,,
1250766547062399,100063871970753,"Zener SA","Un petit coup de pouce peut devenir un grand saut.

C’est pas une pub, c’est notre façon de dire :
On vous voit, on vous comprend, on est ensemble.
Allez, montre ton idée ✊🏾

Rendez-vous dans les commentaires 

 #CoupDePouceZener #Zeneravecvous",,0,"08/06/2025 06:38",N/A,https://www.facebook.com/zenertg/posts/pfbid0fMnBcwH6nPcGBCYWB8wg43nT2kB6hFu3yfY7R4c6sbV4YxnTjprTD8JENhJChiosl,0,0,Photos,,,,,Global,1115,789,17,8,6,3,27,,21,1115,0,789,0,0,0,0,0,0,0,0,0,0,0,0,0,0,0,0,0,0,0,0,0,,,,,,,,,,,,,,,,,,,,,,,,,,,,,,,,,,6,,,,,,,,,,,,,,,,,,,,,,,,,,,,,,,,,,,,,,,,,,,,,,,,,,,,,,,,,,,,,,,,,,,,,,,,,,,,,,,,,,,,,,,,,,,,,,,,,,,,,,,,,,,,,,,,
1249787133827007,100063871970753,"Zener SA","👀 On te laisse compléter la phrase comme tu le sens 😎

#Zener #teamzencard #selfservice #Zenfamili",,0,"08/05/2025 05:33",N/A,https://www.facebook.com/zenertg/posts/pfbid03816rqTsun6VvNzCpm9V5RcpBUZ9NSPD5Yus3F1LnvJ1BMjHcYrUqjvgPqqmYMBHxl,0,0,Photos,,,,,Global,5712,4340,243,223,16,4,120,,86,492,5220,2738,4142,0,0,0,0,0,0,0,0,0,0,0,0,0,0,0,0,0,0,0,0,,,,,,,,,,,,,,,,,,,,,,,,,,,,,,,,,,34,,,,,,,,,,,,,,,,,,,,,,,,,,,,,,,,,,,,,,,,,,,,,,,,,,,,,,,,,,,,,,,,,,,,,,,,,,,,,,,,,,,,,,,,,,,,,,,,,,,,,,,,,,,,,,,,
1247501204055600,100063871970753,"Zener SA","Un pneu bien gonflé = ✔️ Moins de résistance - ✔️ Moins d’usure - ✔️ Et surtout moins de carburant utilisé à la pompe 😌

Ne nous remercie pas pour l’astuce, on veux juste te faire des économies. 😏

#ZenCard #EcoConduite #AstuceCarburant",,0,"08/02/2025 12:36",N/A,https://www.facebook.com/zenertg/posts/pfbid0m9AUDL4yobDhhhmKnT2zbc38shQpAcbqPq6ZRYwikRraBaLKvwdmo1XgeyzAFQ1Xl,0,0,Photos,,,,,Global,741,520,10,8,0,2,7,,3,741,0,520,0,0,0,0,0,0,0,0,0,0,0,0,0,0,0,0,0,0,0,0,0,,,,,,,,,,,,,,,,,,,,,,,,,,,,,,,,,,4,,,,,,,,,,,,,,,,,,,,,,,,,,,,,,,,,,,,,,,,,,,,,,,,,,,,,,,,,,,,,,,,,,,,,,,,,,,,,,,,,,,,,,,,,,,,,,,,,,,,,,,,,,,,,,,,
1416038847234864,100064862854156,"Live Y Dream","Pourquoi 80 % des entreprises échouent sur les réseaux sociaux (et comment éviter ça)

",,0,"04/28/2026 11:42",N/A,https://www.facebook.com/228LiveYDream/posts/pfbid02nPtyh5pifiy7W6bGXnZghGkD3dzRHczy1eqZCvSviTgbfqBy5uF39bPBvKv94Dkzl,0,0,Liens,,,,,Global,146,61,2,2,0,0,3,2,1,146,0,61,0,0,0,0,0,0,0,0,0,0,0,0,0,0,0,0,0,0,0,0,0
