"Identifiant de la publication","ID du compte","Nom de profil du compte","Nom du compte",Description,"Durée (s)","Heure de publication",Permalien,"Type de publication","Commentaire des données",Date,Vues,Couverture,"Mentions J’aime",Partages,"Followers en plus",Commentaires,Enregistrements
18084070940599008,17841447275263474,wakabileguide,"Wakabi Le Guide | Découverte | Bons plans | Divertissement","Rejoignez-nous le 21 mars 2026 à Open Box (Agbalépédogan) pour une soirée d’exception placée sous le signe de l’élégance, du partage et de la solidarité. 💙

Ce gala est organisé pour soutenir les enfants atteints de la trisomie 21. Votre présence est bien plus qu’une participation : c’est un acte de cœur qui contribue à transformer des vies.

👗 Dress code : Chic & Glamour
🎟 Tarifs : Standard 10 000 FCFA | VIP 20 000 FCFA | VVIP 30 000 FCFA

📞 Infos & réservations : 93 56 89 36 / 92 73 04 69

Places limitées ! Réservez dès maintenant et soyez des nôtres pour faire la différence.",0,"03/20/2026 14:11",https://www.instagram.com/p/DWHvDNADbar/,"Carrousel IG",,Global,219,113,4,0,0,0,0
18337497169300620,17841447275263474,wakabileguide,"Wakabi Le Guide | Découverte | Bons plans | Divertissement","Plongez dans l’univers captivant de Mawu-Sika, le nouveau film de @stevenaf.tg , et vivez une expérience cinématographique unique aux côtés d’un casting exceptionnel.

🌟 Avant-première tapis rouge (VIP)
📅 21 mars 2026
🕖 19h00
📍 Hôtel 2 Février
🎟 20 000 F / 50 000 F

🎥 Projection officielle
📅 28 mars 2026
🕖 19h00
📍 Grand Rex
🎟 10 000 F / 15 000 F

Venez découvrir une histoire forte, riche en émotions et en culture, portée par des talents remarquables. 🔥

📞 Réservation : 97 22 17 17 / 92 13 18 18

Places limitées ! Ne manquez pas cet événement incontournable du cinéma 🎞✨",0,"03/20/2026 14:07",https://www.instagram.com/p/DWHuoXwDZgs/,"Carrousel IG",,Global,9663,9641,37,1,8,0,2
17887214109433762,17841447275263474,wakabileguide,"Wakabi Le Guide | Découverte | Bons plans | Divertissement","La FTSM.Tg  vous donne rendez-
vous pour le Moto Nation Edition 3 !
Du 7 au 9 août, le CETEF Lomé vibrera au rythme des sports mécaniques. Préparez-vous à un week-end de spectacle et d’adrénaline.

#wakabi #wakabileguide #wakabileguidedesbonscoins #togo #lomé",29,"07/31/2026 10:57",https://www.instagram.com/reel/Dbd2bk_NGsK/,"Reel IG",,Global,605,400,26,1,2,0,0
18145233811532929,17841447275263474,wakabileguide,"Wakabi Le Guide | Découverte | Bons plans | Divertissement","VSD avec Wakabi, c’est votre rendez-vous pour découvrir les meilleurs bons plans du week-end ! 🥂
Sorties, restos, événements et bonnes adresses... tout ce qu’il vous faut pour profiter de votre Vendredi, Samedi et Dimanche. ✨
📲 Téléchargez l’application Wakabi pour découvrir encore plus de bons plans près de chez vous et ne rien manquer !

#Wakabi #VSD #BonsPlans #WeekendVibes",127,"07/31/2026 07:52",https://www.instagram.com/reel/DbddIZ0NglX/,"Reel IG",,Global,472,295,18,0,1,0,1
18100150925189152,17841447275263474,wakabileguide,"Wakabi Le Guide | Découverte | Bons plans | Divertissement","Le plus grand rendez-vous des passionnés de moto est de retour !
Pendant 3 jours, prépare-toi à vivre une expérience hors du commun : démonstrations spectaculaires, motos d’exception, ambiance survoltée et des centaines de passionnés réunis au même endroit.
Que tu sois motard ou simplement amateur de sensations fortes, Moto Nation 3 est l’événement à ne surtout pas manquer.
📍CETEF Lomé
📆7 • 8 • 9 août 2026
Entrée publique: 1 000 FCFA / jour
Motards : entrée gratuite
Viens faire le plein d’adrénaline et vivre l’univers de la moto comme jamais auparavant. Rendez-vous à Moto Nation 3!
FTSM.Tg 
#wakabileguide #wakabileguidedesbonscoins #wakabi",0,"07/30/2026 09:46",https://www.instagram.com/p/DbbJtIQDRmi/,"Carrousel IG",,Global,482,166,16,1,0,0,1
18096130769617764,17841401564937297,yvssminee,"Yasmine Ouro.","ONIMY THE STORE est officiellement ouvert et nous vous hâte de vous accueillir.

Merci à @wakabileguide pour la couverture. 

📍Agoe 2lion, à côté de la clinique Mawuena 
📞 +22890727929",89,"07/29/2026 10:54",https://www.instagram.com/reel/DbYqCIsNzVX/,"Reel IG",,Global,1513,837,75,5,0,2,0
18375476473228783,17841447275263474,wakabileguide,"Wakabi Le Guide | Découverte | Bons plans | Divertissement","La FTSM.tg  vous donne rendez-
vous pour le Moto Nation Édition 3 !
Du 7 au 9 août, le CETEF Lomé vibrera au rythme des sports mécaniques. Préparez-vous à un week-end de spectacle et d’adrénaline.
Présentée par : @relfa_fa 
#wakabileguide #wakabi #wakabileguidedesbonscoins #togo",44,"07/23/2026 09:29",https://www.instagram.com/reel/DbJGGwaN0Qn/,"Reel IG",,Global,570,434,20,0,0,0,0
18099477853957668,17841464187809923,orn.city,"Orncity Orncity","📣 Wakabi rejoint officiellement l’aventure ! 🤝

Le Festival de la CAN à Lomé est heureux d’accueillir Wakabi comme partenaire média officiel. 🎉

Grâce à ce partenariat, l’événement bénéficiera d’une plus grande visibilité pour faire rayonner la culture, la musique et l’ambiance unique du festival. Rendez-vous les 8 & 9 août pour vivre une expérience inoubliable ! 🔥🇹🇬

#FestivalDeLaCANALomé #Wakabi #PartenaireMedia #OrnCity #Lomé",0,"07/20/2026 14:13",https://www.instagram.com/p/DbB4Jb2i-II/,"Image IG",,Global,2914,1426,133,2,1,0,0
17999761970967798,17841447275263474,wakabileguide,"Wakabi Le Guide | Découverte | Bons plans | Divertissement","Le Sans Filtres de Wakabi s’est invité à la grande finale des Evala pour un petit jeu de devinettes.

Entre bonnes réponses,
hésitations et fous rires, les réactions étaient au rendez-vous !
- Télécharge Wakabi et découvre encore plus de bons plans et d’expériences à vivre au Togo.
#wakabileguide #wakabi #wakabileguidedesbonscoins #togo #sansfiltre",62,"07/20/2026 13:19",https://www.instagram.com/reel/DbBx6RmNByA/,"Reel IG",,Global,560,441,19,0,2,0,1
18207474538352050,17841447275263474,wakabileguide,"Wakabi Le Guide | Découverte | Bons plans | Divertissement","Wakabi t’offre 2 passes duo pour assister à ALPHEENOMENAL - English Comedy Tour présenté par Alphée !
Pour participer :
Être abonné à @wakabileguide et
@alpheenomenal 
Taguer 2 amis en commentaire qui devront traduire la phrase « Essô koumè
Léna Avou ».
On a hâte de voir vos traductions
#wakabileguide #wakabi #wakabileguidedesbonscoins #togo",45,"07/18/2026 08:27",https://www.instagram.com/reel/Da8HBKhNSwt/,"Reel IG",,Global,901,561,23,2,1,1,0
17884015572608971,17841447275263474,wakabileguide,"Wakabi Le Guide | Découverte | Bons plans | Divertissement","Avouez-le... Vous aussi, vous passez vos vendredis soirs à chercher désespérément une idée de sortie ? 😉 Ne cherchez plus, le VSD de Wakabi s’occupe de tout.

On vous partage chaque semaine nos meilleurs spots : restos gourmands, soirées à ne pas manquer et adresses secrètes pour un Vendredi, Samedi et Dimanche parfaits. 🎯

📲 Ne passez plus à côté des bons plans : téléchargez l’appli Wakabi dès maintenant !

#vsd #wakabileguide #wakabileguidedesbonscoins #togo #explorewithwakabi",92,"07/17/2026 13:21",https://www.instagram.com/reel/Da6Dq03N-a_/,"Reel IG",,Global,705,517,26,2,1,0,0
18096540038210197,17841447275263474,wakabileguide,"Wakabi Le Guide | Découverte | Bons plans | Divertissement","Peu importe la situation, il y a un réflexe à
avoir: Wakabi.
Trouve les meilleurs endroits, les événements du moment et plein d’autres bons plans en quelques clics.
Télécharge dès maintenant Wakabi et ne manque plus aucune sortie !

#wakabileguide #wakabi #wakabileguidedesbonscoins #togo #explorewithwakabi",12,"07/17/2026 06:42",https://www.instagram.com/reel/Da5WL5atT1R/,"Reel IG",,Global,3241,2408,45,1,7,0,0
18087482045149978,17841447275263474,wakabileguide,"Wakabi Le Guide | Découverte | Bons plans | Divertissement","🎁 JEU CONCOURS • LA SURPRISE WAKABI 🎁

Alerte bon plan ! 🚨 Vous aimez les découvertes et les surprises ? Pour vous remercier d’être chaque jour plus nombreux ici, l’équipe de Wakabi le guide vous a préparé un cadeau très spécial : un coffret surprise unique à gagner ! ✨

Pour tenter votre chance et repartir avec ce super lot, c’est super simple. Il vous suffit de :
1️⃣ Vous abonner à notre page @wakabileguide (si ce n’est pas encore fait ! 😉)
2️⃣ Liker cette vidéo et commenter en taguant un(e) ami(e) avec qui vous aimeriez partager nos prochains bons plans. (Plus vous commentez en taguant des amis différents, plus vous augmentez vos chances !)
🔥 BONUS : Partagez cette vidéo dans votre story en nous identifiant pour doubler vos chances de tirage au sort ! 🚀
⏳ Vous avez jusqu’au 26 juillet pour participer. Les résultats seront annoncés ce jour-là en story !
Bonne chance à tous les explorateurs de bons plans ! 🍀🤞

#wakabileguide #jeuconcoursinstagram #bonplan #wakabi wakabileguidedesbonscoins",16,"07/17/2026 04:13",https://www.instagram.com/reel/Da5FC7pN2wx/,"Reel IG",,Global,2310,1426,110,42,7,20,0
18610836232058972,17841447275263474,wakabileguide,"Wakabi Le Guide | Découverte | Bons plans | Divertissement","Le Sans Filtres de Wakabi s’est rendu à Djamdè pour les Evala 2026 !
Entre confiance, détermination et esprit de compétition, les habitants nous ont partagé leurs préparatifs ainsi que les nouveautés à découvrir cette année.
Découvrez toute l’ambiance des Evala avec Wakabi et téléchargez l’application pour ne rien manquer des meilleurs spots et expériences au Togo
#wakabileguide #wakabi #wakabileguidedesbonscoins #togo #sansfiltre",156,"07/16/2026 10:27",https://www.instagram.com/reel/Da3K0QCNPP1/,"Reel IG",,Global,850,634,49,1,1,0,0
18125540131660717,17841447275263474,wakabileguide,"Wakabi Le Guide | Découverte | Bons plans | Divertissement","@BIJOULIEBARKARA, c’est l’adresse parfaite pour découvrir de beaux accessoires et profiter d’un moment de détente autour d’un repas ou d’un verre en plein air à Kara.

Téléchargez Wakabi pour découvrir encore plus de bonnes adresses près de chez vous et dites-nous en commentaire si vous connaissez déjà Bijoulie !
#explorewithwakabi #wakabileguide #wakabi #wakabileguidedesbonscoins #togo",237,"07/15/2026 00:45",https://www.instagram.com/reel/Dazjr1cNkhV/,"Reel IG",,Global,474,250,20,0,1,0,0
18107933738320643,17841447275263474,wakabileguide,"Wakabi Le Guide | Découverte | Bons plans | Divertissement","Vous n’avez pas pu assister au concert de
@robtself à Kara ? 
On vous emmène revivre les meilleurs moments de la soirée en compagnie de @eugeneguenou 
@yaka_crazy_official 
@Telepathe15aout
omsprt @king_maz_officiel 
 #wakap #wakabileguide #wakabileguidedesbonscoins #wakabi #togo",147,"07/14/2026 13:56",https://www.instagram.com/reel/DayWmL3t5M-/,"Reel IG",,Global,964,650,58,0,2,1,0
18094785386344539,17841447275263474,wakabileguide,"Wakabi Le Guide | Découverte | Bons plans | Divertissement","Vous cherchez un endroit sympa pour vous détendre et passer un bon moment ?

Le @bamboo_grillhouse est l’adresse qu’il vous faut !
Situé à Togo 2000, à environ 300 m après la station Yatt&Co, ce spot vaut vraiment le détour.
Et ce n’est qu’un des nombreux bons plans à découvrir sur l’application Wakabi.

Téléchargez-la dès maintenant pour ne plus rien manquer des meilleures adresses et sorties ! 

#wakabileguidedesbonscoins #explorewithwakabi #togo #wakabileguide #wakabi",193,"07/14/2026 02:36",https://www.instagram.com/reel/DaxLeJlNeg6/,"Reel IG",,Global,797,506,52,2,2,0,2
17988865515009774,17841447275263474,wakabileguide,"Wakabi Le Guide | Découverte | Bons plans | Divertissement","L’odorat de @michael_mbj la conduit lui et son Acolyte dans un coin assez Cuiteux du nom de @chezelizgbigan2 regardez toute la vidéo pour en savoir plus et y faire un tour quand vous serez à Kara.

N’oubliez surtout pas de télécharger l’application Wakabi pour être au courant de tout les bon plans !!!
#wakabileguide #wakabi #wakabileguidedesbonscoins #onvaoùlà",330,"07/13/2026 10:51",https://www.instagram.com/reel/DavfSjNNAK8/,"Reel IG",,Global,2388,1345,295,53,26,7,5
18114337921874895,17841447275263474,wakabileguide,"Wakabi Le Guide | Découverte | Bons plans | Divertissement","À la recherche de linge de qualité à Lomé ?
Wakabi est allé découvrir @orithane_maison_du_linge , la boutique n°1 du linge à Lomé. Draps, serviettes, couettes et bien d’autres articles de qualité vous y attendent, le tout à des prix adaptés à tous les budgets.
Faites-y un tour et téléchargez l’application Wakabi pour découvrir encore plus de bonnes adresses et de bons plans partout au Togo. #wakabileguide #wakabi #wakabileguidedesbonscoins #explorewithwakabi #togo",99,"07/13/2026 06:10",https://www.instagram.com/reel/Dau_RNXNp-E/,"Reel IG",,Global,1120,837,54,4,1,1,4
18135292939606117,17841447275263474,wakabileguide,"Wakabi Le Guide | Découverte | Bons plans | Divertissement","En pleine recherche de quoi manger dans les forêts de Lassa, à Kara, @michael_mbj tombe sur le tournage de quelqu’un que vous connaissez sûrement bien… 👀🎬

Impossible pour lui de repartir sans une petite interview Sans Filtres.

Et cette personne n’était autre que @s.e.n.z.a.a_ . Suivez toute la vidéo pour en apprendre davantage. 🎤

Téléchargez l’application Wakabi pour découvrir les meilleurs bons plans, événements et adresses partout au Togo. 📲 #wakabileguide #sansfiltre #wakabileguidedesbonscoins #togo #wakabi",230,"07/12/2026 11:24",https://www.instagram.com/reel/Das-L94NHgA/,"Reel IG",,Global,2566,1599,307,5,11,6,6
17996861609971415,17841447275263474,wakabileguide,"Wakabi Le Guide | Découverte | Bons plans | Divertissement","C’est LE rendez-vous de à ne pas manquer ! Rejoignez-nous pour une expérience unique mêlant culture, partage et vibes incroyables.

📅 Samedi 25 juillet 2026 dès 14h00
📍 Agnassan - Musée Paul Ahyi
🎟️ Ticket : 30.000 FCFA

Au programme :
🎤 Performance Live exclusive de Fofo Skarfo
🎨 Creative Workshop & Mixology Experience
🤝 Foodie Time, Networking & Talk avec Mowokitours & Laure Rehoboth voyages
🎧 DJ Set de feu
🎁 Bonus : Des lots exceptionnels à gagner, dont un billet d’avion pour la destination de votre choix !
📞 Infoline & Réservations : +228 91 08 49 85 @gloriavismile 

💡 Pour ne rater aucun autre bon plan exclusif dans la ville, téléchargez l’application Wakabi !

#MeetTheSmiles3 #SafariDesSourires #lomeevent #wakabi  #wakabileguidedesbonscoins",51,"07/11/2026 13:20",https://www.instagram.com/reel/Daqm54gNoPN/,"Reel IG",,Global,1566,1143,54,3,4,0,2
17901999360310358,17841447275263474,wakabileguide,"Wakabi Le Guide | Découverte | Bons plans | Divertissement","Vous savez qu’on adore vous dénicher les meilleures adresses du pays... Cette fois-ci, l’équipe s’est posée à Kara et on vous a trouvé une véritable pépite pour prendre soin de vous ! 🔥
Dans cette vidéo, on vous emmène pousser les portes de Drath House. Si vous cherchez l’endroit parfait à Kara pour un soin de visage deep, une routine skincare au top ou des produits cosmétiques de qualité, c’est l’adresse qu’il vous faut valider. 🧖‍♀️🛍️
Suivez le guide, on vous montre tout l’espace et ce qui vous y attend ! 🎬
#WakabiLeGuide #ExploreTogo #Kara #explorewithwakabi #bonplantogo",263,"07/10/2026 12:52",https://www.instagram.com/reel/Dan-QJltUU2/,"Reel IG",,Global,1283,503,68,1,1,2,2
17929397142123484,17841447275263474,wakabileguide,"Wakabi Le Guide | Découverte | Bons plans | Divertissement","Vous faites partie de ceux qui passent tous leurs week-ends à dire « il n’y a rien à faire » ou « je ne sais pas où sortir » ? Avec le VSD de Wakabi, vous n’avez plus d’excuse.

Chaque semaine, découvrez les meilleures sorties, les bons restos, les événements et les adresses à ne pas manquer pour profiter pleinement de votre Vendredi, Samedi et Dimanche.

📲 Téléchargez l’application Wakabi et trouvez facilement les meilleurs bons plans près de chez vous. 
#vsd #wakabileguide #wakabileguidedesbonscoins #togo #explorewithwakabi",95,"07/10/2026 03:38",https://www.instagram.com/reel/Dam_iYwtodF/,"Reel IG",,Global,757,538,46,1,1,0,0
17941494372056075,17841447275263474,wakabileguide,"Wakabi Le Guide | Découverte | Bons plans | Divertissement","Découvrez 3 raisons de participer aux Évala, de vibrer face à l’énergie brute des luttes traditionnelles, de vous immerger dans la culture Kabyé et de partager des moments uniques au cœur de la région de Kara ! 🇹🇬✨ 

Avec Wakabi le guide, on vous emmène vivre tout ça de l’intérieur, en mode 100% authentique et sans filtre. 

Téléchargez l’application Wakabi pour découvrir encore plus de bons plans ! 🎥🔥 

#wakabileguide #sansfiltre #wakabileguidedesbonscoins #evala2026",124,"07/09/2026 06:25",https://www.instagram.com/reel/DaksIAmtbGy/,"Reel IG",,Global,1284,878,85,3,4,2,1
18596848507056383,17841447275263474,wakabileguide,"Wakabi Le Guide | Découverte | Bons plans | Divertissement","Envie d’une soirée ciné en plein air ?
On est allés tester les soirées Ciné sous les Étoiles au @skybar_tg @cikagoldenhotel , et
l’expérience vaut le détour.
Tous les jeudis à partir de 19h
L’entrée est gratuite : il suffit simplement de faire une consommation sur place pour profiter de la projection.
Regardez le vlog et dites-nous en commentaire : vous iriez avec qui ?
Téléchargez Wakabi pour découvrir
encore plus de bons plans#wakabileguide #wakabi #wakabileguidedesbonscoins #togo #lomé",66,"07/09/2026 01:27",https://www.instagram.com/reel/DakLc1xtrd8/,"Reel IG",,Global,4862,3173,247,65,35,2,41
18086572550453489,17841447275263474,wakabileguide,"Wakabi Le Guide | Découverte | Bons plans | Divertissement","À la fin on n’a pas du tout raté
@michael_mbj 😂😂Koh
dessert !!.... En tout cas Merci à @supreme_foodies_tg pour ces plats
délicieux n’hésitez surtout à passez vos commandes chez eux et à visiter leurs pages pour plus d’informations
#wakabi #onvaoùlà #wakabileguidedesbonscoins",162,"07/08/2026 11:48",https://www.instagram.com/reel/Dait_v6NyMv/,"Reel IG",,Global,5833,3678,765,239,107,10,26
18055802747775550,17841447275263474,wakabileguide,"Wakabi Le Guide | Découverte | Bons plans | Divertissement","On est allés à la rencontre des locaux pour qu’ils nous expliquent avec leurs propres mots l’importance de ce rite d’initiation Kabyè. Une immersion brute, sans filtre et pleine de passion. Tu connaissais la vraie signification de l’Evala ? Réponds-nous en commentaire ! 👇#wakabi #evala2026 #karatogo #sansfiltre #wakabileguide wakabi",120,"07/07/2026 11:40",https://www.instagram.com/reel/DagIJlwNcna/,"Reel IG",,Global,810,559,53,1,3,2,1
18107116744998378,17841447275263474,wakabileguide,"Wakabi Le Guide | Découverte | Bons plans | Divertissement","Alors, vous lui donnez combien sur 10 pour sa prononciation ?
Abonnez-vous et téléchargez l’application
Wakabi pour être au courant de tout les bon plans #wakabileguide #wakabileguidedesbonscoins #sansfiltre #togo",196,"07/06/2026 13:05",https://www.instagram.com/reel/DadrSpPtmUM/,"Reel IG",,Global,1477,822,151,3,5,0,2
18025647881840940,17841447275263474,wakabileguide,"Wakabi Le Guide | Découverte | Bons plans | Divertissement","Finalement ils n’ont pas pu prendre la moto
a 150000 🤣🤣🤣 donc ils sont encore à
Kara et pour ne rien arranger la faim de @michael_mbj ne cesse de les embarquer dans des aventures pas possible au point de finir dans une station @zenertg 
Restez connecté pour ne pas rater le troisième épisode et surtout n’oubliez pas de télécharger lappli Wakabi
#onvaoulawakabi #wakabileguide #wakabileguidedesbonscoins #wakabi",283,"07/05/2026 15:25",https://www.instagram.com/reel/DabUTOINSIW/,"Reel IG",,Global,2317,1196,272,30,28,7,8
17894097786548476,17841447275263474,wakabileguide,"Wakabi Le Guide | Découverte | Bons plans | Divertissement","Explore with Wakabi a pris les devants pour vous dénicher le spot parfait à Kara avant que tout soit complet. 🔥

Aujourd’hui, focus sur le complexe @panoramik !

Regardez la vidéo pour la visite guidée ! 🎬

📲 Télécharge l’application Wakabi pour retrouver tous nos bons plans en un clic !
Abonne-toi, enregistre le post et partage à tes potes ! ✈️

#ExploreWithWakabi #wakabileguide  #KaraTogo #hotel #wakabileguidedesbonscoins",173,"07/05/2026 03:22",https://www.instagram.com/reel/DaaFrmktdmd/,"Reel IG",,Global,867,569,60,0,2,0,0
18096601835202986,17841447275263474,wakabileguide,"Wakabi Le Guide | Découverte | Bons plans | Divertissement","Akpé kaka x1000
Merci de faire
partie de l’aventure Wakabi. Votre confiance, votre fidélité et votre soutien nous motivent chaque jour à vous proposer les meilleurs bons plans et les meilleures adresses.
L’aventure ne fait que commencer, et nous avons encore beaucoup de surprises à vous faire découvrir. Merci de grandir avec nous ! #wakabi #wakabileguide #wakabileguidedesbonscoins #togo",17,"07/04/2026 13:52",https://www.instagram.com/reel/DaYpIUwt-BU/,"Reel IG",,Global,1315,841,75,2,0,4,2
18121009633773119,17841447275263474,wakabileguide,"Wakabi Le Guide | Découverte | Bons plans | Divertissement","Dans affaire de manger là on va Vendre
@michael_mbj un jour
Restez Connecté pour la partie 2 et surtout n’oubliez pas de télécharger l’application
Wakabi
@bonici.africa 
#wakabi #onvaoùlà #wakabileguide #wakabileguidedesbonscoins",359,"07/03/2026 12:04",https://www.instagram.com/reel/DaV3kJ8uCrr/,"Reel IG",,Global,5828,3225,545,45,68,16,20
18120667000819464,17841447275263474,wakabileguide,"Wakabi Le Guide | Découverte | Bons plans | Divertissement","VSD avec Wakabi, c’est votre rendez-vous pour découvrir les meilleurs bons plans du week-end ! Sorties, restos, événements et bonnes adresses… tout ce qu’il vous faut pour profiter de votre Vendredi, Samedi et Dimanche.

📲 Téléchargez l’application Wakabi pour découvrir encore plus de bons plans près de chez vous et ne rien manquer !  #wakabileguide #wakabileguidedesbonscoins #togo #vsd #quefaireceweekend @relfa_fa",111,"07/03/2026 04:08",https://www.instagram.com/reel/DaVBWsWOqys/,"Reel IG",,Global,1258,869,75,7,10,1,5
18102482861125393,17841447275263474,wakabileguide,"Wakabi Le Guide | Découverte | Bons plans | Divertissement","Chill, grill & bonne humeur au rendez-vous !

Retour en images sur un moment rempli de rires, de bonne nourriture et d’une ambiance incroyable. ❤️ Qui aurait aimé être avec nous ? 👀 @bamboo_grillhouse @relfa_fa 

📍#wakap #wakabi #Togo #barbecue #goodvibes",139,"06/29/2026 16:04",https://www.instagram.com/reel/DaMAErttODb/,"Reel IG",,Global,588,404,31,2,13,0,2
17960827908007135,17841447275263474,wakabileguide,"Wakabi Le Guide | Découverte | Bons plans | Divertissement","N’hésitez pas à passer au @bamboo_grillhouse ce dimanche pour le jamaïcain Nighhhhhht
Abonnez-vous et téléchargez l’application
Wakabi pour être au courant de tous les bon plans
#wakabi #wakabileguide #lomé #onvaoùlà",257,"06/27/2026 03:23",https://www.instagram.com/reel/DaFfbUVNrUE/,"Reel IG",,Global,1978,1096,287,8,24,5,8
18002405033763028,17841447275263474,wakabileguide,"Wakabi Le Guide | Découverte | Bons plans | Divertissement","Rendez-vous le 10 juillet🥳🥳 @nee_un_samedi",37,"06/26/2026 12:27",https://www.instagram.com/reel/DaD49ZSNzrJ/,"Reel IG",,Global,327,235,14,1,1,0,0
17979997029014286,17841447275263474,wakabileguide,"Wakabi Le Guide | Découverte | Bons plans | Divertissement","@wondervibesgetaway_ nous a fait passer des moments incroyables à l’Aqua trip
Safari au Ghana si ce genre d’activités
vous intéresse n’hésitez pas à vous abonner à leurs comptes et surtout à télécharger l’application Wakabi pour ne rater aucun bon plan
#wakabileguide 
#safarighana
#aquatrip",124,"06/24/2026 12:04",https://www.instagram.com/reel/DZ-sjbstiTZ/,"Reel IG",,Global,618,450,33,3,0,0,0
18129047656622865,17841452236429466,cdgenie,"C'est Du Génie","Retour sur une journée qui a tenu toutes ses promesses. 🔥

Il y a eu de la tension, du suspense, des remontées inattendues, des cris de joie et forcément quelques déceptions. Mais surtout, il y a eu de très beaux matchs.

Au bout du compte, l'Université de Lomé et l'IAEC ont décroché leur place pour la grande finale et tenteront d'inscrire leur nom au palmarès de cette 5ᵉ édition.

🏆 Rendez-vous le 04 juillet à 15h00 à l'UNIPOD de l'Université de Lomé pour le dernier chapitre de cette aventure.

🎟️ Tickets : 1 000 FCFA • 3 000 FCFA • 5 000 FCFA

La finale approche... et elle promet du grand spectacle.

#CDuGenie #GrandeFinale #CultureGenerale #PourLeTogo",138,"06/24/2026 03:21",https://www.instagram.com/reel/DZ9ws39sbL5/,"Reel IG",,Global,445,265,30,1,0,0,0
18182867743399665,17841447275263474,wakabileguide,"Wakabi Le Guide | Découverte | Bons plans | Divertissement","Envie d’une soirée karaoké entre amis dans un cadre cosy ?
Découvre  @lerossignolkaraoke et ses salles privées, parfaites pour chanter, s’amuser et passer des moments inoubliables en toute intimité.
Retrouve cette adresse et bien d’autres
sur Wakabi.
Télécharge l’application et trouve ton
prochain spot !",171,"06/22/2026 19:30",https://www.instagram.com/reel/DZ502tDNgjB/,"Reel IG",,Global,745,527,38,4,4,1,3
18032654186815986,17841447275263474,wakabileguide,"Wakabi Le Guide | Découverte | Bons plans | Divertissement","Qu’est-ce que @michael_mbj et son acolyte ne sont pas prêt à faire pour manger? le aujourd’hui un d’entre eux en a paye le prix, regardez jusqu’à à la fin odet surtout n’oubliez pas de télécharger l’application Wakabi #wakabileguide #wakabi #togo #onvaoula",234,"06/20/2026 11:42",https://www.instagram.com/reel/DZ0WmnQtirG/,"Reel IG",,Global,3709,2155,454,45,42,17,22
18021349544850111,17841452236429466,cdgenie,"C'est Du Génie","𝐂̧𝐚 𝐭𝐢𝐫𝐞 𝐝𝐞́𝐣𝐚̀ 𝐚̀ 𝐛𝐚𝐥𝐥𝐞 𝐫𝐞́𝐞𝐥𝐥𝐞... 𝐞𝐭 𝐩𝐨𝐮𝐫𝐭𝐚𝐧𝐭, 𝐥𝐞 𝐦𝐚𝐭𝐜𝐡 𝐧'𝐚 𝐦𝐞̂𝐦𝐞 𝐩𝐚𝐬 𝐜𝐨𝐦𝐦𝐞𝐧𝐜𝐞́.

𝐑𝐞𝐧𝐝𝐞𝐳-𝐯𝐨𝐮𝐬 𝐝𝐞𝐦𝐚𝐢𝐧 𝐩𝐨𝐮𝐫 𝐥𝐚 𝐩𝐞𝐭𝐢𝐭𝐞 𝐟𝐢𝐧𝐚𝐥𝐞. 𝐄𝐭 𝐩𝐨𝐮𝐫 𝐜𝐞𝐮𝐱 𝐪𝐮𝐢 𝐯𝐞𝐮𝐥𝐞𝐧𝐭 𝐯𝐢𝐯𝐫𝐞 𝐥𝐚 𝐠𝐫𝐚𝐧𝐝𝐞 𝐟𝐢𝐧𝐚𝐥𝐞 𝐚𝐯𝐞𝐜 𝐧𝐨𝐮𝐬, 𝐥𝐞𝐬 𝐭𝐢𝐜𝐤𝐞𝐭𝐬 𝐬𝐞𝐫𝐨𝐧𝐭 𝐞𝐧 𝐯𝐞𝐧𝐭𝐞 𝐚̀ 𝐥'𝐞𝐧𝐭𝐫𝐞́𝐞.

𝐂𝐨𝐧𝐭𝐚𝐜𝐭 : +𝟐𝟐𝟖 𝟗𝟑𝟏𝟑𝟖𝟕𝟓𝟒

#cdg  #wakabi #pourtoi❤️ #culturegenerale",175,"06/19/2026 05:20",https://www.instagram.com/reel/DZxGVBrMmci/,"Reel IG",,Global,840,564,77,4,3,4,0
18124626196646421,17841447275263474,wakabileguide,"Wakabi Le Guide | Découverte | Bons plans | Divertissement","Vous visitez le Togo bientôt ?

Apprenez quelques expressions en éwé pour échanger plus facilement avec les habitants et vivre une expérience authentique.

🎥 Découvrez dans cette vidéo les phrases à connaître avant votre arrivée.

 Laquelle connaissez-vous déjà ? Identifiez un ami qui rêve de visiter le Togo !",76,"06/18/2026 11:44",https://www.instagram.com/reel/DZvNs0_tMNM/,"Reel IG",,Global,947,783,50,4,6,0,4
18102701075115918,17841447275263474,wakabileguide,"Wakabi Le Guide | Découverte | Bons plans | Divertissement","La Vie en Rosé Edition IV est de retour !

Carnet Artistique vous invite à une soirée tout en rose à La Bodega : vin rosé, mousseux, Jägermeister et pizza pour passer un bon moment entre amis 🍷✨

📍 La Bodega, coin pharmacie de la cité, direction école des cadres à Avenou
📅 10 Juillet 2026 — 19H
☎️ 00228 98 87 45 99

Salons disponibles de 1 à 8 personnes, viens vite réserver ta place ! @carnetartistiquetogo",0,"06/17/2026 03:29",https://www.instagram.com/p/DZrwX8njbIy/,"Carrousel IG",,Global,226,97,8,0,0,0,0
18108092989896409,17841447275263474,wakabileguide,"Wakabi Le Guide | Découverte | Bons plans | Divertissement","🔥 Retour sur la 1ère journée du Championnat National de Drift !

Pneus qui fument, moteurs qui rugissent et adrénaline au rendez-vous 🔥🏎️

Revivez les meilleurs moments de l’événement avec ce nouveau Wakap ftsm.tg",139,"06/16/2026 04:53",https://www.instagram.com/reel/DZpU8s_NiZb/,"Reel IG",,Global,1704,1267,177,12,20,2,5
18079812008558627,17841447275263474,wakabileguide,"Wakabi Le Guide | Découverte | Bons plans | Divertissement","Prêt pour la CDM 
Souhaitez bonne chance à l’équipe wakabi 🙏🇹🇬",31,"06/15/2026 04:46",https://www.instagram.com/reel/DZmvjVutVkx/,"Reel IG",,Global,1769,1096,126,20,1,15,5
18014076167855085,17841447275263474,wakabileguide,"Wakabi Le Guide | Découverte | Bons plans | Divertissement","😂😂Michael et son acolyte on mis dans Galidossi des debouts chez Miss kech aujourd’hui , et comme d’habitude rien ne s’est  pas passé comme prévu
#wakabileguide #wakabi #wakabileguidedesbonscoins",220,"06/12/2026 11:40",https://www.instagram.com/reel/DZfwCCgtOty/,"Reel IG",,Global,2835,1760,265,47,25,11,3
18090560186362375,17841462512525974,zanzibarlome,"ZanziBar Lomé","🎥 Le ballon circule déjà au Zanzibar Lomé...

Et avec lui, l’excitation monte.

Les plus beaux matchs.
Les plus grandes émotions.
Les plus belles célébrations.

Tout commence ici. ⚽🔥

📍 Zanzibar Lomé

#togo #WorldCup2026 #ZanzibarLome #FootballCommunity #MatchExperience",45,"06/12/2026 10:19",https://www.instagram.com/reel/DZfiqxqA4Wz/,"Reel IG",,Global,3093,2267,131,13,3,7,0
18104381294094388,17841447275263474,wakabileguide,"Wakabi Le Guide | Découverte | Bons plans | Divertissement","VSD : votre guide des sorties du week-end.

📍 Voici la sélection des événements de ce week-end :

• Lomé Fight Night — 06 juin 2026 à 19h00
• Imani Bounka — 06 juin 2026 à 14h00
• Saïd – Sur Mon Cœur — 07 juin 2026 à 16h00
• Table & Harmonie — 07 juin 2026

Lequel sera votre programme ? 👀
#wakabileguide #wakabi #wakabileguidedesbonscoins #wakabivsd",73,"06/06/2026 04:44",https://www.instagram.com/reel/DZPj805NyMq/,"Reel IG",,Global,363,300,13,0,0,0,0
17893006683523868,17841447275263474,wakabileguide,"Wakabi Le Guide | Découverte | Bons plans | Divertissement","Le grand jour approche pour notre très chère @s.e.n.z.a.a_ . 💍✨

Rendez-vous dans quelques jours sur Wakabi pour vivre avec nous les plus beaux moments de cette célébration

#wakabileguide #wakabi #wakabileguidesbonscoins #senzaa",49,"06/02/2026 08:54",https://www.instagram.com/reel/DZFtXe7thux/,"Reel IG",,Global,2629,1657,151,11,9,6,5
18197150515364234,17841447275263474,wakabileguide,"Wakabi Le Guide | Découverte | Bons plans | Divertissement","À @aurum_carliksquadgame , on ne vient pas seulement pour manger, on vient vivre un moment.

Une équipe aux petits soins, des plats généreux et des saveurs qui donnent envie de revenir encore et encore. Une adresse qui mérite sa place parmi les incontournables d’Agbodrafo.

Disponible sur Wakabi.

#wakabileguide #wakabi #wakabileguidedesbonscoins",11,"06/01/2026 12:20",https://www.instagram.com/reel/DZDgG04NP1J/,"Reel IG",,Global,562,430,13,0,0,0,1
18093509654221611,17841447275263474,wakabileguide,"Wakabi Le Guide | Découverte | Bons plans | Divertissement","Le 13 juin, embarquez pour une journée d’évasion à Ada avec @wondervibesgetaway_ . Transport aller-retour, buffet, accès à la piscine et plusieurs activités incluses pour une expérience inoubliable. 🏊‍♂️✨

💰 50 000 FCFA par personne

📲 Réservez vite votre place sur Wakabi !

#wakabileguide #wakabi #wakabileguidedesbonscoins",61,"06/01/2026 10:08",https://www.instagram.com/reel/DZCvYngNcLH/,"Reel IG",,Global,305,267,11,0,0,0,2
18096826622582686,17841447275263474,wakabileguide,"Wakabi Le Guide | Découverte | Bons plans | Divertissement","Le Championnat National de Drift  est en pleine action. Voici quelques clichés capturés au cœur de l’événement. 🏁

#wakabi #wakabileguide #drift",0,"05/31/2026 10:45",https://www.instagram.com/p/DZAwwL_jVWz/,"Carrousel IG",,Global,297,141,8,0,0,0,0
18104512018972677,17841447275263474,wakabileguide,"Wakabi Le Guide | Découverte | Bons plans | Divertissement","Hier soir, les préparatifs se sont poursuivis jusqu’à tard pour que tout soit prêt pour le Championnat National de Drift.

Aujourd’hui, place à l’action. Si vous aimez la vitesse, la maîtrise et les sensations fortes, rendez-vous à 10h au Stade de Kégué.
#wakabileguide #wakabi #wakabileguidedesbonscoins @ftsm",65,"05/31/2026 02:52",https://www.instagram.com/reel/DY_6aTLNN4R/,"Reel IG",,Global,384,308,31,3,1,0,0
18102983509953087,17841447275263474,wakabileguide,"Wakabi Le Guide | Découverte | Bons plans | Divertissement","Aujourd’hui, nous célébrons celles qui nous ont appris à marcher, à rêver et à croire en nous. ❤️
Bonne fête à toutes les mamans !
Et si cette année, vous lui offriez de nouveaux souvenirs à créer et de nouveaux endroits à découvrir ?

#wakabi  #wakabileguide #fetedesgrandsmères",0,"05/31/2026 02:03",https://www.instagram.com/p/DY_0_E1Nh3f/,"Image IG",,Global,125,85,2,0,0,0,0
17882956356589528,17841447275263474,wakabileguide,"Wakabi Le Guide | Découverte | Bons plans | Divertissement","🏁 Le spectacle commence !
Ne manquez pas la 1ère journée du Championnat National de Drift (ftsm.tg )ce Dimanche 31 Mai au Stade de Kégué à partir de 10H. 🔥🚗💨

🎟 Entrée : 2000F
⭐ VIP : 5000F
📍 Stade de Kégué
📞 Infoline : +228 93 66 77 77

#wakabileguide #wakabileguidedesbonscoins #wakabi",33,"05/29/2026 15:28",https://www.instagram.com/reel/DY8Hbb9NEXg/,"Reel IG",,Global,343,298,15,0,0,0,0
18132370120569776,17841447275263474,wakabileguide,"Wakabi Le Guide | Découverte | Bons plans | Divertissement","Entre reggae, liberté et conscience spirituelle… bienvenue dans l’univers rasta

#wakabileguide #wakabi #wakabileguidedesbonscoins #rastafara",80,"05/29/2026 06:14",https://www.instagram.com/reel/DY7H-ICNytg/,"Reel IG",,Global,288,240,12,1,0,0,0
18472976188103425,17841447275263474,wakabileguide,"Wakabi Le Guide | Découverte | Bons plans | Divertissement","Notre micro-trottoir pendant le lancement de l’événement @cdgenie a donné lieu à des échanges super intéressants et des réactions inattendues 👀🔥
Regardez jusqu’à la fin, certaines réponses vont vous surprendre

#wakabileguide #wakabi #wakabileguidedesbonscoins",181,"05/28/2026 12:34",https://www.instagram.com/reel/DY5ObnYNilS/,"Reel IG",,Global,408,341,18,0,0,0,0
18098969009333571,17841447275263474,wakabileguide,"Wakabi Le Guide | Découverte | Bons plans | Divertissement","✨ Tabaski Mubarak à tous !
Besoin d’une idée sortie après le festin ? 😄
Wakabi vous guide vers les meilleurs spots de la ville 📍

#wakabi #wakabileguide #tabaski228",0,"05/27/2026 03:22",https://www.instagram.com/p/DY1q0sst-ln/,"Image IG",,Global,119,77,5,0,0,0,0
17897511822456067,17841447275263474,wakabileguide,"Wakabi Le Guide | Découverte | Bons plans | Divertissement","@michael_mbj a laissé femme pour aller manger et avec son acolyte 
chez @jcs_bbq_lome 😂😂😂suivez toute à vidéo pour en savoir plus 

#wakabileguide #wakabi #wakabionvaoula",168,"05/26/2026 15:14",https://www.instagram.com/reel/DY0XLs6NtSL/,"Reel IG",,Global,3655,2316,294,12,14,15,6
18427616815130098,17841447275263474,wakabileguide,"Wakabi Le Guide | Découverte | Bons plans | Divertissement","WAKABI RECRUTE
Responsable Commercial & Développement Business

Nous recherchons un profil stratégique, orienté résultats, capable de prospecter, négocier, signer des contrats et développer des partenariats solides.

Profil :
• Excellent sens commercial
• Fort(e) en négociation
• Autonome et proactif(ve)
• À l’aise avec les décideurs
• Expérience en business development / vente / marketing (minimum 1 an)

Candidature :
Envoyez votre CV + prétention salariale à
contact@wakabileguide.com

Date limite : 29 mai 2026

Rejoignez l’aventure Wakabi.
#wakabileguide #wakabileguidedesbonscoins #wakabileguide",53,"05/26/2026 03:33",https://www.instagram.com/reel/DYzHSp-tcx1/,"Reel IG",,Global,968,4946,26,0,0,0,0
18101303699089715,17841447275263474,wakabileguide,"Wakabi Le Guide | Découverte | Bons plans | Divertissement","À la recherche de tissus d’exception ? ✨

Découvrez @gretys_ldm , la maison du Java, partenaire de  Vlisco￼ : Java, Superwax, Hollandais… en détail comme en gros.

À retrouver sur l’application  Wakabi !

#wakabileguide #wakabi #wakabileguidedesbonscoins",18,"05/22/2026 04:47",https://www.instagram.com/reel/DYo8bqMt2I-/,"Reel IG",,Global,373,287,15,2,0,0,0
18129897829602370,17841447275263474,wakabileguide,"Wakabi Le Guide | Découverte | Bons plans | Divertissement","Un clic, une destination, une ambiance 🎶✨
Avec l’application Wakabi, découvre des spots uniques comme Rossignol Karaoke pour des moments inoubliables entre amis

#wakabileguide #wakabi #wakabileguidedesbonscoins",38,"05/21/2026 11:55",https://www.instagram.com/reel/DYnHiBNN_RZ/,"Reel IG",,Global,2258,7496,78,3,0,0,0
17973988538881954,17841447275263474,wakabileguide,"Wakabi Le Guide | Découverte | Bons plans | Divertissement","Tu veux découvrir l’univers Wakabi ? 👀

Rien de plus simple : tape WakabiLeGuide.com sur Google et plonge dans tout ce qu’on te prépare ✨
📰 Des articles & actus d’événements
📲 L’application Wakabi à télécharger directement
🔥 Toute l’expérience Wakabi, au même endroit

Wakabi Le Guide, ton réflexe sorties & découvertes

#wakabileguide #wakabileguidedesbonscoins #wakabi",22,"05/20/2026 13:31",https://www.instagram.com/reel/DYkuzpKNUyS/,"Reel IG",,Global,250,203,20,1,1,0,2
18364192228230844,17841447275263474,wakabileguide,"Wakabi Le Guide | Découverte | Bons plans | Divertissement","Élégance et raffinement à l’italienne 

Situé aux Almadies à Dakar, Barolo by  @nolianedakar vous accueille dans un cadre chic et élégant avec une cuisine italienne raffinée.

L’adresse idéale pour vos dîners, rendez-vous et événements spéciaux 

Barolo by Noliane et bien d’autres adresses sont à découvrir sur Wakabi…
Explorez et trouvez facilement les meilleurs lieux.

📍 Dakar

#wakabi #wakabileguidedesbonscoins #wakabileguide",0,"05/19/2026 12:19",https://www.instagram.com/p/DYiB93ojSap/,"Carrousel IG",,Global,151,72,2,0,0,0,0
18098091113135624,17841447275263474,wakabileguide,"Wakabi Le Guide | Découverte | Bons plans | Divertissement","Chez @aurum_carliksquadgame , chaque expérience commence par une belle assiette.

Ici, la cuisine est généreuse, soignée et pensée avec attention pour satisfaire toutes vos envies. Un menu varié, des plats maîtrisés et une vraie passion du goût à chaque service.

Une adresse à découvrir sur Wakabi… téléchargez l’application et explorez les meilleurs spots autour de vous.

#wakabileguide #wakabi #wakabileguidedesbonscoins",15,"05/18/2026 11:49",https://www.instagram.com/reel/DYfZWLaNbbj/,"Reel IG",,Global,252,204,7,0,1,0,1
18104663044937737,17841447275263474,wakabileguide,"Wakabi Le Guide | Découverte | Bons plans | Divertissement","Au Festival Son & Lumières , on a tendu le micro à quelques Togolais… et leurs réponses sont plutôt intéressantes 👀🎤

Découvrez la vidéo et surtout, n’oubliez pas de télécharger l’application Wakabi 👇

https://play.google.com/store/apps/details?id=com.wakabi.wakabimobile

📍: @palaisdelome 

#Wakabi #wakabileguidedesbonscoins #wakabisansfiltre",124,"05/17/2026 09:57",https://www.instagram.com/reel/DYcnwvyt_w9/,"Reel IG",,Global,709,371,22,1,0,0,0
18194458201365398,17841447275263474,wakabileguide,"Wakabi Le Guide | Découverte | Bons plans | Divertissement","😂😂😂Aujourd’hui @michael_mbj nous a montré ses talents de chanteur au  @lerossignolkaraoke sur les sons de @kikogoldenboy , @sethlo_officiel et autres. Et comme d’habitude la bouffe était au rendez-vous
#wakabionvaoula 
#karaoketogo
#wakabileguidesbonscoins",282,"05/16/2026 13:25",https://www.instagram.com/reel/DYaZt2ItdwX/,"Reel IG",,Global,1298,806,91,3,1,4,2
18210068518331729,17841447275263474,wakabileguide,"Wakabi Le Guide | Découverte | Bons plans | Divertissement","Le rendez-vous des esprits brillants est lancé.
La 5ᵉ édition de @cdgenie t’attend ce 16 mai à 16h à l’Hôtel Sarakawa.

Challenge, réflexion et grosses vibes au programme ⚡

#wakabileguide #wakabi #wakabileguidedesbonscoins",40,"05/15/2026 04:34",https://www.instagram.com/reel/DYW5ePHNYWS/,"Reel IG",,Global,389,296,31,1,0,0,1
18076450370642207,17841447275263474,wakabileguide,"Wakabi Le Guide | Découverte | Bons plans | Divertissement","De belles rencontres, de bons conseils et de good vibes ✨

La vente privée @archka_concept à Tokoin Wuiti a été un vrai moment de partage 💚

Merci à tous d’avoir été au rendez-vous… à très vite 

💁‍♀️. : @itsbluafi 

#wakabileguide #wakabi #wakabileguidedesbonscoins",172,"05/13/2026 02:33",https://www.instagram.com/reel/DYRhyrRNMfD/,"Reel IG",,Global,467,341,31,4,2,1,0
17919390795359765,17841447275263474,wakabileguide,"Wakabi Le Guide | Découverte | Bons plans | Divertissement","À Agbodrafo, @aurum_carliksquadgame c’est l’endroit parfait pour s’évader entre plage, détente et sensations fortes.

Balades en quad face à la mer, moments chill et ambiance 100% good vibes… tout est réuni pour profiter à fond, de jour comme de nuit.

Retrouvez cette adresse et plein d’autres pépites sur Wakabi. Téléchargez l’application et partez à la découverte des meilleurs spots autour de vous.

#wakabi #wakabileguide #wakabileguidesbonscoins",18,"05/11/2026 12:12",https://www.instagram.com/reel/DYNarTpNtEw/,"Reel IG",,Global,317,249,13,2,2,0,0
18011706728852691,17841447275263474,wakabileguide,"Wakabi Le Guide | Découverte | Bons plans | Divertissement","Une super ambiance, de belles rencontres et de vrais moments de partage 💚

Merci à @archka_concept pour l’accueil, et merci à toutes les personnes présentes d’avoir rendu cette vente privée aussi belle.

On a adoré vous faire vivre ce moment avec nous… et ce n’est pas fini ✨

#wakabileguide #wakabi #wakabileguidesbonscoins",15,"05/10/2026 13:25",https://www.instagram.com/reel/DYK-QluNu_x/,"Reel IG",,Global,537,409,27,1,0,0,0
18426213937135010,17841447275263474,wakabileguide,"Wakabi Le Guide | Découverte | Bons plans | Divertissement","Aujourd’hui seulement ils ont essayé d’être chics, mais avec eux rien n’est sûr🤣🤣. @michael_mbj et son acolyte de la bouffe ont encore frappé. Regardez jusqu’à la fin leurs aventures au restaurant @bonici.africa 
 #wakabileguidedesbonscoins #wakabionvaoula #wakabi",184,"05/09/2026 14:13",https://www.instagram.com/reel/DYIeotsNfz7/,"Reel IG",,Global,1433,809,137,4,2,8,4
17898566031443578,17841447275263474,wakabileguide,"Wakabi Le Guide | Découverte | Bons plans | Divertissement","C’est parti ! La Vente Privée @archka_concept est officiellement ouverte.

On vous attend à Tokoin Wuiti jusqu’à 21h pour découvrir, profiter et vous faire plaisir.

Passez faire un tour… on vous attend 

#wakabileguide #wakabi #wakabileguidedesbonscoins",16,"05/09/2026 05:49",https://www.instagram.com/reel/DYHlQjqtYur/,"Reel IG",,Global,746,531,39,2,0,1,0
18423606868127088,17841447275263474,wakabileguide,"Wakabi Le Guide | Découverte | Bons plans | Divertissement","Bonjour les wakabiens!

Archka vous attend à sa vente privée aujourd’hui 9 mai à partir de 10h à 21h 

Vos cheveux ont besoin d’aide, c’est une opportunité alors pour leur trouver une solution.🌚

Entrée gratuite yé élooo

📍 Tokoin Wuiti
#wakabi #wakabileguide #wakabileguidedesbonscoins",0,"05/09/2026 03:13",https://www.instagram.com/p/DYHTe8ZjV9J/,"Carrousel IG",,Global,118,66,4,0,0,0,0
18053345201733727,17841447275263474,wakabileguide,"Wakabi Le Guide | Découverte | Bons plans | Divertissement","Tu cherches les meilleures adresses et les meilleurs bons plans en ville ? 📍
Tout est sur Wakabi.

Télécharge l’application et découvre Lomé autrement. 🚀

#wakabileguide #wakabi #wakabileguidedesbonscoins",27,"05/09/2026 01:57",https://www.instagram.com/reel/DYHKxKZtJmm/,"Reel IG",,Global,316,250,20,0,0,1,0
18313937920276742,17841447275263474,wakabileguide,"Wakabi Le Guide | Découverte | Bons plans | Divertissement","Le week-end commence maintenant. 🔥
T’as pas encore prévu quoi faire ? Pas de stress — VSD a déjà tout sélectionné pour toi.
Soirées, spots chill, événements incontournables… on a compilé les meilleurs plans du vendredi au dimanche pour que tu passes à côté de rien.
Il te reste plus qu’à choisir et profiter.
Et pour ne jamais rater un bon plan en temps réel, télécharge l’appli Wakabi dès maintenant. 👇
#wakabivsd  #wakabi #wakabileguide",133,"05/08/2026 08:17",https://www.instagram.com/reel/DYFRRD5NQY1/,"Reel IG",,Global,270,209,23,0,1,0,0
18063617786421602,17841447275263474,wakabileguide,"Wakabi Le Guide | Découverte | Bons plans | Divertissement","Tes cheveux refusent de coopérer dès que le peigne sort ? 👀😭
Et malgré tous les tutos TikTok… toujours le même combat devant le miroir ?

Bonne nouvelle ✨
Ce samedi 09 mai 2026 dès 10h, @archka_concept ￼ te donne rendez-vous pour une vente privée spéciale cheveux nappy 💆🏾‍♀️

🎟️ Entrée gratuite

Au programme :
• Diagnostic capillaire
• Vente de produits
• DJ
• Tombola
• Buffet

Viens apprendre à aimer tes cheveux autrement… et arrêter de les menacer avec le peigne

#wakabileguide #wakabi #wakabileguidedesbonscoins",72,"05/07/2026 11:59",https://www.instagram.com/reel/DYDF4EItOt9/,"Reel IG",,Global,447,385,24,3,1,0,0
18049504325521885,17841447275263474,wakabileguide,"Wakabi Le Guide | Découverte | Bons plans | Divertissement","Tes cheveux naturels te donnent du fil à retordre ? Tu ne sais pas comment les traiter comme il faut ? 

@archka_concept organise une vente privée ce samedi 09 mai 2026 à 10h spécialement pour les cheveux nappy. 

ENTRÉE GRATUITE 

Au programme :
- Diagnostic Capillaires
- Vente des produits 
- Dj - Tombola - Buffet

#wakabileguide #wakabileguidedesbonscoins #wakabi",28,"05/07/2026 02:52",https://www.instagram.com/reel/DYCHaQ6tDPy/,"Reel IG",,Global,1251,1051,33,4,0,2,4
18112677127876513,17841447275263474,wakabileguide,"Wakabi Le Guide | Découverte | Bons plans | Divertissement","Explore le festival son et lumière qui a eu lieux au @palaisdelome avec Wakabi et @Mildred . Qu’est-ce que vous avez le plus aimé sur l’édition de cette année ? Dites nous tout en commentaire 

#explorewithwakabi #wakabileguide #wakabi",163,"05/06/2026 12:02",https://www.instagram.com/reel/DYAhU4GtPNr/,"Reel IG",,Global,240,195,17,0,1,0,0
18102140485953736,17841447275263474,wakabileguide,"Wakabi Le Guide | Découverte | Bons plans | Divertissement","Wakatrip – Danyi (Golden Eye)

2 jours hors de la ville… juste nous, la nature et des moments forts 
Entre tyrolienne, cascades et nuits sous les étoiles, chaque instant avait un petit goût d’aventure.

Un grand merci à @afriroad.traveltours 🌍 pour l’organisation 🙌

Ce vlog, c’est juste un aperçu… parce qu’en vrai, il fallait le vivre.

Tu viens au prochain Wakatrip ?
💁‍♀️: @itsbluafi 

#wakatrip #wakabi #wakabileguidedesbonscoins",121,"05/05/2026 13:10",https://www.instagram.com/reel/DX-EbSAt61w/,"Reel IG",,Global,1539,1033,81,11,2,2,3
17856046596641195,17841447275263474,wakabileguide,"Wakabi Le Guide | Découverte | Bons plans | Divertissement","UNBOXING ARCHKA — des produits soigneusement sélectionnés pour révolutionner votre routine Nappy !
Ce que vous venez de voir ? C’est juste le début. 
🗓️ 09 Mai | Vente Privée
Activités exclusives • Découvertes • Bonne ambiance
📍 Salon Archka, Tokoin Wuiti — 📞 99 77 83 77

#wakabileguide #wakabi #wakabileguidedesbonscoins",63,"05/05/2026 09:05",https://www.instagram.com/reel/DX9n5k6N6nn/,"Reel IG",,Global,1127,915,27,3,2,0,0
18107570236904255,17841447275263474,wakabileguide,"Wakabi Le Guide | Découverte | Bons plans | Divertissement","À Agbodrafo, @aurum_carliksquadgame vous plonge dans une ambiance unique entre détente et loisirs au bord de la mer.

Entre sensations fortes en quad sur la plage, moments chill et vibes Only Good Vibes, c’est le spot parfait pour profiter de jour comme de nuit ✨🔥

Cette adresse et bien d’autres sont disponibles sur Wakabi… alors n’hésitez pas à télécharger l’application et découvrir les meilleurs spots autour de vous

#wakabileguide #wakabileguidedesbonscoins #explorewithwakabi",28,"05/04/2026 09:55",https://www.instagram.com/reel/DX7Ja9KtliU/,"Reel IG",,Global,267,228,10,0,0,0,1
18096228680332287,17841447275263474,wakabileguide,"Wakabi Le Guide | Découverte | Bons plans | Divertissement","Et c’est parti encore pour un tour! 😅

@michael_mbj et son Acolyte  qui font don de sang au C.N.T.S par générosité ou ...? 🤔

En tout cas suivez la vidéo au complet pour comprendre.

#wakabileguide #wakabileguidedesbonscoins #onvaoulawakabi",157,"05/02/2026 14:16",https://www.instagram.com/reel/DX2dbBethni/,"Reel IG",,Global,2095,1430,129,4,3,4,6
18042789716774237,17841447275263474,wakabileguide,"Wakabi Le Guide | Découverte | Bons plans | Divertissement","VSD est là 🔥

Tu sais déjà où sortir ce week-end ? 👀
Sinon t’inquiète… on t’a préparé les meilleurs plans de vendredi, samedi et dimanche 🎉

Entre soirées, chill spots et événements à ne pas rater, tout est dedans 👇
Regarde, choisis… et profite 😎

📲 Pour encore plus de bons plans en temps réel, télécharge l’application Wakabi maintenant et ne rate plus jamais un week-end !

#wakabileguide #wakabi #vsdwakabi",143,"05/02/2026 04:34",https://www.instagram.com/reel/DX1a5JhNY1u/,"Reel IG",,Global,251,233,12,0,0,0,0
18048478001582105,17841447275263474,wakabileguide,"Wakabi Le Guide | Découverte | Bons plans | Divertissement","Aujourd’hui, on célèbre bien plus que le travail…
On célèbre celles et ceux qui se lèvent chaque jour pour bâtir, créer, servir et avancer 💪
De la vendeuse au menuisier, du conducteur au créateur de contenus…
Après une journée bien remplie, il est temps de se retrouver, souffler et profiter ✨
Avec Wakabi, trouvez en quelques clics l’endroit parfait pour vous détendre et célébrer comme il se doit 🍽️🎉
📍 Et si cette année, on se retrouvait au @hypelome ?
Bonne fête du travail à tous les travailleurs 🙌
Wakabi, votre guide pour mieux vivre chaque moment.

#wakabileguide #wakabi #wakabileguidedesbonscoins",110,"05/01/2026 11:06",https://www.instagram.com/reel/DXzi2-INzJd/,"Reel IG",,Global,498,419,31,2,0,0,1
18103591522758775,17841447275263474,wakabileguide,"Wakabi Le Guide | Découverte | Bons plans | Divertissement","1er Mai — mais tu sais pourquoi tu ne travailles pas aujourd’hui ?

Tu profites du repos… mais ça vient d’une vraie histoire.

En 1886 à Chicago, des ouvriers se sont battus contre des journées de 16h de travail. Leur mouvement a changé l’histoire et a donné naissance au 1er mai comme jour férié dans plus de 160 pays.

Donc aujourd’hui, tu te reposes grâce à eux.

👉 Dis-nous en commentaire : repos ou travail en cachette ?
👍 Like | 🔁 Partage | 🔔 Abonne-toi à Wakabi pour des infos que tu n’entends pas ailleurs.

#wakabileguide #wakabileguidedesbonscoins #wakabi",91,"05/01/2026 06:03",https://www.instagram.com/reel/DXzAOamN_Fa/,"Reel IG",,Global,351,303,18,1,1,0,1
17926489593272997,17841447275263474,wakabileguide,"Wakabi Le Guide | Découverte | Bons plans | Divertissement","Un événement à ne pas manquer pour les amoureux du naturel !

@archka_concept vous donne rendez-vous pour une vente privée exceptionnelle 💚
Au programme : diagnostics capillaires, produits naturels, ambiance DJ, tombola et buffet.

📅 09 mai 2026
⏰ 10H

Une belle occasion de découvrir des soins adaptés à vos cheveux et de passer un moment agréable 🌿

#wakabi #wakabileguide #wakabileguidedesbonscoins",0,"05/01/2026 02:49",https://www.instagram.com/p/DXyqcv8jQ2B/,"Carrousel IG",,Global,213,109,10,3,0,0,0
17922890466324802,17841447275263474,wakabileguide,"Wakabi Le Guide | Découverte | Bons plans | Divertissement","Aujourd’hui, on célèbre celles et ceux qui construisent, innovent et donnent le meilleur d’eux-mêmes chaque jour. 💙
Chez Wakabi, on vous dit merci pour votre travail, votre engagement et votre détermination.

Bonne fête du Travail à tous ! 👷‍♂️✨

#wakabi #wakabileguide #fetedutravail",0,"05/01/2026 01:33",https://www.instagram.com/p/DXyheiQDTFp/,"Image IG",,Global,121,76,8,0,0,0,1
18101992570968641,17841447275263474,wakabileguide,"Wakabi Le Guide | Découverte | Bons plans | Divertissement","Quelque chose se prépare… 👀✨
Une expérience exclusive vous attend.
📅 09 mai 2026
📍 Salon @archka_concept 

Serez-vous de la partie ?

#wakabileguide #wakabileguidedesbonscoins #wakabi",15,"04/29/2026 07:59",https://www.instagram.com/reel/DXuELDcDZH9/,"Reel IG",,Global,382,291,12,1,1,0,1
18136956292534170,17841447275263474,wakabileguide,"Wakabi Le Guide | Découverte | Bons plans | Divertissement","Bonne nouvelle 🔥

Tu veux juste chill sans faire l’atelier ? C’est maintenant possible.

Un ticket à 5 000 FCFA te donne accès au @skybar_tg du  @cikagoldenhotel Cika Golden Hotel & Suites, 

👉 Viens chill, profiter de l’ambiance et passer un bon moment, même sans participer à l’atelier Batik.

🔥 Réserve ta place dès maintenant
🔥 Abonne-toi à Wakabi pour ne rater aucun bon plan

#wakabileguide #wakabi #explorewithwakabi",32,"04/29/2026 05:20",https://www.instagram.com/reel/DXtx_qsDTc6/,"Reel IG",,Global,419,337,21,1,0,0,0
17857670340691885,17841447275263474,wakabileguide,"Wakabi Le Guide | Découverte | Bons plans | Divertissement","Situé sur la route Abobo – Lac Togo à Tsévié, le Centre Magbatrova est un espace de détente qui allie loisirs, restauration et hébergement.

Dans un cadre naturel agréable, profitez de nombreuses activités : restaurant, piscine, salle de conférence, parc de loisirs et espace événementiel. Idéal pour se relaxer, organiser un événement ou passer du temps en famille.

Découvrez Centre Magbatrova et bien d’autres adresses sur Wakabi.
Explorez et trouvez facilement les meilleurs lieux.

#wakabileguide #wakabileguidedesbonscoins #wakabi",0,"04/29/2026 04:05",https://www.instagram.com/p/DXtpj7QjQww/,"Carrousel IG",,Global,237,126,6,0,0,0,0
18123709075537676,17841447275263474,wakabileguide,"Wakabi Le Guide | Découverte | Bons plans | Divertissement","« La liberté appartient à tout le monde. » 
​Aujourd’hui, nous célébrons cet héritage. Que ce soit à Lomé ou ailleurs, n’oublions jamais le chemin parcouru.
​Et vous, quelle anecdote sur l’indépendance de votre pays vous a le plus marqué ? Dites-le nous en commentaire !

#wakabileguide #wakabi #wakabitusaispasmais",80,"04/27/2026 09:51",https://www.instagram.com/reel/DXpHVmEjU4i/,"Reel IG",,Global,224,208,9,0,1,0,0
18099675839009308,17841447275263474,wakabileguide,"Wakabi Le Guide | Découverte | Bons plans | Divertissement","Wakabi célèbre avec vous 66 ans de liberté, d’histoire et de fierté 🇹🇬

Aujourd’hui, on avance ensemble, vers encore plus de découvertes, de connexions et de belles adresses à partager.

Bonne fête de l’indépendance à tous. ✨

Restez connectés sur Wakabi pour ne rien manquer des bons plans.

#wakabi #wakabileguide #wakabileguidedesbonscoins #togoindependanceday❤️🇹🇬",0,"04/27/2026 05:59",https://www.instagram.com/p/DXos3uBjXiw/,"Image IG",,Global,201,122,10,1,0,0,1
18086497556363412,17841447275263474,wakabileguide,"Wakabi Le Guide | Découverte | Bons plans | Divertissement","Envie de t’évader ?

Cap sur Accra avec GHANA Découverte du 01 au 03 mai 🇬🇭

Au programme : transport A/R, 2 nuitées, petits déjeuners, balade sur le lac Volta, aqua safari et soirée Beach Club

💰 130.000 FCFA / personne
📍 Départ : Frontière Togo/Ghana à 07h

Places limitées

👉 Réserve vite
🔔 Abonne-toi à Wakabi pour plus de bons plans

@travel_club_togo 

#wakabi #wakabileguide #wakabileguidedesbonscoins",0,"04/26/2026 12:57",https://www.instagram.com/p/DXm4CJAjeuY/,"Carrousel IG",,Global,189,92,4,0,0,0,0
17888484795469926,17841447275263474,wakabileguide,"Wakabi Le Guide | Découverte | Bons plans | Divertissement","Tu vas rater ça ? Mauvaise idée.

Ce samedi 02 mai, le Batik & Chill t’attend au  @skybar_tg du @cikagoldenhotel  pour un moment unique : créer, chill et repartir avec ton propre tote bag.

💰 17 000 FCFA / personne
💰 32 000 FCFA / couple

👉 Places limitées, réserve vite.

🔥 Abonne-toi à Wakabi pour ne rater aucun bon plan.

#wakabileguide #wakabileguidedesbonscoins #wakabi",45,"04/25/2026 02:38",https://www.instagram.com/reel/DXjLx49DYJO/,"Reel IG",,Global,326,277,12,0,1,0,1
18121667884713713,17841447275263474,wakabileguide,"Wakabi Le Guide | Découverte | Bons plans | Divertissement","Le week-end commence ici avec Wakabi 

Vendredi, Samedi, Dimanche… finis les “on fait quoi aujourd’hui ?” 

On t’a regroupé les meilleurs plans :
événements, sorties, spots à découvrir et bons deals du moment.

📍 À ne pas manquer ce week-end :
RAD – 24 avril (Palais des Congrès)
Monalisa – 25 avril (@lafriklub_togo )
King Messan – 24 avril (Kpogan)
Festival Sons & Lumières – 25 & 26 avril (@palaisdelome )
Festival de l’indépendance – 26 & 27 avril

Entre chill, sorties et découvertes, tout est déjà planifié pour toi.

Wakabi t’accompagne tout le week-end

#wakabileguide #vsdwakabi #explorewithwakabi",172,"04/24/2026 09:17",https://www.instagram.com/reel/DXhQgzajTI7/,"Reel IG",,Global,450,346,36,0,1,1,2
18000238601923670,17841447275263474,wakabileguide,"Wakabi Le Guide | Découverte | Bons plans | Divertissement","Aujourd’hui @michael_mbj et son acolyte se sont retrouvés  au @domsresto pour de nouvelles aventures riches en rebondissements 😂😂. Vous connaissez ce coin de fried rice avant ? Dites nous tout en commentaire !!! Et surtout restez abonné à Wakabi pour être au courant des bon plan 

#wakabileguide #wakabileguidedesbonscoins #wakabionvaoula",159,"04/24/2026 05:39",https://www.instagram.com/reel/DXg76_njeir/,"Reel IG",,Global,5521,3907,640,32,26,26,17
17922332541335008,17841447275263474,wakabileguide,"Wakabi Le Guide | Découverte | Bons plans | Divertissement","Envie de créer, te détendre et passer un bon moment ?

Le Batik & Chill t’attend ce samedi 02 mai au @skybar_tg du @cikagoldenhotel 

Au programme : création sur tissu et tote bag, ambiance chill et conviviale, avec collation incluse. Que tu viennes seul(e) ou en duo, c’est le spot parfait pour laisser parler ta créativité.

📍 Lieu : Cika Golden Hotel & Suites (Skybar)
🕒 Heure : 15h à 18h
💰 17 000 FCFA / personne — 32 000 FCFA / couple

Réserve ta place et viens vivre l’expérience

#wakabi #wakabileguide #wakabileguidedesbonscoins",0,"04/24/2026 02:23",https://www.instagram.com/p/DXgl3KMDbXL/,"Carrousel IG",,Global,195,93,4,0,0,0,0
18109580161863331,17841447275263474,wakabileguide,"Wakabi Le Guide | Découverte | Bons plans | Divertissement","Élégance et vue imprenable sur l’océan ✨
Situé sur la Corniche Ouest à Fann Résidence, à Dakar, Noom Hotel Dakar Sea Plaza offre un cadre élégant avec une vue exceptionnelle. Ouvert 24h/24, il combine confort moderne et ambiance apaisante.

Idéal pour un séjour chic ou professionnel 🌊

Noom Hotel Dakar Sea Plaza et bien d’autres adresses sont à découvrir sur Wakabi…
Explorez et trouvez facilement les meilleurs lieux.

📍 Dakar

#wakabi #wakabileguide #explorewhitwakabi",0,"04/23/2026 15:36",https://www.instagram.com/p/DXfb1-TjPcY/,"Carrousel IG",,Global,180,212,2,0,0,0,1
18097800992095621,17841447275263474,wakabileguide,"Wakabi Le Guide | Découverte | Bons plans | Divertissement","Un smartphone sans rien payer, ça te tente ?

Wakabi met en jeu un téléphone Infinix — et il peut être à toi.

Comment participer :
Installe l’application Wakabi, crée ton compte, rejoins la chaîne WhatsApp et ajoute un lieu que tu aimes dans l’app.
Ensuite, envoie les captures au +228 72303333 pour confirmer ta participation.

Objectif : 5000 téléchargements
Sélection par tirage au sort
Clôture : 27 avril

Tu es peut-être déjà à un pas de gagner.
#wakabileguide #wakabileguidedesbonscoins #wakabi",34,"04/22/2026 14:47",https://www.instagram.com/reel/DXcZthrDbTq/,"Reel IG",,Global,156,114,11,0,0,0,0
17964769845059792,17841447275263474,wakabileguide,"Wakabi Le Guide | Découverte | Bons plans | Divertissement","Une soirée d’élégance au service d’une belle cause ✨

Le Gala de Charité organisé par JCI Agoè-Nyivé Pioneer a réuni des cœurs engagés autour d’un même objectif : soutenir les enfants atteints de la trisomie 21 💙

Entre moments de partage, ambiance chic et mobilisation collective, l’impact était bien réel.

Des événements comme celui-ci, on en veut plus.

#wakap #wakabileguide #wakabileguidedesbonscoins",119,"04/21/2026 14:30",https://www.instagram.com/reel/DXaKd1PjTPM/,"Reel IG",,Global,263,239,11,0,0,0,0
18446189188117599,17841447275263474,wakabileguide,"Wakabi Le Guide | Découverte | Bons plans | Divertissement","Élégance, art et détente réunis ✨
À Porto-Novo,  @artresidencebj vous plonge dans un univers raffiné entre confort moderne, rooftop et ambiance apaisante.

L’endroit parfait pour s’évader et vivre un moment d’exception 🌆

Art Residence et bien d’autres adresses sont à découvrir sur Wakabi…
Explorez et réservez facilement vos meilleures expériences.

📍 Porto-Novo

#wakabileguide #wakabi #cotonoubenin",0,"04/20/2026 14:09",https://www.instagram.com/p/DXXjidwDZdM/,"Carrousel IG",,Global,148,88,7,0,0,0,0
18115834288604173,17841447275263474,wakabileguide,"Wakabi Le Guide | Découverte | Bons plans | Divertissement","Ce n’était pas juste un concert… c’était un moment à part.

SUBO  SUBO – Adoration avec @luc__dario a réuni des voix, des émotions et une atmosphère forte à l’Agora Senghor.

Une énergie unique, des instants marquants… clairement un événement qui a laissé son empreinte.

Et si tu n’y étais pas, tu peux déjà sentir l’ambiance à travers ces images.

#wakap #wakabileguide #wakabileguidedesbonscoins",134,"04/18/2026 14:09",https://www.instagram.com/reel/DXSZjzzjYfo/,"Reel IG",,Global,416,338,21,1,0,0,0
18100372390993453,17841447275263474,wakabileguide,"Wakabi Le Guide | Découverte | Bons plans | Divertissement","Escapade gourmande à @nolianedakar 

Un cadre chic, une ambiance douce et une carte qui fait voyager… Noliane Caffè, c’est le spot parfait pour bruncher, travailler ou simplement savourer un bon moment entre amis, amoureux...

Entre cafés soigneusement préparés, douceurs irrésistibles et plats savoureux, chaque visite est une expérience à part entière.

Un incontournable à Dakar pour les amoureux de belles adresses.

À tester absolument lors de votre prochaine virée.

#wakabileguide #wakabi #wakabileguidedesbonscoins",0,"04/17/2026 13:30",https://www.instagram.com/p/DXPwoiXDZAi/,"Carrousel IG",,Global,211,108,4,0,0,0,1
18090088853518316,17841447275263474,wakabileguide,"Wakabi Le Guide | Découverte | Bons plans | Divertissement","Envie de changer d’air le temps d’un week-end ?
Afriroad t’emmène à Danyi pour 2 jours entre nature, détente et activités.

📅 25 & 26 avril 2026
💰 40 000 FCFA (paiement en 2 fois possible)

Transport, repas et hébergement inclus.
Places limitées, réservation ouverte.

#wakabileguide #wakabi #wakabileguidedesbonscoins",40,"04/16/2026 06:25",https://www.instagram.com/reel/DXMa35hDaHc/,"Reel IG",,Global,264,227,15,0,1,0,0
18069065189669214,17841447275263474,wakabileguide,"Wakabi Le Guide | Découverte | Bons plans | Divertissement","Envie de déconnecter et de faire le plein d’adrénaline ?

​Rejoignez-nous les 25 et 26 avril pour un voyage inoubliable sur les hauteurs de Danyi (Golden Eye). Entre nature sauvage, cascades rafraîchissantes et soirées au coin du feu, c’est l’évasion dont vous avez besoin !

#wakabi #wakabileguide #wakabileguidedesbonscoins",0,"04/15/2026 12:05",https://www.instagram.com/p/DXKcmbtjYPW/,"Image IG",,Global,168,107,3,0,0,0,2
17849588550676973,17841447275263474,wakabileguide,"Wakabi Le Guide | Découverte | Bons plans | Divertissement","Envie de vous détendre à Ouidah ? Il existe un endroit où le temps ralentit...
Bienvenue à Casa del Papa Resort ! 

Ici, chaque détail invite à la déconnexion : le bruit apaisant des vagues, le sable chaud sous les pieds, et cette sensation rare d’être exactement là où il faut être.

Que ce soit pour un week-end d’évasion, un moment en amoureux ou simplement pour respirer autrement, @casadelpaparesortspa offre bien plus qu’un séjour…

Et si votre prochaine destination était celle-ci ?

#wakabi #wakabileguide #wakabileguidedesbonscoins",0,"04/14/2026 14:17",https://www.instagram.com/p/DXIHpZ5jUVF/,"Carrousel IG",,Global,278,140,2,0,0,0,0
17983074128989041,17841447275263474,wakabileguide,"Wakabi Le Guide | Découverte | Bons plans | Divertissement","Ce samedi, offre-toi une vraie expérience hors du commun

La cascade de Yikpa t’attend pour une aventure intense et inoubliable.
Une randonnée qui te challenge… et une récompense spectaculaire à l’arrivée.

🥾 1h30 aller / 1h30 retour
Un effort qui vaut largement le coup pour découvrir un décor exceptionnel.

🎯 Tout est déjà inclus :
✔️ Transport A/R depuis Lomé
✔️ Repas local
✔️ Accès au site

💰 30 000 FCFA seulement
📅 Samedi 18 Avril 2026

📞 Réserve maintenant : 90773825

⚠️ Places très limitées — premier arrivé, premier servi. Ne rate pas ta place.

@adjestourart 

#wakabileguide #wakabileguidedesbonscoins #wakabi",33,"04/14/2026 11:16",https://www.instagram.com/reel/DXHyi_JjbFr/,"Reel IG",,Global,444,379,11,2,0,0,0
18009470168845967,17841447275263474,wakabileguide,"Wakabi Le Guide | Découverte | Bons plans | Divertissement","À la découverte d’une adresse incontournable à Abidjan…

Au cœur de la ville, @bushman.cafe offre une expérience unique mêlant authenticité, convivialité et saveurs africaines revisitées.

Retrouvez cette adresse et bien d’autres sur Wakabi : explorez, comparez et réservez facilement depuis votre téléphone.

📍 Abidjan, Côte d’Ivoire

#wakabi #wakabileguide #wakabileguidedesbonscoins",0,"04/13/2026 13:14",https://www.instagram.com/p/DXFbmDCjb42/,"Carrousel IG",,Global,335,169,9,0,0,0,1
18331749391217863,17841447275263474,wakabileguide,"Wakabi Le Guide | Découverte | Bons plans | Divertissement","Plus qu’un brunch, une parenthèse enchantée. 
​Le Mama’s Brunch organisé par @vaa_nouch , c’est ce moment où l’on dépose sa casquette de « Super Maman » pour redevenir simplement « Femme ». Entre rires, larmes d’émotion et confidences croustillantes, on a célébré la sororité dans toute sa splendeur à l’ @onomo.lome . ​Parce qu’une maman épanouie, c’est toute une famille qui sourit.

#wakap #wakabileguide #wakabileguidedesbonscoins",216,"04/12/2026 03:55",https://www.instagram.com/reel/DXB2VNsDYRT/,"Reel IG",,Global,1527,942,92,10,0,2,1
17960186070072879,17841447275263474,wakabileguide,"Wakabi Le Guide | Découverte | Bons plans | Divertissement","SOFT & LUSTY Pop Up - un rendez-vous inoubliable !
Deux jours de découvertes et de belles rencontres au Musée Paul Ahyi.
Merci à tous pour votre présence et votre soutien - vous avez rendu ces 21 & 22 mars uniques.
On repart inspirés et prêts à faire encore mieux 

#wakabileguide #wakabileguidedesbonscoins #explorewithwakabi",52,"04/10/2026 12:48",https://www.instagram.com/reel/DW9pwJ3jab7/,"Reel IG",,Global,642,516,19,2,1,0,0
18098257813824938,17841447275263474,wakabileguide,"Wakabi Le Guide | Découverte | Bons plans | Divertissement","Élégance, confort et vue imprenable ✨
Situé au cœur de Lomé, @cikagoldenhotel CIKA Golden Hotel & Suites vous accueille dans un cadre raffiné où détente et standing se rencontrent.

Entre espaces élégants, ambiance apaisante et prestations de qualité, c’est l’adresse idéale pour s’évader… sans quitter la ville 

CIKA Golden Hotel & Suites ainsi que plein d’autres adresses sont disponibles sur Wakabi…
Explorez, comparez et découvrez facilement les meilleurs lieux depuis votre téléphone.

Avec Wakabi, vivez des expériences uniques en toute simplicité 

📍 Lomé

#wakabi #wakabileguide #wakabileguidedesbonscoins",0,"04/10/2026 11:21",https://www.instagram.com/p/DW9gXYKjff0/,"Carrousel IG",,Global,232,118,4,0,0,0,0
17931944922233650,17841447275263474,wakabileguide,"Wakabi Le Guide | Découverte | Bons plans | Divertissement","À la découverte d’un spot incontournable à Agbodrafo : @aurum_carliksquadgame ✨
Entre quad, jacuzzi, restaurant, jeux et pergolas, tout est réuni pour se détendre et profiter face à l’océan 
Et à la tombée de la nuit, laissez-vous emporter par l’ambiance Beach By Night 🔥

Aurum Beach Club ainsi que plein d’autres lieux sont disponibles sur Wakabi…
Explorez, comparez et découvrez facilement les meilleures adresses depuis votre téléphone.

Avec Wakabi, vivez les meilleures expériences

#wakabileguide #wakabi #wakabileguidedesbonscoins",0,"04/09/2026 13:57",https://www.instagram.com/p/DW7NWRHjQGE/,"Carrousel IG",,Global,249,145,11,0,0,0,1
18013145156686469,17841447275263474,wakabileguide,"Wakabi Le Guide | Découverte | Bons plans | Divertissement","😂😂😂La pluie nous a chassé du Ayimoloufestivale qui s’est déroulée au @cetef_togo_2000_officiel mais on a quand même eu le temps de manger du bon Ayimolou chez Royal Food qui nous on très bien accueill. Et vous quel etait le meilleur
Ayimolou que vous avez mangé là-bas ?

#wakabileguide #wakabileguidedesbonscoins #wakabionvaoula",154,"04/08/2026 12:43",https://www.instagram.com/reel/DW4fdtsjRYT/,"Reel IG",,Global,7066,5486,638,90,58,20,17
18126321025580109,17841447275263474,wakabileguide,"Wakabi Le Guide | Découverte | Bons plans | Divertissement","+500 téléchargements… et ce n’est que le début.

Merci à tous pour la confiance.
Chaque téléchargement nous rapproche un peu plus de notre objectif : vous aider à découvrir les meilleurs bons plans et adresses autour de vous.

Wakabi, c’est votre guide au quotidien.

Téléchargez l’application et faites partie de l’aventure.

#wakabileguide #wakabileguidedesbonscoins #wakabi",0,"04/08/2026 03:52",https://www.instagram.com/p/DW3i4DmjQPC/,"Image IG",,Global,298,180,12,4,0,0,1
17981675042995727,17841447275263474,wakabileguide,"Wakabi Le Guide | Découverte | Bons plans | Divertissement","On a pas du tout respecté Michael dans ce épisode😂😂😂 Merci à @delightofbabi pour ses plats succulents. Restez branché à Wakabi pour connaître tout les meilleurs coins de Lomé !!!
Cc @deliscoops 
#wakabionvaoula #wakabileguide #wakabileguidedesbonscoins",188,"04/05/2026 14:19",https://www.instagram.com/reel/DWw8HZ3DZV8/,"Reel IG",,Global,2192,1358,170,17,6,8,4
18064689191339423,17841447275263474,wakabileguide,"Wakabi Le Guide | Découverte | Bons plans | Divertissement","La Vie en Rosé – Édition III
Une soirée remplie de vibes, de rosé et de beaux moments partagés.

Entre ambiance chaleureuse, rires et rencontres… vous avez rendu cette édition mémorable.

Tous ceux qui ont raté, la prochaine sera encore plus folle… restez connectés 😉

#wakabileguide #wakabi #wakap #wakabileguidedesbonscoins",127,"03/30/2026 09:22",https://www.instagram.com/reel/DWg9iWqDZXm/,"Reel IG",,Global,1545,1117,62,3,5,1,2
17938262241192229,17841447275263474,wakabileguide,"Wakabi Le Guide | Découverte | Bons plans | Divertissement","Aujourd’hui, cap sur Banquet Royal, une adresse incontournable à Cotonou pour les amateurs de bonne cuisine et d’ambiance raffinée.

Situé au sein de l’élégant @royal_hnm à Cotonou (Akpakpa Sodjatinmè), ce restaurant offre un cadre chic et confortable, idéal pour une parenthèse gourmande en toute sérénité.

Entre plats savoureux, service attentionné et atmosphère soignée, chaque visite devient une véritable expérience culinaire. Que ce soit pour un déjeuner d’affaires, un dîner entre amis ou une occasion spéciale, Banquet Royal sait mettre tout le monde d’accord.

Retrouve Banquet Royal dès maintenant sur l’appli Wakabi et laisse-toi guider vers les meilleures adresses.

#wakabileguide #wakabi #wakabileguidedesbonscoins",0,"03/30/2026 03:28",https://www.instagram.com/p/DWgVgCWDcVH/,"Carrousel IG",,Global,596,336,19,10,2,0,1
17951375190105998,17841447275263474,wakabileguide,"Wakabi Le Guide | Découverte | Bons plans | Divertissement","Tu crée du contenu sur TikTok ou Instagram ?
Et si on te payait pour ça?

Wakabi recrute des créateurs de contenu.On cherche des profils créatifs, à l’aise face caméra, basés à Lomé ou Cotonou.

Pour postuler :
envoie une vidéo pour nous dire pourquoi on doit te recruter,
	•	ton nom, ton contact et tes réseaux.

WhatsApp : +229 0146490999
Deadline : 17 avril 2026

#wakabileguide #wakabileguidedesbonscoins #explorewithwakabi #recrutementtogo",63,"03/29/2026 11:38",https://www.instagram.com/reel/DWeobVnDfKX/,"Reel IG",,Global,1006,714,39,5,0,1,2
17982663377972498,17841447275263474,wakabileguide,"Wakabi Le Guide | Découverte | Bons plans | Divertissement","Le Samedi 04 Avril 2026, on vous donne rendez-vous pour un événement unique ! Un brunch pensé juste pour nous, les mamans, pour se retrouver, se détendre et s’amuser. Imagine : un buffet délicieux, des activités ludiques, une ambiance conviviale et une piscine pour un max de fraîcheur !  On a hâte de partager ce moment avec vous !

​Ne garde pas ça pour toi, partage cette publication à une maman géniale !Le Samedi 04 Avril 2026, on vous donne rendez-vous pour un événement unique ! Un brunch pensé juste pour nous, les mamans, pour se retrouver, se détendre et s’amuser. Imagine : un buffet délicieux, des activités ludiques, une ambiance conviviale et une piscine pour un max de fraîcheur !  On a hâte de partager ce moment avec vous !

​Ne garde pas ça pour toi, partage cette publication à une maman géniale !
#wakabi #wakabileguide",0,"03/27/2026 06:08",https://www.instagram.com/p/DWY5W-wjex9/,"Carrousel IG",,Global,2351,2753,14,3,1,0,0
18214948750316068,17841470347895651,thelevelnightclublome,"THE LEVEL NIGHT CLUB","Une ambiance que tu ne peux pas expliquer… seulement ressentir🤩🔥

Des nuits intenses.
Des souvenirs qui restent.

✨ Where the night comes to an end.

#feelit #levelup #thelevel #vibes #lomévibes",18,"03/26/2026 10:23",https://www.instagram.com/reel/DWWvKpUDc3T/,"Reel IG",,Global,1694,1301,67,4,2,2,0
18082753655364931,17841447275263474,wakabileguide,"Wakabi Le Guide | Découverte | Bons plans | Divertissement","Qu’est-ce qu’on s’est bien régalé 😂🔥on va où prochainement ? Proposez nous des lieux en commentaire
#wakabileguide #wakabi #wakabileguidedesbonscoins",137,"03/26/2026 08:31",https://www.instagram.com/reel/DWWkT_eDVXm/,"Reel IG",,Global,5468,3880,453,73,29,16,35
18144928243490959,17841447275263474,wakabileguide,"Wakabi Le Guide | Découverte | Bons plans | Divertissement","À la découverte d’une adresse unique à Lomé…

Situé au cœur de Lomé, Bio Hotel vous invite à vivre une expérience où confort, nature et bien-être se rencontrent harmonieusement.

Ici, chaque détail est pensé pour vous offrir un séjour apaisant : des espaces élégants, une ambiance chaleureuse et une cuisine savoureuse qui met en valeur des produits frais et locaux.

BioHotel ainsi que plein d’autres hôtels sont disponibles sur Wakabi…
Explorez facilement les meilleures adresses, comparez et réservez en quelques clics, directement depuis votre téléphone.

Réservez, explorez et laissez-vous séduire par des lieux d’exception près de chez vous.
Avec Wakabi, accédez aux plus belles expériences de la ville, en toute simplicité.

📍: Ablogamé

#wakabi #wakabileguidedesbonscoins #wakabileguide  @biohotellome",0,"03/25/2026 11:55",https://www.instagram.com/p/DWUXeJvDadn/,"Carrousel IG",,Global,378,200,9,0,0,0,2
17883114498498167,17841447275263474,wakabileguide,"Wakabi Le Guide | Découverte | Bons plans | Divertissement","✨Événement du jour ! 

Ce 03 avril, ne manque pas une soirée exceptionnelle avec Richard Flash.
Un moment unique de vibes, de talent et d’émotions t’attend à Institut Français du Togo
🕗 20h GMT
🎟️ 3000 FCFA

Viens vivre une expérience inoubliable… ambiance garantie !
Tu vas pas regretter 😉",0,"03/25/2026 10:02",https://www.instagram.com/p/DWUKiyJjXq6/,"Carrousel IG",,Global,2713,3072,13,0,5,0,0
17859559959566128,17841409070834710,lecoindeden,"Le coin d'eden","Vous êtes créateur de contenu… et vous aimeriez créer du contenu sur l’Escapade Champêtre, avec un accès aux coulisses ?

Contactez-nous au +228 70 11 11 70",0,"03/25/2026 07:10",https://www.instagram.com/p/DWT26NdCAuB/,"Image IG",,Global,2425,1456,35,4,0,0,0
18070417151248719,17841447275263474,wakabileguide,"Wakabi Le Guide | Découverte | Bons plans | Divertissement","Cette 7ᵉ édition du Gala Night était tout simplement incroyable !
Pour ne rien manquer de la prochaine édition et découvrir d’autres événements d’exception comme celui-ci, abonnez-vous à Wakabi et téléchargez dès maintenant l’application, disponible sur le Play Store.
#wakap #wakabileguide #wakabileguidesbonscoins",135,"03/22/2026 15:34",https://www.instagram.com/reel/DWNByCRDVvq/,"Reel IG",,Global,670,512,39,2,3,0,2
17864491254526878,17841447275263474,wakabileguide,"Wakabi Le Guide | Découverte | Bons plans | Divertissement","Si tu cherches un endroit cosy pour te poser, travailler ou juste chiller, @lafondation.lome est clairement un spot à connaître 👀

Située à Nyékonakpoé , c’est un espace dédié au cinéma, à l’art et à la culture africaine. Un lieu qui mélange créativité, inspiration et découverte.

Derrière ce projet, @juliotekoh et @donarewa_b , dans la continuité de leur travail avec Telio Prod, avec une mission claire : préserver notre mémoire visuelle, former les talents de demain

#explorewithwakabi #wakabileguide #wakabi",282,"03/21/2026 08:52",https://www.instagram.com/reel/DWJtUX0jC9t/,"Reel IG",,Global,4087,2347,316,46,16,9,14
18069388127305913,17841447275263474,wakabileguide,"Wakabi Le Guide | Découverte | Bons plans | Divertissement","Préparez vos mouchoirs (de joie) et vos meilleures cordes vocales !
Plus qu’un concert, c’est une véritable déconnexion qu’on vous prépare. Si tu veux élever ton cœur et recharger tes batteries spirituelles, le rendez-vous est pris ! 
On vous promet une ambiance de feu, des larmes de gratitude et peut-être même quelques pas de danse improvisés (on ne jugera personne, promis !).#wakabileguide #wakabi #wakabileguidedesbonscoins",71,"04/03/2026 04:49",https://www.instagram.com/reel/DWqxwckDcgO/,"Reel IG",,Global,2255,1972,69,0,8,0,3
18083812481005778,17841447275263474,wakabileguide,"Wakabi Le Guide | Découverte | Bons plans | Divertissement","Le Festival XWÉ VODUN revient pour sa deuxième édition

Rendez-vous du 29 Nov au 03 Déc 2025

#Wakabi #benin #xwevodun #vodun #festival #Tradition #wakabileguide",0,"11/13/2025 11:26",https://www.instagram.com/p/DRAiEuSDe2d/,"Carrousel IG",,Global,668,122,11,0,0,0,0
18094755013629971,17841447275263474,wakabileguide,"Wakabi Le Guide | Découverte | Bons plans | Divertissement","OFFRE D’EMPLOI — Business Developer / Chargé·e de Partenariats (H/F)
Localisation : Cotonou
Type de contrat : CDD (démarrage immédiat / période d’essai 3 mois)

À propos de Wakabi
Wakabi est la plateforme-guide qui référence les meilleurs lieux, expériences et événements urbains en Afrique de l’Ouest. Nous préparons un lancement fort à Cotonou et construisons un réseau de partenaires (restaurants, salles, organisateurs, guides, sponsors) pour proposer des bons plans locaux aux habitants et aux visiteurs. Rejoignez une équipe jeune, agile et ambitieuse !

La mission
En tant que Business Developer / Chargé·e de Partenariats vous aurez pour mission principale de développer et gérer le réseau de partenaires locaux pour accélérer la croissance et la valeur de Wakabi sur le terrain.

Profil recherché
* Expérience : 2 à 5 ans en business development / partenariats, idéalement dans l’événementiel, l’hôtellerie, le tourisme ou une start-up digitale.
* Réseau local solide sur Cotonou cible et aisance à prendre des RDV terrain.
* Excellente capacité de négociation et esprit commerçant.
* Autonomie, organisation (gestion d’un portefeuille), ténacité et capacité à travailler en mode terrain.
* Bon relationnel, orientation service client et pédagogie pour former des partenaires non tech.
* Français courant; anglais un plus.

Atouts qui feront la différence
* Expérience en onboarding de lieux / gestion d’événements.
* Maîtrise d’outils CRM simples et d’outils de présentation.
* Expérience de travail avec opérateurs télécoms ou fintech/Mobile Money.

Ce que nous offrons
* Rôle à fort impact et visibilité au sein d’un projet en pleine expansion.
* Matériel fourni (smartphone, laptop) + indemnité déplacement.
* Flexibilité : mix terrain / remote, équipe agile.
* Opportunité d’évolution (responsable régional, head of partnerships)

Comment postuler
Envoyez CV + Prétention salariale + une courte note (max 200 mots) expliquant : 1) votre expérience terrain la plus pertinente, 2) un exemple concret où vous avez signé/animé un partenaire difficile, et 3) vos disponibilités à : contact@wakabileguide.com",0,"10/30/2025 10:03",https://www.instagram.com/p/DQcOq1HDaoK/,"Image IG",,Global,903,317,14,2,1,0,1
18097469251803738,17841447275263474,wakabileguide,"Wakabi Le Guide | Découverte | Bons plans | Divertissement","Découvrir, sortir, explorer… n’a jamais été aussi simple.
Avec Wakabi, le guide des bons plans, retrouve les meilleurs restaurants, sorties, lieux et expériences autour de toi.
Ne cherche plus longtemps où aller… Wakabi te montre le chemin. ✨
📲 Télécharge l’application et découvre les bons plans autrement.

#wakabileguide #wakabi #wakabileguidedesbonscoins",21,"03/16/2026 11:19",https://www.instagram.com/reel/DV9IGNXDatu/,"Reel IG",,Global,565,455,28,0,1,0,1
17950976640024290,17841447275263474,wakabileguide,"Wakabi Le Guide | Découverte | Bons plans | Divertissement","Merci🙏❤️ @blackmanugram , n’hésitez pas a télécharger l’application Wakabi et à vous abonnez à tous nos réseaux pour ne rien rater !
#wakabileguide #wakabi #wakabileguidedesbonscoins",26,"03/15/2026 14:32",https://www.instagram.com/reel/DV65YmtDQBa/,"Reel IG",,Global,44331,27118,2092,3,43,6,9
17979988655987591,17841447275263474,wakabileguide,"Wakabi Le Guide | Découverte | Bons plans | Divertissement","Merci🙏❤️ @kikogoldenboy , n’hésitez pas a télécharger l’application Wakabi et à vous abonnez à tous nos réseaux pour ne rien rater !
#wakabileguide #wakabi #wakabileguidedesbonscoins #kikogoldenboy",26,"03/12/2026 12:04",https://www.instagram.com/reel/DVy5vfnDZk_/,"Reel IG",,Global,8523,38058,924,3,17,2,2
18074459135416008,17841447275263474,wakabileguide,"Wakabi Le Guide | Découverte | Bons plans | Divertissement","Une nuit d’élégance vous attend…
Le Gala Night 7e Édition arrive pour une soirée chic, festive et inoubliable organisée par Harmony Traiteur.
📍 Salle des fêtes Richland Logos - Université de Lomé 
📆 14 Mars 2026
🕘 18h00 GMT
🎫 15 000 FCFA (Solo) | 20 000 (Couple)
Costumes, tenues de soirée, ambiance glamour…
Préparez-vous pour une nuit où l’élégance rencontre la fête .✨🥂",68,"03/11/2026 14:42",https://www.instagram.com/reel/DVwlvCKjTQj/,"Reel IG",,Global,1420,4120,42,0,0,0,1
17900164593392373,17841447275263474,wakabileguide,"Wakabi Le Guide | Découverte | Bons plans | Divertissement","Et si une soirée pouvait changer ta vision de l’entrepreneuriat ?
Rendez-vous au Dîner de Gala des Hommes Entrepreneurs pour échanger, apprendre et connecter

#wakabileguide #wakabienuneminute #explorewhitwakabi

@chef_siro_boris 

@baristamawuena 

@danielfortunat1",74,"03/09/2026 13:35",https://www.instagram.com/reel/DVrV89dDTHM/,"Reel IG",,Global,936,6165,26,0,0,0,0
18394921840195857,17841447275263474,wakabileguide,"Wakabi Le Guide | Découverte | Bons plans | Divertissement","✨ À l’occasion du 8 mars, les femmes ont troqué les talons contre les crampons !
Dans une ambiance conviviale et pleine d’énergie, elles se sont affrontées sur le terrain pour célébrer la force, l’unité et le fun au féminin ⚽💜
Un événement signé @nel_cosmics x @tina_beautys .
📍: @aleaparktg 
cc : @bovann1 @jojolecomedien 
#Wakap
#Explorewithwakabi
#wakabileguide",165,"03/09/2026 11:02",https://www.instagram.com/reel/DVrDwaeDaCX/,"Reel IG",,Global,680,568,29,0,0,0,1
18060319337690174,17841478348004858,siat.tg,"Salon international de l'automobile du Togo","Quelque chose de grand arrive au Togo. Un événement qui va rassembler innovation, mobilité et acteurs majeurs du secteur automobile en Afrique de l’Ouest.

Un rendez-vous inédit et une nouvelle dynamique. L’Afrique est en mouvement et  le Togo s’apprête à jouer un rôle clé.

Restez connectés.
#SIAT",22,"03/04/2026 13:18",https://www.instagram.com/reel/DVeiZzojfHy/,"Reel IG",,Global,361,267,19,0,0,0,0
18057018077695188,17841462512525974,zanzibarlome,"ZanziBar Lomé","Qui a dit que le boubou ne pouvait pas faire tourner les têtes ? 😉
Boubou Sexy, c’est la preuve que tradition et audace font un duo explosif.

🌍 Concept : TOUTES EN BOUBOU
Ce 8 mars, on vient élégante, on vient prête à marquer la soirée. 👑

@aneexdj & @themaskkkkkkkkkkkkkkkkk aux commandes.
Ambiance garantie 🔥

À Zanzibar Lomé, le style n’est jamais un détail.
C’est ce qui fait la différence.
Zanzibar, la référence.

#zanzibarlomé #droitdelafemme #goovibes #bouboustyle #togo",0,"03/03/2026 01:46",https://www.instagram.com/p/DVau1-4jBEu/,"Image IG",,Global,1918,1054,31,9,0,0,0
18065494769650532,17841447275263474,wakabileguide,"Wakabi Le Guide | Découverte | Bons plans | Divertissement","La Vie en Rose – Édition III

Une soirée placée sous le signe de l’élégance, du partage et de la douceur. @nee_un_samedi 

📅 06 mars 2026
🕖 19h
📍 L’Intemporel (von après ZanZibar à droite, premier corner à gauche)

🎟️ Pass :
• 10 000 FCFA (1 personne) – 1 bouteille de rosé
• 80 000 FCFA (6 personnes) – 3 bouteilles de rosé, 3 bouteilles mousseux brut, 2 pizzas

Réservation : 98 87 45 99

Une ambiance chic, du rosé, de la bonne musique et des moments inoubliables.",59,"02/27/2026 17:02",https://www.instagram.com/reel/DVSEsV9jNHH/,"Reel IG",,Global,25258,14985,320,6,3,1,7
17870442252557933,17841447275263474,wakabileguide,"Wakabi Le Guide | Découverte | Bons plans | Divertissement","The Georgette Cup – Football Féminin

À l’occasion de la Journée Internationale des Droits de la Femme, Battle of the Braids @nel_cosmics en collaboration avec @tina_beautys organisent un événement unique dédié au football féminin.

📅 07 mars à 09h00
📍 Alea Park
🎟️ Entrée gratuite

Unies par le sport, fortes par nos droits.

Venez soutenir, célébrer et valoriser la femme à travers le sport

#wakabienuneminute #wakabi #wakabileguidedesbonscoins",52,"02/27/2026 10:11",https://www.instagram.com/reel/DVRVorNjanI/,"Reel IG",,Global,6107,5194,142,1,1,1,3
17898909354393611,17841447275263474,wakabileguide,"Wakabi Le Guide | Découverte | Bons plans | Divertissement","😂😂On s’est bien régalé au @skybar_tg avec les plats de @queen.crab . On va où prochainement ?
Abonnez-vous à Wakabi pour ne pas rater le prochain On va où là 

#wakabileguide #wakabionvaoula #lomé",100,"02/26/2026 07:23",https://www.instagram.com/reel/DVOc_cmDOuD/,"Reel IG",,Global,2251,1416,147,29,4,4,5
17885641464450842,17841447275263474,wakabileguide,"Wakabi Le Guide | Découverte | Bons plans | Divertissement","Les Afropéennes ont posé leurs vibes au Togo !
Culture, créativité, énergie… on était là pour vous faire vivre ça en mode Wakap 🎥✨
Si t’as raté la prestation de @s.e.n.z.a.a_ la barbie nationale , regarde jusqu’à la fin 😉
#LesAfropeennes 
#Wakap
#wakabileguide",118,"02/25/2026 08:55",https://www.instagram.com/reel/DVMDD3lDYBg/,"Reel IG",,Global,303,258,17,0,1,0,0
17977417235823587,17841447275263474,wakabileguide,"Wakabi Le Guide | Découverte | Bons plans | Divertissement","Retour en images de la soirée bleus expérience du  @kikogoldenboy à l’hôtel sarakawa ce 21 février 2026.

#wakabileguide 
#wakabi",0,"02/25/2026 02:05",https://www.instagram.com/p/DVLUmEMDQrN/,"Carrousel IG",,Global,383,194,24,0,0,0,0
18568760134003383,17841447275263474,wakabileguide,"Wakabi Le Guide | Découverte | Bons plans | Divertissement","Le 14 février à Ô Coin BBQ & Ramzy Grill, c’était du lourd 🔥
Wagyu, grillades en direct, DJ, karaoké… et surtout une ambiance incroyable !

Merci à tous pour l’énergie 
On se voit au prochain Wakap

#Wakap 
#GrillEvent 
#wakabi",138,"02/23/2026 10:51",https://www.instagram.com/reel/DVHG4rsjeVB/,"Reel IG",,Global,881,672,61,7,4,0,3
18095863964495732,17841462512525974,zanzibarlome,"ZanziBar Lomé","Tu étais là pour No Love Zone…ou tu regardes ça avec regret ? 😎🔥
Parce que ce qui s’est passé…ne se raconte pas 😏

Une nuit sans sentiments mais pleine d’énergie 🔥🔥

#Nolove #zanzibarlomé #onlyvibes #togolais228🇹🇬❤️ #lomé",31,"02/23/2026 10:42",https://www.instagram.com/reel/DVHDu5fAE50/,"Reel IG",,Global,1463,1074,47,2,1,2,0
18107171191814019,17841447275263474,wakabileguide,"Wakabi Le Guide | Découverte | Bons plans | Divertissement","Des instants exclusifs avec Kiko, du partage, du prestige et un public totalement conquis par l’evenement Blues Experience, un moment unique qui restera gravée dans les mémoires 

#Wakap 
#wakabi
#explorewithwakabi",214,"02/23/2026 06:22",https://www.instagram.com/reel/DVGn2JkjcBq/,"Reel IG",,Global,3070,2474,98,11,2,3,3
18387960241158917,17841447275263474,wakabileguide,"Wakabi Le Guide | Découverte | Bons plans | Divertissement","Ce 22 février, ça va vibrer fort !

@s.e.n.z.a.a_ débarque aux Afropéennes à 18h au Marché Moderne de Cacaveli 🎤✨
Afro-fusion. Énergie. Puissance féminine.

Tu seras là ou tu vas regretter ? 😉

#wakabileguide #wakabienuneminute #wakabi",60,"02/20/2026 14:41",https://www.instagram.com/reel/DU_zAeODYgM/,"Reel IG",,Global,5770,17728,89,2,1,1,0
18070911518641147,17841447275263474,wakabileguide,"Wakabi Le Guide | Découverte | Bons plans | Divertissement","La projection de SEXTAPE au Palais des Congrès, c’était du lourd. Des frissons, des rires, des surprises, et une ambiance incroyable pour célébrer les amoureux.
Merci à tous ceux qui ont partagé ce moment magique avec nous. Qui était là ?

@jokergroupafrica 
#Wakabileguide
#Wakabi #togotiktok228",0,"02/20/2026 08:09",https://www.instagram.com/p/DU_GUjXjI7-/,"Carrousel IG",,Global,708,293,27,9,0,0,0
18084463453958453,17841447275263474,wakabileguide,"Wakabi Le Guide | Découverte | Bons plans | Divertissement","Ce mardi 17 février à la Salle Africa du CETEF Togo 2000, le ton a été donné : Discours, Rencontres stratégiques, Annonces importantes
 Vision ambitieuse pour l’automobile au Togo. Rendez vous pour le SIAT 2026

#Wakap
#Wakabileguide
#Wakabi",108,"02/20/2026 07:57",https://www.instagram.com/reel/DU_EfcajNu2/,"Reel IG",,Global,447,367,15,1,0,0,0
18000507596895252,17841447275263474,wakabileguide,"Wakabi Le Guide | Découverte | Bons plans | Divertissement","Un après midi mémorable avec le saint esprit au rendez-vous ! Suivez les retours du concert d’Eugène Ablodevi.

#Wakabi
#wakabileguide 
#wakap",147,"02/19/2026 13:59",https://www.instagram.com/reel/DU9H-bkjY3B/,"Reel IG",,Global,353,322,15,0,0,0,0
18087823943177017,17841447275263474,wakabileguide,"Wakabi Le Guide | Découverte | Bons plans | Divertissement","Retour sur la 2eme projection du film sextape au palais des congrès de Lomé ce 14 Février 2026 !!!! Wakabi y étais !!🎉🎉🎉🎉@jokergroupafrica

#Wakabileguide
#Wakap",199,"02/18/2026 08:38",https://www.instagram.com/reel/DU5_gkojShG/,"Reel IG",,Global,449,269,34,4,1,1,1
18206640334323154,17841447275263474,wakabileguide,"Wakabi Le Guide | Découverte | Bons plans | Divertissement","SANS FILTRE, on pose des questions fun et les réponses sont 100% honnêtes ! Personne ne s’est retenu ! Tu es d’accord avec eux ? Dis nous en commentaire !

#Wakabisansfiltre
#Wakabi
#wakabileguide",57,"02/18/2026 04:32",https://www.instagram.com/reel/DU5i6r1DTKu/,"Reel IG",,Global,450,396,19,0,0,0,1
18063969482304123,17841462512525974,zanzibarlome,"ZanziBar Lomé","Chaque sourire, chaque pas de danse🕺🏽, chaque « on ne rentre pas maintenant ».
C’était vous. C’était nous.🔥✨

2026, on recommence.
En plus grand 🤩

Zanzibar. La référence. 🇹🇬🌴",0,"02/16/2026 06:45",https://www.instagram.com/p/DU0pe_6jBV-/,"Carrousel IG",,Global,2042,893,18,1,0,0,0
18053846732465294,17841447275263474,wakabileguide,"Wakabi Le Guide | Découverte | Bons plans | Divertissement","Merci a @maya_scents 🙏❤️
Nous aimons aussi démontrer notre amour à nos parents donc, comme c’est la saison de l’amour nous avons visité
Maya Bar Senteur pour un cadeau spécial et unique à leur offrir. On Va où prochainement ?
#wakabionvaoula #wakabileguidedesbonscoins #wakabi",208,"02/16/2026 02:07",https://www.instagram.com/reel/DU0InizjYYN/,"Reel IG",,Global,481,314,25,7,1,1,1
18091356041511119,17841447275263474,wakabileguide,"Wakabi Le Guide | Découverte | Bons plans | Divertissement","Eh oui wakabi c'est l'appli du moment que tout le monde doit avoir !!! Et toi tu attends quoi pour télécharger l'application wakabi !? @momo_lintellectuel 

#wakabileguide 
#wakabi
#explorewithwakabi",86,"02/14/2026 04:20",https://www.instagram.com/reel/DUvOkiAjZqS/,"Reel IG",,Global,385,341,13,1,2,1,0
17946786612101824,17841447275263474,wakabileguide,"Wakabi Le Guide | Découverte | Bons plans | Divertissement","Même le grand Mao en parle ! Et toi tu attends quoi pour télécharger l'application wakabi le guide des bons plans !??
Disponible sur play store et bientôt sur App store 🎉🎉✨✨✨
#Wakabileguide
#wakabi
#explorewithwakabi",48,"02/14/2026 02:06",https://www.instagram.com/reel/DUu_6GSjTOi/,"Reel IG",,Global,516,409,16,4,0,0,1
17844545832677787,17841447275263474,wakabileguide,"Wakabi Le Guide | Découverte | Bons plans | Divertissement","C’est la VSD des bons plans avec Wakabi ! 
Vendredi, Samedi, Dimanche, plus besoin de chercher où sortir, quoi faire ou où profiter.
Les meilleurs évènements
Les adresses à tester
Les offres à ne pas rater
Les bons plans qui font du bien au portefeuille
Que tu sois team chill  team sortie entre amis  ou team découverte ,
Wakabi te guide tout le week-end !

Event 1 : Dîner avec Koffi Wisen 
Event 2: Red du 14 
Event 3: Sextape 
Event 4 : Grill event 
Event 5: The banga Love édition 

#WakabiVSD #wakabileguide #wakabi",110,"02/13/2026 12:57",https://www.instagram.com/reel/DUtlUKXjWj4/,"Reel IG",,Global,421,346,19,3,0,0,1
18111177706729711,17841447275263474,wakabileguide,"Wakabi Le Guide | Découverte | Bons plans | Divertissement","Le temps d’une Déconnexion, le tumulte s’est effacé.
Au Palais de Lomé, place aux échanges sincères et aux instants qui comptent.
WAKAP en garde la trace
@smr_africa 

#wakap #wakabileguide #tiktok228🇹🇬",92,"02/13/2026 09:44",https://www.instagram.com/reel/DUtPQbKDS-3/,"Reel IG",,Global,397,314,11,0,0,1,0
18107017351701240,17841447275263474,wakabileguide,"Wakabi Le Guide | Découverte | Bons plans | Divertissement","Ce 14 février 2026 à 19H, rendez-vous au @o_coin_bbq & ramzy Grill pour une soirée exceptionnelle !
Au programme : DJ, karaoké et grillade en direct 🥩🎶
Solo : 20.000 CFA
Couple : 35.000 CFA
Une Saint-Valentin version grill & vibes… tu viens avec qui ? 😉

#wakabileguide
#wakabi
#explorewithwakabi",0,"02/12/2026 10:54",https://www.instagram.com/p/DUqy2BEDWKi/,"Carrousel IG",,Global,391,172,11,0,0,0,0
18075964817095047,17841447275263474,wakabileguide,"Wakabi Le Guide | Découverte | Bons plans | Divertissement","Prêt à célébrer l'amour les pieds dans le lac 😁!?? 
Nous t'invitons ce 14 février à agbodrafo au Red du 14 pour chiller et vivre des moments intenses et inoubliables ✨✨🎉🎉

#wakabileguide
#wakabi
#explorewithwakabi",0,"02/12/2026 10:34",https://www.instagram.com/p/DUqwhkujcNa/,"Carrousel IG",,Global,193,86,3,0,0,0,1
18056113394392454,17841447275263474,wakabileguide,"Wakabi Le Guide | Découverte | Bons plans | Divertissement","Une seule date, ce 14 février on célèbre l’amour mais on s’éduque également ! Rejoignez-nous au palais des congrès de Lomé pour la projection du film sextape, une production de joker groupe.🎉🎉✨✨
#wakabileguide
#Wakabi
#Explorewithwakabi",0,"02/12/2026 08:36",https://www.instagram.com/p/DUqjB3_jZHO/,"Carrousel IG",,Global,309,131,12,1,0,0,0
18071652644416211,17841462512525974,zanzibarlome,"ZanziBar Lomé","Dimanche, si quelqu’un te dit “je t’aime”…Augmente le volume 😌🔊🔥

Parce que c’est NO LOVE ZONE à ZanziBar !
DJ Aneex, DJ Kosni, et MC Gilles Curtis au micro…

Ça va chauffer à Lomé 🇹🇬🌴🔥
📅 15 février, Ramène ton crew. L’amour attendra.

#NoLoveZone #ZanziBar #LomeByNight #ZanziPeople",20,"02/12/2026 06:10",https://www.instagram.com/reel/DUqQFGgDPQb/,"Reel IG",,Global,1389,1061,39,5,0,2,0
18109465813676108,17841447275263474,wakabileguide,"Wakabi Le Guide | Découverte | Bons plans | Divertissement","Aujourd’hui, on est allé se glacer la gorge😂 à @abiscream , et les saveurs nous ont vraiment surpris. On va où prochainement ? Dites-nous en commentaire.👇
#Wakabionvaoula? #togotiktok228🇹🇬 #tiktok228🇹🇬",138,"02/12/2026 05:01",https://www.instagram.com/reel/DUqJ2YyjU9z/,"Reel IG",,Global,927,681,44,5,1,4,2
18004214717702852,17841470347895651,thelevelnightclublome,"THE LEVEL NIGHT CLUB","Une nuit pour oublier les clichés.
Ce 14 février, The Level change les règles : pas de roses, que des shots. 🌹❌🥂

LOVE IS CANCELED à partir de 00h 

Dis en commentaire si tu fais partie de la team rouge ❤️ ou team noir 🖤

#saintvalentin❤️ #thelevel #nolove #levelup #togovibes",15,"02/12/2026 04:14",https://www.instagram.com/reel/DUqDv8BjbJk/,"Reel IG",,Global,950,654,18,2,0,2,0
18012139412823894,17841447275263474,wakabileguide,"Wakabi Le Guide | Découverte | Bons plans | Divertissement","Dimanche 15 février dès 18H, on range les cœurs brisés et on sort l’énergie 🔥
Aux platines : DJ Aneex & DJ Kosni
Au micro : MC Gilles Curtis
Que tu sois célibataire, déçu, ou juste là pour t’amuser… cette soirée est pour toi.
Pas de love, que du son, de l’ambiance et une vibe 100% déchaînée.
Lieu: @zanzibarlome 
Tel: +228 99 01 07 07
Viens vivre l’expérience. Ici, on danse… on ne s’attache pas 😉
@mlle_amgv_ 
#wakabileguide 
#wakabi 
#explorewithwakabi",54,"02/12/2026 02:54",https://www.instagram.com/reel/DUp69dejVnt/,"Reel IG",,Global,6659,4332,303,33,18,4,9
18388239676146745,17841447275263474,wakabileguide,"Wakabi Le Guide | Découverte | Bons plans | Divertissement","Tout le monde en parle ✨✨!!! Et toi tu attends quoi pour télécharger l'application wakabi !? 

#Wakabileguide
#Wakabi
#explorewithwakabi",45,"02/12/2026 01:39",https://www.instagram.com/reel/DUpy9wzjdhe/,"Reel IG",,Global,352,293,14,2,0,0,0
18140335030489461,17841447275263474,wakabileguide,"Wakabi Le Guide | Découverte | Bons plans | Divertissement","Le rire était au rendez-vous au Gala du @jocelyn_comedy_club_ 😂
Voici le récap d’une soirée 100% humour.

#Wakabileguide
#Wakabi
#Lewakap",82,"02/11/2026 07:52",https://www.instagram.com/reel/DUn4o41jYkY/,"Reel IG",,Global,5570,4443,167,7,28,2,8
18072016982147373,17841447275263474,wakabileguide,"Wakabi Le Guide | Découverte | Bons plans | Divertissement","✨ ADOSSA À SOKODÉ… C’ÉTAIT PLUS QU’UN ÉVÉNEMENT. ✨

Des voix qui se sont élevées.
Des cœurs qui ont vibré.
Des connexions qui resteront.

Sokodé a répondu présent 🔥
L’énergie, le partage et la communion étaient au rendez-vous.
Adossa n’était pas juste une fête c’était une commémoration solennelle ✨✨

#wakabi 
#wakabileguide
#wakabitusaispasmais",78,"02/11/2026 06:46",https://www.instagram.com/reel/DUnxB7djdAK/,"Reel IG",,Global,1896,1452,37,7,2,0,1
18032897099581710,17841447275263474,wakabileguide,"Wakabi Le Guide | Découverte | Bons plans | Divertissement","Le 14 février , l’amour est à l’honneur !
Des sourires, des attentions, des surprises… la Saint-Valentin, c’est l’occasion parfaite de célébrer l’amour sous toutes ses formes ❤️✨
Que tu sois en couple, célibataire ou juste amoureux de la vie, @Wakabileguide t’accompagne pour vivre des moments qui comptent 💌🌹 
Parce qu’au final, l’amour, ça se partage… et ça se vit pleinement.

Est-ce que tu connaissais l’histoire de la saint Valentin avant cette vidéo ?

#wakabileguide #wakabileguidedesbonscoins #saintvalentin2026",80,"02/10/2026 11:30",https://www.instagram.com/reel/DUlsw7NDccO/,"Reel IG",,Global,303,208,30,5,0,0,1
18090417067858957,17841447275263474,wakabileguide,"Wakabi Le Guide | Découverte | Bons plans | Divertissement","Pas d'idées pour le 14 février ? Wakabi a déjà tout prévu pour vous ! 
On sait ce que c’est : on veut marquer le coup, mais on finit par chercher à la dernière minute. Cette année, laissez-vous guider par notre itinéraire spécial ""Debouts"". 
Du choix du tissu parfait chez Woodin jusqu’au dîner tamisé au Hype, on vous offre le plan parfait sur un plateau d’argent.
Défilez pour découvrir votre programme clé en main ! 
1:@woodinfashiontogo
2:@lafondation.lome
3:@abiscream
4:@hypelome

#wakabileguide 
#wakabi
#saintvalentin❤️",0,"02/10/2026 08:04",https://www.instagram.com/p/DUlVx1jjf4c/,"Carrousel IG",,Global,486,226,14,6,0,5,0
17962736955018882,17841463171005555,cyprien_atavig,"Cyprien Atavi-G","IL FAUT SAVOIR UTILISER SON ARME MERCI!",0,"02/10/2026 07:51",https://www.instagram.com/p/DUlURrujcDT/,"Carrousel IG",,Global,409,204,21,0,0,0,0
18064892390292918,17841447275263474,wakabileguide,"Wakabi Le Guide | Découverte | Bons plans | Divertissement","Le Féfézik a encore réuni les passionnés autour de rythmes authentiques, et d’une énergie qui nous transporte. Chaque instant a été une célébration de notre culture . 

Merci à toutes celles et ceux qui ont partagé ce moment unique. Ensemble, nous faisons résonner nos racines et notre créativité.

Rendez-vous pour les prochaines aventures musicales avec @cyprien_atavig 

#wakabi #wakabileguide #event228🇹🇬",0,"02/10/2026 04:21",https://www.instagram.com/p/DUk8NbUDctp/,"Carrousel IG",,Global,443,170,12,1,0,0,0
18107446846685691,17841447275263474,wakabileguide,"Wakabi Le Guide | Découverte | Bons plans | Divertissement","Déconnexion, c’était une pause.
Une respiration loin du bruit avec le @socialmediaroomafrica dans le cadre apaisant du palais de lomé.
Des sourires, des échanges, des instants simples..✨✨✨

#wakabileguide 
#explorewithwakabi 
#wakabi",0,"02/09/2026 07:55",https://www.instagram.com/p/DUiv-PCjPX9/,"Carrousel IG",,Global,370,159,16,1,0,0,0
18560114254034693,17841447275263474,wakabileguide,"Wakabi Le Guide | Découverte | Bons plans | Divertissement","Une journée spéciale grâce à Wakabi. Fais comme moi et télécharges l'application Wakabi pour profiter de bons plans🎉🎉✨✨",0,"02/07/2026 12:23",https://www.instagram.com/p/DUeE_exjXbz/,"Image IG",,Global,884,356,32,1,0,0,0
18079526921353180,17841447275263474,wakabileguide,"Wakabi Le Guide | Découverte | Bons plans | Divertissement","@cyprien_atavig , connu pour son rôle dans la série @ahoewebserie , dévoile une autre facette de son art à travers Fefezik, un projet de résidence musicale entre création, performance et émotion.
Ce 07 février 2026
Une immersion musicale à ne pas manquer.
👉🏾 Dis-nous en commentaire : tu es curieux·se de découvrir Atavi G autrement ?",108,"02/06/2026 08:39",https://www.instagram.com/reel/DUbGMHTDWe2/,"Reel IG",,Global,368,272,17,1,0,1,0
17923569831235633,17841447275263474,wakabileguide,"Wakabi Le Guide | Découverte | Bons plans | Divertissement","LE GALA DU JOCELYN COMEDY CLUB
Prépare-toi pour une nuit 100% rires, talents et émotions !
Sous le haut parrainage du Ministère du Tourisme, des Arts et de la Culture, Jocelyn Dogbo réunit sur une même scène les meilleurs humoristes d’ici et d’ailleurs pour un gala exceptionnel à Lomé 
 Samedi 07 février 2026
 19h00
 Hôtel Sarakawa
 Pass : 5 000 F / 10 000 F CFA
Réservation : 20 000 F CFA
Des punchlines, des fous rires, une ambiance de gala🎉🎉🎉

#wakabileguide 
#wakabi 
#explorewithwakabi",93,"02/06/2026 05:32",https://www.instagram.com/reel/DUawe_3jY-e/,"Reel IG",,Global,122,87,5,0,0,0,0
17899820367369305,17841447275263474,wakabileguide,"Wakabi Le Guide | Découverte | Bons plans | Divertissement","Depuis Zanzibar, les vibrations du groupe @ancestorsafrica continuent de résonner ! 
Retour sur une soirée mémorable de communion musicale, de partage et de connexion aux racines. Une nuit intense où la musique a uni partenaires, fans et esprits autour d’une même énergie ancestrale💫.
Merci à toutes celles et ceux qui ont répondu présents et porté cette vibration jusqu’au bout.
La route continue.
#wakabi 
#wakabileguide 
#Ancestorsafrica",64,"02/05/2026 10:11",https://www.instagram.com/reel/DUYsFG_jTjR/,"Reel IG",,Global,4717,3549,262,1,2,3,2
18091002056321039,17841447275263474,wakabileguide,"Wakabi Le Guide | Découverte | Bons plans | Divertissement","Ils ont fait vibrer l’Ancestors Night.
Des artistes habités, une énergie sincère, des sonorités qui racontent des histoires, des racines et des émotions brutes.
Sur scène, chaque note était une conversation, chaque regard une connexion, chaque performance un moment suspendu dans le temps.
Ces artistes ont transformé la nuit en expérience, et le public en témoin privilégié.
✨ Retour en images sur celles et ceux qui ont porté l’âme de l’Ancestors Night.
Merci pour la musique.@ancestorsafrica Merci pour la magie.
#AncestorsNight 
#wakabileguide 
#explorewithwakabi",0,"02/04/2026 04:28",https://www.instagram.com/p/DUVgN5lDRhA/,"Carrousel IG",,Global,362,110,8,0,0,0,0
18152222032437100,17841447275263474,wakabileguide,"Wakabi Le Guide | Découverte | Bons plans | Divertissement","Tous à l'espace culturel miva pour soutenir @ancestorsafrica 🎉🎉🎉🎉
#ExploreWithWakabi 
#WakabiLeGuide
#Wakabien1min",62,"01/30/2026 12:43",https://www.instagram.com/reel/DUJgpIpjSyD/,"Reel IG",,Global,402,338,11,1,0,0,0
18106920769684477,17841447275263474,wakabileguide,"Wakabi Le Guide | Découverte | Bons plans | Divertissement","Même le président Macron a confirmé 😎 What are you waiting for ?
#wakabileguide #wakabi #togo",9,"01/29/2026 06:38",https://www.instagram.com/reel/DUGSQc_DVTS/,"Reel IG",,Global,446,374,19,2,1,5,1
18050083670686704,17841447275263474,wakabileguide,"Wakabi Le Guide | Découverte | Bons plans | Divertissement","🎷 Ancestor en concert live
Ce 30 janvier !
Du jazz, du groove et de vraies émotions.

#Explorewithwakabi#wakabileguide#Ancestors",0,"01/28/2026 12:34",https://www.instagram.com/p/DUEWStNDV5c/,"Carrousel IG",,Global,556,197,9,1,0,0,0
17962556538040483,17841447275263474,wakabileguide,"Wakabi Le Guide | Découverte | Bons plans | Divertissement","WAKABI, c’est plus qu’une appli.
C’est ton guide pour mieux vivre !
📍 Bons plans
🍽️ Restaurants
🎉 Sorties
🧭 Quartiers
Tout est là. Au même endroit.
Tu explores quand ?
#Wakabi #Explorewithwakabi
#Wakabitusaispasmais",49,"01/27/2026 07:44",https://www.instagram.com/reel/DUBQHo6jF-i/,"Reel IG",,Global,633,490,23,5,0,0,1
18052406291693871,17841447275263474,wakabileguide,"Wakabi Le Guide | Découverte | Bons plans | Divertissement","Ishowspeed a fait un petit détour au Togo. Tu ne me crois pas ? 😂
#wakabileguide #wakabi #togo #lomé",15,"01/24/2026 11:42",https://www.instagram.com/reel/DT59E2kjRYR/,"Reel IG",,Global,585,440,17,5,0,0,0
17927733690049077,17841447275263474,wakabileguide,"Wakabi Le Guide | Découverte | Bons plans | Divertissement","Ishowspeed qui teste les  plats togolais, spécialité Adémè et Ayimolou. Vive les togolais

#wakabileguide #wakabi #togo #lomé",8,"01/24/2026 07:23",https://www.instagram.com/reel/DT5fXe1jWPi/,"Reel IG",,Global,4470,3131,81,57,14,4,1
18549009556015520,17841447275263474,wakabileguide,"Wakabi Le Guide | Découverte | Bons plans | Divertissement","Wakabi imagine l'itinéraire parfait que Speed aurait fait au Togo.
#exploretogowithwakabi#wakabileguide #togo",19,"01/24/2026 04:23",https://www.instagram.com/reel/DT5KOVNDfUA/,"Reel IG",,Global,480,372,23,0,0,0,0
18072571268121121,17841447275263474,wakabileguide,"Wakabi Le Guide | Découverte | Bons plans | Divertissement","Elles créent, elles inspirent, elles brillent ! Focus sur nos exposantes du gala Togo Nyonufio 🇹🇬❤️
#wakabileguidedesbonscoins #wakabi #explorewithwakabi",149,"01/22/2026 13:36",https://www.instagram.com/reel/DT1AXLjjSIH/,"Reel IG",,Global,462,385,22,1,0,0,0
18075972056611005,17841447275263474,wakabileguide,"Wakabi Le Guide | Découverte | Bons plans | Divertissement","Cette soirée n’étais pas qu’un tapis rouge , c’était une célébration de l’audace, de la sororité et de l’excellence féminine « Soirée Gala : Tapis rouge entre femmes »

#wakabileguide #explorelomewithwakabi #évent228 #soireefemme",0,"01/20/2026 03:42",https://www.instagram.com/p/DTuzHpbjXIZ/,"Carrousel IG",,Global,1041,278,14,1,0,0,0
18073471751100090,17841447275263474,wakabileguide,"Wakabi Le Guide | Découverte | Bons plans | Divertissement","Installer Wakabi en trois étapes simple ! ✅

#wakabileguide #wakabi #event228",0,"01/12/2026 11:04",https://www.instagram.com/p/DTa_RFFjbtG/,"Carrousel IG",,Global,818,139,6,1,0,0,1
17845335396646302,17841447275263474,wakabileguide,"Wakabi Le Guide | Découverte | Bons plans | Divertissement","Wakabi est maintenant disponible sur Play store ! Télécharge l’application et découvre les meilleurs bon plans ,événements et adresses autour de toi 

📷: @boi_directorrr",35,"01/09/2026 11:19",https://www.instagram.com/reel/DTTShG2jT_e/,"Reel IG",,Global,10073,6581,78,10,3,0,0
17975746109816328,17841447275263474,wakabileguide,"Wakabi Le Guide | Découverte | Bons plans | Divertissement","Fête du vaudou cœur du benin 🇧🇯❤️ 

 #wakabileguide #beninculture🇧🇯 #ouidahbénin",0,"01/08/2026 05:11",https://www.instagram.com/p/DTQDxMljJ3L/,"Carrousel IG",,Global,758,132,11,0,0,0,0
18026646767792666,17841447275263474,wakabileguide,"Wakabi Le Guide | Découverte | Bons plans | Divertissement","#wakabileguide #explorewithwakabi #lomé",17,"01/07/2026 12:26",https://www.instagram.com/reel/DTOQnVOjZR7/,"Reel IG",,Global,452,377,18,0,0,1,0
18058021121651637,17841447275263474,wakabileguide,"Wakabi Le Guide | Découverte | Bons plans | Divertissement","RDV au 228 Bbq Festival pour le show exceptionnel de Santrinos. Venez.
mettre le feu🔥",57,"12/30/2025 10:49",https://www.instagram.com/reel/DS5fJr8jcoN/,"Reel IG",,Global,3340,3072,75,7,1,0,0
18553480009062534,17841447275263474,wakabileguide,"Wakabi Le Guide | Découverte | Bons plans | Divertissement","ENTRÉE GRATUITE ! Rendez vous au 228 Bbq Festival, pour une soirée magique.",28,"12/27/2025 11:48",https://www.instagram.com/reel/DSx3hQrAU55/,"Reel IG",,Global,4238,3696,93,0,9,1,0
18083531102136269,17841447275263474,wakabileguide,"Wakabi Le Guide | Découverte | Bons plans | Divertissement","ENTRÉE GRATUITE ! Rendez vous au 228 Bbq Festival, pour une soirée magique.",35,"12/27/2025 11:47",https://www.instagram.com/reel/DSx3eTqAYDL/,"Reel IG",,Global,29388,22872,440,4,8,0,0
17868291195514951,17841447275263474,wakabileguide,"Wakabi Le Guide | Découverte | Bons plans | Divertissement","ENTRÉE GRATUITE ! Rendez vous au 228 Bbq Festival, pour une soirée magique.",33,"12/27/2025 11:46",https://www.instagram.com/reel/DSx3W6ejTiC/,"Reel IG",,Global,22206,16872,418,1,10,0,2
18111442516624025,17841447275263474,wakabileguide,"Wakabi Le Guide | Découverte | Bons plans | Divertissement","ENTRÉE GRATUITE ! Rendez vous au 228 Bbq Festival, pour une soirée magique.",31,"12/27/2025 11:46",https://www.instagram.com/reel/DSx3TFIgBsZ/,"Reel IG",,Global,25490,18968,659,13,13,1,8
18077320976337865,17841447275263474,wakabileguide,"Wakabi Le Guide | Découverte | Bons plans | Divertissement","ENTRÉE GRATUITE ! Rendez vous au 228 Bbq Festival, pour une soirée magique.",40,"12/27/2025 11:46",https://www.instagram.com/reel/DSx3S01jVOu/,"Reel IG",,Global,20707,13678,261,0,13,0,5
18378571801155339,17841447275263474,wakabileguide,"Wakabi Le Guide | Découverte | Bons plans | Divertissement","ENTRÉE GRATUITE ! Rendez vous au 228 Bbq Festival, pour une soirée magique.",25,"12/27/2025 11:45",https://www.instagram.com/reel/DSx3LD8Ftmc/,"Reel IG",,Global,10212,8760,143,1,2,0,4
17919210132219602,17841447275263474,wakabileguide,"Wakabi Le Guide | Découverte | Bons plans | Divertissement","ENTRÉE GRATUITE ! Rendez vous au 228 Bbq Festival, pour une soirée magique.",16,"12/27/2025 11:44",https://www.instagram.com/reel/DSx3EIJlenp/,"Reel IG",,Global,200,165,6,0,0,0,0
18085717793137016,17841447275263474,wakabileguide,"Wakabi Le Guide | Découverte | Bons plans | Divertissement","ENTRÉE GRATUITE ! Rendez vous au @228bbqfestival, pour une soirée magique.",29,"12/27/2025 11:26",https://www.instagram.com/reel/DSx1BRkgg3K/,"Reel IG",,Global,13075,10781,224,4,0,1,1
18091684492762989,17841447275263474,wakabileguide,"Wakabi Le Guide | Découverte | Bons plans | Divertissement","RDV sur le parking du CETEF TOGO 2000🥳🔥
#loméévénement #wakabileguide #wakabi",51,"12/25/2025 10:32",https://www.instagram.com/reel/DSsk2sIDRWF/,"Reel IG",,Global,360,290,25,3,0,0,1
18085308263025983,17841447275263474,wakabileguide,"Wakabi Le Guide | Découverte | Bons plans | Divertissement","Bonnes fêtes de fin d’année à tous 🥳🎄surtout restez connecté à wakabi pour les meilleurs bons plans
#wakabileguide #wakabileguidedesbonscoins #explorewithwakabi",34,"12/24/2025 07:20",https://www.instagram.com/reel/DSpqQknjK1k/,"Reel IG",,Global,473,386,23,2,1,1,0
18029458109572554,17841447275263474,wakabileguide,"Wakabi Le Guide | Découverte | Bons plans | Divertissement","Team Jour ou Team Nuit ? On t’attend en commentaires

#wakabileguide #explorewithwakabi",21,"12/19/2025 06:00",https://www.instagram.com/reel/DScpKSLDRdn/,"Reel IG",,Global,373,312,21,0,0,0,0
18052760372372105,17841447275263474,wakabileguide,"Wakabi Le Guide | Découverte | Bons plans | Divertissement","Nous vous proposons aujourd’hui les différents moyens de déplacement à Cotonou.
Que voulez-vous découvrir de plus sur le Bénin ? Dites le nous en commentaire 😉

#wakabileguide #cotonou #bénin #explorewithwakabi",0,"12/17/2025 05:06",https://www.instagram.com/p/DSXZpJ-jSge/,"Carrousel IG",,Global,720,134,8,4,0,0,0
17995801019720314,17841447275263474,wakabileguide,"Wakabi Le Guide | Découverte | Bons plans | Divertissement","Quand tu sors en groupe, il y a toujours ces personnages-là…😅
Dis-nous en commentaire : tu es dans quelle catégorie ?

#wakabileguide #lomé #togo #explorewithwakabi",66,"12/15/2025 05:48",https://www.instagram.com/reel/DSSTRNrjHrZ/,"Reel IG",,Global,359,309,18,2,0,0,1
17846726799607474,17841447275263474,wakabileguide,"Wakabi Le Guide | Découverte | Bons plans | Divertissement","Explorons ensemble la 20e édition de la foire CETEF🙂

#wakabileguide #lomé #togo #foirecetef #explorecetefwithwakabi",70,"12/12/2025 06:30",https://www.instagram.com/reel/DSKrNOBjaXZ/,"Reel IG",,Global,474,387,33,1,0,3,0
18047635916670739,17841447275263474,wakabileguide,"Wakabi Le Guide | Découverte | Bons plans | Divertissement","Explore Ciné Box by @juliotekoh à la 20e édition de la Foire CETEF dans le pavillon Oti en haut.
Allez vivre l’expérience avant la fin de la foire qui est ce dimanche 14 décembre 2025

#wakabileguide #togo #lomé #foiretogo2000 #foiretogo2025. #julioteko #explorewithwakabi",41,"12/11/2025 05:12",https://www.instagram.com/reel/DSH8MHyjQAF/,"Reel IG",,Global,574,456,39,1,1,2,0
18329444296215663,17841447275263474,wakabileguide,"Wakabi Le Guide | Découverte | Bons plans | Divertissement","Ganvié, la célèbre cité lacustre du Bénin : un village sur l’eau, un mode de vie unique, une histoire forte. Plonge dans son charme authentique à travers Wakabi, le guide.

#wakabileguide #ganvié #bénin #explorewithwakabi #tourisme #wakabileguidedesbonscoins",0,"12/08/2025 08:21",https://www.instagram.com/p/DSAkyWPDZHc/,"Carrousel IG",,Global,7902,7014,46,1,12,0,3
18105995563640617,17841447275263474,wakabileguide,"Wakabi Le Guide | Découverte | Bons plans | Divertissement","Découvrez le TOP 5 de la Street Food Béninoise !🇧🇯
Des saveurs authentiques, des plats incontournable… Wakabi vous guide vers les meilleurs spots.
Swipe pour voyager à travers les goûts du Bénin.

#wakabi #cotonou #benin #streetfoodbénin #wakabileguidedesbonscoins",0,"12/08/2025 08:03",https://www.instagram.com/p/DSAivitDcYm/,"Carrousel IG",,Global,657,135,11,0,0,0,0
18075085715194464,17841447275263474,wakabileguide,"Wakabi Le Guide | Découverte | Bons plans | Divertissement","Partie 2 - la liste des Miss Togo de 1995 à 2025

#misstogo #wakabileguide",62,"12/06/2025 22:21",https://www.instagram.com/reel/DR86WBNDNzv/,"Reel IG",,Global,250,197,10,0,1,0,0
17903552010167271,17841447275263474,wakabileguide,"Wakabi Le Guide | Découverte | Bons plans | Divertissement","La Liste des Miss Togo de 1995 à 2025

#misstogo #wakabileguide",62,"12/06/2025 22:21",https://www.instagram.com/reel/DR86E9djMaS/,"Reel IG",,Global,330,290,10,0,0,0,1
18088059199981882,17841447275263474,wakabileguide,"Wakabi Le Guide | Découverte | Bons plans | Divertissement","Question : Qu’est-ce qu’une soirée parfaite ? 
Réponse : Coucher de soleil à plage + champagne + look White & Gold 
@holidaycocktailaffair vous attend pour la 4e édition Beach Edition 

📆 20 décembre 2025
📍 Meraki Beach Resort
🎫 5.000 FCFA

#wakabi #togo #lomé #eventslomé #party #beach #holidayevents #wakabileguide #explorewithwakabi",0,"12/01/2025 08:07",https://www.instagram.com/p/DRuhnSVDPkH/,"Carrousel IG",,Global,525,102,15,0,0,1,0
18187408411339700,17841447275263474,wakabileguide,"Wakabi Le Guide | Découverte | Bons plans | Divertissement","Prenez la parole avec impact. Rejoignez la Clinique de la Prise de la Parole pour transformer votre voix, votre posture et votre présence sur scène avec l’aide de @ruthdziwonu 

📆20 décembre 2025 à 10h GMT
📍ELIKA BUSINESS TOKOIN FOREVER

Inscription : 2.000FCFA - Participation : 10.000 FCFA

#wakabi #togo #lomé #lomeevent #togo228 #formationprofessionnelle #wakabileguide #explorewithwakabi",0,"12/01/2025 07:21",https://www.instagram.com/p/DRucVvJDAZM/,"Carrousel IG",,Global,488,96,6,0,0,0,0
18245374036290387,17841447275263474,wakabileguide,"Wakabi Le Guide | Découverte | Bons plans | Divertissement","@fluoparty229 revient avec la soirée la plus colorée de l’année.
5eme édition encore plus lumineuse ce 28 & 29 novembre 2025

#wakabi #bénin #cotonoubénin #cotonouevents #festival #partylife #enjoyment #fluoparty🎉 #wakabileguide #explorewithwakabi",0,"11/27/2025 03:27",https://www.instagram.com/p/DRjuedTjX2w/,"Carrousel IG",,Global,419,67,7,0,0,0,0
18060561557539800,17841447275263474,wakabileguide,"Wakabi Le Guide | Découverte | Bons plans | Divertissement","Le sport dans la bonne vibe dans le nouveau parc @aleaparktg 

Ils t’attendent pour une séance CrossFit x Aérobic gratuite ce 29 novembre de 18h30 - 20h30

#wakabi #togo #lomé #lomeevent #togo228 #sport #crossfit #aerobic #wakabileguide",0,"11/27/2025 03:00",https://www.instagram.com/p/DRjrV0Sjb-T/,"Carrousel IG",,Global,470,99,9,0,0,0,0
17885113200281515,17841447275263474,wakabileguide,"Wakabi Le Guide | Découverte | Bons plans | Divertissement","Wakabi vous fait encore découvrir un autre coin de streefood. 😉

#wakabileguide #togo #lomé #team228 #vamidjo #streetfood #botocoin🇹🇬 #explorelomewithwakabi",89,"11/20/2025 11:26",https://www.instagram.com/reel/DRSidy9DfIB/,"Reel IG",,Global,454,352,22,0,1,2,0
17939042639965362,17841447275263474,wakabileguide,"Wakabi Le Guide | Découverte | Bons plans | Divertissement","THE BANGA vous invite à sa 4ème édition sous le thème : Black & Yellow

Un évènement où vous pouvez vous divertir pleinement et c'est ce 16 Nov 2025 uniquement sur invitation 

#Wakabi #togo #lomé #lomeevent #togo228 #festival #partylife #enjoyment #thebanga #wakabileguide 
Ex",0,"11/13/2025 11:50",https://www.instagram.com/p/DRAk16HDa5S/,"Carrousel IG",,Global,646,133,15,0,0,0,0
17930258004138500,17841447275263474,wakabileguide,"Wakabi Le Guide | Découverte | Bons plans | Divertissement","""Quel sort pour les danses Afro-Urbaines togolaises à l'international?""

Le nouveau MASTERCLASS, organisé par FABIO KOOL, se déroulera ce 15 Nov 2025 à La Fondation.

Inscription : 2000Frs

#Wakabi #togo #Lomé #masterclass #fabiokool #danseafrourbaine #wakabileguide",0,"11/13/2025 11:41",https://www.instagram.com/p/DRAj06GjUlV/,"Carrousel IG",,Global,963,234,33,0,2,1,0
18105754636683395,17841447275263474,wakabileguide,"Wakabi Le Guide | Découverte | Bons plans | Divertissement","Taguez les autres créateurs de contenus qui font la même chose en commentaire ! Wakabi vous propose la collab #vrai guide local ! C'est parti🎉🎉🎉✨
@ishowspeed,@davud,@stevenndukwu
@waleedtravels
#wakabileguide #wakabi #togo #lomé",98,"01/26/2026 10:41",https://www.instagram.com/reel/DT--WqwjYOA/,"Reel IG",,Global,975,707,53,4,1,7,3
18558753451033343,17841446937936016,zenertg,"Zener SA","Vous pensiez qu’on allait tourner la page des vœux 2026 ? Eh bien non 😎 !

Chaque membre de l’équipe ZENER a encore un petit mot à partager avec vous. 😌

#Zener #Zencard #BonneAnnée #EnergiePositive",37,"01/09/2026 06:56",https://www.instagram.com/reel/DTSzK91CHIP/,"Reel IG",,Global,354,293,8,0,0,0,2
18404353612095568,17841446937936016,zenertg,"Zener SA","🎤 On dit toujours qu’il faut bien écouter les consignes. 🤣
Regardez jusqu’à la fin et dites-nous si ce que la responsable a demandé a été respecté.

#zener #zenfamili #zencard #carburant #humour",42,"08/01/2026 05:49",https://www.instagram.com/reel/Dbf37KAIIZ8/,"Reel IG",,Global,189,153,3,0,0,0,0
18072284984423833,17841446937936016,zenertg,"Zener SA","📱 Plus besoin de courir partout pour recharger votre ZenCard.
Quelques clics sur l’application Zenfamili...
Votre recharge est effectuée. Votre mobilité est assurée. ⛽
Simple - Rapide - Sécurisé.

Téléchargez l’application et gardez toujours une longueur d’avance.

Télécharge vite l’application Zenfamili sur Google Play via http://bit.ly/3vpTNG8 ou l’App Store via https://bit.ly/478Kr2j et simplifie-toi la vie ! 

#zenfamili #zencard #zener #mobilite #digital",0,"07/31/2026 06:19",https://www.instagram.com/p/DbdWvDrIQT0/,"Image IG",,Global,109,66,3,0,0,0,0
17999768225969481,17841446937936016,zenertg,"Zener SA","🚨Alors retenez cette règle :

🔒 Ce qui est secret… reste secret.
•Votre code PIN.
• Votre code SMS.
• Vos identifiants Zenfamili.
Ne les communiquez à personne.

#zener #zenfamili #zencard #conseil #securite",0,"07/29/2026 02:27",https://www.instagram.com/p/DbXyjR9oSfj/,"Image IG",,Global,67,38,2,0,0,0,0
18546701041077606,17841446937936016,zenertg,"Zener SA","Un arrêt à l’Oasis RAMATOU peut tout changer ! ⛽
Jusqu’au 31 juillet :

✅ Profite de nos promotions sur les lubrifiants.
✅ Obtiens ta ZenCard à seulement 1 000 FCFA.
Notre équipe est prête à t’accueillir. À très vite ! 💚

#zener #zenfamili #zencard #carburant #promo",8,"07/27/2026 13:11",https://www.instagram.com/reel/DbTysrQoNf5/,"Reel IG",,Global,235,192,6,0,0,0,0
17924122947162585,17841446937936016,zenertg,"Zener SA","Quel chemin empreintes-tu pour récupérer ton Xtraline ? 🤪 
A , B , C , D ou E ? 

#Zener#Zenfamili #carburant #ZenCard #Xtraline",0,"07/27/2026 04:52",https://www.instagram.com/p/DbS5kYYowJE/,"Image IG",,Global,93,46,5,0,0,3,0
18607583596021546,17841446937936016,zenertg,"Zener SA","C’est les vancanceeeeeeees 😏

Et qui dit vacances, dit voyage, fête, et déplacement… mais le plus précieux, c’est vous. Attachez vos ceintures et conduisez responsable.

BON WEEK-END 🤭

#Zener #Zenfamili  #ZenCard #Carburant #Vacances Conduiteresponsable Prudence",0,"07/24/2026 08:00",https://www.instagram.com/p/DbLOcOSI1ws/,"Image IG",,Global,50,25,0,0,0,0,0
18104009663469864,17841446937936016,zenertg,"Zener SA","Dis-nous où tu es, on te dira à quelle oasis aller 📍
Où que tu sois, ton oasis n’est jamais loin.🌝

#Zener#Zenfamili  #carburant #ZenCard #Oasis",0,"07/23/2026 07:38",https://www.instagram.com/p/DbI5e1liB8k/,"Carrousel IG",,Global,92,48,5,0,0,0,0
18019350992913709,17841446937936016,zenertg,"Zener SA","Vous avez la Zencard, FÉLICITATIONS… mais attention, elle n’est pas magique !  il faut l’alimenter ! 

👉 Recharge possible via Mix by Yas, Flooz, Coris Money et même carte Visa directement dans l’application ZenFamili.

#Zener #Recharge #Zencard #Oasis #Zenfamili",0,"07/21/2026 10:41",https://www.instagram.com/p/DbEEl0RobUw/,"Image IG",,Global,79,46,5,0,0,0,0
18080694893265088,17841446937936016,zenertg,"Zener SA","Tu as ta ZENCARD mais tu ne sais toujours pas comment t’en servir, on te montre. 👌🏾😌

Regarde cette vidéo jusqu’à la fin ! 

#Zener#Zenfamili  #carburant #ZenCard",59,"07/20/2026 08:16",https://www.instagram.com/reel/DbBPbm_EjAI/,"Reel IG",,Global,234,183,12,0,0,0,0
18258101533306171,17841446937936016,zenertg,"Zener SA","🏆 Qui va soulever la Coupe du Monde 2026 ?
Espagne 🇪🇸 ou Argentine 🇦🇷 ? 🌝

👉 Donne ton score exact en commentaire 
Un petit cadeau peu sortir dans dos hein, donc soyez bien precis. 😏

#Zener #Prononstic #coupedumonde",0,"07/18/2026 07:27",https://www.instagram.com/p/Da7_UTAIwIO/,"Image IG",,Global,78,46,3,0,0,1,0
17892656259388804,17841446937936016,zenertg,"Zener SA","À l’occasion de la Journée des emojis, on a décidé de remettre du style dans vos claviers 😏

👉 Et si ces emojis étaient réellement disponibles sur vos claviers… les utiliseriez‑vous ?🌝

#zener #emojieday",0,"07/17/2026 06:26",https://www.instagram.com/p/Da5Ua0LiEuC/,"Carrousel IG",,Global,90,40,5,0,0,0,0
18040854227804560,17841446937936016,zenertg,"Zener SA","Nous avons promené nos micros dans les rues de Kara, à la recherche de quelques réponses sur ce que représente Evala… Et voici ce que la ville nous a confié ! 🎤🌝

👉 Tague un/e ami/e qui a toujours voulu comprendre Evala… et surtout, n’oubliez pas de passer à l’Oasis Kara pour faire le plein d’énergie, carburant, lubrifiants et gaz de maison, tout est là pour vous accompagner dans la fête.

#Zener#Zenfamili  #carburant #ZenCard #OasisKara",120,"07/16/2026 06:41",https://www.instagram.com/reel/Da2xIJ4oEkJ/,"Reel IG",,Global,168,144,6,0,0,0,1
18062422151561741,17841446937936016,zenertg,"Zener SA","Le contrôle total au bout des doigts. 👌🏾✨

La vraie liberté sur la route, c’est de pouvoir faire son plein à n’importe quelle heure, sans dépendre de personne. Tu arrives, tu insères ta carte, et tu repars direct.

Simplifie tes trajets et éliminer les galères du quotidien. ! 🤜

#Zener #Autonomie #Efficace #Togo #Oasis Cartecarburant",0,"07/15/2026 05:48",https://www.instagram.com/p/Da0GX4MIvEP/,"Image IG",,Global,61,43,1,0,0,1,0
18028739504836007,17841446937936016,zenertg,"Zener SA","Evala sans passer à l’Oasis Kara ? C’est comme aller au combat sans force ! 😌

Carburant, lubrifiants, gaz… tout est là pour te booster.
Passez nous voir à l’oasis Kara.😌☝🏼

#Zener #NousvousapportonslEnergie #Evala2026 #OasisKara #Kara",18,"07/14/2026 04:03",https://www.instagram.com/reel/DaxUdwaob0b/,"Reel IG",,Global,343,276,9,1,0,0,0
18602143534034138,17841446937936016,zenertg,"Zener SA","Cette semaine, notre équipe ZENCARD est à l’oasis Adjololo 
Jusqu’au 12 juillet, Kpoaaa tu vas rater cette occasion aussi ? 😏

#Zener #carburant#prudence #Zenfamili  #ZenCard",0,"07/10/2026 08:49",https://www.instagram.com/p/Dani1nnI2cV/,"Image IG",,Global,62,35,5,0,0,0,0
18635028517016265,17841446937936016,zenertg,"Zener SA","Tu as ta ZenCard en main et tu es à Atakpamé ? C’est le moment idéal pour passer sur la piste !

Le mode Self-Service est activé, tu insères ta carte, tu te sers au plus près de toi en un clin d’œil, et tu repars direct. Pas de protocole, pas de temps perdu ! ⏱️⚡

Bonne route à tous ! 

#Zener #OasisAtakpamé #ZenCard #SelfService #Atakpamé",0,"07/09/2026 09:14",https://www.instagram.com/p/DalBPq1oIsC/,"Image IG",,Global,111,66,11,0,0,0,0
18108570704085043,17841446937936016,zenertg,"Zener SA","Nouvelle moto ? Nouvelle voiture ? Ou tu as juste décidé de mieux gérer tes poches cette année ? Dans tous les cas, il te faut la carte carburant de référence à Lomé , la ZenCard. 💳😏

C’est le secret pour dompter les pistes Self-Service, éviter les files d’attente et piloter ton budget carburant comme un pro.

Rendez-vous à l’OASIS ADJOLOLO, muni d’une pièce d’identité et de 1000 F jusqu’au 12 Juillet 2026.

#Zener #Zenfamili #ZenCard  #Lomé #Togo",82,"07/08/2026 10:51",https://www.instagram.com/reel/DainZeJqXS5/,"Reel IG",,Global,131,99,8,1,0,0,0
18183425707399838,17841446937936016,zenertg,"Zener SA","Vous preniez la route pour vibrer au rythme des luttes ? pas de place pour les pannes.
Faites une halte obligatoire à l’Oasis Kara :
⛽ Carburant 
🔋 Gaz 
🍕 Resto Bonici 

#Zener #NousvousapportonslEnergie #Evala2026 #OasisKara #Kara Togo",0,"07/07/2026 05:49",https://www.instagram.com/p/DafgCPQoTeX/,"Image IG",,Global,66,45,7,0,0,0,0
17993501921806303,17841446937936016,zenertg,"Zener SA","📍ATAKPAMÉ nous sommes là 

L’Oasis Atakpamé vous accueille dès aujourd’hui ⚡️.

Vous êtes dans les environs ? Passez faire le plein d’énergie, rechargez vos bouteilles et profitez de nos services.

👉 Et pour ceux qui ont déjà leur ZenCard, c’est l’occasion de faire partie des toutes premières personnes à bénéficier du service dans cette nouvelle station 🎉.

#Zener #OasisAtakpamé #ZenCard #ZenFamili #ÉnergiePropre Carburant",0,"07/06/2026 03:03",https://www.instagram.com/p/DacoB4FoFX-/,"Image IG",,Global,50,22,5,0,0,0,0
18614590972042166,17841446937936016,zenertg,"Zener SA","✨ Vous l’aurez compris… la 11ᵉ Oasis est là ! ✨

L’équipe Zener s’agrandit et accueille Oasis Atakpamé comme nouveau joueur sur le terrain de l’énergie ⚡️.

Le match continue, et avec ce 11ᵉ point de service, nous sommes encore plus proches de vous 🚀.

Nous vous apportons l’énergie 

#Zener #Oasis11 #OasisAtakpamé #ÉnergiePropre #TeamZener",0,"07/04/2026 03:50",https://www.instagram.com/p/DaXkKj7qpPh/,"Image IG",,Global,71,45,3,0,0,0,0
18546274723078019,17841446937936016,zenertg,"Zener SA","Le flocage est en cours, mais une question reste ouverte 👀 , quel nom sera inscrit dessus ?

#Zener #Oasis #energie",0,"07/03/2026 03:47",https://www.instagram.com/p/DaU_GHcKUwo/,"Image IG",,Global,108,69,5,1,0,0,0
17996623187990846,17841446937936016,zenertg,"Zener SA","Ceux qui sont dans la chaîne WhatsApp savent déjà ce qui se trame... 😏🔥

#Zener #info",0,"07/02/2026 03:23",https://www.instagram.com/p/DaSXfPeoDFY/,"Image IG",,Global,50,26,1,0,0,0,0
18206078278345465,17841446937936016,zenertg,"Zener SA","Une seule application pour tout gérer, c’est ça la tranquillité ! 📲

Plus besoin de multiplier les portefeuilles. Avec l’application Zenfamili, tu prends le contrôle total de tes dépenses du quotidien directement depuis ton téléphone :
⛽ Carburant : Paie ton plein à la station en un clin d’œil.
🛢️ Lubrifiant : Prends soin de ton moteur sans friction.
🔋 Gaz : Gère la recharge de ta bouteille de gaz à la maison.
🍕 Resto : Fais-toi plaisir en payant directement chez Bonici !

Télécharge vite l’application Zenfamili sur Google Play via  http://bit.ly/3vpTNG8 ou l’App Store via https://bit.ly/478Kr2j et simplifie-toi la vie ! 🚀

#Zener #Zenfamili #ZenCard #SimplifieTaVie #Lomé Togo",0,"07/01/2026 09:29",https://www.instagram.com/p/DaQcdvloBNj/,"Image IG",,Global,49,31,2,1,0,0,0
17886664191414840,17841446937936016,zenertg,"Zener SA","Après l’Oasis Tam-Tam, cap sur l’Oasis Adjololo ! 🔥

L’équipe s’installe à l’Oasis Adjololo du 29 juin au 12 juillet 2026 pour t’offrir ta liberté sur la route.

Pourquoi adopter la ZenCard ?
•Zéro galère de monnaie : Tu paies au franc près. 🪙
•Recharge mobile facile : Via Tmoney, Flooz ou carte bancaire. 📲
•Le boss de la station : Accès exclusif au Self-Service dans nos oasis. ⛽
•Disponibilité totale : Priorité absolue sur la piste, 24H/24 et 7J/7. 

Comment faire ? Passe nous voir à la station muni de ta pièce d’identité et de 1000 F CFA

#Zener #ZenCard #OasisAdjololo #SelfService #Lomé",0,"06/29/2026 08:13",https://www.instagram.com/p/DaLKBQyo0fL/,"Image IG",,Global,90,57,4,0,0,0,0
18123141418665894,17841446937936016,zenertg,"Zener SA","Boire et conduire ne font jamais bon ménage.
Préserve des vies, y compris la tienne ❤️

on sait qu’on ne donne pas conseil le week-end mais bon à bon entendeur …….. 😏

#Zener #carburant#prudence #Zenfamili  #ZenCard",0,"06/27/2026 05:54",https://www.instagram.com/p/DaFwm-koxxD/,"Image IG",,Global,70,38,2,0,0,0,0
18084305870541670,17841446937936016,zenertg,"Zener SA","Mets le nom de ton joueur préféré ou de ton équipe préférée pour cette mondiale en commentaire ⚽🔥 

Nous vous apportons l’énergie durant toute cette coupe du monde. 

#Zener#foot #Zenfamili  #ZenCard #carburant",35,"06/25/2026 12:50",https://www.instagram.com/reel/DaBWtZeIZ79/,"Reel IG",,Global,288,197,14,0,0,2,1
17899482189465734,17841446937936016,zenertg,"Zener SA","On connaît tous ce moment où chaque minute
compte. C’est pour ça que chez Zener, on te donne le
contrôle direct.

Tu arrives, tu sers ton engin toi-même en mode Kaba
Kaba, et tu libères la piste. Rapide, propre, efficace.
Passe dans l’une de nos stations et deviens le vrai
boss de ton réservoir ! 😎

#Zener #Zenfamili #ZenCard #carburant",0,"06/24/2026 05:14",https://www.instagram.com/p/DZ991YMI7rP/,"Image IG",,Global,64,41,5,0,0,0,0
17953254704991120,17841446937936016,zenertg,"Zener SA","On a activé notre meilleur Jutsu pour vous apporter le combo ultime de la performance :

 🛢️ Les lubrifiants Zener pour un moteur protégé et une longévité maximale. 

💳 La ZenCard pour maîtriser votre budget carburant en un clin d’œil.

Et vous, c’est quoi votre technique secrète pour optimiser vos trajets ? 🏎️💨

#Zener #Zenfamili  #ZenCard #carburant #énergie",6,"06/23/2026 03:24",https://www.instagram.com/reel/DZ7LzCaIKoe/,"Reel IG",,Global,275,191,10,0,1,0,0
18139692625543269,17841446937936016,zenertg,"Zener SA","Certains super-héros portent une cape… d’autres conduisent, travaillent dur et pensent toujours à leur famille .
Aujourd’hui on célèbre tous ces papas qui donnent de l’énergie à la famille chaque jour .

Bonne fête à tous les papas 💚

#Zener #fetedesperes #Zenfamili",0,"06/20/2026 13:47",https://www.instagram.com/p/DZ0lRwGIdbF/,"Image IG",,Global,50,21,3,0,0,0,0
18540464179079338,17841446937936016,zenertg,"Zener SA","Chaque moteur a son lubrifiant idéal à l’Oasis Tam-Tam ! 🏍️🚗

Que vous rouliez à moto ou en voiture, nous avons exactement le lubrifiant qu’il vous faut en format 1 Litre ! 

Profitez de nos offres exceptionnelles jusqu’au 21 juin 2026 pour faire votre vidange avec la bonne formule ☺️👌🏾

#Zener #lubrifiant #texaco",0,"06/20/2026 04:56",https://www.instagram.com/p/DZzosHJCBEr/,"Carrousel IG",,Global,80,41,5,0,0,0,0
17920403199374394,17841446937936016,zenertg,"Zener SA","Tout le monde a déjà récupéré sa ZenCard à l’Oasis Tam-Tam. Et toi, tu attends quoi ? 🫵🏾😏

Rejoignez des centaines de conducteurs déjà équipés ! Venez muni de votre pièce d’identité et de 1000 F, et n’oubliez pas de profiter de nos lubrifiants. 

#Zener #Zencard#Zenfamili #Carburant",16,"06/18/2026 02:57",https://www.instagram.com/reel/DZuRdmKoMlk/,"Reel IG",,Global,285,207,19,0,0,2,1
18093358055583165,17841446937936016,zenertg,"Zener SA","Le meilleur lubrifiant de tous les temps
Ton moteur tourne mieux avec les lubrifiants Texaco havoline formula SAE20W50 ,chaque trajet devient plus fluide, plus sûr, plus performant.

Passe dès aujourd’hui à l’oasis tam tam et profite de notre promo sur le texaco havoline formula SAE20W50

#Zener  #Lubrifiant #Zenfamili  #ZenCard #Carburant",0,"06/17/2026 06:00",https://www.instagram.com/p/DZsAwT2IYpa/,"Image IG",,Global,56,35,6,0,0,0,0
18117104428798944,17841446937936016,zenertg,"Zener SA","On demande peu, et on donne beaucoup en avantage 😁

Avec la Zencard tu as :
- Accès 24H/24 et 7J/7 à notre réseau de stations-
service
- Une carte tout en un (Achat Gaz, Lubrifant, Restaurant
BONICI etc.)
- Rechargeable facilement via mobile (mixx by yas,
flooz, Coris money, carte bancaire )
- La priorité sur nos stations-service
- Accès au self-service dans toutes nos stations-service
- Consultation du solde et gestion des opérations via
l’application Zenfamili
- Fin des problèmes de monnaie dans les stations

#Zener #Zencard#Zenfamili #Carburant",0,"06/16/2026 04:41",https://www.instagram.com/p/DZpTk_BIYiN/,"Image IG",,Global,74,48,8,0,0,0,0
18105205270819582,17841446937936016,zenertg,"Zener SA","La façon dont certaines personnes attrapent leur zencard actuellement à l’oasis Tam-Tam situé au quartier Doumasséssé.😌

Venez muni d’une pièce d’identité et de 1000 F pour
l’achat de la carte kpoaaa evoor 🫵🏾

#Zener #Zencard#Zenfamili #Carburant",0,"06/15/2026 09:14",https://www.instagram.com/p/DZnOHUSIrZf/,"Image IG",,Global,96,48,7,0,0,0,0
18160891690409996,17841446937936016,zenertg,"Zener SA","Lâchez le nom ou les émojis de votre équipe en commentaire, on veut voir qui va faire le plus de bruit dans la ZenFamili ! 👇🗣️

#Zener #ZenCard #football #coupe du monde  #Zenfamili Lomé",0,"06/12/2026 05:02",https://www.instagram.com/p/DZfC-4koPGP/,"Image IG",,Global,83,46,7,0,0,0,0
17992466039996782,17841446937936016,zenertg,"Zener SA","•Protection maximale du moteur. 🛡️
•Idéal pour les fortes chaleurs 🔥
•Moteur plus propre, plus longtemps ⚙️
•Économie d’entretien 🔧
•Performance constante 🚗💨

En promo jusqu’au 21 juin 2026 à l’oasis Tam-tam 

#Zener #ZenCard #lubrifiant #texacohavoline",4,"06/11/2026 05:30",https://www.instagram.com/reel/DZchQhdIqVr/,"Reel IG",,Global,108,86,7,0,0,0,0
17940723216049003,17841446937936016,zenertg,"Zener SA","Le temps de patience en vaut le coup ! 😏

Vous êtes conducteur, chauffeur, taximan, zedman, propriétaire d’engins à 2, 4, 6 roues, la zencard est la carte carburant qu’il vous faut.😌

Rejoignez-nous à l’oasis Tam-tam muni d’une pièce d’identité et de 1000 f pour l’achat de la carte. 

#Zener #Zencard #oasistamtam",0,"06/10/2026 08:11",https://www.instagram.com/p/DZaO9VFIPdw/,"Image IG",,Global,89,51,9,0,0,0,0
18538573495079135,17841446937936016,zenertg,"Zener SA","Après l’Oasis Téléssou, cap sur l’Oasis Tam-Tam ! 🚀

Notre équipe s’installe chez vous, à l’Oasis Tam-Tam, du 08 au 21 juin 2026 pour l’activation de votre ZenCard! 💳✨

Tu as une moto ou une voiture et tu as toujours rêvé d’avoir ta propre carte de carburant pour rouler l’esprit tranquille ? 

C’est le moment idéal, nous sommes dans ta zone pour te faciliter la vie !

Pourquoi tu dois absolument récupérer ta ZenCard ?

* ❌ Fini les problèmes de monnaie au moment de payer ton carburant.
* 📲 Recharge ultra-facile et rapide via mix by yas, Flooz, Coris money ou carte bancaire.
* 🕒 Accès 24H/24 & priorité absolue dans toutes nos stations-service et bien d’autres avantages 

👉 Comment faire ?
C’est simple et direct ! Viens nous voir sur à l’oasis Tam-Tam muni de :

1. Une pièce d’identité
2. Seulement 1000 F CFA

#Zener #ZenCard #OasisTamTam #energie #Lomé Togo",0,"06/08/2026 06:06",https://www.instagram.com/p/DZU3DFzoHZy/,"Image IG",,Global,81,42,3,0,0,1,0
18124348678729586,17841446937936016,zenertg,"Zener SA","SPÉCIALE PROMO LPG dans toutes nos stations Oasis ! 🎉

🔵 Kit Complet SODIGAZ 3 KG : 14.000 FCFA !

🟢 Kit Complet ENORA 6 KG : 20.000 FCFA !

⚠️ Offre valable dans la limite des stocks disponibles et uniquement jusqu’au 13 juin 2026.

Passez vite dans l’Oasis la plus proche de chez vous avant qu’il ne soit trop tard ! 🏃💨

#Zener #PromoLPG #Sodigaz #enOra #oasis promo",0,"06/08/2026 05:11",https://www.instagram.com/p/DZUwQl2o_aE/,"Image IG",,Global,175,82,13,1,0,0,0
18248471503307492,17841446937936016,zenertg,"Zener SA","Aujourd’hui, 7 juin, c’est le World LPG Day.

Partout dans le monde, des entreprises, des gouvernements et des familles célèbrent une énergie qui change concrètement des vies.

Au Togo, nous sommes fiers d’en faire partie.
Depuis plusieurs années, Zener investit dans le développement des infrastructures GPL sur l’ensemble de la chaîne de valeur de l’approvisionnement à la distribution finale afin de garantir un accès sécurisé et abordable aux ménages, aux professionnels et aux industriels togolais.

Derrière chaque bouteille de gaz, il y a une famille qui cuisine sans fumée, un enfant qui respire mieux, une femme qui gagne du temps, un arbre qui reste debout.

Aujourd’hui, nos équipes terrain, nos Oasis et nos revendeurs agréés ont marqué cette journée ensemble, parce que l’énergie propre n’est pas une
promesse. C’est déjà une réalité que nous construisons chaque jour au Togo. 🧡🔥

Bonne célébration du World LPG Day à tous nos clients, partenaires et collaborateurs.

#WorldLPGDay #LPGDay #Zener #ÉnergieAfrique #GazButane #TransitionÉnergétique #Togo #Lo",0,"06/07/2026 06:44",https://www.instagram.com/p/DZSWw5sFXBV/,"Image IG",,Global,143,65,16,0,0,0,0
17983233569868281,17841446937936016,zenertg,"Zener SA","🚀 Le 2ᵉ Quiz jeu concours LPG est lancé ! 🎉

Prêts à vos claviers 👉 laissez vos réponses dès maintenant dans notre chaine WhatsApp en cliquant sur ce lien 👉🏽https://whatsapp.com/channel/0029VabhdedDp2QESN9kDV38

🎁 À gagner :

• Bons d’achat
• Gadgets pratiques
• Bouteilles de gaz 3 kg
• Et bien d’autres surprises…

#Zener #QuizÉnergie #Tombola #LPGDay #gpi",0,"06/06/2026 06:46",https://www.instagram.com/p/DZPx3U5IHed/,"Image IG",,Global,42,23,3,0,0,0,0
18582346570044760,17841446937936016,zenertg,"Zener SA","Le LPG Day arrive, et c’est VOUS qui gagnez les cadeaux ! 🎉

À l’occasion du LPG Day, la grande journée mondiale du Gaz de Pétrole Liquéfié (GPL) en tant qu’énergie propre, sûre et accessible, Zener vous gâte ! 

Nous lançons un grand jeu-concours sous forme de tombola et de quiz pour vous faire gagner plein de lots exclusifs (T-shirts, casquettes, accessoires et même des bonbonnes de gaz de 3 kg) ! 🎁🥳

⚠️ ATTENTION : Tout se passe exclusivement sur notre chaîne WhatsApp !

Le jeu commence officiellement dès ce soir et se termine le 07 juin. Si tu n’es pas encore dans la communauté, c’est le moment ou jamais !

👉 Comment participer ?

- Clique sur 👉🏽 https://whatsapp.com/channel/0029VabhdedDp2QESN9kDV38. pour rejoindre la chaîne WhatsApp Zener.

- Abonne-toi à la chaîne (active les notifications pour ne rien rater).
Reste connecté(e), les premiers quiz tombe ce soir !

#Zener #LPGDay #JeuConcours #ChaineWhatsAppZener #Togo Lomé",0,"06/05/2026 07:45",https://www.instagram.com/p/DZNTxA7o9jc/,"Image IG",,Global,75,46,15,1,0,0,0
18322259242286829,17841446937936016,zenertg,"Zener SA","Zener s’invite dans vos marchés ! 🥳

Aujourd’hui, vendredi 5 juin 2026, l’équipe Zener lance sa grande tournée « Activation Marché »et dépose ses bagages au marché de Tsévié ! 

C’est l’occasion idéale de découvrir tous les avantages d’une cuisine moderne, rapide et totalement propre pour toute la famille.

📍Au programme 

* Des offres promotionnelles exceptionnelles sur vos bouteilles de gaz préférées SODIGAZ et ÉNORA 
* Des conseils pratiques pour cuisiner en toute sécurité et maîtriser votre consommation.
* Une équipe dynamique sur place pour répondre avec joie à toutes vos questions.

⚠️ Les stocks sont limités sur le stand, premiers arrivés, premiers servis !☺️

#Zener #ActivationMarché #gpi #Enora #Sodigaz ÉnergiePropre",0,"06/05/2026 04:42",https://www.instagram.com/p/DZM_EtWIGod/,"Image IG",,Global,162,77,18,1,0,1,0
18111738041492582,17841446937936016,zenertg,"Zener SA","Jj - 3 

C’est quoi le GPL, en vrai ?🌝

Le GPL (Gaz de Pétrole Liquéfié), c’est tout simplement le nom technique du *gaz de cuisine*. 

C’est une énergie moderne et propre. Dans  exactement 3 jours, nous célébrons cette journée mondiale avec vous ! 

À cette occasion, Zener vous réserve de grosses surprises pour fêter l’énergie propre ensemble. 🎉

#Zener #GPLDay #EnergiePropre #Sodigaz #Enora Lomé Togo",0,"06/04/2026 05:13",https://www.instagram.com/p/DZKd4hcIoic/,"Image IG",,Global,167,73,16,1,0,0,0
18109420484312603,17841446937936016,zenertg,"Zener SA","ZENFOREST ÉDITION 2026 

Agir aujourd’hui pour le climat de demain. 🌳🌍

Fidèles à notre engagement pour la préservation de notre environnement, nos équipes se sont une nouvelle fois mobilisées ce 1er juin, Journée Nationale de l’Arbre.

Dans le cadre de notre projet communautaire ZENFOREST ÉDITION 2026 , nous avons mis les mains à la terre pour planter de nouveaux arbres. Face aux défis du dérèglement climatique et pour la protection de la couche d’ozone, chaque jeune pousse mise en terre est une barrière de plus contre la dégradation de notre écosystème.

Pour Zener, honorer ce rendez-vous annuel est bien plus qu’une tradition , c’est une action concrète pour offrir aux générations futures une nature plus verte, plus humaine et plus durable. 💚🌱

#Zener #ZenForest #Journéedelarbre #ActionClimat #Énergieverte Togo",0,"06/01/2026 08:19",https://www.instagram.com/p/DZDE4gFiAzx/,"Carrousel IG",,Global,140,75,10,0,0,0,0
18118979572705180,17841446937936016,zenertg,"Zener SA","Bon mois de juin à tous ! ✨
Un nouveau mois commence, parfait pour continuer à rouler vers un avenir plus vert.

Ce mois on célébrer l’énergie naturelle qui nous accompagne chaque jour, le propane liquéfié propre, accessible et durable. 🌱

#Zener #BonMois #LPG #ÉnergieNaturelle #GazPropre #TransitionÉnergétique",0,"06/01/2026 06:46",https://www.instagram.com/p/DZC6OfaFZOH/,"Image IG",,Global,42,27,2,0,0,0,0
18173078785417344,17841446937936016,zenertg,"Zener SA","Excellente fête à toutes les mamans du monde entier 💚💐

#Zener #Lomé #Togo
#ZenCard #fêtedesmères",0,"05/31/2026 03:51",https://www.instagram.com/p/DZABY2dlkje/,"Image IG",,Global,39,18,1,0,0,0,1
18106809487822135,17841446937936016,zenertg,"Zener SA","On a beau grandir, pour elle, on reste toujours son petit passager à protéger. ☺️

#Zener #Conseildemaman #Surlaroute #Lomé #Togo",0,"05/30/2026 10:17",https://www.instagram.com/p/DY-ItR_Ir2q/,"Image IG",,Global,43,25,3,0,0,1,0
17997971729770752,17841446937936016,zenertg,"Zener SA","Le savais-tu ? 
Un proche en panne de carburant ou à court de budget en pleine route ? Plus besoin de paniquer 

Vous pouvez transférer des bons de carburant de Zencard à Zencard , de l’application ZENFAMILI  à ZENFAMILI. 

#Zener #Zenfamili  #ZenCard",0,"05/29/2026 05:41",https://www.instagram.com/p/DY7D98woWZk/,"Image IG",,Global,52,31,2,0,0,0,0
17870299572678853,17841446937936016,zenertg,"Zener SA","Aujourd’hui c’est aujourd’hui 😁
On attend les tags ! 👇😂

#Zener #Energie #Selfservice #Zencard",0,"05/28/2026 05:11",https://www.instagram.com/p/DY4cFfeKhno/,"Image IG",,Global,69,36,4,0,0,0,0
17970435689900501,17841446937936016,zenertg,"Zener SA","Tabaski Eid Mubarak à toute la communauté musulmane ! 🌙🐑✨

Que cette fête du sacrifice et de la foi vous apporte, ainsi qu’à vos familles, la paix, la santé et d’abondantes bénédictions. Profitons de ces moments de partage, de générosité et de dévotion.

#Zener #Tabaski2026 #EidMubarak #Partage #Solidarité",0,"05/26/2026 15:53",https://www.instagram.com/p/DY0bZ51IMVK/,"Image IG",,Global,82,51,5,0,0,0,0
18103623664821279,17841446937936016,zenertg,"Zener SA","Nous vous souhaitons de passer une bonne journée .☺️

#Zener#zenfamili#carburant#Énergie #Zencard#carburant",0,"05/26/2026 02:42",https://www.instagram.com/p/DYzBgVWlv_e/,"Image IG",,Global,40,23,2,0,0,0,0
18111819865687282,17841446937936016,zenertg,"Zener SA","Le souffle de l’Esprit traverse les siècles pour nous rappeler que nous ne marchons jamais seuls. Que la paix et l’espérance vous accompagnent. 🕊️

Bonne fête de Pentecôte à toutes et à tous 💚

#Zener  #ZenCard #pentécôte",0,"05/23/2026 13:36",https://www.instagram.com/p/DYsdWIYIN5s/,"Image IG",,Global,76,44,6,0,0,0,0
18551135227071190,17841446937936016,zenertg,"Zener SA","c’est le TGOGO

#Cm 🌝
✋  Levez la main pour signaler, c’est pratique… mais rien ne remplace vos clignotants ! Assurez‑vous qu’ils fonctionnent et respectez le code de la route 🚦. 

Weekend bokoooooor namiiiii

#Zener #conduite  #ZenCard #codelaroute",0,"05/23/2026 09:18",https://www.instagram.com/p/DYsAU18ou86/,"Image IG",,Global,154,93,9,1,0,0,1
18106891786910162,17841446937936016,zenertg,"Zener SA","C’est ici, on verra ceux qui étaient forts en mathématiques à l’école. 🤪😁
Top, c’est parti �♀

#Zener #carburant#Énergie #Zencard #jeu",0,"05/22/2026 05:03",https://www.instagram.com/p/DYo-C26ousI/,"Image IG",,Global,86,51,7,0,0,2,0
18077427008555841,17841446937936016,zenertg,"Zener SA","On connaît tous cette envie de s’énerver quand le pompiste te dit qu’il y’a pas de monnaie. 😂 
Épargne tes nerfs, sors ta ZenCard et passe en mode Self-service 

#Zener #Energie #Selfservice #Zencard",0,"05/21/2026 11:26",https://www.instagram.com/p/DYnFUW4Ksr7/,"Image IG",,Global,148,83,7,0,0,0,0
17967485294913299,17841446937936016,zenertg,"Zener SA","Zencard by night 😏
on est partout partout 😎

L’atout discret de ceux qui savent anticiper.👌🏾

#Zener  #Energie #zencard #carburant",0,"05/20/2026 14:05",https://www.instagram.com/p/DYky2H5CEoq/,"Carrousel IG",,Global,180,95,9,4,0,0,0
17999548046760153,17841446937936016,zenertg,"Zener SA","Certains diront que c’est l’IA 
Pourtant on l’a aperçu devant l’une de nos oasis avec une zencard, il ya quelques instants. 😫

🚨Nous prions toute personne ayant aperçu ce lion de le notifier très rapidement aux autorités compétentes 🙏🏾

#Zener #humour",0,"05/18/2026 07:19",https://www.instagram.com/p/DYe6mOOoEdM/,"Image IG",,Global,209,113,18,0,0,0,0
18143900749444905,17841446937936016,zenertg,"Zener SA","⏳ Dernier jour de promo aujourd’hui !🌝
Profitez de notre promo spéciale sur le lubrifiant Texaco Havoline Formula SAE20W50 à 2.600 F CFA au lieu de 2.850 F CFA.

👉 Offre valable uniquement à l’Oasis Telessou
Après aujourdhui , il sera trop tard looo

#Zener #Promo #Texaco #Havoline #Énergie Moto",0,"05/17/2026 07:34",https://www.instagram.com/p/DYcXe5KoCMn/,"Image IG",,Global,88,63,8,0,0,0,0
17858792706650295,17841446937936016,zenertg,"Zener SA","🚨Demain c’est pour vous les retardataires hein ! 🌝 

Passez vite récupérer votre ZenCard pour profiter du Self-Service et l’appli ZenFamili, tout en bénéficiant de nos promotions exceptionnelles sur nos lubrifiants avant qu’il ne soit trop tard ! 💳🔥 

Mille merci à ceux qui sont déja passés ✨

Rendez-vous à l’Oasis Téléssou ⛽

#Zener #OasisTéléssou  #ZenCard #PromoLubrifiants",0,"05/16/2026 08:19",https://www.instagram.com/p/DYZ4BhmoQw8/,"Image IG",,Global,80,43,4,0,0,0,0
17884356690557790,17841446937936016,zenertg,"Zener SA","Encore 2 jours pour avoir votre Zencard à l’oasis Telessou 

Présentez votre pièce d’identité. 
Payez 1000 F pour l’achat de votre carte. 
Repartez avec votre Zencard prête à l’emploi ! 💳

Rejoignez  dès aujourd’hui la zenfamili ⚡️

#Zener #carburant#Énergie #Zencard",27,"05/15/2026 04:52",https://www.instagram.com/reel/DYW7fjiMHnz/,"Reel IG",,Global,122,94,7,0,0,0,0
17911306587205576,17841446937936016,zenertg,"Zener SA","S’élever, c’est viser plus haut et aller plus loin. 🚀
En ce jeudi de l’Ascension, nous vous souhaitons de prendre de la hauteur dans tous vos projets . 

#Zener #carburant#Énergie #Zencard #Ascension",0,"05/14/2026 02:30",https://www.instagram.com/p/DYUGfPHoGos/,"Image IG",,Global,56,35,5,0,0,0,0
17877812721665436,17841446937936016,zenertg,"Zener SA","La cigale ayant chanté tout l'été se trouva fort dépourvue quand la bise fut venue. 😂

Une pensée sincère pour ceux qui sont passés du festin à la bouillie en quelques jours ! 😭

Ceux qui ont bloqué leur consommation sur la ZenCard sont épargnés. Quand les temps sont durs, la ZenCard devient votre meilleure alliée pour garder le cap sans stress.

Alors, dans quelle situation etes-vous actuement ? Soyez honnêtes ! 👇😂 

#Zener #carburant#Énergie #Zencard",0,"05/12/2026 04:24",https://www.instagram.com/p/DYPKC8qFoDA/,"Image IG",,Global,62,34,1,0,0,0,0
17914324989383228,17841446937936016,zenertg,"Zener SA","Oasis Telessou, on vous attend ! 📍

Notre Oasis vous accueille jusqu’au 17 mai pour l’établissement de votre Zencard.
Venez muni de votre pièce d’identité et de 1000 F pèeee pour l’achat de la carte. 

Vous avez des questions ou des inquiétudes nos équipes vous accompagnent et vous guident. 😉

#Zener #carburant#Énergie #Zencard",0,"05/11/2026 10:48",https://www.instagram.com/p/DYNRF2lIqSB/,"Image IG",,Global,62,38,7,4,0,0,0
18453994906113106,17841446937936016,zenertg,"Zener SA","Pas besoin d'attendre, ici c'est toi le chef ! 😎 
Avec le self-service chez Zener, tu gagnes du temps et tu gères ton plein comme un pro. Simple, rapide, et efficace.

 C’est ça l’esprit ZenFamili !✨

#Zener #selfservice #carburant#Énergie #Zencard",0,"05/11/2026 05:50",https://www.instagram.com/p/DYMvI1UFrlG/,"Image IG",,Global,53,33,5,0,0,0,0
18332229742301415,17841446937936016,zenertg,"Zener SA","La famille s’agrandit !✨🌝
Félicitations à nos nouveaux détenteurs de la ZenCard. Plus qu’une simple carte, 

Et pour ceux qui ne l’ont pas encore 
Jusqu’au 17 mai, on vous attend à Oasis Télessou.
Pièce d’identité + 1000 FCFA.
Nos équipes sont là pour vous accueillir.

#Zener #carburant#Énergie #Zencard",0,"05/09/2026 05:39",https://www.instagram.com/p/DYHkQKriJmt/,"Carrousel IG",,Global,130,59,10,0,0,0,0
17939101158198072,17841446937936016,zenertg,"Zener SA","Promo exceptionnelle à l’Oasis Telessou sur nos lubrifiants
Texaco Havoline Formula SAE20W50 qui
passent de 2850 F à 2600 F. 

📍 Promo valable jusqu’au 17 mai 2026 à
l’oasis Telessou
KPOAAA TU VAS RATER ÇA ? 😉

#Zener #Zenfamili #Energie #Zencard",0,"05/08/2026 11:55",https://www.instagram.com/p/DYFqRKSI7qW/,"Image IG",,Global,61,31,6,0,0,0,0
18039889502789625,17841446937936016,zenertg,"Zener SA","Déjà Zen. Déjà équipé. 😎
Ou bien ? 😂

#Zener #Zenfamili #Zencard",0,"05/07/2026 10:27",https://www.instagram.com/p/DYC7j4dlgu_/,"Image IG",,Global,46,23,2,0,0,0,0
18073901564644449,17841446937936016,zenertg,"Zener SA","Pourquoi se compliquer la vie quand on peut tout gérer via une application ? 😎

Avec l’application ZenFamili, tout devient simple :
Commandez votre gaz ou vos lubrifiants sans bouger.
Gérez votre ZenCard en un clic.
Profitez du Self-Service pour un passage express en station. 

Téléchargement sur playstore 
👉🏽http://bit.ly/3vpTNG8

Téléchargement sur AppStore 
👉🏽https://bit.ly/478Kr2j

#Zener #Energie #Selfservice #Zencard",0,"05/07/2026 09:30",https://www.instagram.com/p/DYC1FYXoL8M/,"Image IG",,Global,48,25,2,0,0,0,0
17949669327138771,17841446937936016,zenertg,"Zener SA","La ZenCard, tu en entends parler depuis
longtemps ? Et tu ne l’as pas encore ? 😩

Nos équipes t’attendent à l’oasis TELESSOU
Apporte ta pièce d’identité et 1000 FCFA
pour la souscription à la carte, on te fait la
tienne en 5 min.😁

Et pendant que tu y es , profite de nos
lubrifiants en promo aussi 🤩

#Zener #Zenfamili #Energie #Zencard",0,"05/06/2026 07:03",https://www.instagram.com/p/DX__V-TiHGg/,"Image IG",,Global,72,40,7,0,0,0,0
18110365156674594,17841446937936016,zenertg,"Zener SA","Rejoignez la ZENFAMILI sur WhatsApp pour être au courant de toutes nos actualités, promotions, jeu-concours , événements.💚

👉 Cliquez sur ce lien  pour nous rejoindre
https://whatsapp.com/channel/0029VabhdedDp2QESN9kDV38

#Zener #zenfamili #Énergie #carburant",0,"05/04/2026 06:41",https://www.instagram.com/p/DX6zPtbiJMW/,"Image IG",,Global,60,29,4,0,0,0,0
18103341055753359,17841446937936016,zenertg,"Zener SA","Bonne fête du Travail à toute la grande famille Zener !🥳
 
#Zener #carburant #Énergie #1mai",0,"05/01/2026 01:30",https://www.instagram.com/p/DXyhcFwDhz9/,"Image IG",,Global,46,28,4,0,0,0,0
18583428697038918,17841446937936016,zenertg,"Zener SA","Peu importe l’heure ou la destination, la ZenCard est votre meilleure alliée sur la route.🧭

Profitez de nos services 7j/7 et 24h/24 en toute simplicité.

Rejoignez le mouvement et faites de chaque trajet un moment de plaisir. ✨

#Zener #zenfamili #Énergie #Zencard",74,"04/29/2026 07:12",https://www.instagram.com/reel/DXt-skoCM8O/,"Reel IG",,Global,166,139,14,0,1,0,0
17850732924680720,17841446937936016,zenertg,"Zener SA","Pour obtenir la Zencard vous avez deux possibilités 😉
𝟏. 𝐃𝐚𝐧𝐬 𝐧𝐨𝐬 𝐬𝐭𝐚𝐭𝐢𝐨𝐧𝐬-𝐬𝐞𝐫𝐯𝐢𝐜𝐞 𝐎𝐚𝐬𝐢𝐬
-Rendez-vous dans l’une de nos stations 
-Munissez-vous d’une pièce d’identité
-Prévoyez 1000 fcfa pour les frais de la carte

𝟐. 𝐄𝐧 𝐩𝐫𝐞́𝐜𝐨𝐦𝐦𝐚𝐧𝐝𝐞 𝐯𝐢𝐚 𝐥’𝐚𝐩𝐩 𝐙𝐞𝐧𝐟𝐚𝐦𝐢𝐥𝐢 
- Téléchargez et installez l’app Zenfamili
- Ayez au moins 1000 fcfa sur votre compte ( Tmoney, Flooz, carte bancaire)
- Suivez les instructions pour commander la Zencard

#Zener #Zencard#Énergie #Carburant",0,"04/28/2026 13:13",https://www.instagram.com/p/DXsDWZhCC-7/,"Image IG",,Global,61,36,4,0,0,0,0
18116892418709765,17841446937936016,zenertg,"Zener SA","Bonne fête de l’Indépendance à toutes
et à tous ! 🥳

#Zener #Indépendance #Énergie
#Carburant",0,"04/27/2026 03:05",https://www.instagram.com/p/DXoY8j5CM5-/,"Image IG",,Global,100,52,12,0,0,0,1
17949557264983212,17841446937936016,zenertg,"Zener SA","Nos Zenfamilois et Zenfamiloises 😍

Rejoignez le QG de la ZENFAMILI 
Sur la chaîne WhatsApp vous attend pour vivre l'aventure au plus près de la famille.
Cliquez ici pour nous rejoindre : https://whatsapp.com/channel/0029VabhdedDp2QESN9kDV38

#Zener #Energie #Selfservice #Zencard",10,"04/24/2026 04:52",https://www.instagram.com/reel/DXg27kejEWN/,"Reel IG",,Global,82,62,2,0,0,0,0
17935597326050501,17841446937936016,zenertg,"Zener SA","Il y a toujours quelqu’un dans ton groupe d’ami qui n’a pas encore sa ZenCard 🙄 

Tague le ici, peut être qu’on peut l’aider 😉

#Zener #Energie #Selfservice #Zencard",0,"04/23/2026 06:44",https://www.instagram.com/p/DXeey3OCM0k/,"Image IG",,Global,60,39,3,0,0,0,0
17945419325999846,17841446937936016,zenertg,"Zener SA","On a fait les calculs 🤓
⏱️ Moins d’attente, plus de route. Pourquoi perdre du temps à la station alors que vous pouvez passer en mode self-service 

#Zener #Energie #Selfservice #Zencard",29,"04/22/2026 03:59",https://www.instagram.com/reel/DXbnIe5I0Bz/,"Reel IG",,Global,236,184,13,1,0,3,0
18117811813678703,17841446937936016,zenertg,"Zener SA","Le petit réflexe qui change tout en début de semaine. 🤫 Avoir sa ZenCard sur soi, c’est s’assurer que l’énergie ne vous lâchera pas.

#Zener #Energie #Selfservice #Zencard",0,"04/20/2026 09:44",https://www.instagram.com/p/DXXFEE-iJQl/,"Image IG",,Global,58,40,3,0,0,0,0
18038739584615497,17841446937936016,zenertg,"Zener SA","La vie est trop courte pour s’arrêter... sauf pour faire le plein dans nos Oasis Zener 😉

bon week-end la ZENFAMILI 

#Zener #RoadTrip #Energie #zencard #carburant",0,"04/17/2026 10:36",https://www.instagram.com/p/DXPb9yXiIYU/,"Image IG",,Global,72,49,6,0,0,0,1
18113478640754398,17841446937936016,zenertg,"Zener SA","Ça fait vraiment mal hein 😩
raconte nous ton vécu en commentaire 

#Zener  #zencard #carburant#Energie",0,"04/16/2026 07:18",https://www.instagram.com/p/DXMhRebiJd-/,"Image IG",,Global,70,44,5,0,0,0,0
18319886329267791,17841446937936016,zenertg,"Zener SA","On a trouvé le remède contre les soucis en station ! ☺️👌🏾

Arrête de réfléchir et viens chercher la tienne aussi.
Pour plus d’informations, n’hésitez pas à nous contacter . 

#Zener #Energie #zencard #carburant",25,"04/15/2026 12:26",https://www.instagram.com/reel/DXKfl-2Ig1r/,"Reel IG",,Global,234,199,10,0,0,0,0
18108901429868412,17841446937936016,zenertg,"Zener SA","Il est venu…
Il a fait sa Zencard…
Et il repart avec le sourire 😄
Simple, rapide, efficace 

Et toi, tu attends quoi ? 👀

#Zener #Energie #zencard #carburan",21,"04/13/2026 11:55",https://www.instagram.com/reel/DXFSh_yIAyf/,"Reel IG",,Global,203,167,10,0,0,0,0
18122022367529403,17841446937936016,zenertg,"Zener SA","Le week‑end, c’est fait pour souffler… mais la vraie détente, c’est quand tu sais que ta ZenCard est prête.

Recharge‑la avant de sortir, et profite sans stress : carburant, gaz, resto BONICI tout est déjà dans ta poche.

#Zener #énergie #zencard #carburant",0,"04/10/2026 07:00",https://www.instagram.com/p/DW9CZyOiIcw/,"Image IG",,Global,48,28,2,0,0,0,0
18101634949987587,17841446937936016,zenertg,"Zener SA","Imagine ton/ta  meilleur(e) ami(e) te demande cela. 😅

Vous serais de la team ‘je prête’ ou team je ne prête pas ? 

#Zener #énergie #zencard #carburant",0,"04/09/2026 14:35",https://www.instagram.com/p/DW7RwwaiJA7/,"Image IG",,Global,66,38,3,0,0,0,0
18118647838729803,17841446937936016,zenertg,"Zener SA","On dit toujours ‘Va là où l’on t’aime’… et chez ZENER, nos Oasis sont justement faites pour ça 💚.

Que tu sois à moto ou en voiture, tu sais que tu trouveras l’énergie qu’il te faut, 24h/24 et 7j/7. Alors, toi aussi, prends la direction des Oasis ZENER 🚦

#Zener #énergie #zencard #carburant
⁠",0,"04/07/2026 08:21",https://www.instagram.com/p/DW1dQUxiN95/,"Image IG",,Global,89,52,6,0,0,0,0
18095714948036309,17841446937936016,zenertg,"Zener SA","Ayimolou, électricité… ça varie. ZenCard ? Toujours 1000 francs. Fidèle comme jamais 😉

#Zener #énergie #zencard #carburant
⁠",0,"04/06/2026 04:54",https://www.instagram.com/p/DWygsvXiI2y/,"Image IG",,Global,99,66,7,0,0,1,0
18365698684161532,17841446937936016,zenertg,"Zener SA","Pâques, c’est le rappel que même dans le silence, quelque chose se relève, quelque chose recommence.

Nous vous souhaitons de la paix, de la force,
et de belles renaissances dans tout ce qui compte pour vous. 

Très belle fête de Pâques à la ZENFAMILI 🎉

#Zener",0,"04/04/2026 15:12",https://www.instagram.com/p/DWud76LiFER/,"Image IG",,Global,73,41,4,0,0,0,0
17937455619033265,17841446937936016,zenertg,"Zener SA","On a déjà préparé le sourire d’accueil 😁, il ne manque plus que vous.

Qui veut être le prochain client à venir faire sa Zencard ?💚

#Zener #énergie #zencard #carburant",17,"04/03/2026 12:25",https://www.instagram.com/reel/DWrmFMtlYzp/,"Reel IG",,Global,242,195,15,0,0,3,0
18083903192371035,17841446937936016,zenertg,"Zener SA","bèlèlouuuuu on vous a eu 😂
Qui sont ceux qui sont tombé dans le piège ? 
⁠
#Zener",0,"04/02/2026 06:02",https://www.instagram.com/p/DWoVg3qFoCk/,"Image IG",,Global,48,28,4,0,0,0,0
18061567100386797,17841446937936016,zenertg,"Zener SA","Nous avons gardé le secret mais il est temps de vous l’annoncer !

Jamais vu dans l’histoire, ZENER lance le tout premier carburant fruité au monde 🍊🍍🍓🥭.

Disponible dans nos Oasis dès le 1er avril 2026 

#Zener #énergie #zencard #carburant #carburantfruité
⁠",0,"04/01/2026 01:44",https://www.instagram.com/p/DWlTIGSlsnP/,"Image IG",,Global,135,68,4,0,0,1,0
18334711648220457,17841446937936016,zenertg,"Zener SA","Rouler à 1h du matin sans crainte…
Parce que ta ZenCard est ton garde‑fou.
Même en panne d’essence , tu sais que tu as la solution.😌

#Zener #Zencard #Selfservice",0,"03/23/2026 12:59",https://www.instagram.com/p/DWPVAhzCAal/,"Image IG",,Global,44,26,2,0,0,0,0
18566218090034692,17841446937936016,zenertg,"Zener SA","Et le hilal apparut.🌙

Symbole de foi, de lumière et de renouveau.

ZENER s’associe à vos prières et à vos joies pour vous souhaiter une belle fête de Ramadan.

#Zener #Ramadan",0,"03/19/2026 14:11",https://www.instagram.com/p/DWFKPHmCLme/,"Image IG",,Global,62,40,5,0,0,0,0
18116929543727014,17841446937936016,zenertg,"Zener SA","Certains donnent et reprennent. 😏
Nous on donne et on assume. 😎

Ta ZenCard, tes avantages, ton accès 24h/24.C’est à toi. On touche pas. 

#Zener #Zencard",0,"03/19/2026 06:20",https://www.instagram.com/p/DWEUGcbCNjC/,"Image IG",,Global,77,47,4,0,0,0,0
18157753534428730,17841446937936016,zenertg,"Zener SA","Le saviez-vous ? 😏

On sait que la vie a ses raisons que la poche ignore, mais on dit minimum 100 000 f sur la Zencard. L’as-tu ? 

#Zener #Zencard",0,"03/18/2026 09:32",https://www.instagram.com/p/DWCE_5kjREq/,"Image IG",,Global,102,70,11,0,0,1,0
18101173783903655,17841446937936016,zenertg,"Zener SA","Mesdames et Messieurs, chers amis de la ZenFamili, c’est l’heure du LIVE ! 🎉😎

On est en ligne, prêts à papoter, discuter, rigoler et partager nos vibes sur TikTok. Et comme toujours, il y aura des surprises, des petits cadeaux à gagner pour les plus fidèles et les plus fun d’entre vous 🎁✨.

Alors connecte toi et tapote beaucoup beaucoup 😏

🔗 https://vt.tiktok.com/ZS9RjH8co8H2f-elFXK/

#zener #livetiktok",0,"03/17/2026 08:13",https://www.instagram.com/p/DV_XslxCNI3/,"Image IG",,Global,53,36,2,0,0,0,0
18088568413937052,17841446937936016,zenertg,"Zener SA","🤣 incroyable mais vrai ! 

#Zener",11,"03/13/2026 06:39",https://www.instagram.com/reel/DV05zeZkxZn/,"Reel IG",,Global,169,135,1,0,0,0,0
18058254476680078,17841446937936016,zenertg,"Zener SA","On discute, on papote, on informe, on rigole, on vous partage des gbairais zénergétiques et surtout, on vous fait gagner des cadeaux 😏🎁.

👉 rejoins‑nous sur notre compte TikTok à 15h. 

N’oublie pas de mettre ton alarme 🚨😎

#Zener #livemood #livetiktok",20,"03/10/2026 02:38",https://www.instagram.com/reel/DVsvu7tImFJ/,"Reel IG",,Global,351,269,20,1,0,0,0
17896973565263539,17841446937936016,zenertg,"Zener SA","On sait que tu veux. 👀
On sait que tu hésites. 🤔
On sait que tu dis « bientôt » depuis plusieurs mois. 😂

Mais la ZenCard elle attend toujours hein.
Et elle est seulement à 1 000 FCFA

Rejoins la ZENFAMILI . 🤗

#Zener #Zenfamilli #ZenCard",0,"03/09/2026 12:04",https://www.instagram.com/p/DVrLpVMCNoN/,"Image IG",,Global,91,56,8,0,0,0,0
17881444221470299,17841446937936016,zenertg,"Zener SA","Une petite danse avant la fin du week-end 😎

#zener",12,"03/07/2026 11:01",https://www.instagram.com/reel/DVmB0pbjz7u/,"Reel IG",,Global,169,140,6,0,0,0,0
18109052005781428,17841446937936016,zenertg,"Zener SA","Tout est devenu simple à la pompe et maintenant, je ne peux plus m’en passer. »

Témoigne d’un client conquis parmi des milliers 
Et toi ta zencard  l’as-tu ? 😉

#zener",0,"03/05/2026 05:46",https://www.instagram.com/p/DVgT_IfiC9I/,"Image IG",,Global,57,38,5,0,0,0,0
17876552913520536,17841446937936016,zenertg,"Zener SA","Dis-nous en commentaire 👇 😏

#zener #trajet #route",0,"03/04/2026 04:41",https://www.instagram.com/p/DVdn8-sCGzQ/,"Image IG",,Global,79,46,2,0,0,0,0
18090431858327621,17841446937936016,zenertg,"Zener SA","Plus besoin de se compliquer la vie. 😎

Recharge ta ZenCard depuis ton téléphone en quelques clics.

On a pensé à tout ! Mixx, Flooz, Coris, Visa. 😁🙌

#Zener #zenfamili #recharge",0,"02/26/2026 02:30",https://www.instagram.com/p/DVN8H2AiABz/,"Image IG",,Global,107,66,12,0,0,0,0
18564490015013590,17841446937936016,zenertg,"Zener SA","Zenaya arrive ! 👀

#Zenaya #Coming soon",0,"02/20/2026 06:30",https://www.instagram.com/p/DU-6w3WCOdc/,"Image IG",,Global,82,65,8,0,0,0,0
18154169902433117,17841446937936016,zenertg,"Zener SA","Cette année, le carême chrétien et le Ramadan musulman se vivent au même moment.

Deux traditions. Un même appel à la purification du cœur, à la paix et à la fraternité.🙏🏾

Que cette période soit pour chacun un moment de lumière intérieure, de solidarité et d’élévation.

#Zener #jeûne #Ramadan",0,"02/19/2026 03:33",https://www.instagram.com/p/DU8B5LiCHqX/,"Image IG",,Global,112,69,11,0,0,0,0
18081563132013606,17841446937936016,zenertg,"Zener SA","Chez ZENER, nous croyons fermement en une communauté soudée et solidaire, où chaque genre est respecté et épanoui. ✨

Parce que l’énergie la plus puissante est celle qui nous unit, nous avons eu l’immense honneur de recevoir et de soutenir la Caravane des @hommeallietogo sur nos Oasis.

Soutenir cette campagne, c’est réaffirmer notre engagement pour un monde plus juste, où personne n’est laissé de côté face aux défis de notre société. C’est aussi cela, l’esprit de la ZenFamili.

Avez-vous déjà croisé le chemin de cette caravane ou l’avez-vous aperçue lors de son passage sur l’une de nos stations ? 🚛💨

Dites-nous tout en commentaire ! 👇

#Zener #HommesAlliés #Solidarité #ZenFamili Oasis Engagement",0,"02/18/2026 05:26",https://www.instagram.com/p/DU5qCgUCGQk/,"Carrousel IG",,Global,422,188,19,1,0,0,1
18077348450457939,17841446937936016,zenertg,"Zener SA","Elle a choisi la Zencard 💃 
Elle ne perd plus de temps dans les files d’attente. 

#Zener",0,"02/18/2026 04:40",https://www.instagram.com/p/DU5krcDiHkm/,"Image IG",,Global,95,65,7,0,0,0,0
18106733944792010,17841428333539277,enoragaz,"Enora Gaz","🔥 SPÉCIALE PROMO ENORA – Faites des économies dès aujourd’hui ! 🔥

Du 13 Février au 31 Mars 2026, profitez d’offres exceptionnelles sur nos bouteilles et packs complets ENORA 💚

✅ ENORA 6 KG

🔹 Bouteille + Gaz : 16 500 F CFA au lieu de 19 740 F
🔹 Pack complet (Bouteille + Foyer + Brûleur) : 20 000 F CFA au lieu de 24 240 F

✅ ENORA 12,5 KG

🔹 Bouteille + Gaz : 29 800 F CFA au lieu de 34 875 F
🔹 Pack complet (Bouteille + Tuyau 2m + Détendeur) : 32 300 F CFA au lieu de 37 375 F

💡 Que ce soit pour la maison, votre restaurant ou votre commerce, c’est le moment idéal pour vous équiper à prix réduit.

✔️ Gaz fiable et sécurisé
✔️ Accessoires inclus selon le pack
✔️ Économies immédiates

📞 Commandez dès maintenant : 00228 90 22 54 56

⚠️ Offre valable jusqu’au 31 Mars 2026, dans la limite des stocks disponibles.

👉 Disponible sur toutes les Oasis Zener 
#enora #enoragaz #teamenora #promotion #famille",0,"02/16/2026 03:09",https://www.instagram.com/p/DU0QtPsjA79/,"Image IG",,Global,269,94,18,2,1,0,0
18569179876020343,17841446937936016,zenertg,"Zener SA","L'amour de Zener, c'est comme le moteur d'une voiture bien entretenue 

c'est silencieux, c'est présent dans chaque kilomètre, et c'est partout au Togo pour vous accompagner. 🇹🇬⛽ 

Bonne fête de l’amour à toute la ZenFamili ! ❤️",119,"02/14/2026 02:53",https://www.instagram.com/reel/DUvFVw9Df88/,"Reel IG",,Global,189,144,8,0,0,0,0
18110314318679167,17841446937936016,zenertg,"Zener SA","Si on vous donnait pour une journée la place de votre boss que feriez-vous ? 🌝

#zener",32,"02/12/2026 05:01",https://www.instagram.com/reel/DUqKW6RiIs-/,"Reel IG",,Global,310,225,17,0,0,2,0
18127037230526727,17841446937936016,zenertg,"Zener SA","😂c’est pas la sorcellerie qui est là ça ? 

#minonclever #Zener",16,"02/07/2026 11:47",https://www.instagram.com/reel/DUeAqeTiNk1/,"Reel IG",,Global,110,72,6,0,0,0,0
18171149878353145,17841446937936016,zenertg,"Zener SA","Quitte la file, rejoins la piste VIP et garde ton énergie pour des choses plus importantes ! 😎

#Zener",0,"02/06/2026 10:44",https://www.instagram.com/p/DUbUwP8CENm/,"Image IG",,Global,121,70,7,0,0,0,0
18093387308287769,17841446937936016,zenertg,"Zener SA","On dit souvent que le client est roi, mais chez nous à l’Oasis, tu es plus que ça : tu es un membre de la ZenFamili. 💚

Que ce soit pour une suggestion, un grand merci ou juste pour nous raconter comment ta ZenCard t’a évité un retard aujourd’hui, notre micro est ouvert ! 

Laisse-nous un mot en commentaire, on lit tout avec attention. ✨

#Zener",0,"02/05/2026 11:45",https://www.instagram.com/p/DUY26G2CAPi/,"Image IG",,Global,132,79,4,0,0,0,1
18101360095887634,17841446937936016,zenertg,"Zener SA","Libérez les ZenCard ! 🥺✊😏

Vous croyez qu’elles aiment l’obscurité de vos portefeuilles ? Nos ZenCard sont en colère ! 

Elles sont tristes parce qu’elles se sentent abandonnées.

Pourtant, elles n’attendent qu’une chose, voir la lumière de la station Oasis et biper pour vous faire gagner du temps !

⚠️ Un souci technique ? Ne restez pas bloqués ! Écrivez-nous directement en Inbox ou contactez notre service clientèle. On gère ça ensemble ! 🤝💚

#Zener #Zencard",38,"02/03/2026 03:58",https://www.instagram.com/reel/DUS3d7jCMoP/,"Reel IG",,Global,290,240,11,0,0,3,0
18019652834802165,17841446937936016,zenertg,"Zener SA","Nous-mêmes, on a créé notre iShowSpeed de Lomé : Founoufa 😎👌🏼

Le gars ne pouvait pas imaginer qu’au Togo, une entreprise d’énergie avait développé une solution comme la ZENCARD , une carte qui te permet de gérer ton carburant, suivre ta consommation, et recharger sans stress, depuis ton téléphone.

L’innovation locale, ça surprend même les plus vifs 🇹🇬🤭

#Zener #Zencard",0,"01/30/2026 08:08",https://www.instagram.com/p/DUJBbemCO1f/,"Image IG",,Global,133,84,6,0,0,1,2
18128300758522784,17841446937936016,zenertg,"Zener SA","Minā miagnan ! 
On veut tout savoir 😁

#Zencard #Zener",0,"01/29/2026 05:07",https://www.instagram.com/p/DUGH12CCFxu/,"Image IG",,Global,66,42,5,0,0,0,0
18395902615177568,17841446937936016,zenertg,"Zener SA","Voici le gagnant de notre Live TikTok du Mardi passé 🎉 !

Il est reparti avec une Zencard + un bon carburant de 5000 Fr ⛽.

Et toi, tu attends quoi ? Rejoins‑nous en live sur TikTok à 15h 

Ça se passe ici👇🏿👇🏿

🔗 https://vt.tiktok.com/ZSHobf6VT5j21-81IOF/",0,"01/27/2026 06:22",https://www.instagram.com/p/DUBG5NRCEED/,"Image IG",,Global,83,48,4,0,0,0,0
18101341456869073,17841446937936016,zenertg,"Zener SA","Tu aimes pousser ta moto sous le soleil ?

🥵On suppose que Non ?
Alors ne néglige pas ta chaîne, graisse la de temps en temps!

C’est le week-end profite pour faire ton entretien en même temps 

#Zener #énergie #zencard #chaine
#entretien",0,"01/23/2026 09:55",https://www.instagram.com/p/DT3MMUmCHDu/,"Image IG",,Global,34,27,1,0,0,0,0
18552921058019312,17841446937936016,zenertg,"Zener SA","Tuto Self‑Service ZENCARD

1️⃣ Prépare ta carte
• Tu sors ta ZENCARD 💳 (pas pour décorer le portefeuille hein 😅).
• Vérifie qu’elle est bien activée et rechargée.

2️⃣ À la pompe, c’est toi le boss
• Tu présentes ta ZENCARD au guichet.
• Tu choisis ton montant ou ton volume.
• Pas besoin d’attendre quelqu’un → self‑service total.

3️⃣ Tu prends ton carburant tranquille
• Tu remplis ton réservoir.
• Tu peux même prendre la dernière goutte sans que personne vienne te déranger 😏.

C’est pas chic ça ? 
#Zener #énergie #zencard #chaine #entretien",0,"01/22/2026 11:21",https://www.instagram.com/p/DT0xBUNiF28/,"Image IG",,Global,128,83,5,0,0,0,0
18103084612744561,17841446937936016,zenertg,"Zener SA","Pssssss… oui toi 👀
Pourquoi galérer alors que tu peux te faciliter la vie ? 🙃

👉 Avec la ZENCARD, tu as :

• L’énergie toujours dispo sans stress
•  Des recharges simples et rapides
•  Un accès direct aux promos et avantages ZENER
•La sécurité et la tranquillité au quotidien
Active ta carte carburant aujourd’hui ! 

#Zener #énergie #zencard #carburant
⁠",22,"01/21/2026 10:00",https://www.instagram.com/reel/DTyDIKxCH_l/,"Reel IG",,Global,71,62,5,0,0,0,0
17893302828264069,17841446937936016,zenertg,"Zener SA","🚨URGENT❌🚨 Voir plus …",0,"01/21/2026 07:22",https://www.instagram.com/p/DTxxEJniJ8w/,"Image IG",,Global,127,75,8,0,0,0,0
18070229366395701,17841446937936016,zenertg,"Zener SA","🚨 Tous les mardis, c’est rendez‑vous ZENER sur TikTok !
➡️ Connecte‑toi à 15h et viens vivre l’énergie en direct 

• Quiz interactifs
• Conseils pratiques & sécurité gaz
• Questions‑réponses en mode convivial

#Zener #Zenfamili",0,"01/19/2026 11:28",https://www.instagram.com/p/DTtDj9iiGsj/,"Image IG",,Global,77,49,5,0,0,0,0
18150766888434846,17841446937936016,zenertg,"Zener SA","Quand le cash disparaît… la Zencard sauve la mise ! Toujours idéale, toujours là ✨

#ZENER #Zencard #carburant",16,"01/16/2026 08:18",https://www.instagram.com/reel/DTk_eewklv5/,"Reel IG",,Global,66,50,5,0,0,0,1
18051514751693454,17841446937936016,zenertg,"Zener SA","Ps : Mon nom sur le terrain est Huile à moteur, numéro 04 et je suis attaquant 

Signé le CM😁 et toi ? 

#Zener #énergie #zencard #carburant",0,"01/14/2026 04:00",https://www.instagram.com/p/DTfYYLJDp6S/,"Image IG",,Global,50,28,0,0,0,0,0
17936758628997017,17841446937936016,zenertg,"Zener SA","C’est à cette date du mois que ça commence a chauffer sévèrement ? vrai ou faux
En tout cas,on vous avait donné conseil ici
hein

Reste encore 3 semaines à tenir 🤪

#Zener #Janviose",0,"01/13/2026 03:23",https://www.instagram.com/p/DTcvS3YCJIf/,"Image IG",,Global,93,53,2,0,0,0,0
17926695654050177,17841446937936016,zenertg,"Zener SA","👏🏽Un immense bravo à la cheffe Akpéné pour son audace et son talent hors pair depuis le début de ce marathon culinaire !

500 heures passées et les flammes continuent de danser.

Une fierté locale, une énergie ZENER qui ne s’éteint jamais.

#ZENER #MarathonCulinaire #CheffeAkpéné",30,"01/12/2026 11:31",https://www.instagram.com/reel/DTbCLsHiAPm/,"Reel IG",,Global,353,301,3,0,0,0,0
18084458672570416,17841446937936016,zenertg,"Zener SA","Tu es plutôt team dernier moment ou toujours prêt(e) avec la Zencard ? 😏

#Zener #Energie #zencard #carburant",0,"04/14/2026 05:41",https://www.instagram.com/p/DXHMPQeCJ0x/,"Image IG",,Global,51,37,5,0,0,0,0
18027653120510107,17841446937936016,zenertg,"Zener SA","Chez Zener, le “Z” incarne notre engagement : Zencard, ZenFamili, Zéro stress…

Vous connaissez d’autres mots commençant par Z mentionné les 🤣 

Bon mois d’Aout à tous ! 

 #Zener #ZenFamili #SelfService #Zencard",0,"08/02/2025 04:45",https://www.instagram.com/p/DM2fgKIRCN_/,"Image IG",,Global,229,46,1,2,0,0,0
18286871053255219,17841446937936016,zenertg,"Zener SA","Pas besoin d’être Jeff Bezos pour soutenir l’économie locale.

Juste un coup de cœur tous les 1 mois .
Zener soutien  un petit créateur local.
Mets ton business ici en commentaire en mentionnant ta page.

Nous, on achète. Et on partage. Ensemble, on fait briller 🇹🇬

#EntreprendreIci #Zenavectoi
 #Coupdepoucezener #Zeneravecvous",0,"08/01/2025 04:20",https://www.instagram.com/p/DMz32QCRwQR/,"Carrousel IG",,Global,257,56,5,0,0,2,0
18052895165391340,17841446937936016,zenertg,"Zener SA","Votre clavier ne ment jamais. 😏

Écrivez `j’aime‘ et laissez votre
clavier finir la phrase dans les commentaires !

let’s goooo 🏃
#Zener",0,"01/06/2026 05:23",https://www.instagram.com/p/DTK7gk1CETI/,"Image IG",,Global,101,50,1,0,0,0,0
18078020822192593,17841446937936016,zenertg,"Zener SA","Des petits mots, des grands sourires, c’est sur cette base de fun que nous lançons 2026 😁⚡. 

Une année qui commence avec énergie et bonne vibe !

#FunAtWork #Zener #Zencard #energie #cartecarburant",28,"01/02/2026 05:40",https://www.instagram.com/reel/DTAqMZxDNNN/,"Reel IG",,Global,344,311,10,0,0,0,0
17956025600908227,17841446937936016,zenertg,"Zener SA","🌟 Bonne année 2026 de la part de toute l’équipe Zener !
Que cette nouvelle année soit synonyme d’énergie durable, d’innovation partagée et de succès collectif.

Merci à nos partenaires, clients et collaborateurs de nous accompagner vers un avenir plus maîtrisé et plus connecté.

#BonneAnnée2026 #Zener #InnovationEnsemble #Zenfamili",0,"12/31/2025 10:25",https://www.instagram.com/p/DS8BPWLiH1V/,"Image IG",,Global,134,62,10,0,0,0,1
18084178925133908,17841446937936016,zenertg,"Zener SA","À bon entendeur, salut ! 
Ou bien on n’a pas vite parlé? 😏

#Zener",14,"12/31/2025 05:35",https://www.instagram.com/reel/DS7fhnMiKBt/,"Reel IG",,Global,389,331,11,0,0,0,0
17993955473854366,17841446937936016,zenertg,"Zener SA","Si la patience était du carburant, le Togo serait la station la plus riche du monde ! ⛽️😂

2017 - 2025 : On attend toujours, mais on ne cale pas. À défaut d'aller au Maroc, Zener vous prepare un cadeau Bientôooot. 😏 

#Zener",0,"12/29/2025 04:36",https://www.instagram.com/p/DS2Pw-ZCCgM/,"Image IG",,Global,87,41,0,0,0,0,0
18067214399157503,17841446937936016,zenertg,"Zener SA","ZOYEUX NOËL 🎅🥳

#zener",47,"12/25/2025 00:14",https://www.instagram.com/reel/DSreYsDiFlz/,"Reel IG",,Global,479,390,10,0,0,1,0
18111054871620783,17841446937936016,zenertg,"Zener SA","Même la magie de Noël a besoin d'un bon plein d'énergie ! 🌟

Zener vous souhaite un Noël rempli de joie, de partage ! 🎄⛽️

#Zener #Noël 
⁠",0,"12/24/2025 13:44",https://www.instagram.com/p/DSqWjZIiO5T/,"Image IG",,Global,70,28,3,0,0,0,0
18083934374154465,17841446937936016,zenertg,"Zener SA","On sait qu’actuellement c’est chaud et que vous n’avez pas d’oreille mais prenez ces conseils comme ça , Milévévédé nami looo. ☺️🙏🏾

#Zener #Zencard #Préventionaccident",0,"12/24/2025 05:39",https://www.instagram.com/p/DSpe-gUCFs4/,"Carrousel IG",,Global,62,22,1,0,0,0,0
18078280174969533,17841446937936016,zenertg,"Zener SA","Pendant les fêtes, chaque geste compte. Un sourire, un partage, une attention… et une énergie qui nous relie tous.

Chez ZENER, nous sommes là pour que vos moments restent lumineux, chaleureux et pleins de vie. Que ce soit à la maison, sur la route ou en famille, gardez l’énergie… même pendant les fêtes.

#Zener",0,"12/22/2025 05:14",https://www.instagram.com/p/DSkSlzsiFpo/,"Image IG",,Global,67,31,3,0,0,0,0
17881986312326130,17841446937936016,zenertg,"Zener SA","Le Père Noël est actuellement à l’Oasis Telessou 🎅

Ceux qui veulent le voir et laisser vos vœux de Noël dépêchez-vous ! 

Ceux qui n’y croient pas c’est votre problème. 🤪😏

#Zener #Nöel",0,"12/20/2025 03:14",https://www.instagram.com/p/DSe7QlIFS9C/,"Image IG",,Global,290,178,3,3,0,2,0
18003483761685256,17841446937936016,zenertg,"Zener SA","Presque 1 semaine déjà qu’on a bouclé l’expo à la foire Togo 2000 🎉. 

Merci à tous ceux qui sont passés au stand ZENER 🙌. 

Ceux qui ont raté la promo… vous avez vraiment raté 🤪. On croise les doigts pour que Papa Noël soit généreux pour nous permettre de lancer d’autres Promo 🎁✨

#Zener",0,"12/19/2025 06:38",https://www.instagram.com/p/DSct0RQiJde/,"Carrousel IG",,Global,137,68,4,0,0,0,0
18062756099236647,17841446937936016,zenertg,"Zener SA","🎄Mission décoration sapin de Noël😎

Alors, verdict ? Que pensez-vous de notre petit sapin de Noël ? 🎄

🤣 Maintenant, dites au Père Noël que c'est à lui de jouer... on a fait notre part 
😌

#Zener #noël",33,"12/16/2025 10:38",https://www.instagram.com/reel/DSVazasgd3m/,"Reel IG",,Global,143,102,6,0,0,0,0
17863536867539703,17841446937936016,zenertg,"Zener SA","Après cette journée, il ne reste qu’1 jour avant la fin de la 20 eme foire internationale de Lomé, et tu veux vraiment rater ta ZENCARD ? 

Passe au stand ZENER au pavillon Agou, on t’attend 😎.

#Zener #Zencard",40,"12/13/2025 07:31",https://www.instagram.com/reel/DSNW_C7CPpC/,"Reel IG",,Global,305,252,7,0,0,0,0
18300100855281508,17841446937936016,zenertg,"Zener SA","En toute franchise dites-nous ! 😂

Mais il faut reconnaitre que l'homme est fort on continue d'avancer 😌☝🏼.

#Zener #zenfamili",0,"12/12/2025 11:04",https://www.instagram.com/p/DSLKpsKiarA/,"Image IG",,Global,78,28,1,0,0,0,0
18060866540638944,17841446937936016,zenertg,"Zener SA","Attendez, vous gardez une carte pleine d’avantages dans votre portefeuille sans l’utiliser ? 😳

Avoir la Zencard et ne pas l’utiliser, c’est comme avoir une clé de super-pouvoirs 🔑 et ne jamais ouvrir la porte aux opportunités 🚪.

Elle est là, prête à vous simplifier la vie. Il suffit de la sortir ! ✨",31,"12/11/2025 02:58",https://www.instagram.com/reel/DSHuCDVCNw5/,"Reel IG",,Global,294,224,15,0,0,2,0
18154812880420011,17841446937936016,zenertg,"Zener SA","Plus que quelques jours avant la fin de la foire… Kaba Kaba, si tu n’as pas ton gaz, c’est le moment de courir profiter !🏃🏽‍♀️

📍Rdv sur l’esplanade du CETEF 

#Zener #energie #sodigaz",35,"12/09/2025 05:20",https://www.instagram.com/reel/DSC0wr1CF9q/,"Reel IG",,Global,96,65,2,1,0,0,0
18065703182410660,17841446937936016,zenertg,"Zener SA","🙏 Notre meilleure réussite, c’est vous.

Cette année, vous avez été notre moteur, notre force, notre trophée. Merci la famille. 🙏🏾 

#zener #energie #Zenfamili",0,"12/08/2025 01:27",https://www.instagram.com/p/DR_1ZWECGIh/,"Image IG",,Global,100,29,1,0,0,0,0
18151561081422206,17841446937936016,zenertg,"Zener SA","🎁 À vous la parole !
Si Zener pouvait vous offrir un cadeau de Noël… ce serait quoi ? 👇

Lâchez vos idées en commentaire, on lit tout !

#NoëlAvecZener #CadeauDeNoël",0,"12/03/2025 04:07",https://www.instagram.com/p/DRzPvmtCEKb/,"Image IG",,Global,172,63,7,0,1,4,0
18089891083753088,17841446937936016,zenertg,"Zener SA","Oléfi oléplé chez nous ! 😂

📍Si tu passes à la foire, fonce à l’esplanade Oti ou au pavillon Agou ! 

Tu entends parler de la Zencard mais tu sais pas ce que c’est ?  C’est le moment idéal pour tout découvrir 👀

Et en plus, nos gaz sont en promo 🥳 

L’énergie est là, alors n’hésite pas. 

#FoireFun #zeneralafoire  #Zencard #Foiretogo2000",0,"12/01/2025 23:28",https://www.instagram.com/p/DRwLCLuiErZ/,"Carrousel IG",,Global,219,71,6,0,0,0,0
18063887039536750,17841446937936016,zenertg,"Zener SA","Zener est à la Foire Togo 2000 🥳

Venez vivre l’expérience énergie sur notre stand : animations, innovations, jeux et cadeaux vous attendent 🎁🔥 

📍Esplanade en face de la direction CETEF 
📍Pavillon Agou 

L’énergie est là. Vous venez quand ?

#foiretogo2000 #zenerenergie #zenfamili #innovationlocale",0,"11/29/2025 11:15",https://www.instagram.com/p/DRptjBpCP9W/,"Image IG",,Global,179,67,5,0,0,0,0
18079234393920085,17841446937936016,zenertg,"Zener SA","Qui a déjà oublié son code ?
On fait les malins à la pompe, mais le
cerveau parfois fait grève 😅.

Idéalement, notez-le sur une petite feuille ✍ et gardez-le bien.

Parce que sans code pas de carburant, pas de voyage 🚫⛽

#Zener #énergie #zencard #carburant",0,"11/28/2025 00:57",https://www.instagram.com/p/DRmCDcpiAPF/,"Image IG",,Global,141,47,1,0,0,0,0
17865122670511778,17841446937936016,zenertg,"Zener SA","Tu as une moto 🛵 ? Une voiture 🚗 ? Alors viens t’équiper !

La carte carburant Zencard, c’est ton
passeport carburant, paiement de gaz,
lubrifiant , restaurant BONICI avec une
application ( La Zenfamili qui t’aide à
suivre tes dépenses.

👉🏽Munis-toi de ta pièce d’identité + 1000 Fr et rejoins nous dans nos oasis.

#Zener #Zencard #energie
#cartecarburant",0,"11/26/2025 05:04",https://www.instagram.com/p/DRhUwOiiF-I/,"Image IG",,Global,128,40,0,0,0,3,0
18082451186025226,17841446937936016,zenertg,"Zener SA","329 jours, c’est un parcours. 🤌🏼
Pas parfait, mais vrai. Et ça, c’est déjà grand. 

Vous pouvez applaudir pour vous 😌

#zener",0,"11/25/2025 04:17",https://www.instagram.com/p/DReqiDSiHys/,"Image IG",,Global,110,27,1,0,0,0,0
17985498404755365,17841446937936016,zenertg,"Zener SA","Bon début de semaine 🚀 !

N’oublie pas de faire le plein d’énergie ⛽ pour minimum tenir jusqu’au vendredi.

#Zener #Zencard #Zenfamili #selfservice",0,"11/24/2025 01:40",https://www.instagram.com/p/DRbzvp-iDRk/,"Image IG",,Global,108,37,1,0,0,0,0
17904298233297148,17841446937936016,zenertg,"Zener SA","Si tu es fort donne le nom de ceci
on parie que tu ne vas pas trouver ! 😂

#Zener #énergie #zencard #carburant",0,"11/21/2025 02:30",https://www.instagram.com/p/DRULKR5CN1o/,"Image IG",,Global,87,25,0,0,0,0,0
18081550138892945,17841446937936016,zenertg,"Zener SA","Dis-nous comment tu payes à la
pompe. On prépare des surprises pour
les vrais habitués. 🌝

Met un pouce 👍🏽 ou mets un cœur ❤️ 

#Zener #Zencard",0,"11/19/2025 03:59",https://www.instagram.com/p/DRPLsOXiMyA/,"Image IG",,Global,118,43,3,0,0,0,0
18096380224840875,17841446937936016,zenertg,"Zener SA","🚨La ZenFamili, on a un problème de taille ! 🤯

Aidez notre frère Kossi
Voici l'histoire de notre Zémidjan, disons... Kossi :

Kossi a croisé la plus belle fille de Lomé à l'Oasis Tam Tam. Ni une, ni deux, le cœur a parlé ! Il l'a suivie discrètement (enfin, il croyait l'être) jusqu'à ce qu'il se retrouve à... l'Oasis Kara ! 😱

Le problème ? Le réservoir était vide, l'amour avait brûlé tout le Super du patron. Kossi n'avait pas un franc, mais il avait la ZenCard de son patron dans la poche ! 💳

Ni une, ni deux, il a fait le plein pour rentrer à Lomé. (La ZenCard a sauvé
sa peau ! Merci l'efficacité !) 😎

MAIS MAINTENANT : L’historique de compte de la ZenCard du patron va
montrer un plein non autorisé à Kara. 😭

AIDEZ KOSSI : Quelle est l'excuse la plus Zen, la plus drôle et la plus
plausible qu'il peut donner à son patron pour ne pas se faire virer ?

#Zener #aideznous #zencard #carburant",0,"11/14/2025 10:57",https://www.instagram.com/p/DRDDiYCCckH/,"Image IG",,Global,120,33,1,0,0,0,0
18066270644372770,17841446937936016,zenertg,"Zener SA","DÉFI DU JOUR : Demande du carburant à ton pompiste sans dire 'Sers-moi' !

Tu dirais quoi ? 😂
Le meilleur commentaire gagne notre
respect éternel !

Tague tes amis pour voir s'ils trouvent
la bonne phrase !

#DéfiZen #Zener #Energie #Carburant #Oasis",0,"11/13/2025 03:30",https://www.instagram.com/p/DQ_rr2-jJQ9/,"Image IG",,Global,99,23,1,0,0,0,0
18078981101132382,17841446937936016,zenertg,"Zener SA","L’Ayimolou de la chef Celia et la
ZenCard, les deux choses essentielles à
Lomé cette semaine ! 😉

Vrai ou vrai ?

#Zener #Zencard #Guinessworldrecord",0,"11/11/2025 03:10",https://www.instagram.com/p/DQ6fw0nCBAQ/,"Image IG",,Global,170,60,6,1,0,1,0
17968436642983287,17841446937936016,zenertg,"Zener SA","🫶🏽 On prend soin des moteurs de vos engins avec Xtrazole et Xtraline pour garantir la performance.
Alors, pourquoi pas penser aux hommes qui les conduisent ! 🤝

Ce mois-ci, Zener met en lumière le cancer de la prostate. Messieurs, le dépistage est la première source d'énergie pour une longue vie.

#November #Sefairedépister
#Zener #novembrebleu",0,"11/10/2025 02:51",https://www.instagram.com/p/DQ34vFriJU6/,"Image IG",,Global,151,50,5,0,0,0,0
18070043783604192,17841446937936016,zenertg,"Zener SA","Quand tu sais que ton carburant est de la qualité Xtrazole, tu le sert toi-même
avec fierté.

C'est l'autonomie garantie par la
simplicité Zener. ⛽

#zener #Carburant #Selfservice",0,"11/08/2025 03:58",https://www.instagram.com/p/DQy20XwCHfG/,"Image IG",,Global,197,71,2,0,0,0,0
18073747930985485,17841446937936016,zenertg,"Zener SA","🔥 Y’a que ZENER pour gâter ses clients comme ça. 😎

La promo sur nos lubrifiants continue jusqu’au 9 novembre. 

Ne rates pas ça 😌

#Zener #promo #lubrifiants",0,"11/06/2025 05:20",https://www.instagram.com/p/DQt2qMviNgM/,"Carrousel IG",,Global,248,91,10,0,0,0,0
17927968470014698,17841446937936016,zenertg,"Zener SA","Que suis-je ?
On parie que tu l'as dans la poche ! 😉

Tague la personne qui n'a pas encore ce
trésor dans la #ZenFamili pour qu'elle
devine !

#Zener #énergie #zencard #carburant",0,"11/05/2025 04:35",https://www.instagram.com/p/DQrMuYlktWZ/,"Image IG",,Global,114,30,0,0,0,0,0
18090345931930237,17841446937936016,zenertg,"Zener SA","📍Le meilleur carburant du monde ne sert à rien si on ne prend pas le temps d'arriver à destination.

Ralentissez, respectez les distances.
Votre famille vous attend ! 👨‍👩‍👧‍👦

#Zener #Zencard #route #Prévention",0,"11/04/2025 02:25",https://www.instagram.com/p/DQoZC8EiLW5/,"Image IG",,Global,124,25,0,0,0,0,0
18351185983161253,17841446937936016,zenertg,"Zener SA","Nous, on appelle ça le Baptême ZenCard.
Si tu as un doute, lève la main ! Nous sommes là pour t'aider à faire ton premier plein 100% Zen.

On t'assure que c'est simple🤗

#Zener #Zencard #Zenfamili #communauté",0,"11/03/2025 03:16",https://www.instagram.com/p/DQl6DTLCE9w/,"Image IG",,Global,176,51,1,0,0,0,0
18371099992159752,17841446937936016,zenertg,"Zener SA","Tchalley, tu as encore 61 jours avant la
fin de l’année pour avoir ta Zencard 😌
Juste un petit rappel si tu hésites encore. 😎

Bon mois de novembre à tous. 🥳

#zener #Carburant #Selfservice",0,"11/01/2025 12:56",https://www.instagram.com/p/DQhsD4yifqv/,"Image IG",,Global,140,32,2,0,0,0,0
18074590661585789,17841446937936016,zenertg,"Zener SA","Bonne célébration de la Toussaint. 🕯️

Pensées pour toutes ces familles. Que la paix vous accompagne, là où vous êtes. 🙏🏾

#zener #Toussaint",0,"10/31/2025 15:45",https://www.instagram.com/p/DQfagLvCK4Y/,"Image IG",,Global,160,36,2,0,0,0,0
17987563616908808,17841446937936016,zenertg,"Zener SA","On dit que pour aller loin, il faut ménager sa
monture… Aujourd’hui, il suffit de recharger
sa ZenCard. Et le chemin devient plus doux. 😎

#Zener #énergie #trajet #carburant",0,"10/30/2025 06:08",https://www.instagram.com/p/DQbzrXeiJ6h/,"Image IG",,Global,113,21,1,0,0,0,0
18082655123513906,17841446937936016,zenertg,"Zener SA","Que tu roules à deux, trois roues ou quatre,
ZENER te suit comme ton ombre. 😉

#Zener #Energie #Carburant #Oasis",0,"10/29/2025 06:09",https://www.instagram.com/p/DQZPFh6iHop/,"Image IG",,Global,131,26,3,0,0,0,0
18044408771433926,17841446937936016,zenertg,"Zener SA","Un bon conducteur, c’est pas celui qui va vite. C’est celui qui respecte les règles de la sécurité routière. 🙂

#Zener #Zencard #route #Prévention",0,"10/28/2025 04:58",https://www.instagram.com/p/DQWiHNJCK1P/,"Image IG",,Global,131,32,0,0,0,0,0
17866033047473230,17841446937936016,zenertg,"Zener SA","La ZenFamili, c'est la seule famille au Togo où tout le monde est joyeux et serein à la pompe ! 😂

Zéro stress de monnaie, zéro souci de
qualité. On est là pour le plein, le sourire, et le Zen ! Rejoins la famille et souris toi aussi. 😉

#Zener #Zencard #Zenfamili #communauté",0,"10/27/2025 03:46",https://www.instagram.com/p/DQT1DXKCKN_/,"Image IG",,Global,146,37,3,0,0,0,0
18078843077326003,17841446937936016,zenertg,"Zener SA","ZenCard, c’est :

✅ Recharge facile
✅ Paiement rapide
✅ Suivi en temps réel grâce à l’appli Zenfamili disponible sur Android & iOS

#zener #Zenfamili",0,"10/25/2025 08:11",https://www.instagram.com/p/DQPJyiQiN_q/,"Image IG",,Global,110,27,1,0,0,0,0
18070375211197966,17841446937936016,zenertg,"Zener SA","🚦Quel lubrifiant est fait pour ton moteur ?

Chaque engin a ses exigences. Choisir le bon lubrifiant, c’est assurer sa performance, éviter la surchauffe, et prolonger sa
durée de vie.

- 🏍 Pour motos (2 roues) on a la Havoline 20W50
- 🚗 Pour voitures (essence/diesel)
On a la Havoline 5W30 ou 5W40 (selon les recommandations
constructeur)
- 🚛 Pour camions et engins lourds
On a la Havoline 15W40

📍Disponible dans toutes les stations Oasis Zener

📞 Infos : +228 90 22 54 56 / 70 67 38 38

#Zener #HavolineTexaco #Lubrifiants #Performancemoteur",0,"10/24/2025 06:16",https://www.instagram.com/p/DQMX6TciNyA/,"Image IG",,Global,175,63,4,0,0,0,0
17986600631740258,17841446937936016,zenertg,"Zener SA","👏 Merci à tous ceux qui ont déjà profité de la promo Havoline ! 🥳

Certains ont même eu droit à des surprises bonus (eh oui, on aime faire plaisir 🥰) 
Et vous, vous attendez quoi pour venir ?

La promo lubrifiants Havoline continue dans toutes nos Oasis.

#Zener #lubrifiants #Havoline #Texaco",0,"10/23/2025 07:55",https://www.instagram.com/p/DQJ-XciCM3d/,"Carrousel IG",,Global,212,67,3,0,0,0,0
18094158622772385,17841446937936016,zenertg,"Zener SA","🛑40 % des pannes moteur sont liées à un manque de lubrification.

Mais toi, tu peux éviter ça dès aujourd’hui avec les lubrifiants Havoline dispo dans toutes les Oasis Zener.

#Lubrifiants #zener #Carburant #Selfservice",0,"10/21/2025 10:42",https://www.instagram.com/p/DQFH5KtCDHg/,"Image IG",,Global,117,27,2,0,0,0,0
18061765214577202,17841446937936016,zenertg,"Zener SA","Nous on sait que tu es un conducteur quand… 😉 
1- Tu salues tout le monde sans descendre du véhicule. 
2- Tu connais nos Oasis par coeur . 

Completez la liste ? 

 #zener #Carburant #Selfservice 
⁠",0,"10/20/2025 03:37",https://www.instagram.com/p/DQByirsiJ4Z/,"Image IG",,Global,107,19,2,0,0,0,0
18074346314172524,17841446937936016,zenertg,"Zener SA","La vraie force, c’est celle qu’on partage. Et dans ce combat, chaque voix compte. ✊🏼

Informer, écouter, soutenir voilà les armes les plus puissantes.

Le cancer du sein ne doit plus être un tabou. Il doit être un sujet de conversation, de prévention, de mobilisation.

#Zener #contrelecancerdusein",0,"10/18/2025 07:19",https://www.instagram.com/p/DP9CWTUCNoM/,"Image IG",,Global,130,34,3,0,0,0,1
18044176289439661,17841446937936016,zenertg,"Zener SA","On dit ça, on dit rien mais réfléchis bien. 😒
Ton moteur te parle. Et là, c’est le moment
de lui répondre avec un prix cadeau chef.

📍 Promo en cours des lubrifiants Havoline
dans toutes nos Oasis ZENER. 

#lubrifiant #zener #Carburant #moteur",0,"10/17/2025 05:36",https://www.instagram.com/p/DP6RrBVCNx6/,"Image IG",,Global,114,30,2,0,0,0,0
17973226856791388,17841446937936016,zenertg,"Zener SA","Allô Oasis Blitta ?
– Oui, c’est ouvert.
– Oui, tu peux te servir toi-même.
– Oui, même sans ZenCard.
On est là. Tu passes quand ?

#OasisBlitta #zener #Carburant #Selfservice",0,"10/16/2025 04:56",https://www.instagram.com/p/DP3oakTiPLu/,"Image IG",,Global,168,64,4,0,0,0,0
18060034637616148,17841446937936016,zenertg,"Zener SA","Pas de bruit bizarre, pas de panne surprise.
🛢 Texaco, c’est le bon choix pour ton
moteur.
📍 Jusqu’au 09 novembre, nous sommes en
promo

#lubrifiants #zener #moteur #texaco",0,"10/15/2025 13:17",https://www.instagram.com/p/DP184z4iY7p/,"Image IG",,Global,117,33,1,0,0,0,0
18059700938561707,17841446937936016,zenertg,"Zener SA","📍 Blitta a son Oasis !
La nouvelle oasis ouvre ce LUNDI 🎉
Et tout le monde est invité à faire le plein.

⛽️ Self-service carburant accessible à tous :
– Tu as une ZenCard ? Tu te sers.
– Tu n’en as pas ? On te sert.
– Tu veux l’avoir ? On te l’active sur place.

#OasisBlitta #Zener #Carburant #SelfService",0,"10/13/2025 07:14",https://www.instagram.com/p/DPwJwiFDOW1/,"Image IG",,Global,190,75,10,0,0,0,0
18294262909284443,17841446937936016,zenertg,"Zener SA","📍 Du 3 octobre au 9 novembre, profite de nos prix promo sur nos lubrifiants Havoline , conçus pour prolonger la vie de ton moteur.

– 5W30 : 1L à 5.000 CFA / 5L à 24.900 CFA
– 5W40 : 1L à 4.900 CFA / 5L à 24.000 CFA
– 15W40 : 1L à 2.900 CFA / 5L à 14.500 CFA
– 20W50 : 1L à 3.000 CFA / 5L à 14.000 CFA

📍 Disponible dans toutes les Oasis Zener.

#Promolubrifiants #Zener #Havolinetexaco #performance #Qualité",0,"10/13/2025 02:34",https://www.instagram.com/p/DPvptlxjCxT/,"Image IG",,Global,158,65,5,0,0,4,0
17897227179320347,17841446937936016,zenertg,"Zener SA","Self-service c’est quoi même maaa ? �🤔
On te dit tout aujourd’hui 

Enregistre ce post, ne viens pas dire qu’on ne t’avait rien expliqué. 😎

#OasisBlitta #zener #Carburant #Selfservice",0,"10/11/2025 07:14",https://www.instagram.com/p/DPrAKwJiKUt/,"Carrousel IG",,Global,9341,7062,58,0,1,0,3
17848467867575599,17841446937936016,zenertg,"Zener SA","On sait. Tu sais. Ton moteur parle… mais tu fais semblant de ne pas entendre. 😒

Grincements, démarrages lents, odeurs bizarres…

👉 Si ton engin montre un de ces signes, il est temps d’agir.

📍 Viens chercher ton bidon Havoline 1L ou 5L dans nos Oasis Zener.

5W30, 15W40, 20W50, 5W40, on a ce qu’il te faut.

#Zener #Oasis #lubrifiants",0,"10/10/2025 10:14",https://www.instagram.com/p/DPov7v1CBh_/,"Carrousel IG",,Global,136,35,3,0,0,0,0
17861447187439776,17841446937936016,zenertg,"Zener SA","J-6 avant l’ouverture de l’Oasis Blitta ! 🥳

⛽️Self-service pour tous : détenteurs de ZenCard, non-détenteurs, nouveaux venus.

Tu veux ton plein ? Tu l’auras.

📍 Oasis Blitta, soit des nôtres ce 15 octobre 2025.

#Oasisblitta #Zener",0,"10/09/2025 06:52",https://www.instagram.com/p/DPl0GxKCCFb/,"Image IG",,Global,172,61,6,0,0,0,0
18077516291083604,17841446937936016,zenertg,"Zener SA","👉 Viens chercher ton bidon Havoline dans
nos Oasis Zener. 😏

📍 5W30, 15W40, 20W50, 5W40, on a ce qu’il
te faut.

#lubrifiant #zener #Carburant #selfservice",0,"10/09/2025 06:38",https://www.instagram.com/p/DPlyfADCLyI/,"Image IG",,Global,118,26,2,0,0,0,0
17917620168189970,17841446937936016,zenertg,"Zener SA","Encore 7 jours pour l’ouverture de l’Oasis Blitta ! 🥳

⛽️ Self-service carburant, accessible à tous.
ZenCard ou pas, tu roules, tu te sers.
Et si tu veux ta carte ? On te l’active sur place aussi. 😏

#OasisBlitta #ouverture #Zener",0,"10/08/2025 06:56",https://www.instagram.com/p/DPjPtqEiBep/,"Image IG",,Global,99,24,1,0,0,0,0
17842475238595847,17841446937936016,zenertg,"Zener SA","Comment se faire établir la zencard ? �💁🏽‍♂️

Enregistre ce post, cela pourrait te servir plus tard😎

#OasisBlitta #zener #Carburant #Selfservice",0,"10/08/2025 03:05",https://www.instagram.com/p/DPi1SxxCOBn/,"Carrousel IG",,Global,136,38,2,0,0,0,0
18058616747564370,17841446937936016,zenertg,"Zener SA","Pas de pompiste
Pas d’attente
Tu décides quand et comment 🤪

Le self-service c’est chic deh. 

#OasisBlitta #zener #Carburant #Selfservice",0,"10/07/2025 06:49",https://www.instagram.com/p/DPgqHdzCPmW/,"Image IG",,Global,147,52,4,0,0,0,0
17973026840949194,17841446937936016,zenertg,"Zener SA","JJ - 09

📍 Oasis Blitta ouvre dans 9 jours. 🥳
Et seuls les détenteurs de ZenCard pourront
se servir eux-mêmes.

Tu veux en faire partie ? Active ta carte
maintenant. 

#OasisBlitta #zener #Carburant #Selfservice",0,"10/06/2025 11:07",https://www.instagram.com/p/DPei0QPiEM-/,"Image IG",,Global,116,30,2,0,0,0,0
18088711891883042,17841446937936016,zenertg,"Zener SA","Gagnez en puissance. Pas en problèmes. 😎

Les lubrifiants Havoline nourrissent votre
moteur, boostent ses performances et
prolongent sa vie.

📍 Disponibles dans toutes les Oasis Zener.

#lubrifiants #zener #moteur #texaco",0,"10/06/2025 08:39",https://www.instagram.com/p/DPeR5NICBsn/,"Image IG",,Global,91,23,2,0,0,0,0
17979518912876145,17841446937936016,zenertg,"Zener SA","Que suis-je ? 👀
💬 Donne ta réponse en commentaire… et prouve que t’as le cerveau bien lubrifié 😏

#quesuije #zener",0,"10/03/2025 04:01",https://www.instagram.com/p/DPWDraXiPBT/,"Image IG",,Global,139,49,2,0,0,2,0
18089060683677242,17841446937936016,zenertg,"Zener SA","Un petit geste peut tout changer. La prévention commence par toi. 🙏🏾 

Partage ce message, tu pourrais aider quelqu’un à agir aussi. 

#Octobrerose #Zener #Préventioncancerdesein",0,"10/02/2025 04:37",https://www.instagram.com/p/DPTjFUPiMiC/,"Image IG",,Global,113,21,2,0,0,0,0
17979976718914011,17841446937936016,zenertg,"Zener SA","Tu as ta ZenCard ?

C’est bientôt le moment de t’en servir.
À l’Oasis Blitta, tu feras le plein toi-même. ⛽️

Pas de pompiste. Juste toi, ta carte, et ton carburant. 💚

#Zener #Oasisblitta",0,"10/01/2025 10:00",https://www.instagram.com/p/DPRjQMEiOzI/,"Image IG",,Global,112,24,2,0,0,0,0
18109346155561028,17841446937936016,zenertg,"Zener SA","Si t’as déjà poussé ta voiture une fois,
ce post est pour toi 😅.

1 - Ouvre l’app Zenfamili
2- Choisis le montant à recharger sur ta
Zencard
3- Valide le paiement

Et hop, ton plein est sécurisé, tu peux
rouler tranquille et prochain arrêt
dans nos oasis.

#Zener #Zencard #cartecarburant",0,"10/01/2025 04:43",https://www.instagram.com/p/DPQ-992iIu3/,"Image IG",,Global,112,27,0,0,0,0,0
18082127926772238,17841446937936016,zenertg,"Zener SA","À quoi cela sert même ? 🤣
Notre petite pensée du jour
Bon début de journée.

#Zener #énergie #penséedujour
#carburant",0,"09/30/2025 02:06",https://www.instagram.com/p/DPOIJzwCDSN/,"Image IG",,Global,122,36,0,0,0,0,0
18054790883222979,17841446937936016,zenertg,"Zener SA","Un nouvel Oasis arrive…
Devinez notre prochaine destination en commentaire 👀

Indice : ça commence par un B…

#Oasis 
#Zenertg #zenfamili #Bonnenouvelle",0,"09/29/2025 08:46",https://www.instagram.com/p/DPMRNFMCFfh/,"Image IG",,Global,182,68,7,0,0,0,0
18093114358748156,17841446937936016,zenertg,"Zener SA","C’est l’heure de faire le plein ⛽ 
Et chez Zener, l’énergie ne dort jamais !

#Zener #énergie #trajet #carburant",0,"09/29/2025 03:05",https://www.instagram.com/p/DPLqFw5iAOh/,"Image IG",,Global,108,29,2,0,0,0,0
17859166305506051,17841446937936016,zenertg,"Zener SA","Ceux qui ont déjà perdu leur ZenCard 2 fois ouplus…La carte a demandé une réunion
d’urgence. 🤣

Elle dit qu’elle est fatiguée d’être oubliée,
perdue, négligée par certaines personne 😏
Midekoukouyé 😔 Prenez soin d’elle.

#lacartecarburant #zencard",0,"09/27/2025 04:35",https://www.instagram.com/p/DPGq3PxCFvC/,"Image IG",,Global,133,46,2,0,0,0,0
17852655567549357,17841446937936016,zenertg,"Zener SA","📍Astuce du jour

Glisse ta ZenCard derrière ta coque.
Elle sera toujours là, même quand toi
t’oublies 😅

#zener #astuce #téléphone #zencard",0,"09/26/2025 04:45",https://www.instagram.com/p/DPEHL0ViM2o/,"Image IG",,Global,116,32,2,0,0,0,0
17842654746582599,17841446937936016,zenertg,"Zener SA","Un peu de fun aujourd’hui ! Tu penses
avoir la bonne réponse ? Écris-la en
commentaire 😏

#Zener #Zencard #cartecarburant
#quesuisje",0,"09/25/2025 05:18",https://www.instagram.com/p/DPBmIfqCDRv/,"Image IG",,Global,159,53,4,0,0,1,0
17856958986516693,17841446937936016,zenertg,"Zener SA","• Sans huile, les pièces frottent entre elles et
s’usent vite ⚙
• Le moteur chauffe trop et peut griller 🔥
• Tu risques des pannes soudaines en pleine
route 😬
• Tu réduis la durée de vie de ton véhicule 🚗

Tu veux éviter les pannes surprises ? L’huile
moteur, c’est ton alliée 🔧
Ne cherche pas loin… elle est dispo sur l’appli Zenfamili. 

📲 Clique, commande, roule Zen.

#zener #zencard #energie #conseil",0,"09/24/2025 05:41",https://www.instagram.com/p/DO_EDaBiDxL/,"Image IG",,Global,106,30,2,0,0,1,0
17877341208407867,17841446937936016,zenertg,"Zener SA","À tous ceux qui roulent pour nous, qui veillent sur nos trajets que la route vous soit bonne. 💚

#Zener #énergie #trajet #carburant",0,"09/23/2025 05:01",https://www.instagram.com/p/DO8arFIiA7I/,"Image IG",,Global,109,26,2,0,0,0,0
18198670774312241,17841446937936016,zenertg,"Zener SA","Sécuriser sa bouteille de gaz pendant cette promotion est la meilleure chose que vous ne puisses faire inh . 🤪

Si vous n’êtes pas au courant rendez
vous sur @Sodigaz @Enora

#zener #zencard #promogaz",0,"09/20/2025 07:06",https://www.instagram.com/p/DO06mt-CPYa/,"Image IG",,Global,182,58,2,0,0,0,0
18198364882314890,17841446937936016,zenertg,"Zener SA","🔥 Y’a promo  jusqu’au 17 octobre. 

Ne dis pas qu’on t’a pas prévenu 😏

Kaba kaba ne traîne pas trop 🥳

#Zener #promotion #gaz #énergie",0,"09/19/2025 04:05",https://www.instagram.com/p/DOyBBynDAk7/,"Image IG",,Global,155,39,2,0,0,0,0
18060216524579413,17841446937936016,zenertg,"Zener SA","Nous espérons que ce petit
carroussel vous aurait éclairé sur le concept. 😉
Tag ton entreprise et tente ta chance
🚀

#zener #entreprise #local
#entrepreneur #coupdepouce",0,"09/18/2025 05:48",https://www.instagram.com/p/DOvoAyjiFdH/,"Carrousel IG",,Global,291,99,12,1,1,1,0
18063242270459889,17841446937936016,zenertg,"Zener SA","Entre ceux qui ont la ZenCard et ceux qui
galèrent à la pompe, y’a pas débat.

Si t’as pas encore la tienne, c’est le moment
de rejoindre le bon côté de la file 😏

Premièrement commence par rejoindre
notre communauté via ce lien 👉🏽
https://whatsapp.com/channel/0029Vabhd
edDp2QESN9kDV38

#Zener #Zencard",0,"09/17/2025 04:35",https://www.instagram.com/p/DOs68FsD6oY/,"Image IG",,Global,187,56,3,0,0,0,1
18079326673986207,17841446937936016,zenertg,"Zener SA","Nous, à la rentrée, on marchait pieds nus pendant 10 km… 😅

On a tous entendu une phrase culte de nos aînés. Tu connais d’autres phrases de ce genre, raconte-nous  en commentaire 👇 

#Souvenirsderentrée
#zener #zencard #oasis #plein",0,"09/16/2025 04:53",https://www.instagram.com/p/DOqYKPpiART/,"Image IG",,Global,217,64,6,0,0,0,0
18519284038008606,17841446937936016,zenertg,"Zener SA","La rentrée commence avec le sourire
et un plein Zen 💚 Bonne route à
toutes les familles !

#Zener #Rentrée2025 #trajet
#carburant",0,"09/15/2025 02:08",https://www.instagram.com/p/DOnggoTiEGk/,"Image IG",,Global,180,33,3,0,0,0,0
17911988709071724,17841446937936016,zenertg,"Zener SA","Il y a des problèmes que seul Zener
peut résoudre 😌😏

Si tu nous aimes appuie sur le coeur ou
un like 🙃

#zener #zencard #carburant #fluidité
#selfservice",0,"09/12/2025 05:05",https://www.instagram.com/p/DOgGTxdCImu/,"Image IG",,Global,176,41,4,0,0,1,0
18074534387031190,17841446937936016,zenertg,"Zener SA","Koh je n’ai pas d’espace sur mon téléphone, l’argument préféré des gens qui n’aiment pas installer de nouvelles applications 🤪🤣

‎JUSTE 146 Mo pour avoir la zen attitude✅.
Franchement, ton téléphone mérite bien ça 😉.

Partage l’info à 5 personnes de tes connaissances tchaleyyy😎

#Zener #zenfamili #application #mobilité #facilité #Carburant #énergie",0,"09/11/2025 04:41",https://www.instagram.com/p/DOdewxSirdY/,"Image IG",,Global,209,43,3,0,0,0,0
18064908143257070,17841446937936016,zenertg,"Zener SA","Ton Oasis préféré, c’est un peu comme ton maquis du quartier, tu y reviens toujours 😎.

Alors dis-nous, toi c’est où tu fais ton plein le plus souvent ? ⛽

#zener #zencard #oasis #plein #mafamille",0,"09/09/2025 04:30",https://www.instagram.com/p/DOYT-Hyj0it/,"Image IG",,Global,174,29,1,0,0,0,0
17911759191072071,17841446937936016,zenertg,"Zener SA","Aujourd’hui, on est en début de
semaine 🏍🚗… petit rappel du jour 

👉🏾 Recharge ta ZenCard directement
via Mix by Yas ou Flooz 💳
👉🏾 Comme ça, pas de panne
d’essence surprise 😅
👉🏾 Et ta mobilité reste 100% zen ✨

Ne néglige pas ce petit geste, c’est
lui qui fait la différence entre galérer
et rouler tranquille 😎.

#zenfamili #zencard #recharge
#fluidité #carburant",0,"09/08/2025 05:02",https://www.instagram.com/p/DOVy3qpCMd5/,"Image IG",,Global,229,49,6,0,0,2,0
18383547400130476,17841446937936016,zenertg,"Zener SA","Team zen ou team stress ? 😅

Dis-nous, tu attends le dernier
moment ou tu fais le plein dès
les premiers signes ?

#Zener #pannecarburant
#energie #zencard
#route",0,"09/06/2025 05:10",https://www.instagram.com/p/DOQqKwNiK_Y/,"Image IG",,Global,169,34,0,0,0,0,0
17854870443515606,17841446937936016,zenertg,"Zener SA","🇹🇬 Allez les Éperviers ! 
On attend ton pronostic en commentaire 😎🔥

#Zener #Eperviés #soutient #match",0,"09/04/2025 05:19",https://www.instagram.com/p/DOLhmSsiNRb/,"Image IG",,Global,211,49,5,0,0,0,0
18275797672302993,17841446937936016,zenertg,"Zener SA","À ton avis, qui va faire le plein en premier ?

 🏁 Réponds en commentaire 🤩

#Zener #plein #quizz #moto #jeu",0,"09/03/2025 05:19",https://www.instagram.com/p/DOI81BwCMwG/,"Image IG",,Global,203,60,5,0,0,3,0
18290164243252775,17841446937936016,zenertg,"Zener SA","Nous aussi, nous avons sorti la liste des choses à faire quand vous touchez à votre salaire ce mois-ci 😎

Ne venez pas dire qu’on n'a pas été de bon conseil, hein.🤪

#Zener #carburant #energie #Oasis #conseil #listedeschosesafaire",0,"09/02/2025 04:51",https://www.instagram.com/p/DOGU1b9iJWk/,"Carrousel IG",,Global,213,48,6,0,0,0,0
18122069569493891,17841446937936016,zenertg,"Zener SA","On démarre septembre comme on
démarre une moto bien huilée, avec
confiance, puissance et zéro stress 😎

#Zener #septembre #bonmois #zencard
#Zenfamili",0,"09/01/2025 04:18",https://www.instagram.com/p/DODsNy0CLWp/,"Image IG",,Global,196,38,6,0,0,0,0
18054203480409208,17841446937936016,zenertg,"Zener SA","Avouez 😏
À la fin du mois vous avez toujours des
arguments béton pour dépenser les derniers
sous. 

Partagez vos 3 meilleurs !
6
#Zener #budgetcarburant #selfservice
#Zenfamili #consommation #avis",0,"08/30/2025 08:00",https://www.instagram.com/p/DN-8F0NCCGW/,"Image IG",,Global,202,39,1,0,0,0,0
18058948631457487,17841446937936016,zenertg,"Zener SA","Quand @bethel_fleurita_delices , entrepreneure passionnée, a reçu le Coup de pouce de Zener, ce n’était pas juste une aide, c’etait un sourire en plus, un espoir ravivé, un coup de boost pour aller plus loin 💪🏾

Et bien sûr… une explosion de goûts à chaque bouchée 😋🔥

📢 Et pour septembre… À qui le tour ?👀

#Zener #coupdepouce #soutient #entreprenariatlocal #travai",0,"08/30/2025 06:51",https://www.instagram.com/p/DN-0MfsCFjm/,"Carrousel IG",,Global,352,103,11,1,0,0,0
18074357669109037,17841446937936016,zenertg,"Zener SA","Retour en vidéo sur un moment chargé de saveurs, de joie et d’émotion 🥹✨

Quand @bethel_fleurita_delices , entrepreneure passionnée, a reçu le
Coup de pouce de Zener, ce n’était pas juste une aide…

C’était un sourire en plus, un espoir ravivé, un coup de boost pour
aller plus loin 💪🏾

#Zener #coupdepouce #soutient #entreprenariatlocal #travailleur",129,"08/29/2025 09:39",https://www.instagram.com/reel/DN8iMtCiAm6/,"Reel IG",,Global,1944,1472,24,17,1,2,1
17843440497564597,17841446937936016,zenertg,"Zener SA","Depuis le début du mois d’août, Zener a lancé un tout nouveau concept, COUP DE POUCE ZENER 🎉 

L’objectif ? Soutenir des talents locaux, des artisans, des entrepreneurs qui font bouger le pays avec passion. 

Et pour cette première édition, nous avons eu l’immense plaisir d’accompagner @bethel_fleurita_delices, une femme entrepreneure inspirante qui régale les papilles avec ses mets savoureux. 🙌

Une initiative portée par l’envie de valoriser nos héros du quotidien et de bâtir un impact concret. 

📌 Parce que chez Zener, nous croyons au pouvoir de l’entraide locale. 

#Zener #coupdepouce #soutient #entreprenariatlocal #travail",0,"08/29/2025 04:21",https://www.instagram.com/p/DN7-KL2CNZ_/,"Carrousel IG",,Global,332,90,12,0,0,0,0
18059333042581648,17841446937936016,zenertg,"Zener SA","🚦À moto comme en voiture, le code de la route, c’est pour tout le monde.

👉 Respecter les règles, c’est protéger sa vie et celle des autres. 
Que tu sois en deux ou quatre roues, adopte les bons réflexes !

#Zener #Sécuritéroutière #Respectcodedelaroute #Prévention #RSE #Sensibilisation",0,"08/28/2025 04:16",https://www.instagram.com/p/DN5YziTiPyq/,"Image IG",,Global,232,56,6,0,0,0,0
18089041288699745,17841446937936016,zenertg,"Zener SA","PS : Nous, ce sont les pannes sèches. 😌

#Zener #carburant #energie #Oasis",0,"08/27/2025 04:51",https://www.instagram.com/p/DN23_Br0KDw/,"Image IG",,Global,214,44,4,0,0,0,0
18069432827127149,17841446937936016,zenertg,"Zener SA","On mets quoi ? C’est urgent svp 😔

#Zener #essaisituesfort #fun
#selfservice #Zenfamili",0,"08/26/2025 11:55",https://www.instagram.com/p/DN1DuV2UI0H/,"Image IG",,Global,12026,9743,67,0,1,2,0
18084896374874952,17841446937936016,zenertg,"Zener SA","🚨 ALERTE NOUVEAUTÉ 🤩

Zenfamili revient avec une version toute fraîche, plus belle, plus utile, plus performante. À découvrir dès maintenant !

📲Foncez mettre à jour pour une expérience encore plus zen 🏃🏽‍♀️🏃

✅𝗧𝗘́𝗟𝗘́𝗖𝗛𝗔𝗥𝗚𝗘𝗠𝗘𝗡𝗧 𝗗𝗜𝗦𝗣𝗢𝗡𝗜𝗕𝗟𝗘 𝗦𝗨𝗥 𝗔𝗣𝗣𝗦𝗧𝗢𝗥𝗘 & 𝗣𝗟𝗔𝗬𝗦𝗧𝗢𝗥𝗘 

#Zener #Zenfamili #miseàjour #appstore #Playstore #application",0,"08/25/2025 06:00",https://www.instagram.com/p/DNx2U35UNq6/,"Carrousel IG",,Global,397,66,4,0,0,3,0
18124999954463465,17841446937936016,zenertg,"Zener SA","📖 “Au commencement était la route, et la ZenCard vint pour rendre la vie facile aux conducteurs et automobilistes.” (Genèse version Zener 1:1)

🙏 Aujourd’hui, on prêche la bonne parole… celle de la ZenCard ✨

Des milliers des fidèles convertis, parce qu’elle rend la vie plus simple aux conducteurs 🚗🛵

Vous voulez nous rejoindre ? 😌
c’est par ici 👉🏽 https://whatsapp.com/channel/0029VabhdedDp2QESN9kDV38

#Zener #carburant #zenfamili #communautéwhatsapp #Togo",0,"08/24/2025 06:33",https://www.instagram.com/p/DNvVXNAUOzs/,"Image IG",,Global,302,66,3,0,0,0,1
18035820686687938,17841446937936016,zenertg,"Zener SA","😩 Tu connais quelqu’un qui se plaint
sur sa conso de carburant chaque
semaine ?

➡ Partage-lui ce post qui lui sera
bien utile !

#zencard #consommationcarburant
#avantages #cartecarburant #Lomé
#astucetip",0,"08/23/2025 08:21",https://www.instagram.com/p/DNs87GvUIe8/,"Image IG",,Global,233,43,3,0,0,0,0
18087081754834602,17841446937936016,zenertg,"Zener SA","🤯 Qui aurait cru qu’une carte pouvait changer ta façon de consommer du carburant ?

Découvre la ZenCard. Simple,
pratique, intelligente. Tu vas kiffer. 💚

#Zener #carburant #energie #carte carburant #Togo",0,"08/22/2025 03:31",https://www.instagram.com/p/DNp26wDI87P/,"Image IG",,Global,5683,3028,345,2,4,3,7
18051216971237526,17841446937936016,zenertg,"Zener SA","C’est en voyant le plein se vider plus vite que prévu qu’on se pose cette fameuse question

Alors de nous à vous combien depensez-vous par mois ? 

#Zener #carburant #energie #budget",0,"08/21/2025 07:52",https://www.instagram.com/p/DNnv8xhIGfl/,"Image IG",,Global,215,43,2,0,0,0,0
18074945998993591,17841446937936016,zenertg,"Zener SA","🔥 Le stand Zener ne s’éteint pas tout
comme le Guinness World Record Togo
qui continue de se poursuivre grâce aux
flammes Sodigaz alimentant chaque
marmite et à la perseverance de Mme
Laurence Assignon.

D’après vous, combien d’heures sera son record? 😎

#Zener #guinessworldrecord
#Laurenceassigon #selfservice
#Zenfamili",22,"08/20/2025 04:17",https://www.instagram.com/reel/DNkybQMMos_/,"Reel IG",,Global,154,96,9,0,0,0,0
18321817687233866,17841446937936016,zenertg,"Zener SA","😂 Quand t’es le seul de ta bande d’ami à faire encore la queue à la station service, il y a un peu de honte dedans inh 😒

Tu attends quoi encore, viens chercher ta Zencard. 

Forcément tu vas aimer 😁

#Zener #teamzencard #selfservice #Zenfamili",0,"08/19/2025 09:08",https://www.instagram.com/p/DNivGASoc0M/,"Image IG",,Global,262,66,3,0,0,0,0
17968706822938093,17841446937936016,zenertg,"Zener SA","Parfois tu penses que ton mari à  une maîtresse or  la seule qu’il entretient chaque semaine, c’est sa ZenCard. 😆🤪

#zencard #zener #avantages #cartecarburant #Lomé #mobilité",0,"08/16/2025 05:32",https://www.instagram.com/p/DNan7nOIJUJ/,"Image IG",,Global,249,63,3,0,0,0,0
18085974481883685,17841446937936016,zenertg,"Zener SA","Bonne fête de l’Assomption à tous ✨

Que cette journée soit remplie de lumière, de paix et de bons voyages vers vos destinations.

#Assomption #ZenCard #Toujoursplushaut #BonneFête",0,"08/15/2025 02:31",https://www.instagram.com/p/DNXufOvM70w/,"Image IG",,Global,233,60,5,0,0,0,0
18069232889169750,17841446937936016,zenertg,"Zener SA","C’est facilllllle 😎
Rendez- vous dans nos oasis muni d’une pièce d’identité pour vous la faire établir .

 #Zener #Zencard #Zenfamili #cartecarburant #Energie #carburant #infos #Lomé",18,"08/14/2025 02:47",https://www.instagram.com/reel/DNVLf-8sBB-/,"Reel IG",,Global,327,240,15,0,0,0,0
18382067995122540,17841446937936016,zenertg,"Zener SA","Une minute pour apprendre et  des heures de files d’attente évitées ⏳😎 

Chez Zener, on t’apprend à être maître de ta pompe
 
ici c’est l’oasis Tam-tam 

#Zener #teamzencard #selfservice #Zenfamili",0,"08/12/2025 04:41",https://www.instagram.com/p/DNQO_wlR2gR/,"Carrousel IG",,Global,329,79,8,0,0,0,0
18060945530349190,17841446937936016,zenertg,"Zener SA","C’est notre manière à nous de
te motiver . 🤸🏽

Bon début de semaine la mifa.

#Zener #teamzencard
#selfservice #Zenfami",0,"08/11/2025 05:10",https://www.instagram.com/p/DNNtfiox2NY/,"Image IG",,Global,259,63,4,0,0,0,0
18135709990437693,17841446937936016,zenertg,"Zener SA","Tu pensais tout savoir ? ☺

Parfois il y a quelques infos qui
t’echappent et heureusement nous
sommes là pour te le rappeler 🌝

#Lesaviezvous #bonasavoir
#economie #Astuces #zener
#automobile #lomé",0,"08/09/2025 11:47",https://www.instagram.com/p/DNJRUm2RHyY/,"Image IG",,Global,259,60,5,0,0,0,0
18095965543617661,17841446937936016,zenertg,"Zener SA","Si t’as dit OUI au moins 2 fois, c’est que la Zencard est faite pour toi 😎

#zencard #zener #avantages #fun #cartecarburant #Lomé #mobilité",0,"08/09/2025 04:30",https://www.instagram.com/p/DNIfT1qojjV/,"Image IG",,Global,236,46,1,0,0,0,0
18058013840597169,17841446937936016,zenertg,"Zener SA","l’arme secrète des gens organisés 😎
👉 La Zencard 

Et si tu obtenais le tien aujourd’hui ? Ecris ( je veux)  en commentaire et on te donne plus d’infos. 😌

#zencard #zener #avantages #cartecarburant #Lomé #mobilité",52,"08/08/2025 13:51",https://www.instagram.com/reel/DNG6iC7Mynr/,"Reel IG",,Global,10912,12257,231,1,3,6,5
17969546717928606,17841446937936016,zenertg,"Zener SA","Zener est au FESMA 🤩

Les chefs sont à l’honneur sur ce festival et nous, on veille à ce qu’ils ne manquent jamais de gaz pour régaler les papilles ! 😌

Viens découvrir nos solutions gaz, poser des questions, rigoler un peu et peut-être restocker tes bouteilles de gaz 🔥

#Zener #énergie #festival #FESMA2025",0,"08/07/2025 10:57",https://www.instagram.com/p/DNECDByMVPX/,"Image IG",,Global,400,138,14,1,0,0,0
18089462236738537,17841446937936016,zenertg,"Zener SA","Un petit coup de pouce peut devenir un grand saut.

C’est pas une pub, c’est notre façon de dire :
On vous voit, on vous comprend, on est ensemble.
Allez, montre ton idée ✊🏾

Rendez-vous dans les commentaires 

 #CoupDePouceZener #Zeneravecvous",0,"08/06/2025 06:38",https://www.instagram.com/p/DNA_jNVxDx9/,"Image IG",,Global,208,51,2,0,0,0,0
18079027106502598,17841446937936016,zenertg,"Zener SA","👀 On te laisse compléter la phrase comme tu le sens 😎

#Zener #teamzencard #selfservice #Zenfamili",0,"08/05/2025 05:33",https://www.instagram.com/p/DM-TWGixrNq/,"Image IG",,Global,2257,1108,183,1,2,6,2
17863490154441401,17841446937936016,zenertg,"Zener SA","Un pneu bien gonflé = ✔️ Moins de résistance - ✔️ Moins d’usure - ✔️ Et surtout moins de carburant utilisé à la pompe 😌

Ne nous remercie pas pour l’astuce, on veux juste te faire des économies. 😏

#ZenCard #EcoConduite #AstuceCarburant",0,"08/02/2025 12:36",https://www.instagram.com/p/DM3Va-hxkk1/,"Image IG",,Global,234,57,2,0,0,0,0
18112364635578077,17841446937936016,zenertg,"Zener SA","Ekekem yina kpoé , aucune goute de perdue 😎
tu te sers, tu contrôles .

#Zener #Zencard #Zenfamili #selfservice",0,"11/18/2025 05:05",https://www.instagram.com/p/DRMugWfCP0C/,"Image IG",,Global,149,61,7,0,0,0,0
