"Identifiant de la publication","ID du compte","Nom de profil du compte","Nom du compte",Description,"Durée (s)","Heure de publication",Permalien,"Type de publication","Commentaire des données",Date,Vues,Couverture,"Mentions J’aime",Partages,"Followers en plus",Commentaires,Enregistrements,Permalink,"Post type","Post ID","Account ID","Account username"
17867461956531975,17841444647623511,abiscream,"Ⓐ Ⓑ Ⓘ 'Ⓢ   Ⓒ Ⓡ Ⓔ Ⓐ Ⓜ","Le plus beau cadeau, c’est de partager un moment de douceur. Joyeux Noël à toute la famille des gourmands ! 🎁

#AbiSCream #Gourmandise #Noël",0,"12/24/2025 23:52",https://www.instagram.com/p/DSrcDNTiIkL/,"IG image",,Global,294,194,13,3,0,2,0,,,,,
18076747697216576,17841444647623511,abiscream,"Ⓐ Ⓑ Ⓘ 'Ⓢ   Ⓒ Ⓡ Ⓔ Ⓐ Ⓜ","Notre célèbre glace a trouvé son âme sœur… crêpes et gaufres irrésistibles débarquent
chez nous, avec des toppings et sauces qui font craquer 😋🔥

Ne laisse pas les autres raconter… viens
goûter avant tout le monde notre nouveau menu exclusif à Abi’s Cream !

#AbiSCream #Gourmandise
#IceCreamLovers #nouveaumenu",33,"12/20/2025 06:21",https://www.instagram.com/reel/DSfQldyiIZA/,"Reel IG",,Global,427,310,10,1,0,0,0,,,,,
17986155600042505,17841444647623511,abiscream,"Ⓐ Ⓑ Ⓘ 'Ⓢ   Ⓒ Ⓡ Ⓔ Ⓐ Ⓜ","⌛ J-7 avant l’événement le plus gourmand des vacances pour vos enfants ! 🥳

Dans exactement une semaine, nos p’tits chefs prendront lescommandes à la boutique Abi’s Cream Apédokoè pour l’atelier « Le Petit Artisan Glacier » ! 🎨🍦

🚨 ATTENTION, Il ne reste plus que quelques places
disponibles !
🗓 : Samedi 08 Août 2026 (de 14h à 17h)
🎟 : 7 500 F CFA
📲 : Contactez-nous au 70 47 54 14

#Abiscream #atelierenfant #vacancesutiles #glaceLomé
#Lepetitartisanglacier",0,"08/01/2026 06:23",https://www.instagram.com/p/Dbf75bMoD-f/,"IG image",,Global,131,76,3,0,0,0,0,,,,,
18413501467149219,17841444647623511,abiscream,"Ⓐ Ⓑ Ⓘ 'Ⓢ   Ⓒ Ⓡ Ⓔ Ⓐ Ⓜ","Vous aimez les saveurs crémeuses et le lait ? Optez pour une glace. 🍦 
Vous ne consommez pas de lait ou vous préférez un dessert plus léger ? Le sorbet est fait pour vous.🍧 

⚠️ Si vous êtes allergique au lait, n’hésitez pas à demander conseil à notre équipe avant de faire votre choix. Nous serons ravis de vous orienter vers l’option la plus adaptée.😉

#Abiscream #Sorbet #glaceartisanale #bonplanalomé  #glaceLomé",0,"07/31/2026 05:09",https://www.instagram.com/p/DbdOtvLIKiA/,"IG image",,Global,302,205,14,1,0,0,0,,,,,
17972882484090038,17841444647623511,abiscream,"Ⓐ Ⓑ Ⓘ 'Ⓢ   Ⓒ Ⓡ Ⓔ Ⓐ Ⓜ","Mêmes sourires, même amour, mais une mission encore plus grande !

Le Goûter Abi’s Cream grandit et devient officiellement « Un Cartable pour l’Avenir ». Un nouvel envol pour impacter encore plus d’enfants ! ❤️

#Abiscream  #legouterdabiscream #uncartablepourlavenir  #solidarité #don",0,"07/29/2026 05:06",https://www.instagram.com/p/DbYEo-Noeg9/,"IG image",,Global,161,87,8,0,0,0,0,,,,,
18622893517047029,17841444647623511,abiscream,"Ⓐ Ⓑ Ⓘ 'Ⓢ   Ⓒ Ⓡ Ⓔ Ⓐ Ⓜ","De quoi créer de beaux souvenirs de vacances
pour 2026 🥳

Vous hésitez encore a inscrire votre enfant entre
07 et 14 ans, nous repondons à vos questions sur le
+22870475414

#Abiscream #atelierenfant #vacancesutiles
#glaceLomé #Lepetitartisanglacier",0,"07/28/2026 04:50",https://www.instagram.com/p/DbVeM-WDBiB/,"Carrousel IG",,Global,202,96,4,1,0,0,0,,,,,
18120880696745039,17841444647623511,abiscream,"Ⓐ Ⓑ Ⓘ 'Ⓢ   Ⓒ Ⓡ Ⓔ Ⓐ Ⓜ","Un peu de rhum, un peu de raisin... et surtout beaucoup d’amour ! 🥃🍇✨

Voilà la recette secrète qu’on a glissée dans notre crème glacée Rhum-Raisin ! Un parfum unique, intense et légèrement piquant, spécialement pensé pour ceux qui aiment les saveurs fortes et authentiques.

🔞 Une douceur réservée aux adultes (18 ans et plus). Alors, qui vient s’offrir une pause pleine de caractère aujourd’hui ? Dites-le nous en commentaire ! 👇🏾🍦

📍Avenou ( café informatique )
📍Cité Milenium, Blvd AKEI ( Caisse )
📍Atilamonou Apedokoè

📲https://wa.me/22870475414

#Abiscream #fetedesperes  #glaceartisanale #bonplanalomé  #glaceLomé",0,"07/23/2026 07:10",https://www.instagram.com/p/DbI2TgNCLb9/,"Carrousel IG",,Global,153,72,9,0,0,0,0,,,,,
18085811003648478,17841444647623511,abiscream,"Ⓐ Ⓑ Ⓘ 'Ⓢ   Ⓒ Ⓡ Ⓔ Ⓐ Ⓜ","🫣 Alors, vous misez tout sur quel saveur ? Vanille,
Chocolat, Banane, Ananas... ? Dites-nous tout en
commentaire ! 👇?

#Abiscream #glaceartisanale #bonplanalomé
#glacelomé",0,"07/22/2026 05:45",https://www.instagram.com/p/DbGF9troS0r/,"IG image",,Global,241,116,12,0,0,0,0,,,,,
18079499096659283,17841444647623511,abiscream,"Ⓐ Ⓑ Ⓘ 'Ⓢ   Ⓒ Ⓡ Ⓔ Ⓐ Ⓜ","Le club très privé des P’tits Chefs ouvre ses portes ! 🤫

👩🏾‍🍳 Un après-midi magique attend votre enfant à notre
boutique d’Apédokoè.
Au programme : dessin coloriage , pâtisserie cookies et
décoration de glaces ! 🍪

🔔 INSCRIVEZ VITE VOTRE ENFANT EN NOUS
ÉCRIVANT SUR LE + 22870475414

📆 Rendez-vous le samedi 08 août 2026 à Abi’s cream
Apedokoè
🚨 Attention, seulement 10 places disponibles pour
cette aventure.

#Abiscream #atelierenfant #vacancesutiles
#glaceLomé #Lepetitartisanglacier",0,"07/21/2026 05:59",https://www.instagram.com/p/DbDkcEHoi9_/,"IG image",,Global,338,181,11,1,0,0,0,,,,,
18122372218745455,17841444647623511,abiscream,"Ⓐ Ⓑ Ⓘ 'Ⓢ   Ⓒ Ⓡ Ⓔ Ⓐ Ⓜ","On ne fait pas que des glaces ! 🤫👀
Il est temps de révéler notre secret le mieux gardé, nous sommes aussi les rois des desserts ! 

Et notre chouchou absolu, c’est le combo ultime qui met tout le monde d’accord, une crêpe chaude et moelleuse +  une boule de glace au choix. 🤤

📲https://wa.me/22870475414
📍Avenou ( café informatique )
📍Cité Milenium, Blvd AKEI ( Caisse )
📍Atilamonou Apedokoè

#Abiscream  #glaceartisanale #saveursglace  #glaceLomé #artisanal productionlocale 100%naturel",0,"07/18/2026 08:22",https://www.instagram.com/p/Da8Gd78oFOG/,"IG image",,Global,130,73,3,0,0,0,0,,,,,
18157017706469573,17841444647623511,abiscream,"Ⓐ Ⓑ Ⓘ 'Ⓢ   Ⓒ Ⓡ Ⓔ Ⓐ Ⓜ","Vous pensiez vraiment qu’on allait s’arrêter à la banane ? 🤭

Après le lancement de notre glace à la Banane, vous avez été super nombreux en inbox à réclamer le retour ou l’arrivée d’un autre fruit.
Deuxième surprise de la semaine, la glace à l’Ananas 100% naturelle est elle aussi disponible ! 🎉🍍
Vos deux envies de fruits frais vous attendent dès aujourd’hui à: 

📍Avenou ( café informatique )
📍Cité Milenium, Blvd AKEI ( Caisse )
📍Atilamonou Apedokoè

📲https://wa.me/22870475414

#Abiscream #fetedesperes  #glaceartisanale #bonplanalomé  #glaceLomé",0,"07/16/2026 08:44",https://www.instagram.com/p/Da2_hJLiOmT/,"Carrousel IG",,Global,229,96,9,0,0,0,0,,,,,
18120557290875140,17841444647623511,abiscream,"Ⓐ Ⓑ Ⓘ 'Ⓢ   Ⓒ Ⓡ Ⓔ Ⓐ Ⓜ","Ces vacances seront créatives, gourmandes et absolument inoubliables ! 🎨✨

Nous préparons une expérience unique pour vos enfants. Ils vont pouvoir exprimer tout leur talent à travers la pâtisserie de cookies, la décoration de glaces et un super atelier peinture ! 👩🏾‍🍳🖌️

📆 Rendez-vous en août ! 
🚨 Attention, seulement 10 places disponibles pour cette aventure.
Les détails et l’ouverture des inscriptions arrivent très vite. Restez connectés ! 🔔

📲+228 70 47 54 14

#Abiscream  #glaceartisanale #bonplanalomé  #lepetitartisanglacier  #event",0,"07/15/2026 05:39",https://www.instagram.com/p/Da0FO_VKrMj/,"IG image",,Global,234,125,8,1,0,0,0,,,,,
18074865776694439,17841444647623511,abiscream,"Ⓐ Ⓑ Ⓘ 'Ⓢ   Ⓒ Ⓡ Ⓔ Ⓐ Ⓜ","La nouvelle glace à la Banane 100% naturelle est enfin
disponible dans vos 3 boutiques ! 🥳

Ici, pas d’arômes artificiels, nous sélectionnons de
vrais bananes mûres pour vous offrir une texture
incroyablement crémeuse authentique et surtout une
glace hyper rafraichissante.

📍 Avénou (face Café Informatique)
📍 Cité Milenium (Blvd Akei)
📍Apédokoè (Atilamonou)
📲 +22870475414

#Abiscream #glaceartisanale #bonplanalomé
#nouvellesaveur #banane",0,"07/14/2026 05:46",https://www.instagram.com/p/DaxhjEsDOBw/,"Carrousel IG",,Global,224,103,12,0,0,0,0,,,,,
18111514498939986,17841444647623511,abiscream,"Ⓐ Ⓑ Ⓘ 'Ⓢ   Ⓒ Ⓡ Ⓔ Ⓐ Ⓜ","C’est le troisième slide qu’il faut retenir 😁👌🏾

📲https://wa.me/22870475414
📍Avenou ( café informatique )
📍Cité Milenium, Blvd AKEI ( Caisse )
📍Atilamonou Apedokoè

#Abiscream  #glaceartisanale #saveursglace  #glaceLomé #artisanal productionlocale 100%naturel",0,"07/13/2026 10:24",https://www.instagram.com/p/Davcg0yjOB4/,"Carrousel IG",,Global,530,218,31,1,0,9,0,,,,,
18098310704190196,17841444647623511,abiscream,"Ⓐ Ⓑ Ⓘ 'Ⓢ   Ⓒ Ⓡ Ⓔ Ⓐ Ⓜ","Et toi, si on te posait la question là tout de suite, tu choisirais quel saveur ? 😋👇🏾

📲https://wa.me/22870475414
📍Avenou ( café informatique )
📍Cité Milenium, Blvd AKEI ( Caisse )
📍Atilamonou Apedokoè

#Abiscream #fetedesperes  #glaceartisanale #bonplanalomé  #glaceLomé",0,"07/09/2026 09:06",https://www.instagram.com/p/DalAQngoj2_/,"IG image",,Global,173,107,14,0,0,0,0,,,,,
17925299088141805,17841444647623511,abiscream,"Ⓐ Ⓑ Ⓘ 'Ⓢ   Ⓒ Ⓡ Ⓔ Ⓐ Ⓜ","Ne te contente pas de regarder nos publications 👀 Viens plutôt goûter à nos glaces ! 😌😋

📲https://wa.me/22870475414
📍Avenou ( café informatique )
📍Cité Milenium, Blvd AKEI ( Caisse )
📍Atilamonou Apedokoè

#Abiscream  #glaceartisanale #bonplanalomé  #glaceLomé",0,"07/08/2026 08:16",https://www.instagram.com/p/DaiV5SOCGzO/,"Carrousel IG",,Global,262,131,15,0,0,0,0,,,,,
17984543466001752,17841444647623511,abiscream,"Ⓐ Ⓑ Ⓘ 'Ⓢ   Ⓒ Ⓡ Ⓔ Ⓐ Ⓜ","Qui a décrété qu’il fallait attendre l’apres midi pour s’offrir un moment de bonheur ? 😎

Zéro stress, que du kiff et de la fraîcheur toute la journée !

📍 Avénou (face Café Informatique) 
📍 Cité Milenium (Blvd Akei) 
📍Apédokoè (Atilamonou)
📲https://wa.me/22870475414

#Abiscream  #glaceartisanale #bonplanalomé  #glaceLomé",0,"07/07/2026 05:16",https://www.instagram.com/p/DafcKsUodBM/,"IG image",,Global,125,76,7,0,0,0,0,,,,,
18108763891784818,17841444647623511,abiscream,"Ⓐ Ⓑ Ⓘ 'Ⓢ   Ⓒ Ⓡ Ⓔ Ⓐ Ⓜ","FLASHBACK | @afterwork_edemdalmeida ✨

Déjà un mois que nous partagions ce super moment avec vous ! Notre plus grande fierté ? Vous avoir fait redécouvrir le goût des bonnes saveurs de glace à travers une production 100% artisanale et locale. ❤️🍦

Le partenaire idéal pour vos événements, c’est nous ! Afterwork, anniversaire, mariage ou rencontre pro, Abi’s Cream se déplace  avec ses stands pour régaler vos invités et créer de magnifiques souvenirs. 

#Abiscream #event  #glaceartisanale #afterwork  #glaceLomé",0,"07/04/2026 08:44",https://www.instagram.com/p/DaYF7UFCMiw/,"Carrousel IG",,Global,332,148,17,0,0,0,0,,,,,
18568590001071291,17841444647623511,abiscream,"Ⓐ Ⓑ Ⓘ 'Ⓢ   Ⓒ Ⓡ Ⓔ Ⓐ Ⓜ","Qui peut résister au combo ultime cornet croustillant, + glace chocolat  et cookies croquants ? 🤷🏾‍♂️🔥

📲https://wa.me/22870475414
📍Avenou ( café informatique )
📍Cité Milenium, Blvd AKEI ( Caisse )
📍Atilamonou Apedokoè

#Abiscream #fetedesperes  #glaceartisanale #bonplanalomé  #glaceLomé",0,"07/02/2026 08:13",https://www.instagram.com/p/DaS4xMjo_1d/,"IG image",,Global,152,97,8,0,0,0,0,,,,,
18471682717102104,17841444647623511,abiscream,"Ⓐ Ⓑ Ⓘ 'Ⓢ   Ⓒ Ⓡ Ⓔ Ⓐ Ⓜ","Et toi, quelle saveur d’Abi’s Cream te fait perdre toute résistance ? 😋

📲https://wa.me/22870475414
📍Avenou ( café informatique )
📍Cité Milenium, Blvd AKEI ( Caisse )
📍Atilamonou Apedokoè

#Abiscream  #glaceartisanale #bonplanalomé  #glaceLomé",0,"07/01/2026 07:55",https://www.instagram.com/p/DaQR1XBsAAi/,"IG image",,Global,177,106,5,0,0,0,0,,,,,
18404602786157111,17841444647623511,abiscream,"Ⓐ Ⓑ Ⓘ 'Ⓢ   Ⓒ Ⓡ Ⓔ Ⓐ Ⓜ","Vous cherchez le vrai bonheur artisanal ? Inutile de faire le tour de Lomé, le secret est bien gardé et il n’y a que 3 adresses pour ça ! 😉👇🏾

📍 Avénou (face Café Informatique) 
📍 Cité Milenium (Blvd Akei) 
📍 Apédokoè (Atilamonou)
3 spots, une seule mission, adoucir vos journées. 🍨

📲https://wa.me/22870475414

#Abiscream  #glaceartisanale #bonplanalomé  #glaceLomé",0,"06/30/2026 07:08",https://www.instagram.com/p/DaNnmnSI2nP/,"IG image",,Global,215,115,9,0,0,0,0,,,,,
18085602683541217,17841444647623511,abiscream,"Ⓐ Ⓑ Ⓘ 'Ⓢ   Ⓒ Ⓡ Ⓔ Ⓐ Ⓜ","Certaines personnes offrent des fleurs.
 D’autres offrent des cadeaux.
 Les vrais partagent leur Abi’s Cream. 🥰

Alors, avec qui partagerais-tu la tienne

📲https://wa.me/22870475414
📍Avenou ( café informatique )
📍Cité Milenium, Blvd AKEI ( Caisse )
📍Atilamonou Apedokoè

#Abiscream  #glaceartisanale #bonplanalomé  #glaceLomé",0,"06/27/2026 06:11",https://www.instagram.com/p/DaFyuUao8f8/,"IG image",,Global,239,137,9,1,0,0,0,,,,,
18193641067332190,17841444647623511,abiscream,"Ⓐ Ⓑ Ⓘ 'Ⓢ   Ⓒ Ⓡ Ⓔ Ⓐ Ⓜ","Le chocolat pur. 🍫
Travaillé à la main.
Transformé en glace artisanale.
Juste pour toi. 🍦

📲https://wa.me/22870475414
📍Avenou ( café informatique )
📍Cité Milenium, Blvd AKEI ( Caisse )
📍Atilamonou Apedokoè

#Abiscream  #glaceartisanale #bonplanalomé  #glaceLomé",0,"06/25/2026 07:57",https://www.instagram.com/p/DaA1WUNiH3w/,"Carrousel IG",,Global,237,115,10,0,0,0,0,,,,,
17879204487470506,17841444647623511,abiscream,"Ⓐ Ⓑ Ⓘ 'Ⓢ   Ⓒ Ⓡ Ⓔ Ⓐ Ⓜ","Elle a ce goût que tu reconnais dès la première bouchée. 🍓

La fraise, douce et sucrée, qui rappelle les desserts de l’enfance. Cette couleur rouge vive qui annonce la gourmandise. On l’a cueillie. On l’a préparée. On l’a travaillée à la main. Et on l’a transformée en quelque chose que tu n’as jamais goûté. 😮

Une glace artisanale à la fraise, faite ici, à Lomé.
Pas d’arôme. Pas de chimie. Juste le vrai goût du fruit.

📲 +22870475414
📍Avenou ( café informatique )
📍Cité Milenium, Blvd AKEI ( Caisse )
📍Atilamonou Apedokoè",0,"06/24/2026 11:28",https://www.instagram.com/p/DZ-otltCGR2/,"Carrousel IG",,Global,207,102,7,0,0,0,0,,,,,
18105939977082964,17841444647623511,abiscream,"Ⓐ Ⓑ Ⓘ 'Ⓢ   Ⓒ Ⓡ Ⓔ Ⓐ Ⓜ","Avant de devenir votre sorbet préféré… 🥭

Notre mangue a vu le soleil togolais, elle a grandi sur
l’arbre et mûri à son rythme.
Puis nos mains d’artisans glacier l’ont cueillie.
Transformée. Sans chimie. Sans raccourci.
Le résultat ? Une glace qui goûte la vraie mangue.
Pas celle d’un arôme en bouteille.
La vraie. 😌🍦

Elle vous eattend en boutique.
📲 +22870475414
📍Avenou ( café informatique )
📍Cité Milenium, Blvd AKEI ( Caisse )
📍Atilamonou Apédokoè

#Abiscream #glaceartisanale #bonplanalomé
#glaceLomé #sorbet",0,"06/23/2026 10:04",https://www.instagram.com/p/DZ76VWBiFk1/,"Carrousel IG",,Global,307,176,18,1,0,0,1,,,,,
17972280702062611,17841444647623511,abiscream,"Ⓐ Ⓑ Ⓘ 'Ⓢ   Ⓒ Ⓡ Ⓔ Ⓐ Ⓜ","Bonne fête à tous nos papas d’amour ! 🙌🏾✨

Ceux qui nous conseillent, nous protègent, rigolent avec nous, et surtout... ceux qui acceptent de partager leur pot d’Abi’s Cream avec les enfants (ou qui le mangent en cachette) ! 😉🍨

#Abiscream #fêtedespères #glacier",0,"06/20/2026 14:13",https://www.instagram.com/p/DZ0oWooooY1/,"IG image",,Global,192,111,9,0,0,0,0,,,,,
17980405698037583,17841444647623511,abiscream,"Ⓐ Ⓑ Ⓘ 'Ⓢ   Ⓒ Ⓡ Ⓔ Ⓐ Ⓜ","Différentes saveurs, différentes personnalités… mais une seule adresse pour se retrouver 🤍
Abi’s Cream, le spot parfait pour partager de bons moments 😋

📲https://wa.me/22870475414
📍Avenou ( café informatique )
📍Cité Milenium, Blvd AKEI ( Caisse )
📍Atilamonou Apedokoè

#Abiscream  #glaceartisanale #bonplanalomé  #glaceLomé",0,"06/20/2026 10:08",https://www.instagram.com/p/DZ0MYR7Icdu/,"IG image",,Global,159,110,3,0,0,0,0,,,,,
17976731388028291,17841444647623511,abiscream,"Ⓐ Ⓑ Ⓘ 'Ⓢ   Ⓒ Ⓡ Ⓔ Ⓐ Ⓜ","Le sourire dit tout… ✨
Quand la glace est bonne, ça se voit directement 😍
Passez chez Abi’s Cream pour votre dose de bonheur ❤️

📲https://wa.me/22870475414
📍Avenou ( café informatique )
📍Cité Milenium, Blvd AKEI ( Caisse )
📍Atilamonou Apedokoè

#Abiscream  #glaceartisanale #bonplanalomé  #glaceLomé",0,"06/18/2026 06:55",https://www.instagram.com/p/DZustJJImHX/,"IG image",,Global,219,129,13,0,0,0,0,,,,,
17916390015400529,17841444647623511,abiscream,"Ⓐ Ⓑ Ⓘ 'Ⓢ   Ⓒ Ⓡ Ⓔ Ⓐ Ⓜ","Différentes saveurs, différentes personnalités… mais une seule adresse pour se retrouver 🤍
Abi’s Cream, le spot parfait pour partager de bons moments 😋

📲https://wa.me/22870475414
📍Avenou ( café informatique )
📍Cité Milenium, Blvd AKEI ( Caisse )
📍Atilamonou Apedokoè

#Abiscream  #glaceartisanale #bonplanalomé  #glaceLomé",0,"06/17/2026 06:55",https://www.instagram.com/p/DZsH4YeoFap/,"IG image",,Global,146,92,3,0,0,0,0,,,,,
17865613644690716,17841444647623511,abiscream,"Ⓐ Ⓑ Ⓘ 'Ⓢ   Ⓒ Ⓡ Ⓔ Ⓐ Ⓜ","Les soirées foot sans glace… ça compte vraiment ? 👀
Chez Abi’s Cream, chaque but se célèbre avec une cuillère de bonheur ⚽✨

Faites -vous livrer 

📲+22870475414
📍Avenou ( café informatique )
📍Cité Milenium, Blvd AKEI ( Caisse )
📍Atilamonou Apedokoè

#Abiscream #foot  #glaceartisanale #bonplanalomé  #glaceLomé",0,"06/16/2026 05:02",https://www.instagram.com/p/DZpWJefIpBe/,"IG image",,Global,192,110,4,0,0,0,0,,,,,
18016869524853919,17841444647623511,abiscream,"Ⓐ Ⓑ Ⓘ 'Ⓢ   Ⓒ Ⓡ Ⓔ Ⓐ Ⓜ","⚽🍦Parce que chaque but est meilleur avec une glace ! 😉

Pendant cette période de la coupe du monde, fais partie de la team des gourmands et savoure chaque victoire avec Abi’s Cream 😇

🛵Livraison disponible partout à Lomé 

📲https://wa.me/22870475414

#AbisCream #CoupeDuMondeEnGlaces #SavoureLocal #TeamAbi #LivraisonDisponible",0,"06/14/2026 09:00",https://www.instagram.com/p/DZkV6g8IWOG/,"IG image",,Global,17848,10047,168,1,20,0,6,,,,,
17957477496135999,17841444647623511,abiscream,"Ⓐ Ⓑ Ⓘ 'Ⓢ   Ⓒ Ⓡ Ⓔ Ⓐ Ⓜ","Il y a des jours où rien ne va 😒

Mais une bonne glace, dégustée tranquillement à la cuillère, peut vraiment changer l’ambiance ✨
Comme quoi, le bonheur tient parfois dans un simple pot de glace 🤭

📲22870475414
📍Avenou ( café informatique )
📍Cité Milenium, Blvd AKEI ( Caisse )
📍Atilamonou Apedokoè

#Abiscream  #glaceartisanale #bonplanalomé  #glaceLomé",0,"06/14/2026 06:10",https://www.instagram.com/p/DZkUZGtCNSV/,"Carrousel IG",,Global,288,118,9,0,0,0,0,,,,,
18109653574746476,17841444647623511,abiscream,"Ⓐ Ⓑ Ⓘ 'Ⓢ   Ⓒ Ⓡ Ⓔ Ⓐ Ⓜ","Dès qu’une petite envie de dessert pointe le bout de son nez, on a ce qu’il vous faut. 😋🥞🧇🍦

C’est chaud, c’est moelleux, c’est préparé avec amour et c’est la promesse de vous régaler à coup sûr.💖 

📲+22870475414
📍Avenou ( café informatique )
📍Cité Milenium, Blvd AKEI ( Caisse )
📍Atilamonou Apedokoè

#Abiscream  #glaceartisanale #bonplanalomé  #glaceLomé",23,"06/11/2026 11:29",https://www.instagram.com/reel/DZdKb7qodIX/,"Reel IG",,Global,525,377,12,0,0,0,0,,,,,
18114202240850541,17841444647623511,abiscream,"Ⓐ Ⓑ Ⓘ 'Ⓢ   Ⓒ Ⓡ Ⓔ Ⓐ Ⓜ","S’il existait une Coupe du Monde des glaces, Abi’s Cream aurait déjà soulevé le trophée 🏆🍦😌

Parce qu’ici, chaque saveur est une victoire locale, chaque pot une célébration du goût et du talent togolais 🇹🇬✨

Et toi, quelle équipe vas-tu supporter avec nos glaces pendant ces prochaines semaines ? ⚽🔥

#AbisCream #Coupedumonde  #SavoureLocal #Teamabiscream",0,"06/11/2026 04:46",https://www.instagram.com/p/DZccVE_oR94/,"IG image",,Global,440,234,31,1,0,0,0,,,,,
18183985630388238,17841444647623511,abiscream,"Ⓐ Ⓑ Ⓘ 'Ⓢ   Ⓒ Ⓡ Ⓔ Ⓐ Ⓜ","Chez Abi’s Cream, les idées les plus folles ont leur place 😃✨

Dis-nous la saveur de tes rêves et le nom que tu lui donnerais 😋

Mangue-piment ? 
Chocolat-menthe ? 
Vanille-caramel salé ? 👀

📲https://wa.me/22870475414
📍Avenou ( café informatique )
📍Cité Milenium, Blvd AKEI ( Caisse )
📍Atilamonou Apedokoé

#Abiscream  #glaceartisanale #bonplanalomé  #glaceLomé",0,"06/10/2026 09:39",https://www.instagram.com/p/DZaZCIko8nW/,"IG image",,Global,155,89,6,0,0,2,1,,,,,
17873546820511659,17841444647623511,abiscream,"Ⓐ Ⓑ Ⓘ 'Ⓢ   Ⓒ Ⓡ Ⓔ Ⓐ Ⓜ","Quand la gourmandise appelle, ABI’s Cream livre 😌
Tes desserts préférés arrivent jusqu’à toi, prêts à être savourés.

📲https://wa.me/22870475414
📍Avenou ( café informatique )
📍Cité Milenium, Blvd AKEI ( Caisse )
📍Atilamonou Apedokoè",0,"06/09/2026 05:47",https://www.instagram.com/p/DZXZmXjIJ_8/,"IG image",,Global,138,71,4,0,0,0,1,,,,,
18168480280428253,17841444647623511,abiscream,"Ⓐ Ⓑ Ⓘ 'Ⓢ   Ⓒ Ⓡ Ⓔ Ⓐ Ⓜ","Parce qu’on aime vous surprendre là où on ne
nous attend pas... 🥥

Retrouvez dorénavant votre eau de coco
fraîche eau coco en bouteille dans toutes nos
boutiques. 🌴🥥

📲https://wa.me/22870475414
📍Avenou ( café informatique )
📍Cité Milenium, Blvd AKEI ( Caisse )
📍Atilamonou Apedokoè

#Abiscream #glaceartisanale #bonplanalomé
#glaceLomé #eaudecoco",0,"06/06/2026 07:10",https://www.instagram.com/p/DZP0rjDIbc8/,"IG image",,Global,235,130,17,0,1,0,2,,,,,
18419128210131809,17841444647623511,abiscream,"Ⓐ Ⓑ Ⓘ 'Ⓢ   Ⓒ Ⓡ Ⓔ Ⓐ Ⓜ","Il fait chaud 🥵 
Et seules nos glaces, nos milk-shakes et nos desserts sauront vous rafraîchir ! 😙

Faites vous livrer sur le 
📲 +22870475414

#Abiscream #chaleur  #glaceartisanale #bonplanalomé  #glaceLomé",15,"06/05/2026 05:17",https://www.instagram.com/reel/DZNDFHRo3sS/,"Reel IG",,Global,316,237,12,0,0,0,1,,,,,
18085904084433277,17841444647623511,abiscream,"Ⓐ Ⓑ Ⓘ 'Ⓢ   Ⓒ Ⓡ Ⓔ Ⓐ Ⓜ","Fiers d’accompagner l’excellence ! 🤝✨

Abi’s Cream est honoré d’être partenaire officiel de L’After Work d’Edem d’Almeida, ce vendredi 5 juin à partir de 19h00 à l’Hôtel Onomo.

Au programme, des échanges de haut niveau, du networking de qualité, et bien sûr... la fraîcheur de nos glaces 100% naturelles pour adoucir la soirée. 

On se donne rendez-vous là-bas ? 😉

#Abiscream #partenaireofficiel #réseautage",0,"06/05/2026 05:14",https://www.instagram.com/p/DZNChaZopop/,"IG image",,Global,170,90,6,0,0,0,1,,,,,
18065478746436258,17841444647623511,abiscream,"Ⓐ Ⓑ Ⓘ 'Ⓢ   Ⓒ Ⓡ Ⓔ Ⓐ Ⓜ","Que ce mois vous apportent une tonne de bonheur, de sourires et de moments gourmands. 🍦😉

📲+22870475414
📍Avenou ( café informatique )
📍Cité Milenium, Blvd AKEI ( Caisse )
📍Atilamonou Apedokoè

#Abiscream #glaceartisanale #bonplanalomé
#glaceLomé",0,"06/04/2026 07:01",https://www.instagram.com/p/DZKqJEto-BO/,"IG image",,Global,161,85,7,0,0,0,1,,,,,
17874147558672241,17841444647623511,abiscream,"Ⓐ Ⓑ Ⓘ 'Ⓢ   Ⓒ Ⓡ Ⓔ Ⓐ Ⓜ","Pourquoi ne pas y goûter une dernière fois avant la fin de la saison des mangues ? 🤩🥭🌱

Sorbet mangue citronnelle disponible pour votre plus grand plaisir 

Rendez-vous chez Abi’s cream 
📍Avenou ( café informatique )
📍Cité Milenium, Blvd AKEI ( Caisse )
📍Atilamonou Apedokoè

#Abiscream  #glaceartisanale #bonplanalomé  #glaceLomé",15,"06/03/2026 08:47",https://www.instagram.com/reel/DZIRlj_oXCG/,"Reel IG",,Global,409,334,10,0,0,0,0,,,,,
18111217702923990,17841444647623511,abiscream,"Ⓐ Ⓑ Ⓘ 'Ⓢ   Ⓒ Ⓡ Ⓔ Ⓐ Ⓜ","Derrière chaque pot d’Abi’s Cream, il y a une histoire. On vous raconte celle de  Ma Louisa 🍨🥰

Consommer Ma Louisa, c’est faire honneur à une grand-maman, célébrer une maman et goûter à l’histoire d’une famille passionnée. C’est la saveur idéale pour dire « Je t’aime ».

📲 +22870475414

#Abiscream  #glaceartisanale #bonplanalomé  #glaceLomé",88,"05/31/2026 06:33",https://www.instagram.com/reel/DZATql6oVQl/,"Reel IG",,Global,1129,769,97,4,7,6,1,,,,,
17954897331150676,17841444647623511,abiscream,"Ⓐ Ⓑ Ⓘ 'Ⓢ   Ⓒ Ⓡ Ⓔ Ⓐ Ⓜ","Parce qu’une maman rend la vie infiniment plus douce... ✨ 
Joyeuse Fête des Mères à toutes ces femmes exceptionnelles qui parfument notre quotidien de bonheur et de sourires.

#Abiscream  #glaceartisanale # fête des mères vidéo #glaceLomé",0,"05/31/2026 05:04",https://www.instagram.com/p/DZAJsyloxaa/,"IG image",,Global,160,86,7,0,0,0,0,,,,,
18099030520882844,17841444647623511,abiscream,"Ⓐ Ⓑ Ⓘ 'Ⓢ   Ⓒ Ⓡ Ⓔ Ⓐ Ⓜ","Tague en commentaire l’amie qui dit toujours « je ne veux rien », mais qui veut toujours goûter à ce que tu commandes ! 🙄🥤😂

📲 22870475414
📍Avenou ( café informatique )
📍Cité Milenium, Blvd AKEI ( Caisse )
📍Atilamonou Apedokoè

#Abiscream  #glaceartisanale #bonplanalomé  #glaceLomé",12,"05/29/2026 05:56",https://www.instagram.com/reel/DY7GC7cIAg_/,"Reel IG",,Global,319,247,11,0,0,2,0,,,,,
18067667516385159,17841444647623511,abiscream,"Ⓐ Ⓑ Ⓘ 'Ⓢ   Ⓒ Ⓡ Ⓔ Ⓐ Ⓜ","À chaque maman togolaise sa saveur Abi’s
Cream ! 😜🥰

c’est l’occasion idéale de lui faire livrer le pot
qui te fait penser à elle ! 🌝

📲 22870475414
📍Avenou ( café informatique )
📍Cité Milenium, Blvd AKEI ( Caisse )
📍Atilamonou Apedokoè

#Abiscream #glaceartisanale #bonplanalomé
#glaceLomé",0,"05/28/2026 05:06",https://www.instagram.com/p/DY4bkzoCEBA/,"Carrousel IG",,Global,253,112,11,0,0,2,0,,,,,
17912615364204894,17841444647623511,abiscream,"Ⓐ Ⓑ Ⓘ 'Ⓢ   Ⓒ Ⓡ Ⓔ Ⓐ Ⓜ","🕌🕋Abi’s Cream vous souhaite une excellente fête de Tabaski pleine de paix, de bénédictions et de douceur artisanale. 

Après le repas, n’oubliez pas le dessert 😉🍦

#Abiscream #Milkshake  #glaceartisanale #bonplanalomé  #glaceLomé",0,"05/27/2026 03:06",https://www.instagram.com/p/DY1o8PyI84L/,"IG image",,Global,182,103,3,0,0,0,0,,,,,
18095961470331412,17841444647623511,abiscream,"Ⓐ Ⓑ Ⓘ 'Ⓢ   Ⓒ Ⓡ Ⓔ Ⓐ Ⓜ","🔥 Que l’Esprit de Pentecôte illumine vos cœurs et remplisse vos vies de paix, de joie et d’amour.

En ce jour de célébration, nous vous souhaitons une belle fête de Pentecôte entourée de lumière et de bénédictions 🙏

#Abiscream  #glaceartisanale #bonplanalomé  #glaceLomé",0,"05/23/2026 14:10",https://www.instagram.com/p/DYshXSbohhU/,"IG image",,Global,185,97,3,0,0,0,0,,,,,
17934412419084715,17841444647623511,abiscream,"Ⓐ Ⓑ Ⓘ 'Ⓢ   Ⓒ Ⓡ Ⓔ Ⓐ Ⓜ","C’est ton signe pour venir goûter à nos délicieux milkshakes. 🥭❤️

📲22870475414
📍Avenou ( café informatique )
📍Cité Milenium, Blvd AKEI ( Caisse )
📍Atilamonou Apedokoè

#Abiscream  #glaceartisanale #bonplanalomé  #glaceLomé",23,"05/21/2026 03:00",https://www.instagram.com/reel/DYmLh16MSTK/,"Reel IG",,Global,237,156,13,0,0,0,1,,,,,
18043028396576921,17841444647623511,abiscream,"Ⓐ Ⓑ Ⓘ 'Ⓢ   Ⓒ Ⓡ Ⓔ Ⓐ Ⓜ","Alors laquelle est ta favorite? 🤭🥰

📲https://wa.me/22870475414
📍Avenou ( café informatique )
📍Cité Milenium, Blvd AKEI ( Caisse )
📍Atilamonou Apedokoè

#Abiscream #Milkshake  #glaceartisanale #bonplanalomé  #glaceLomé",15,"05/20/2026 08:50",https://www.instagram.com/reel/DYkOuHboQYs/,"Reel IG",,Global,144,103,12,0,0,1,0,,,,,
17889265344370926,17841444647623511,abiscream,"Ⓐ Ⓑ Ⓘ 'Ⓢ   Ⓒ Ⓡ Ⓔ Ⓐ Ⓜ","On devrait recevoir le prix de la meilleure photo de milkshake prise à Lomé 
vous pensez pas ? 😌 

le goût n’en parlons pas, venez le decouvrir par vous même. 😋

📲+22870475414
📍Avenou ( café informatique )
📍Cité Milenium, Blvd AKEI ( Caisse )
📍Atilamonou Apedokoè

#Abiscream  #glaceartisanale #bonplanalomé  #glaceLomé",0,"05/19/2026 05:07",https://www.instagram.com/p/DYhQVAAoh6F/,"IG image",,Global,210,97,3,0,0,0,0,,,,,
18163599472442046,17841444647623511,abiscream,"Ⓐ Ⓑ Ⓘ 'Ⓢ   Ⓒ Ⓡ Ⓔ Ⓐ Ⓜ","Abi’s cream vous souhaite une bonne fête de l’ascension🎉

#abi’s cream #Ascension",0,"05/14/2026 02:48",https://www.instagram.com/p/DYUIestoRBk/,"IG image",,Global,234,155,10,1,0,0,1,,,,,
18587322190054349,17841444647623511,abiscream,"Ⓐ Ⓑ Ⓘ 'Ⓢ   Ⓒ Ⓡ Ⓔ Ⓐ Ⓜ","Ton milkshake mangue citronnelle t’appelle chez Abi’s cream.😉

Fait avec des mangues fraîches et une pincée de bonheur pour un goût exceptionnel à chaque gorgée 🤤🥭❤️

📲+22870475414
📍Avenou ( café informatique )
📍Cité CNSS, Blvd AKEI ( Caisse )
📍Atilamonou Apédokoè

#Abiscream #Milkshake  #glaceartisanale #bonplanalomé  #glaceLomé",0,"05/13/2026 05:43",https://www.instagram.com/p/DYR33lbCEaP/,"Carrousel IG",,Global,246,137,10,0,0,7,0,,,,,
18326643343271320,17841444647623511,abiscream,"Ⓐ Ⓑ Ⓘ 'Ⓢ   Ⓒ Ⓡ Ⓔ Ⓐ Ⓜ","Ici, on adore la glace ou on ne rentre pas ! 🍦

On vous ouvre les portes de notre nouveau joyau à Atilamonou apédokoè. Un cadre chic, une ambiance fraîche et surtout, le meilleur de la crème artisanale de Lomé. C’est le spot idéal pour vos rendez-vous complices ou juste pour s’évader du stress quotidien.🥰

📲+22870475414
📍Atilamonou Apedokoè

#Abiscream  #glaceartisanale #bonplanalomé  #glaceLomé",41,"05/12/2026 05:07",https://www.instagram.com/reel/DYPO0V5oS97/,"Reel IG",,Global,28476,15825,458,8,14,4,12,,,,,
17993326370956742,17841444647623511,abiscream,"Ⓐ Ⓑ Ⓘ 'Ⓢ   Ⓒ Ⓡ Ⓔ Ⓐ Ⓜ","MILKSHAKE mangue citronnelle 🥭🌿
Hautement recommandé de la part de notre clientèle 😏❤️

Vous voulez y goûter ? Rendez-vous dans nos boutiques 
 📲https://wa.me/22870475414
📍Avenou ( café informatique )
📍Cité CNSS, Blvd AKEI ( Caisse )
📍Atilamonou Apédokoè

#AbiSCream  #milkshakemangue #glaceartisanale  #glaceLomé #BonplanLomé",31,"05/09/2026 08:31",https://www.instagram.com/reel/DYH3x6dIreT/,"Reel IG",,Global,349,281,4,0,0,0,1,,,,,
18072004313304118,17841444647623511,abiscream,"Ⓐ Ⓑ Ⓘ 'Ⓢ   Ⓒ Ⓡ Ⓔ Ⓐ Ⓜ","Si la vie ne te félicite pas assez souvent, nous on le fait ! 🏆🍦

Nouveau job ? Examen réussi ? Semaine terminée ? Ou simplement envie de te faire plaisir ?

👉 Viens chercher ta récompense !

 📲+22870475414
📍Avenou ( café informatique )
📍Cité CNSS, Blvd AKEI ( Caisse )
📍Atilamonou Apedokoè

#AbiSCream  #chocolat  #glaceartisanale  #glaceLomé #BonplanLomé",0,"05/07/2026 07:55",https://www.instagram.com/p/DYCqEwRiFTl/,"IG image",,Global,274,184,16,2,0,2,0,,,,,
17888171919480333,17841444647623511,abiscream,"Ⓐ Ⓑ Ⓘ 'Ⓢ   Ⓒ Ⓡ Ⓔ Ⓐ Ⓜ","Crémeuse, généreuse, irrésistible. Chez Abi’s Cream, on assume pleinement notre gourmandise.
Viens la goûter. Tu ne t’excuseras pas non plus.🤩

📲+22870475414
📍Avenou ( café informatique )
📍Cité CNSS, Blvd AKEI ( Caisse )
📍Atilamonou Apédokoè

#Abiscream  #glaceartisanale #bonplanalomé  #glaceLomé",0,"05/06/2026 08:06",https://www.instagram.com/p/DYAGooBiDrE/,"IG image",,Global,284,187,10,2,0,0,1,,,,,
18097289246114468,17841444647623511,abiscream,"Ⓐ Ⓑ Ⓘ 'Ⓢ   Ⓒ Ⓡ Ⓔ Ⓐ Ⓜ","Petite annonce importante 🍦

Demain mardi 05 avril, nos boutiques Abi’s
Cream seront fermées. On prend une petite
pause pour revenir encore plus frais et plus
gourmands !

Rendez-vous mercredi 6 avril pour retrouver
vos glaces préférées. 🍨
À très vite !

#Abiscream #fermeturetemporaire
#glaceartisanale #bonplanalomé #glaceLo",0,"05/04/2026 08:49",https://www.instagram.com/p/DX7BuP8CLiJ/,"IG image",,Global,209,124,8,0,0,0,0,,,,,
18104992259480612,17841444647623511,abiscream,"Ⓐ Ⓑ Ⓘ 'Ⓢ   Ⓒ Ⓡ Ⓔ Ⓐ Ⓜ","Elle est là, elle est fraîche, elle est irrésistible😋premier arrivé, premier servi ! 🥭🍦 

📲 228 70475414
📍Avenou ( café informatique )
📍Cité CNSS, Blvd AKEI ( Caisse )
📍Atilamonou Apedokoè

#Abiscream  #glaceartisanale  #bonplanalomé  #glaceLomé #Sorbetmanguecitronnelle",0,"05/02/2026 06:19",https://www.instagram.com/p/DX1nI0rCK8Q/,"IG image",,Global,236,148,8,1,0,1,1,,,,,
18026870279813215,17841444647623511,abiscream,"Ⓐ Ⓑ Ⓘ 'Ⓢ   Ⓒ Ⓡ Ⓔ Ⓐ Ⓜ","Derrière chaque boule de glace, il y a des mains passionnées et un savoir-faire artisanal. ✨ 

Bonne fête du Travail à tous les travailleurs, et surtout à nos glaciers qui transforment chaque ingrédient en un instant de pur bonheur ! 🍦

#Abiscream  #01mai #glaceartisanale #bonplanalomé  #glaceLomé",0,"05/01/2026 01:30",https://www.instagram.com/p/DXyhX5PEjZG/,"IG image",,Global,117,79,4,0,0,0,0,,,,,
18112606861829277,17841444647623511,abiscream,"Ⓐ Ⓑ Ⓘ 'Ⓢ   Ⓒ Ⓡ Ⓔ Ⓐ Ⓜ","Dites-nous que vous n’avez pas oublié que nous sommes en promo ! 😱😏🚨

les 2 boules de votre saveur préférée sont à 2000 F au lieu de 2200 F dans toutes nos boutiques ! C’est le moment ou jamais de se faire plaisir. 🥳

📲https://wa.me/22870475414
📍Avenou ( café informatique )
📍Cité CNSS, Blvd AKEI ( Caisse )
📍Atilamonou Apedokoè

#Abiscream  #glaceartisanale #promo #bonplanalomé  #glaceLomé",0,"04/30/2026 09:40",https://www.instagram.com/p/DXw0e9tiJDF/,"IG image",,Global,191,102,2,0,0,0,0,,,,,
18374249491167682,17841444647623511,abiscream,"Ⓐ Ⓑ Ⓘ 'Ⓢ   Ⓒ Ⓡ Ⓔ Ⓐ Ⓜ","Qui dit Mangue... 🥭, dit ? 🌝
C’est la nouveauté saisonnière qui va faire frissonner vos papilles. 

le sorbet mangue citronnelle est de retourrrrrr🤩

📲https://wa.me/22870475414
📍Avenou ( café informatique )
📍Cité CNSS, Blvd AKEI ( Caisse )
📍Atilamonou Apedokoè

#Abiscream  #glaceartisanale  #bonplanalomé  #glaceLomé #sorbetmanguecitronnelle",0,"04/29/2026 07:41",https://www.instagram.com/p/DXuCNDhiLLA/,"Carrousel IG",,Global,464,242,22,2,0,0,0,,,,,
18363095611231342,17841444647623511,abiscream,"Ⓐ Ⓑ Ⓘ 'Ⓢ   Ⓒ Ⓡ Ⓔ Ⓐ Ⓜ","Libre de choisir sa saveur, libre de succomber
à la tentation. ✨

Bonne fête de l’Indépendance à tous les
gourmands du 228 ! 

Aujourd’hui, on célèbre
notre fierté nationale avec une touche de
douceur artisanale. 🍦🇹🇬

#Abiscream #glaceartisanale #27avril",0,"04/27/2026 06:49",https://www.instagram.com/p/DXoyqktCDaW/,"IG image",,Global,229,149,8,1,0,0,0,,,,,
18114321781706613,17841444647623511,abiscream,"Ⓐ Ⓑ Ⓘ 'Ⓢ   Ⓒ Ⓡ Ⓔ Ⓐ Ⓜ","C’est le seul tête à tête qu’il vous faut
actuellement. 😏
on a raison ou pas ?

📲+22870475414
📍Avenou ( café informatique )
📍Cité CNSS, Blvd AKEI ( Caisse )
📍Adidogomé Apedokoè

#Abiscream #glaceartisanale #bonplanalomé
#glaceLomé",0,"04/24/2026 05:35",https://www.instagram.com/p/DXg75RpCAyP/,"Carrousel IG",,Global,265,136,8,0,0,0,0,,,,,
17915440248164325,17841444647623511,abiscream,"Ⓐ Ⓑ Ⓘ 'Ⓢ   Ⓒ Ⓡ Ⓔ Ⓐ Ⓜ","NOUS SOMMES EN PROMO ! 🚨 🥳

Jusqu’au 1er mai, profitez de 2 boules de glaces à seulement 2000 F au lieu de 2200 F.

C’est le moment ou jamais de venir vous faire
plaisir dans toutes nos boutiques.✨

📲https://wa.me/22870475414
📍Avenou ( café informatique )
📍Cité CNSS, Blvd AKEI ( Caisse )
📍Atilamonou Apedokoè

#Abiscream #glaceartisanale #bonplanalomé
#glaceLomé #promo",0,"04/23/2026 07:36",https://www.instagram.com/p/DXekMn5iE32/,"IG image",,Global,323,157,10,1,0,0,0,,,,,
18075610364215085,17841444647623511,abiscream,"Ⓐ Ⓑ Ⓘ 'Ⓢ   Ⓒ Ⓡ Ⓔ Ⓐ Ⓜ","Des sourires, de la fraîcheur et beaucoup de partage.❤️

Revivez les meilleurs moments de notre ouverture à Adidogomé ! ✨ 

Si vous n’y êtes pas encore passés, votre cuillère vous attend déjà. 😊 

📍Adidogomé Apedokoè 

#Abiscream  #glaceartisanale #bonplanalomé  #glaceLomé",74,"04/22/2026 10:12",https://www.instagram.com/reel/DXcRb8ukg06/,"Reel IG",,Global,760,555,64,1,4,4,3,,,,,
18095321543174915,17841444647623511,abiscream,"Ⓐ Ⓑ Ⓘ 'Ⓢ   Ⓒ Ⓡ Ⓔ Ⓐ Ⓜ","📺 Vous souhaitez en découvrir plus sur Abi’s Cream ? 🤭

Ne manquez pas le reportage réalisé par la TVT dans l’émission Journal de l’Économie.☺️

👉 Diffusion ce soir à 21h30.

#AbisCream #TVT #JournalDeLEconomie #MadeInTogo",0,"04/21/2026 12:27",https://www.instagram.com/p/DXZ8fg9CLSP/,"IG image",,Global,297,164,17,1,0,0,0,,,,,
18090116462000291,17841444647623511,abiscream,"Ⓐ Ⓑ Ⓘ 'Ⓢ   Ⓒ Ⓡ Ⓔ Ⓐ Ⓜ","Rien de tel qu’un bon composé glacé bien frais en ce moment 🍦 . 
À savourer en boutique ou à emporter ! 

📲+22870475414

📍Avenou ( café informatique ) 
📍Cité CNSS, Blvd AKEI ( Caisse ) 
📍Adidogomé Apedokoè 

#AbiSCream  #Milkshake #glaceartisanale  #glaceLomé #BonplanLomé",0,"04/18/2026 11:45",https://www.instagram.com/p/DXSJaAVCKRh/,"Carrousel IG",,Global,315,147,10,1,0,0,0,,,,,
18138382774518554,17841444647623511,abiscream,"Ⓐ Ⓑ Ⓘ 'Ⓢ   Ⓒ Ⓡ Ⓔ Ⓐ Ⓜ","Dites-nous comment vous mangez votre glace, on vous dira qui vous êtes ! 😎

📲https://wa.me/22870475414

📍Avenou ( café informatique ) 
📍Cité CNSS, Blvd AKEI ( Caisse ) 
📍Adidogomé Apedokoè 

#Abiscream  #glaceartisanale #bonplanalomé",0,"04/17/2026 06:18",https://www.instagram.com/p/DXO_F3hCO_E/,"IG image",,Global,316,167,9,0,0,5,0,,,,,
18082870499385278,17841444647623511,abiscream,"Ⓐ Ⓑ Ⓘ 'Ⓢ   Ⓒ Ⓡ Ⓔ Ⓐ Ⓜ","🎶 La musique qui élève l’âme et la douceur qui réchauffe le cœur se rencontrent pour célébrer un même bonheur.☺️

Nous sommes fiers d’annoncer qu’Abi’s Cream est partenaire officiel du Afro Gospel Jazz Concert & Expo de Adjo’a Sika, organisé par Akofafa Production.

📅 Rendez-vous le 02 mai 2026 à l’Agora Senghor dès 18h00 pour une soirée exceptionnelle placée sous le thème « Dieu notre employeur ».

🎟️ Les tickets sont disponibles chez Abi’s Cream (20.000F et 10.000F).
👉 Pour vos réservations, contactez le 70 47 54 14 dès maintenant.

#Abiscream #partenaireofficiel",0,"04/15/2026 08:55",https://www.instagram.com/p/DXKHVGeCFvf/,"IG image",,Global,248,163,10,1,0,0,0,,,,,
18354213574236650,17841444647623511,abiscream,"Ⓐ Ⓑ Ⓘ 'Ⓢ   Ⓒ Ⓡ Ⓔ Ⓐ Ⓜ","Capturer l’instant où le monde s’arrête
de tourner pour une bouchée de
douceur. 😍

Rejoignez-nous, nous sommes ouverts
📲+22870475414
📍Avenou ( café informatique )
📍Cité CNSS, Blvd AKEI ( Caisse )
📍Adidogomé Apedokoè

#Abiscream #glaceartisanale
#bonplanalomé #glaceLomé",0,"04/14/2026 06:00",https://www.instagram.com/p/DXHOyzEiJRs/,"Carrousel IG",,Global,294,144,9,0,0,0,0,,,,,
18091592521915986,17841444647623511,abiscream,"Ⓐ Ⓑ Ⓘ 'Ⓢ   Ⓒ Ⓡ Ⓔ Ⓐ Ⓜ","On ne va pas se mentir, le lundi matin a une dent contre nous. 😅
Mais on a trouvé le bouclier parfait, une boule de bonheur artisanal pour transformer « l’heure du bureau » en « l’heure du plaisir ». Qui a besoin d’un boost ? 🍦

📲+22870475414
📍Avenou ( café informatique ) 
📍Cité CNSS, Blvd AKEI ( Caisse ) 
📍Adidogomé Apedokoè 

#Abiscream  #glaceartisanale #bonplanalomé  #glaceLomé",0,"04/13/2026 05:30",https://www.instagram.com/p/DXEmcO9iDq3/,"IG image",,Global,269,164,15,0,0,0,0,,,,,
18080372246626181,17841444647623511,abiscream,"Ⓐ Ⓑ Ⓘ 'Ⓢ   Ⓒ Ⓡ Ⓔ Ⓐ Ⓜ","1 semaine jour pour jour que nous inaugurons Abi’s cream Adidogomé Apedokoè 

Un immense merci à toutes celles et ceux qui étaient présents lors de cet événement 🎉. Votre énergie, vos sourires et votre soutien ont rendu ce moment inoubliable.

Abi’s Cream Adidogomé, c’est lancé !
Nous sommes plus que prêts à vous accueillir, à partager avec vous nos douceurs et à écrire ensemble cette nouvelle aventure gourmande ❤️🍦.

#Abiscream  #glaceartisanale #bonplanalomé  #glaceLomé",0,"04/11/2026 06:52",https://www.instagram.com/p/DW_mU6DiGgo/,"Carrousel IG",,Global,284,132,11,0,0,0,1,,,,,
18075073655449599,17841444647623511,abiscream,"Ⓐ Ⓑ Ⓘ 'Ⓢ   Ⓒ Ⓡ Ⓔ Ⓐ Ⓜ","Ce bol aurait pu etre le tien, mais tu n’aimes pas sortir de chez toi 😝 
 
Tu connais une ami(e) casanière/ casanier tague le/ la et invite la à déguster ce chef d’oeuvre avec toi. 

📲https://wa.me/22870475414
📍Cité CNSS, Blvd AKEI, Lomé - TOGO
📍 Apedokoè 

#Abiscream  #glaceartisanale #bonplanalomé  #glaceLomé menthechocolat",10,"04/09/2026 09:07",https://www.instagram.com/p/DW6sLZhgCww/,"Reel IG",,Global,,94,4,0,0,0,0,,,,,
17893865781440312,17841444647623511,abiscream,"Ⓐ Ⓑ Ⓘ 'Ⓢ   Ⓒ Ⓡ Ⓔ Ⓐ Ⓜ","Nous ouvrons grand nos portes le 6 avril 🎉🍦 ! 

Venez découvrir notre nouvelle boutique Abi’s cream , située à Adidogomé Atilamonou, non loin du CMS La Santé. 

Nous serons ravis de vous accueillir dans ce nouveau cadre pensé pour vous. Et tout cela, c’est grâce à vous ❤️, merci de nous soutenir et de nous porter toujours plus haut.

#Abiscream #nouvelleboutique  #opening #bonplanalomé glaceLomé newspot",0,"04/05/2026 04:29",https://www.instagram.com/p/DWv39wQCJ3b/,"IG image",,Global,794,418,36,3,1,2,0,,,,,
17876908365559158,17841444647623511,abiscream,"Ⓐ Ⓑ Ⓘ 'Ⓢ   Ⓒ Ⓡ Ⓔ Ⓐ Ⓜ","Joyeuses Pâques à tous nos gourmands ! ✨🐣

Que cette journée soit remplie de douceur, de partage et, bien sûr, de beaucoup de glace.🍦🎉

#Abiscream #Pâques",0,"04/04/2026 15:22",https://www.instagram.com/p/DWufL07CLFT/,"IG image",,Global,137,75,3,0,0,0,0,,,,,
17905422489393856,17841444647623511,abiscream,"Ⓐ Ⓑ Ⓘ 'Ⓢ   Ⓒ Ⓡ Ⓔ Ⓐ Ⓜ","Compose ta coupe 😎
On te met tous les mix pas possibles.

C’est par ici 
📲+22870475414
📍Cité CNSS, Blvd AKEI, Lomé - TOGO

#Abiscream #fraise  #glaceartisanale #bonplanalomé #glaceLomé",25,"04/03/2026 08:06",https://www.instagram.com/reel/DWrITpICCKF/,"Reel IG",,Global,342,264,14,0,0,0,0,,,,,
17890727592327197,17841444647623511,abiscream,"Ⓐ Ⓑ Ⓘ 'Ⓢ   Ⓒ Ⓡ Ⓔ Ⓐ Ⓜ","On adore voir nos clients se regaler 🤤

📲 +22870475414
📍Cité CNSS, Blvd AKEI, Lomé - TOGO

#Abiscream  #glaceartisanale #momentfun  #clients #glaceLomé",17,"04/02/2026 07:50",https://www.instagram.com/reel/DWohvFrCKag/,"Reel IG",,Global,281,216,13,0,0,0,0,,,,,
18093805619032865,17841444647623511,abiscream,"Ⓐ Ⓑ Ⓘ 'Ⓢ   Ⓒ Ⓡ Ⓔ Ⓐ Ⓜ","Et si c’et vous comment allez-vous réagir ? 😂
mais promis,  nous ne vous ferions pas le meme coup! 

#AbiSCream #glaceartisanale #momentfun #bonplanalomé #glaceLomé",21,"03/30/2026 04:29",https://www.instagram.com/reel/DWgcQKfiBl9/,"Reel IG",,Global,353,283,14,0,0,0,0,,,,,
18101805797501294,17841444647623511,abiscream,"Ⓐ Ⓑ Ⓘ 'Ⓢ   Ⓒ Ⓡ Ⓔ Ⓐ Ⓜ","Goûtez Ma louisa et vous reviendrez encore. 😋

#AbiSCream #glaceartisanale #momentfun #Gourmandise #glaceLomé",0,"03/27/2026 05:59",https://www.instagram.com/p/DWY4R7CCCaI/,"IG image",,Global,188,101,6,0,0,0,0,,,,,
18096195098095871,17841444647623511,abiscream,"Ⓐ Ⓑ Ⓘ 'Ⓢ   Ⓒ Ⓡ Ⓔ Ⓐ Ⓜ","Tague un/une ami (e) qui a l’habitude de te faire ce genre de coup. 😂

#AbiSCream #glaceartisanale #momentfun
#bonplanalomé #glaceLomé",16,"03/26/2026 06:30",https://www.instagram.com/reel/DWWW8IxiFoC/,"Reel IG",,Global,1975,1531,93,0,1,1,0,,,,,
18097701905291901,17841444647623511,abiscream,"Ⓐ Ⓑ Ⓘ 'Ⓢ   Ⓒ Ⓡ Ⓔ Ⓐ Ⓜ","Plus de bonheur, plus de saveur 🍦✨
Restez connectés, on a une surprise pour vous
😉

#AbiSCream #glaceartisanale #nouveaucoun
#bonplanalomé #glacelomé",0,"03/25/2026 06:02",https://www.instagram.com/p/DWTu7wHCME8/,"IG image",,Global,381,205,27,0,0,7,0,,,,,
18368424448164907,17841444647623511,abiscream,"Ⓐ Ⓑ Ⓘ 'Ⓢ   Ⓒ Ⓡ Ⓔ Ⓐ Ⓜ","À nous le goût, à vous la vue, mais ça peut changer 😋🍦 

Venez déguster par vous-mêmes et vivez le plaisir Abi’s Cream ! 

📲https://wa.me/22870475414
📍Cité CNSS, Blvd AKEI, Lomé - TOGO

#AbiSCream #Glace #BonPlan #glacesartisanale",17,"03/24/2026 04:40",https://www.instagram.com/reel/DWRA3r1stP9/,"Reel IG",,Global,145,114,4,0,0,0,0,,,,,
18059570348416980,17841444647623511,abiscream,"Ⓐ Ⓑ Ⓘ 'Ⓢ   Ⓒ Ⓡ Ⓔ Ⓐ Ⓜ","Notre patronne nous a lancé un défi 
celui qui gagne repart avec un pot de glace 🍦🎉.

Avouez… vous aussi vous voulez jouer pour un pot glacé 🤭

📲+22870475414
📍Cité CNSS, Blvd AKEI, Lomé - TOGO

#AbiSCream #Glace #BonPlan #glacesartisanale",28,"03/23/2026 06:20",https://www.instagram.com/reel/DWOna59iEgj/,"Reel IG",,Global,4002,3697,76,0,0,0,2,,,,,
17899726647406882,17841444647623511,abiscream,"Ⓐ Ⓑ Ⓘ 'Ⓢ   Ⓒ Ⓡ Ⓔ Ⓐ Ⓜ","Devinez le bon son, si tu as une bonne
écoute 👂😏 !

#Abiscream #jeu #glacesartisanale",15,"03/21/2026 06:07",https://www.instagram.com/reel/DWJcUrWiAgb/,"Reel IG",,Global,2052,1734,30,0,1,6,0,,,,,
17946135618157741,17841444647623511,abiscream,"Ⓐ Ⓑ Ⓘ 'Ⓢ   Ⓒ Ⓡ Ⓔ Ⓐ Ⓜ","Sous la lune du Ramadan, que vos soirées soient aussi douces qu’une glace Abi’s Cream 🌙🍦. 

Bonne fête à toutes et à tous ! 

#Abiscream #Ramadan #Glaceartisanale",0,"03/19/2026 14:14",https://www.instagram.com/p/DWFKmrRjMrZ/,"IG image",,Global,105,91,5,0,0,0,0,,,,,
18083786804248885,17841444647623511,abiscream,"Ⓐ Ⓑ Ⓘ 'Ⓢ   Ⓒ Ⓡ Ⓔ Ⓐ Ⓜ","La douleur de ça 🤣
Qui a déjà vécu cette situation ?! 

Heureusement, tu peux commander ta glace et la savourer tranquille sans cuillère surprise 🍦

Faites-vous livrer dès maintenant ! 
📲 22870475414

#AbiSCream #glaceartisanale #momentfun #bonplanalomé #glaceLomé",12,"03/18/2026 11:06",https://www.instagram.com/reel/DWCQM1niEKY/,"Reel IG",,Global,1143,912,42,1,0,0,0,,,,,
18085552952193155,17841444647623511,abiscream,"Ⓐ Ⓑ Ⓘ 'Ⓢ   Ⓒ Ⓡ Ⓔ Ⓐ Ⓜ","Le Milkshake Ma Louisa a une saveur, on
pourrait te la décrire… mais ce serait te gâcher
la surprise. 😏 

À toi de venir découvrir. 🥤

📲https://wa.me/22870475414
📍Cité CNSS, Blvd AKEI, Lomé - TOGO

#AbiSCream #malouisa #Glace #BonPlan
#glacesartisanale",0,"03/18/2026 07:16",https://www.instagram.com/p/DWB2B1biA_s/,"Carrousel IG",,Global,231,137,17,0,0,0,0,,,,,
18413111212192279,17841444647623511,abiscream,"Ⓐ Ⓑ Ⓘ 'Ⓢ   Ⓒ Ⓡ Ⓔ Ⓐ Ⓜ","🌿 Produits naturels, sans conservateurs »Zéro
chimie. 100% plaisir. 😌

📲70475414
📍Cité CNSS, Blvd AKEI, Lomé - TOGO

#AbiSCream #Glace #BonPlan
#glacesartisanale",18,"03/17/2026 11:08",https://www.instagram.com/reel/DV_rvX4iNOH/,"Reel IG",,Global,386,316,19,1,0,1,0,,,,,
18363399028201344,17841444647623511,abiscream,"Ⓐ Ⓑ Ⓘ 'Ⓢ   Ⓒ Ⓡ Ⓔ Ⓐ Ⓜ","Avec la coopérative SCOOPS FOODIES 228, nous avons eu l’honneur de présenter nos produits au Ministère du Commerce lors de la célébration du 8 mars passé.

Nous adressons un grand merci aux organisateurs pour cette belle initiative qui a mis en lumière les femmes entrepreneures.

Et chez Abi’s Cream, notre combat est de continuer à faire briller le savoir-faire local avec des glaces artisanales 100 % Togo 🍦🇹🇬.

#Abiscream #08mars #glaceartisanale #madeintogo",0,"03/15/2026 07:56",https://www.instagram.com/p/DV6MJT4CKll/,"Carrousel IG",,Global,430,186,19,0,0,1,0,,,,,
18008684111847640,17841444647623511,abiscream,"Ⓐ Ⓑ Ⓘ 'Ⓢ   Ⓒ Ⓡ Ⓔ Ⓐ Ⓜ","Une envie soudaine ? Ne te bats pas contre elle. 😌

Nos desserts glacés artisanaux sont là pour transformer ton moment en pur bonheur. 🍨✨

📲+228 70 47 54 14
📍Cité CNSS, Blvd AKEI, Lomé - TOGO

#Abiscream  # #BonPlan #glacesartisanale",0,"03/13/2026 06:56",https://www.instagram.com/p/DV07v-eCAD0/,"IG image",,Global,166,104,3,0,0,0,0,,,,,
17923574634093450,17841444647623511,abiscream,"Ⓐ Ⓑ Ⓘ 'Ⓢ   Ⓒ Ⓡ Ⓔ Ⓐ Ⓜ","Parce que chaque anniversaire est unique, on apporte les saveurs qui font le bonheur !🎈✨

 Contacte-nous pour ton devis !
📲https://wa.me/22870475414

#AbiSCream #anniversaire #standmobile",0,"03/11/2026 06:11",https://www.instagram.com/p/DVvs9vZiDIP/,"IG image",,Global,152,90,5,0,0,0,1,,,,,
18095906185824097,17841444647623511,abiscream,"Ⓐ Ⓑ Ⓘ 'Ⓢ   Ⓒ Ⓡ Ⓔ Ⓐ Ⓜ","Les droits des femmes, c’est pas négociable.
La glace non plus. ✨☺

Bonne journée internationale des droits de
la femme !

#AbiSCream #08mars
#femme",0,"03/08/2026 05:03",https://www.instagram.com/p/DVn2wsxCIgp/,"IG image",,Global,169,108,7,0,0,0,0,,,,,
18077794796381364,17841444647623511,abiscream,"Ⓐ Ⓑ Ⓘ 'Ⓢ   Ⓒ Ⓡ Ⓔ Ⓐ Ⓜ","Quand la chaleur monte, 🥵on sait exactement quoi te servir chez Abi’s Cream 🍦

Dis-nous ton degré de chaleur du jour (49°, 60°, 76° ou 87°) et on te donne la glace parfaite pour te rafraîchir 😍

📲https://wa.me/22870475414
📍Cité CNSS, Blvd AKEI, Lomé - TOGO

#AbiSCream #rafraichissement  #Gourmandise",0,"03/04/2026 10:32",https://www.instagram.com/p/DVeQBhCiFzz/,"IG image",,Global,286,181,10,2,0,0,0,,,,,
18128246389544510,17841444647623511,abiscream,"Ⓐ Ⓑ Ⓘ 'Ⓢ   Ⓒ Ⓡ Ⓔ Ⓐ Ⓜ","Si tu aimes la noix de coco…
tu vas adorer ceci, sans conservateurs ni
arômes chimiques. 🥥🍦

📲 +22870475414
📍Cité CNSS, Blvd AKEI, Lomé - TOGO

#AbiSCream #glacecoco
#BonPlan #glacesartisanale #Noixdeco",0,"03/03/2026 06:36",https://www.instagram.com/p/DVbQPGziAX8/,"IG image",,Global,200,126,8,0,0,0,0,,,,,
18055816052677684,17841444647623511,abiscream,"Ⓐ Ⓑ Ⓘ 'Ⓢ   Ⓒ Ⓡ Ⓔ Ⓐ Ⓜ","Avouez-le, vous n’auriez même pas essayé de résister ! 😂

Rendez-vous à la 📍Cité CNSS, Blvd AKEI, Lomé - TOGO

#AbiSCream #saintvalentin #Glace #BonPlan #glacesartisanale",0,"02/28/2026 07:39",https://www.instagram.com/p/DVToprgCMsh/,"IG image",,Global,155,94,3,0,0,0,0,,,,,
17957941239002894,17841444647623511,abiscream,"Ⓐ Ⓑ Ⓘ 'Ⓢ   Ⓒ Ⓡ Ⓔ Ⓐ Ⓜ","Le trio parfait pour faire battre votre cœur ! ✨🥞🧇🍦❤️

#Abiscream #dessert #glace #lomé",16,"02/27/2026 12:22",https://www.instagram.com/reel/DVRkc98iL6S/,"Reel IG",,Global,280,206,8,0,0,0,0,,,,,
17929229100206749,17841444647623511,abiscream,"Ⓐ Ⓑ Ⓘ 'Ⓢ   Ⓒ Ⓡ Ⓔ Ⓐ Ⓜ","Faites le plein d’énergie naturelle avec nos
douceurs pour rompre le jeûne sainement.
Chaque bouchée savoureuse soutient
aussi les enfants démunis : 1 achat = 1 don.
Alliez vitalité et partage !

📲https://wa.me/22870475414
📍Cité CNSS, Blvd AKEI, Lomé - TOGO

#AbiSCream #jeûne
#carême #BonPlan glacesartisanale",0,"02/26/2026 06:31",https://www.instagram.com/p/DVOXwV2CAQI/,"IG image",,Global,166,94,4,0,0,0,0,,,,,
17937181515168908,17841444647623511,abiscream,"Ⓐ Ⓑ Ⓘ 'Ⓢ   Ⓒ Ⓡ Ⓔ Ⓐ Ⓜ","S’il y a bien une phrase qu’on entend 1000 fois par jour chez nous, c’est celle-là : ‘Glace lé djrom !’ 🤤✨

Pourquoi attendre demain ce que vos papilles
réclament à cor et à cri aujourd’hui ? 🍦

📲+22870475414
📍Cité CNSS, Blvd AKEI, Lomé - TOGO

#AbiSCream #Gourmandise #IceCreamLovers
#BonPlan #glacesartisanale",0,"02/25/2026 06:05",https://www.instagram.com/p/DVLv8HtCDN8/,"IG image",,Global,137,78,6,0,0,0,0,,,,,
18091990775314835,17841444647623511,abiscream,"Ⓐ Ⓑ Ⓘ 'Ⓢ   Ⓒ Ⓡ Ⓔ Ⓐ Ⓜ","Ne contredisez pas les nuages, ils savent
exactement ce qu’il vous faut pour être
heureux aujourd’hui.

Rendez-vous chez Abi’s Cream pour
transformer ce signe en pur plaisir ! 😍✨
📍Cité CNSS, Blvd AKEI, Lomé - TOGO

#AbiSCream #Glace #BonPlan
#glacesartisanales",14,"02/19/2026 07:15",https://www.instagram.com/reel/DU8bIwqiAgV/,"Reel IG",,Global,633,402,31,2,0,0,0,,,,,
18345695470236584,17841444647623511,abiscream,"Ⓐ Ⓑ Ⓘ 'Ⓢ   Ⓒ Ⓡ Ⓔ Ⓐ Ⓜ","Le premier grand amour de votre vie, c’est
VOUS-MÊME. Et s’aimer, c’est aussi savoir
s’écouter et se faire plaisir.

N’oubliez pas : 1 dessert acheté chez nous, c’est un soutien direct pour les enfants nés avec le VIH. ❤️

📲https://wa.me/22870475414
📍Cité CNSS, Blvd AKEI, Lomé - TOGO

#AbiSCream #saintvalentin #coffrets #BonPlan #glacesartisanale",0,"02/18/2026 09:35",https://www.instagram.com/p/DU6GE_giJQF/,"IG image",,Global,122,71,2,0,0,0,0,,,,,
17863538892511234,17841444647623511,abiscream,"Ⓐ Ⓑ Ⓘ 'Ⓢ   Ⓒ Ⓡ Ⓔ Ⓐ Ⓜ","Qui a dit qu’il fallait attendre quelqu’un pour se
faire plaisir ? Aimez-vous vous-même plus que
tout et offrez-vous ce dessert que vous lorgnez
depuis une semaine.

📲+22870475414
📍Cité CNSS, Blvd AKEI, Lomé - TOGO

#AbiSCream #Gourmandise #IceCreamLovers
#BonPlan #glacesartisanales",0,"02/17/2026 06:23",https://www.instagram.com/p/DU3LvUiiGLA/,"IG image",,Global,133,82,6,0,0,0,0,,,,,
18053984819443602,17841444647623511,abiscream,"Ⓐ Ⓑ Ⓘ 'Ⓢ   Ⓒ Ⓡ Ⓔ Ⓐ Ⓜ","Chez Abi’s Cream, l’amour se savoure et se partage. Avec notre Dessert Saint-Valentin à 6.500F gaufre, glace fraise, fraises fraîches et chantilly chaque plaisir devient un geste solidaire.🫠❤️

💝 1 dessert acheté = 1 don pour les enfants vivant avec le VIH.

📲https://wa.me/22870475414
📍Cité CNSS, Blvd AKEI, Lomé - TOGO

#AbiSCream #saintvalentin #dessertsaintvalentin
#glacesartisanales",0,"02/13/2026 10:34",https://www.instagram.com/p/DUtVMngiDnY/,"IG image",,Global,1351,3289,21,2,0,0,0,,,,,
18109465813676108,17841447275263474,wakabileguide,"Wakabi Le Guide | Découverte | Bons plans | Divertissement","Aujourd’hui, on est allé se glacer la gorge😂 à @abiscream , et les saveurs nous ont vraiment surpris. On va où prochainement ? Dites-nous en commentaire.👇
#Wakabionvaoula? #togotiktok228🇹🇬 #tiktok228🇹🇬",138,"02/12/2026 05:01",https://www.instagram.com/reel/DUqJ2YyjU9z/,"Reel IG",,Global,927,681,44,5,1,4,0,,,,,
17915533005290935,17841444647623511,abiscream,"Ⓐ Ⓑ Ⓘ 'Ⓢ   Ⓒ Ⓡ Ⓔ Ⓐ Ⓜ","Dites-le avec une glace, prouvez-le avec un don ! 🍦🎁 

Profitez de nos coffrets pour une Saint-Valentin inoubliable.

N’oubliez pas : 1 dessert acheté chez nous, c’est un soutien direct pour les enfants nés avec le VIH.

#AbiSCream #saintvalentin #coffrets #BonPlan #glacesartisanale",0,"02/12/2026 03:58",https://www.instagram.com/p/DUqDGqaiHtI/,"IG image",,Global,199,120,3,1,0,0,0,,,,,
17934232290181280,17841444647623511,abiscream,"Ⓐ Ⓑ Ⓘ 'Ⓢ   Ⓒ Ⓡ Ⓔ Ⓐ Ⓜ","Dégustez la Saint-Valentin et partagez l’amour avec nos paniers exclusifs ❤️

Chaque dessert acheté est un don pour les enfants nés avec le VIH. 

En vous faisant plaisir, vous offrez de l’espoir et un soutien concret à ceux qui en ont le plus besoin au Togo.

📲+22870475414
📍Cité CNSS, Blvd AKEI, Lomé - TOGO

#AbiSCream #saintvalentin #panierssaintvalentin
#glacesartisanales",0,"02/11/2026 07:16",https://www.instagram.com/p/DUn1FXJCABE/,"Carrousel IG",,Global,7476,12484,21,0,3,0,1,,,,,
18344778253232624,17841444647623511,abiscream,"Ⓐ Ⓑ Ⓘ 'Ⓢ   Ⓒ Ⓡ Ⓔ Ⓐ Ⓜ","Pour cette Saint-Valentin, ne vous contentez
pas d’un cadeau éphémère. Offrez notre Panier
Spécial à 10 000 FCFA 

Une déclaration gourmande qui restera gravée dans les mémoires (et sur les papilles !). 😋🔥

Mais n’oubliez pas chaque panier acheté égale
2% de votre achat directement reversé pour
soutenir les enfants nés avec le VIH au Togo. 🤝

#AbiSCream #saintvalentin #paniersaintvalentin
#BonPlan #glacesartisanale",19,"02/10/2026 04:30",https://www.instagram.com/reel/DUk9DnwCIZX/,"Reel IG",,Global,5705,7250,62,2,1,0,2,,,,,
18093753379953026,17841444647623511,abiscream,"Ⓐ Ⓑ Ⓘ 'Ⓢ   Ⓒ Ⓡ Ⓔ Ⓐ Ⓜ","Tague ton Valentin/Valentine en
commentaire, si la personne ne répond pas en
5 min, elle te doit ce panier ! 😂🏃

📲+22870475414

📍Cité CNSS, Blvd AKEI, Lomé - TOGO
#AbiSCream #saintvalentin #paniers
#BonPlan #glacesartisanales",25,"02/07/2026 05:02",https://www.instagram.com/reel/DUdSGD0CMpG/,"Reel IG",,Global,517,367,29,1,0,0,0,,,,,
18090496895019821,17841444647623511,abiscream,"Ⓐ Ⓑ Ⓘ 'Ⓢ   Ⓒ Ⓡ Ⓔ Ⓐ Ⓜ","Qui a dit que la Saint-Valentin n’était que
pour les couples ? 🥰

1 dessert acheté chez nous, c’est un soutien
direct pour les enfants nés avec le VIH. 🫶🏽

🎁Venez célébrer l’amour sous toutes ses formes en commandant vos coffrets 2 coeurs 1 espoir.

#AbiSCream #saintvalentin #coffrets
#BonPlan #glacesartisanales",0,"02/05/2026 03:03",https://www.instagram.com/p/DUX7KjgCHqI/,"IG image",,Global,145,98,6,1,0,0,0,,,,,
18072498965139157,17841444647623511,abiscream,"Ⓐ Ⓑ Ⓘ 'Ⓢ   Ⓒ Ⓡ Ⓔ Ⓐ Ⓜ","Mais ce coffret n’est pas qu’un plaisir à partager. c’est aussi un geste d’espoir. Chaque achat contribue à soutenir les enfants vivant avec le VIH, parce que chez Abi’s Cream, la gourmandise a du cœur.❤️ 

📲+22870475414
📍Cité CNSS, Blvd AKEI, Lomé - TOGO

#AbiSCream #Gourmandise #coffret #glacesartisanale",12,"02/04/2026 10:20",https://www.instagram.com/reel/DUWIaN3CCIp/,"Reel IG",,Global,352,279,12,1,0,0,0,,,,,
18082774084977405,17841444647623511,abiscream,"Ⓐ Ⓑ Ⓘ 'Ⓢ   Ⓒ Ⓡ Ⓔ Ⓐ Ⓜ","Surprendre ton/ta Bae avec notre coffret
‘Deux cœurs, un espoir, tu offres un moment
gourmand à deux et un geste d’amour pour un
enfant.🤗

Parce que la Saint-Valentin, c’est aussi
partager l’espoir.❤️

📲+22870475414
📍Cité CNSS, Blvd AKEI, Lomé - TOGO

#AbiSCream #saintvalentin #coffrets
#BonPlan #glacesartisanale",0,"02/03/2026 04:29",https://www.instagram.com/p/DUS7ZkhiBgL/,"IG image",,Global,138,80,5,0,0,0,0,,,,,
18122475337560742,17841444647623511,abiscream,"Ⓐ Ⓑ Ⓘ 'Ⓢ   Ⓒ Ⓡ Ⓔ Ⓐ Ⓜ","On sonne à ta porte avec une glace, tu veux qu’on te livre laquelle ? 😏
Menthe chocolat 🍫🌿 ou vanille 🍦 ?

#AbiSCream #Gourmandise #IceCreamLovers #BonPlan #glacesartisanale",0,"01/29/2026 05:52",https://www.instagram.com/p/DUGM-uKCDUK/,"IG image",,Global,276,166,9,2,0,1,0,,,,,
18316861099177109,17841444647623511,abiscream,"Ⓐ Ⓑ Ⓘ 'Ⓢ   Ⓒ Ⓡ Ⓔ Ⓐ Ⓜ","Laissez un coucou en commentaire et passez récupérer votre carte de fidélité pour des réductions gourmandes à la boutique 😉

📌 Cité CNSS, Blvd AKEI, Lomé - TOGO 

#AbiSCream #Gourmandise #IceCreamLovers #BonPlan #glacesartisanale",0,"01/28/2026 10:07",https://www.instagram.com/p/DUEFZKeCGtb/,"IG image",,Global,216,111,8,1,0,4,1,,,,,
18555316240030843,17841444647623511,abiscream,"Ⓐ Ⓑ Ⓘ 'Ⓢ   Ⓒ Ⓡ Ⓔ Ⓐ Ⓜ","Alors qui a trouvé ? 👀 😁
Petit indice : elle est de couleur rouge ❤️

#AbiSCream #Gourmandise  #nouvellesaveur #glacesartisanale",0,"01/27/2026 07:06",https://www.instagram.com/p/DUBL9ztCGsH/,"IG image",,Global,280,128,10,0,0,8,0,,,,,
17842933938680063,17841444647623511,abiscream,"Ⓐ Ⓑ Ⓘ 'Ⓢ   Ⓒ Ⓡ Ⓔ Ⓐ Ⓜ","As-tu déjà goûté à ça ? 👀 
Chez Abi’s Cream, les saveurs locales prennent une nouvelle vie en version glace ❄️🍨 ! 

Et toi, si on te demandait,  quelle produit local aimerais-tu voir transformé en glace ? 

Balance ton idée en commentaire, on adore vos inspirations 😍✨ 

#AbiSCream #Gourmandise #IceCreamLovers #BonPlan #glacesartisanale",0,"01/24/2026 07:04",https://www.instagram.com/p/DT5dVGTCADr/,"Carrousel IG",,Global,207,110,13,0,0,0,0,,,,,
18081165824187887,17841444647623511,abiscream,"Ⓐ Ⓑ Ⓘ 'Ⓢ   Ⓒ Ⓡ Ⓔ Ⓐ Ⓜ","Janvier est presque terminé, mais on devrait vous partager ceci, nos résolutions pour 2026 ! ✨

 Plus de plaisir gourmand avec des recettes créatives, une qualité premium et un vrai engagement social. 🍦🤝

#AbiSCream #Gourmandise #résolution2026",0,"01/23/2026 04:00",https://www.instagram.com/p/DT2jkOtiLB_/,"Carrousel IG",,Global,242,116,11,1,0,0,1,,,,,
18088945088472830,17841444647623511,abiscream,"Ⓐ Ⓑ Ⓘ 'Ⓢ   Ⓒ Ⓡ Ⓔ Ⓐ Ⓜ","Qui rafolle des fraises par ici ? 🍓😋

Et si on vous preparait un petit truc avec dans les semaines à venir ?

 #AbiSCream #fraise #Gourmandise #BonPlan",0,"01/21/2026 06:19",https://www.instagram.com/p/DTxpxm1iPVV/,"Carrousel IG",,Global,177,92,7,0,0,0,0,,,,,
18034796906744619,17841444647623511,abiscream,"Ⓐ Ⓑ Ⓘ 'Ⓢ   Ⓒ Ⓡ Ⓔ Ⓐ Ⓜ","Ta carte d’employé de banque n’a jamais été
aussi cool… chez Abii’s Cream, elle vaut -10%
de pur kiff 😋✨

Présente la et profiteeee !

#AbiSCream #Gourmandise #carteemployé",18,"01/17/2026 10:15",https://www.instagram.com/reel/DTnxRTICGnQ/,"Reel IG",,Global,338,249,15,0,0,4,0,,,,,
18068504777168878,17841444647623511,abiscream,"Ⓐ Ⓑ Ⓘ 'Ⓢ   Ⓒ Ⓡ Ⓔ Ⓐ Ⓜ","Notre Afro bloom est un incontournable en
boutique 🤩

Tague quelqu’un avec qui tu rêverais de
partager ce délice.

📌 Cité CNSS, Blvd AKEI, Lomé - TOGO (Sur
place )

#AbiSCream #Gourmandise #IceCreamLovers
#BonPlan",0,"01/15/2026 05:56",https://www.instagram.com/p/DTiKdECCIAo/,"IG image",,Global,184,115,6,0,0,0,0,,,,,
18090700508077849,17841444647623511,abiscream,"Ⓐ Ⓑ Ⓘ 'Ⓢ   Ⓒ Ⓡ Ⓔ Ⓐ Ⓜ","Qui à deja vécu ce moment ? 😂

📌 Cité CNSS, Blvd AKEI, Lomé - TOGO (Sur
place et emporter)

#AbiSCream #Gourmandise #BonPlan
#glacesartisanale.",12,"01/14/2026 04:06",https://www.instagram.com/reel/DTfZAByCNJ_/,"Reel IG",,Global,858,540,35,0,0,0,1,,,,,
18054497480679335,17841444647623511,abiscream,"Ⓐ Ⓑ Ⓘ 'Ⓢ   Ⓒ Ⓡ Ⓔ Ⓐ Ⓜ","Doux, raffiné, exquis… Savanna, c’est le dessert qui mérite un grand OUI. 😋

📍Cité CNSS, Blvd AKEI, Lomé - TOGO (Sur
place uniquement )

#AbiSCream #Gourmandise #baracrepes
#Nouveaumenu #glacesartisanale",0,"01/13/2026 04:46",https://www.instagram.com/p/DTc424gCPZv/,"Carrousel IG",,Global,237,129,9,0,0,0,1,,,,,
18066183650538066,17841444647623511,abiscream,"Ⓐ Ⓑ Ⓘ 'Ⓢ   Ⓒ Ⓡ Ⓔ Ⓐ Ⓜ","Alors dites-nous ? 😌

📌 Cité CNSS, Blvd AKEI, Lomé - TOGO (Sur
place et emporter)

#AbiSCream #Gourmandise #Nouveaumenu
#glacesartisanale",0,"01/10/2026 10:11",https://www.instagram.com/p/DTVvpx0iKAD/,"IG image",,Global,373,235,10,2,0,1,0,,,,,
18105557113662808,17841444647623511,abiscream,"Ⓐ Ⓑ Ⓘ 'Ⓢ   Ⓒ Ⓡ Ⓔ Ⓐ Ⓜ","Le mariage parfait existe, une gaufre chaude et une boule de glace Abi’s Cream bien fraîche ! ☀ 🍦

Venez assister à la magie de la cuisson et composez votre dessert de fête. On vous attend !

📌 Cité CNSS, Blvd AKEI, Lomé - TOGO (Sur place)

#AbiSCream #Gourmandise #IceCreamLovers
#BonPlan #glacesartisanale",62,"01/06/2026 05:11",https://www.instagram.com/reel/DTK51aiiP2a/,"Reel IG",,Global,318,251,7,0,0,0,1,,,,,
17989725836752295,17841444647623511,abiscream,"Ⓐ Ⓑ Ⓘ 'Ⓢ   Ⓒ Ⓡ Ⓔ Ⓐ Ⓜ","On peut vous écrire de longs textes, mais la vérité se trouve dans la cuillère. 🥄✨

En 2026, impossible de passer à côté… il faut goûter à Abi’s Cream pour comprendre ce que veut dire la vraie gourmandise. 🍨😍🤤

#AbiSCream #Gourmandise
#Nouveaumenu #glacesartisanales",0,"01/02/2026 05:16",https://www.instagram.com/p/DTAngf4iAAC/,"IG image",,Global,201,124,6,0,0,0,0,,,,,
18031522028780781,17841444647623511,abiscream,"Ⓐ Ⓑ Ⓘ 'Ⓢ   Ⓒ Ⓡ Ⓔ Ⓐ Ⓜ","Nouvelle année qui arrive, même passion pour la
fraîcheur ! ✨ 

En 2026, on vous souhaite 365
jours de bonheur, de santé et surtout de
glaces onctueuses. 🥂🍦

#AbiSCream #Gourmandise #2026
#Bonneannée #glacesartisanales",0,"12/31/2025 10:40",https://www.instagram.com/p/DS8C87SiJu0/,"IG image",,Global,199,117,8,1,0,0,0,,,,,
18102464728704943,17841444647623511,abiscream,"Ⓐ Ⓑ Ⓘ 'Ⓢ   Ⓒ Ⓡ Ⓔ Ⓐ Ⓜ","La gaufre de vos rêves est servie chez Abi’s
Cream. Chaude, dorée, et prête à être
personnalisée.🤤

📌 Cité CNSS, Blvd AKEI, Lomé - TOGO (Sur
place ) 

#AbiSCream #Gourmandise #Baragaufre
#BonPlan glacesartisanale",14,"12/30/2025 05:17",https://www.instagram.com/reel/DS4465UiN29/,"Reel IG",,Global,291,229,12,0,0,2,0,,,,,
18027887273587951,17841444647623511,abiscream,"Ⓐ Ⓑ Ⓘ 'Ⓢ   Ⓒ Ⓡ Ⓔ Ⓐ Ⓜ","Le Bar à Gaufres est officiellement lancé ! 🔥
Oubliez tout le reste, la star du jour est
croustillante, moelleuse et terriblement
gourmande.

Créez votre chef-d’œuvre sucré à partir de 
3500 Fcfa. Chaud devant !

📌 Cité CNSS, Blvd AKEI, Lomé - TOGO (Sur
place et emporter)

#AbiSCream #Gourmandise #IceCreamLovers
#BonPlan #glacesartisanale",0,"12/29/2025 06:48",https://www.instagram.com/p/DS2e1jSiEqE/,"IG image",,Global,280,145,6,1,0,0,0,,,,,
18089146727003848,17841444647623511,abiscream,"Ⓐ Ⓑ Ⓘ 'Ⓢ   Ⓒ Ⓡ Ⓔ Ⓐ Ⓜ","Fermez les yeux, sentez cette bonne odeur de
gaufre dorée qui envahit l’air... ✨

Maintenant, ajoutez-y votre topping préféré.
C’est ça, la magie de Noël chez nous ! Une
dégustation qui donne le sourire dès la
première bouchée. 😍

📌 Cité CNSS, Blvd AKEI, Lomé - TOGO (Sur
place et emporter)
#AbiSCream #Gourmandise #Baragauffre
#BonPlan #glacesartisanale",18,"12/27/2025 08:22",https://www.instagram.com/reel/DSxf7qRiD2L/,"Reel IG",,Global,346,253,11,0,0,0,0,,,,,
18074398919579721,17841444647623511,abiscream,"Ⓐ Ⓑ Ⓘ 'Ⓢ   Ⓒ Ⓡ Ⓔ Ⓐ Ⓜ","Le Bar à Crêpe est OUVERT ! 👩‍🍳✨

Transformez votre goûter en œuvre
d’art. Un max de toppings, un max de
plaisir, et un mini prix dès 3 700 FCFA.

Alors, on met quoi sur la vôtre ?🫠

#AbiSCream #Gourmandise
#baracrepes #Nouveaumenu
#glacesartisanale",0,"12/26/2025 04:23",https://www.instagram.com/p/DSuf1dhCDxa/,"IG image",,Global,424,226,17,2,0,0,0,,,,,
18065092762957837,17841444647623511,abiscream,"Ⓐ Ⓑ Ⓘ 'Ⓢ   Ⓒ Ⓡ Ⓔ Ⓐ Ⓜ","Une parfaite excuse pour se faire plaisir avec de la glace ? Ça n’existe pas… lance toi et fais toi plaisir avec un ou deux pots. 😋

🕐 Profite du Happy Hour encore aujourd’hui entre 12H et 13H. 

 
📌ABI’S CREAM
Avénou, Café Informatique (Emporter et Livraison)

📌 ABI'S CREAM 
Cité CNSS, Blvd AKEI, Lomé - TOGO (Sur place et emporter)

📲+22870475414 

#AbisCream #HappyHourSucré #Delicieux #PartageGourmand
#MomentDouceur #PauseEnsemble #PauseFraîcheur #GlacesArtisanales #IceCreamLove #Gourmandise #Lomé #Togo",0,"08/01/2025 03:44",,,,Global,318,85,10,0,0,0,0,https://www.instagram.com/p/DMzzsUsRw9m/,"Carrousel IG"
17843865279637447,17841444647623511,abiscream,"Ⓐ Ⓑ Ⓘ 'Ⓢ   Ⓒ Ⓡ Ⓔ Ⓐ Ⓜ","5 ans, ce n’est pas rien… et ça se fête en grand ! 🎂🍨🥳

Nouveau menu, nouvelles saveurs, encore plus de plaisir à partager.❤️

Venez déguster, venez découvrir, venez célébrer 5 ans de bonheur glacé avec nous…
Et surtout, ne venez pas seul,le plaisir est meilleur quand il se partage 😏

📌 Cité CNSS, Blvd AKEI, Lomé - TOGO (Sur
place uniquement )

#AbiSCream #5ansdebohneur #nouveaumenu
#nouvellessaveurs #glacesartisanales",0,"12/18/2025 03:29",,,,Global,770,357,35,7,0,0,0,https://www.instagram.com/p/DSZzZewCH53/,"Carrousel IG"
18299538094258581,17841444647623511,abiscream,"Ⓐ Ⓑ Ⓘ 'Ⓢ   Ⓒ Ⓡ Ⓔ Ⓐ Ⓜ","Abi’s Cream fête ses 5 ans 🎂🍦 !

Depuis 5 ans, on partage avec vous le bonheur en pot de glace, en plusieurs saveurs et en sourires.

Merci à tous ceux qui nous soutiennent, qui nous encouragent, qui croquent avec nous chaque jour.

Vos achats, vos partages, vos mots… c’est grâce à vous que l’aventure continue.

Aujourd’hui, on célèbre ensemble 5 ans de douceur, et ce n’est que le début ✨ 

#Abiscream #5ans",48,"12/17/2025 04:33",,,,Global,464,328,24,2,0,2,2,https://www.instagram.com/reel/DSXVt0sCG_g/,"Reel IG"
18078497024221601,17841444647623511,abiscream,"Ⓐ Ⓑ Ⓘ 'Ⓢ   Ⓒ Ⓡ Ⓔ Ⓐ Ⓜ","🎁 Il y a mieux qu’un simple cadeau… il y a une expérience gourmande. 

Offrir un bon d’achat Abi’s Cream, c’est offrir une pause sucrée, un sourire, un moment à savourer.Et si cette année, tu fais fondre les cœurs avec une surprise glacée ? 🍨💝

📞 +228 70 47 54 14

#AbisCream #cadeau #bondachat #cream #Lomé #Togo",34,"12/16/2025 03:05",,,,Global,334,276,15,1,0,1,0,https://www.instagram.com/reel/DSUm8UYiInd/,"Reel IG"
18087948913972054,17841444647623511,abiscream,"Ⓐ Ⓑ Ⓘ 'Ⓢ   Ⓒ Ⓡ Ⓔ Ⓐ Ⓜ","Pause stylée, glace en main, sourire en coin…
Chez Abi’s Cream, on savoure autant l’instant
que le dessert 🍦😎

À consommer avec modération ou pas
📌 Avénou Café Informatique (Emporter et
Livraison)
📌 Cité CNSS, Blvd AKEI, Lomé - TOGO (Sur
place et emporter)

#AbiSCream #Gourmandise #IceCreamLovers
#BonPlan #glacesartisanales",0,"12/13/2025 04:45",,,,Global,1057,591,59,2,3,0,0,https://www.instagram.com/p/DSNECEoiHba/,"Image IG"
17870639970473319,17841444647623511,abiscream,"Ⓐ Ⓑ Ⓘ 'Ⓢ   Ⓒ Ⓡ Ⓔ Ⓐ Ⓜ","Notre célèbre glace va rencontrer son
âme sœur…💘

Mais qui est ce ou ces nouveaux invités
qui s’ajoute au menu ?
À votre avis, ça croustille, ça fond ou ça
se plie ? 👀🍴

#AbiSCream #Gourmandise
#comingsoon #Nouveaumenu
#glacesartisanale",0,"12/12/2025 05:08",,,,Global,299,149,11,1,0,0,0,https://www.instagram.com/p/DSKh7o9CIsX/,"Image IG"
18057960557648713,17841444647623511,abiscream,"Ⓐ Ⓑ Ⓘ 'Ⓢ   Ⓒ Ⓡ Ⓔ Ⓐ Ⓜ","Tu travailles dans une banque au Togo ? Bonne nouvelle, chez Abi’s Cream, on te gâte ! 🍦 Présente ta carte d’employé de banque à la boutique et profite de 10% de réduction sur tous tes achats.🥳

👉 Offre valable uniquement sur présentation de la carte 
📍 Cité CNSS, Blvd AKEI – Lomé 
📞 +228 70 47 54 14 

#Abiscream #offrespeciale #employédebanque",0,"12/09/2025 01:58",,,,Global,382,178,14,2,0,0,0,https://www.instagram.com/p/DSCdx1CCKIM/,"Image IG"
18064284401629056,17841447692698563,moenagarden,"Moena Garden| AfroLuxury","Il fait chaud et je pense qu’a une seule chose les glaces d’ @abiscream. 
Nice spot and quality service. 

Mon combo c’est : Konkada x chococookie, coulis caramel , et éclats de konkonda 🫣❤️ 
Ou version bissap en coulis , ❤️🫰🏽❤️‍🔥

On recommande de fou! 
 #lifestyle #lomé #icecream",0,"12/06/2025 05:28",,,,Global,1600,481,43,0,0,3,0,https://www.instagram.com/p/DR7HZ1JjEDf/,"Carrousel IG"
18299246149283392,17841444647623511,abiscream,"Ⓐ Ⓑ Ⓘ 'Ⓢ   Ⓒ Ⓡ Ⓔ Ⓐ Ⓜ","Tu penses être fort(e) ? 🌝

essaye de capturer l’image au bon
moment sans mettre une pause de la vidéo !

#AbiSCream #Gourmandise
#IceCreamLovers #funnyvideos",5,"11/29/2025 04:42",,,,Global,3894,1917,74,4,4,22,1,https://www.instagram.com/reel/DRpAg9xiGTt/,"Reel IG"
18075947417467063,17841444647623511,abiscream,"Ⓐ Ⓑ Ⓘ 'Ⓢ   Ⓒ Ⓡ Ⓔ Ⓐ Ⓜ","Et si tu n’avais plus à choisir ?
Quelle formule de 3 saveurs prendrais-tu direct ? 🤔

Réponds en commentaire, on prépare une
surprise…😏

📌 Avénou Café Informatique (Emporter et
Livraison)
📌 Cité CNSS, Blvd AKEI, Lomé - TOGO (Sur place et emporter)

#AbiSCream #Gourmandise #IceCreamLovers
#BonPlan #glacesartisanales",0,"11/28/2025 04:07",,,,Global,345,91,6,0,0,0,1,https://www.instagram.com/p/DRmXxAiCExF/,"Image IG"
17852676951588339,17841444647623511,abiscream,"Ⓐ Ⓑ Ⓘ 'Ⓢ   Ⓒ Ⓡ Ⓔ Ⓐ Ⓜ","C’est le genre d’endroit où tu reviens 
fois, 2 fois, 3 fois automatiquement. 😋

et n’oublie pas de réclamer ta carte de
fidélité pour bénéficier de réduction si tu
est un vrai fan de nos crèmes glacées. 😜
📞 +228 70 47 54 14

#AbisCream #delice #cream #Lomé",0,"11/26/2025 04:43",,,,Global,790,290,20,3,0,0,0,https://www.instagram.com/p/DRhSYP-CFL3/,"Carrousel IG"
18293314819276872,17841444647623511,abiscream,"Ⓐ Ⓑ Ⓘ 'Ⓢ   Ⓒ Ⓡ Ⓔ Ⓐ Ⓜ","Caramel dans le pot, caramel dans le cœur.
Si t’aimes, t’as trouvé ton bonheur 💛
Tu partages avec qui aujourd’hui ?
passe ta commande ici

📲+22870475414

#AbiSCream #Gourmandise
#IceCreamLovers #BonPlan
#glacesartisanale",0,"11/25/2025 03:52",,,,Global,687,158,16,0,1,1,0,https://www.instagram.com/p/DRensWIiLE2/,"Image IG"
18090925541494768,17841444647623511,abiscream,"Ⓐ Ⓑ Ⓘ 'Ⓢ   Ⓒ Ⓡ Ⓔ Ⓐ Ⓜ","Effacez d’un coup de cuillère le stress
de la journée. 🤌🏼

Envoie nous un coucou par ici on te
livre +22870475414

#AbiSCream #Gourmandise
#IceCreamLovers #plaisir",0,"11/22/2025 07:06",,,,Global,580,118,3,0,0,0,0,https://www.instagram.com/p/DRXPkHIiKeb/,"Image IG"
18109776952611601,17841444647623511,abiscream,"Ⓐ Ⓑ Ⓘ 'Ⓢ   Ⓒ Ⓡ Ⓔ Ⓐ Ⓜ","Notre seul défaut ? Être m irrésistiblement recommandables.😩🤭

Tague un/une ami(e) qui doit absolument découvrir et déguster Abi’s cream avant la fin de cette année

📌 Avénou Café Informatique (Emporter et Livraison)
📌 Cité CNSS, Blvd AKEI, Lomé - TOGO (Sur place et emporter)

#AbiSCream #Gourmandise #IceCreamLovers
#BonPlan #glacesartisanal",0,"11/21/2025 04:45",,,,Global,482,92,3,0,0,0,0,https://www.instagram.com/p/DRUaidzCOx9/,"Image IG"
18021736403602590,17841444647623511,abiscream,"Ⓐ Ⓑ Ⓘ 'Ⓢ   Ⓒ Ⓡ Ⓔ Ⓐ Ⓜ","C’est le moment ou jamais ! 🫠
Un pot acheté, le 2ème pot à -50% de 12h à
13h .

c’est par ici + 22870475414

#AbiSCream #Gourmandise
#IceCreamLovers #BonPlan
#glacesartisanale",0,"11/19/2025 04:36",,,,Global,11868,6671,52,1,15,0,2,https://www.instagram.com/p/DRPP6GAiNPh/,"Image IG"
18146003728437091,17841444647623511,abiscream,"Ⓐ Ⓑ Ⓘ 'Ⓢ   Ⓒ Ⓡ Ⓔ Ⓐ Ⓜ","Pourquoi seuls les grands auraient le
droit de se régaler ? 😒😏

C’est le moment de faire découvrir ce
bonheur au tout petit
📞 +228 70 47 54 14

#AbisCream #delice #cream #Lomé
#Togo",0,"11/18/2025 05:01",,,,Global,500,106,5,0,0,0,0,https://www.instagram.com/p/DRMuEKoCJRN/,"Image IG"
18085942804991069,17841444647623511,abiscream,"Ⓐ Ⓑ Ⓘ 'Ⓢ   Ⓒ Ⓡ Ⓔ Ⓐ Ⓜ","Fin de journée, ou simple envie de
douceur ? 😌 Ce moment dans le frigo,
c’est ta récompense.

Fais-toi ce plaisir, tu l’as bien mérité !
😌
Envoie nous un coucou par ici on te
livre https://wa.me/22870475414

#AbiSCream #Gourmandise
#IceCreamLovers #plaisir",0,"11/15/2025 04:15",,,,Global,492,102,8,0,0,0,1,https://www.instagram.com/p/DRE6b8OCLT0/,"Image IG"
18539061493053300,17841444647623511,abiscream,"Ⓐ Ⓑ Ⓘ 'Ⓢ   Ⓒ Ⓡ Ⓔ Ⓐ Ⓜ","Certains plaisirs sont faits pour être partagés !
💑. Offrez-vous un moment de douceur et de
complicité avec ceux que vous aimez.

📌 Avénou Café Informatique (Emporter et
Livraison)
📌 Cité CNSS, Blvd AKEI, Lomé - TOGO (Sur
place et emporter)

#AbiSCream #Gourmandise #IceCreamLovers
#BonPlan #glacesartisanale",0,"11/14/2025 03:32",,,,Global,449,104,6,0,0,0,0,https://www.instagram.com/p/DRCQq_9iFys/,"Image IG"
18291559354276122,17841444647623511,abiscream,"Ⓐ Ⓑ Ⓘ 'Ⓢ   Ⓒ Ⓡ Ⓔ Ⓐ Ⓜ","Pour le goûter de demain, appelez-nous !
😎
📞 +228 70 47 54 14

#AbisCream #delice #cream #Lomé
#Togo",0,"11/12/2025 04:19",,,,Global,551,165,2,1,0,0,0,https://www.instagram.com/p/DQ9MgqrCK_8/,"Image IG"
17887397253390846,17841445307180294,ori_infos,"Öri Infos","Dans notre série de découverte des entrepreneurs locaux, @fanuelle vous emmène découvrir aujourd'hui @abiscream . 

#ori #togo #oriinfos #madeintogo #univerdtogolais",253,"11/11/2025 11:18",,,,Global,6276,3595,405,55,9,19,0,https://www.instagram.com/reel/DQ7VYy_iGfO/,"Reel IG"
18084537034818775,17841444647623511,abiscream,"Ⓐ Ⓑ Ⓘ 'Ⓢ   Ⓒ Ⓡ Ⓔ Ⓐ Ⓜ","Et en plus on est Mardi 🌝
Un pot acheté, le second est
automatiquement à moitié prix entre 12 et 13 h

👉🏽 c’est par ici ☎️ +22870475414

#AbiSCream #Gourmandise
#IceCreamLovers #BonPlan
#glacesartisan",0,"11/11/2025 03:14",,,,Global,547,126,8,0,0,0,0,https://www.instagram.com/p/DQ6gREMiJj8/,"Image IG"
18144989005429975,17841444647623511,abiscream,"Ⓐ Ⓑ Ⓘ 'Ⓢ   Ⓒ Ⓡ Ⓔ Ⓐ Ⓜ","Le plaisir Crunchy que tu recherchais !
🍨🫠

📲+22870475414

Rejoins nous maintenant:
📌Avénou Café Informatique (Emporter
et Livraison)
📌 Cité CNSS, Blvd AKEI, Lomé - TOGO
(Sur place et emporter)

#AbiSCream #Gourmandise
#IceCreamLovers #Chococookies",0,"11/08/2025 03:47",,,,Global,568,175,11,2,0,0,0,https://www.instagram.com/p/DQy1oxGCI-B/,"Image IG"
17912758596093792,17841444647623511,abiscream,"Ⓐ Ⓑ Ⓘ 'Ⓢ   Ⓒ Ⓡ Ⓔ Ⓐ Ⓜ","C’est le moment de faire travailler les
méninges ! 🤓

Quels sont les mots auxquels vous pensez ?

#AbiSCream #Gourmandise
#IceCreamLovers #BonPlan
#glacesartisanal",0,"11/07/2025 04:47",,,,Global,444,95,4,0,0,0,0,https://www.instagram.com/p/DQwXtHfCDRc/,"Image IG"
18103321042644764,17841444647623511,abiscream,"Ⓐ Ⓑ Ⓘ 'Ⓢ   Ⓒ Ⓡ Ⓔ Ⓐ Ⓜ","Vous n’avez plus le choix 😎
C’est la règle ! 😉
☎️+228 70475414

#AbisCream #delice #cream #Lomé",0,"11/06/2025 04:52",,,,Global,599,124,25,0,0,2,0,https://www.instagram.com/p/DQtzeK1iM6A/,"Carrousel IG"
17864805501489552,17841444647623511,abiscream,"Ⓐ Ⓑ Ⓘ 'Ⓢ   Ⓒ Ⓡ Ⓔ Ⓐ Ⓜ","🖐 Voici 5 façons de réinventer votre
expérience Abi’s Cream !

Ne nous remercier ? C'est gratuit ! 😉
Prêt(e) à tester ? Commandez votre pot
préféré dès maintenant !

📲 https://wa.me/22870475414

#AbiSCream #Gourmandise
#IceCreamLovers #BonPlan
#glacesartisanale",0,"11/05/2025 04:41",,,,Global,596,164,14,1,1,0,0,https://www.instagram.com/p/DQrNayxkuf_/,"Carrousel IG"
18093218554686915,17841444647623511,abiscream,"Ⓐ Ⓑ Ⓘ 'Ⓢ   Ⓒ Ⓡ Ⓔ Ⓐ Ⓜ","Rare photo de récipient de smoothie
encore PLEIN. 😱🤣

D’habitude, nous la dégustons avant de
nous rappeler de la prendre en photo.
Son goût est tellement irrésistible ! 😉

Rejoins nous maintenant:
📌Avénou Café Informatique (Emporter
et Livraison)
📌 Cité CNSS, Blvd AKEI, Lomé - TOGO
(Sur place et emporter)

#AbiSCream #Gourmandise
#IceCreamLovers #BonPlan #smoothie",0,"11/04/2025 03:53",,,,Global,452,105,7,0,1,0,1,https://www.instagram.com/p/DQojGmhCCv8/,"Image IG"
18071931878002999,17841444647623511,abiscream,"Ⓐ Ⓑ Ⓘ 'Ⓢ   Ⓒ Ⓡ Ⓔ Ⓐ Ⓜ","En ce jour de Toussaint, que la douceur de
vos souvenirs réchauffe les cœurs. Pensées
douces de toute l’équipe Abi’s Cream. 🕊

#AbiSCream #pensées #toussaint
#glacesartisanal",0,"11/01/2025 02:29",,,,Global,511,128,8,1,0,0,0,https://www.instagram.com/p/DQgkQ_TiDTh/,"Image IG"
18139149391453257,17841444647623511,abiscream,"Ⓐ Ⓑ Ⓘ 'Ⓢ   Ⓒ Ⓡ Ⓔ Ⓐ Ⓜ","Consommer local mais pas qu’en Octobre 🙂☝🏼

Le bon goût, la qualité artisanale et la fraîcheur n’ont pas besoin d’une date limite ! 🗓

Des produits d’exception d’ Abi’s Cream, fait avec amour et des ingrédients locaux, pourquoi s’en priver les 11 autres mois ? 🌝

#AbisCream #delice #cream #Lomé #Togo",0,"10/29/2025 12:31",,,,Global,557,109,9,0,0,0,0,https://www.instagram.com/p/DQZ60b7iK8L/,"Carrousel IG"
17896251627341860,17841444647623511,abiscream,"Ⓐ Ⓑ Ⓘ 'Ⓢ   Ⓒ Ⓡ Ⓔ Ⓐ Ⓜ","C’est l’heure de commander et de déguster 🤤

📲+22870475414
📌Avénou Café Informatique (Emporter
et Livraison)
📌 Cité CNSS, Blvd AKEI, Lomé - TOGO
(Sur place et emporter)

#AbiSCream #Gourmandise
#IceCreamLovers #BonPlan
#glacesartisanale",0,"10/28/2025 05:21",,,,Global,504,146,6,1,0,0,0,https://www.instagram.com/p/DQWks6OiCn5/,"Image IG"
18091918393897010,17841444647623511,abiscream,"Ⓐ Ⓑ Ⓘ 'Ⓢ   Ⓒ Ⓡ Ⓔ Ⓐ Ⓜ","Ne laisse pas la chaleur intense de cette
journée te tuer. 🥵
Un bon smoothie c’est ce qu’il te faut.

Rejoins nous maintenant:
📌Avénou Café Informatique (Emporter
et Livraison)
📌 Cité CNSS, Blvd AKEI, Lomé - TOGO
(Sur place et emporter)

#AbiSCream #Gourmandise
#IceCreamLovers #BonPlan #smoothie",19,"10/25/2025 08:05",,,,Global,708,589,20,1,0,0,1,https://www.instagram.com/reel/DQPJA7WiI08/,"Reel IG"
18100343296662952,17841444647623511,abiscream,"Ⓐ Ⓑ Ⓘ 'Ⓢ   Ⓒ Ⓡ Ⓔ Ⓐ Ⓜ","On finit toujours par gagner impossible d’y résister ! 🤪😋🍨

📌 Avénou Café Informatique (Emporter et
Livraison)
📌 Cité CNSS, Blvd AKEI, Lomé - TOGO (Sur
place et emporter)

#AbiSCream #Gourmandise #IceCreamLovers #BonPlan #glacesartisanale",11,"10/23/2025 05:13",,,,Global,2939,2398,94,1,2,0,0,https://www.instagram.com/reel/DQJrxhTCKhb/,"Reel IG"
18183217699339215,17841444647623511,abiscream,"Ⓐ Ⓑ Ⓘ 'Ⓢ   Ⓒ Ⓡ Ⓔ Ⓐ Ⓜ","On vous promet un plaisir intense, mais
on vous donne aussi le bon outil ! 😉

C’est le secret pour déguster sans se salir
et sans gaspiller aucune goûte 🫠

#AbisCream #delice #cream #Lomé",28,"10/22/2025 05:19",,,,Global,547,417,15,1,0,2,0,https://www.instagram.com/reel/DQHHpD9CPpB/,"Reel IG"
18051192935653460,17841444647623511,abiscream,"Ⓐ Ⓑ Ⓘ 'Ⓢ   Ⓒ Ⓡ Ⓔ Ⓐ Ⓜ","Quand chaque jour semble être différent, dites coucou à Abi’s Cream 👋 et choisissez votre perfect match de saveur 😋

📲+22870475414

📌 Avénou Café Informatique (Emporter et
Livraison)
📌 Cité CNSS, Blvd AKEI, Lomé - TOGO (Sur place
et emporter)

#AbiSCream #Gourmandise #IceCreamLovers
#BonPlan #glacesartisanale",12,"10/21/2025 05:11",,,,Global,480,373,22,1,0,0,1,https://www.instagram.com/reel/DQEiDXeCESl/,"Reel IG"
18179570602357544,17841444647623511,abiscream,"Ⓐ Ⓑ Ⓘ 'Ⓢ   Ⓒ Ⓡ Ⓔ Ⓐ Ⓜ","Est-ce que vous auriez pardonné si c’était votre glace qu’on avait mangé par erreur ? 😤🍨🤣

📌Avénou Café Informatique (Emporter
et Livraison)
📌 Cité CNSS, Blvd AKEI, Lomé - TOGO
(Sur place et emporter)

#AbiSCream #Gourmandise #IceCreamLovers #BonPlan #glacesartisanale",26,"10/18/2025 06:03",,,,Global,5594,4382,91,3,9,3,0,https://www.instagram.com/reel/DP85fRViNDl/,"Reel IG"
18131068621474603,17841444647623511,abiscream,"Ⓐ Ⓑ Ⓘ 'Ⓢ   Ⓒ Ⓡ Ⓔ Ⓐ Ⓜ","Parapluie bissap, parapluie chocolat…
Que choisirais-tu ? 😄

#AbisCream #delice #cream #Lomé
#togo",0,"10/17/2025 05:43",,,,Global,446,91,8,0,0,0,0,https://www.instagram.com/p/DP6SiPqCP5F/,"Image IG"
18083594192076116,17841444647623511,abiscream,"Ⓐ Ⓑ Ⓘ 'Ⓢ   Ⓒ Ⓡ Ⓔ Ⓐ Ⓜ","Auriez-vous la même chance ? 😎
Ta saveur préférée est là mais pour combien
de temps ? Faut agir vite hein 😒

Commande maintenant 📲+228 70475414

AbisCream #humour #Lomé #Togo",25,"10/16/2025 04:44",,,,Global,1058,778,38,0,1,0,1,https://www.instagram.com/reel/DP3m52qiK1E/,"Reel IG"
18065360912371719,17841444647623511,abiscream,"Ⓐ Ⓑ Ⓘ 'Ⓢ   Ⓒ Ⓡ Ⓔ Ⓐ Ⓜ","Aide nous 🤭
Appuyer sur le cercle pour faire marcher plus
vite. 🤗

📲+22870475414

#AbisCream #humour #Lomé #Togo",27,"10/15/2025 05:33",,,,Global,1553,872,66,0,0,4,0,https://www.instagram.com/reel/DP1HuCDiBjc/,"Reel IG"
18187621852332853,17841444647623511,abiscream,"Ⓐ Ⓑ Ⓘ 'Ⓢ   Ⓒ Ⓡ Ⓔ Ⓐ Ⓜ","Au cas où tu ne le saurais pas 😎
Le meilleur coin pour déguster de la glace artisanale à Lomé est ouvert. 🤭

📲+22870475414
📌 Avénou Café Informatique (Emporter et
Livraison)
📌 Cité CNSS, Blvd AKEI, Lomé - TOGO (Sur place et emporter)

#AbiSCream #Gourmandise #IceCreamLovers
#BonPlan #glacesartisanale",16,"10/14/2025 06:40",,,,Global,648,515,36,4,0,0,2,https://www.instagram.com/reel/DPyqlg-iFAr/,"Reel IG"
18008855111807189,17841444647623511,abiscream,"Ⓐ Ⓑ Ⓘ 'Ⓢ   Ⓒ Ⓡ Ⓔ Ⓐ Ⓜ","Ton cœur veut une glace. Ton doigt veut
cliquer. Ton bouche veut fondre. Tu sais quoi
faire. 😏🍨

Rejoins- nous à :
📌 Avénou Café Informatique (Emporter et
Livraison)
📌 Cité CNSS, Blvd AKEI, Lomé - TOGO (Sur
place et emporter)

#AbiSCream #Gourmandise #IceCreamLovers #BonPlan #glacesartisanal",0,"10/11/2025 05:04",,,,Global,413,77,7,0,0,0,1,https://www.instagram.com/p/DPqxT6IiHgZ/,"Image IG"
18073155959516331,17841444647623511,abiscream,"Ⓐ Ⓑ Ⓘ 'Ⓢ   Ⓒ Ⓡ Ⓔ Ⓐ Ⓜ","On a fait les maths. Et devine quoi ? Le
bonheur est moins cher que tu ne le penses.😎

📲+228 70475414
📌 Avénou Café Informatique (Emporter et
Livraison)
📌 Cité CNSS, Blvd AKEI, Lomé - TOGO (Sur
place et emporter)

AbisCream #Goûterabiscream #Lomé #togo",0,"10/09/2025 04:51",,,,Global,590,124,14,1,0,0,0,https://www.instagram.com/p/DPlmLiSCFYy/,"Image IG"
18082919728786522,17841444647623511,abiscream,"Ⓐ Ⓑ Ⓘ 'Ⓢ   Ⓒ Ⓡ Ⓔ Ⓐ Ⓜ","Pour nous la vraie douleur ? Ce n’est pas le goumin. C’est la glace qui disparaît sans dire au revoir.

Qui à déjà vécu cela ? 😭🤣

#AbisCream #delice #cream #Lomé
#Togo",0,"10/08/2025 05:35",,,,Global,478,93,7,0,0,0,0,https://www.instagram.com/p/DPjGcfDiFPR/,"Image IG"
18100688218715198,17841444647623511,abiscream,"Ⓐ Ⓑ Ⓘ 'Ⓢ   Ⓒ Ⓡ Ⓔ Ⓐ Ⓜ","Si tu regardes ça sans saliver, tu es probablement un robot ou une IA 😂

Allez compose ce numéro 📲+22870475414
📌 Avénou Café Informatique (Emporter et
Livraison)
📌 Cité CNSS, Blvd AKEI, Lomé - TOGO (Sur place
et emporter)

#AbiSCream #Gourmandise #IceCreamLovers
#BonPlan #glacesartisanale",12,"10/07/2025 04:14",,,,Global,214,157,10,4,0,0,1,https://www.instagram.com/reel/DPgYNHIiFJb/,"Reel IG"
17950967454013173,17841444647623511,abiscream,"Ⓐ Ⓑ Ⓘ 'Ⓢ   Ⓒ Ⓡ Ⓔ Ⓐ Ⓜ","Ton cœur veut une glace. Ton doigt veut
cliquer. Ton bouche veut fondre. Tu sais quoi
faire. 😏🍨

Rejoins- nous à :
📌 Avénou Café Informatique (Emporter et
Livraison)
📌 Cité CNSS, Blvd AKEI, Lomé - TOGO (Sur
place et emporter)

#AbiSCream #Gourmandise #IceCreamLovers
#BonPlan #glacesartisanal",0,"10/05/2025 03:59",,,,Global,414,95,11,1,0,0,0,https://www.instagram.com/p/DPbNJa1CCdI/,"Image IG"
17850579672528370,17841444647623511,abiscream,"Ⓐ Ⓑ Ⓘ 'Ⓢ   Ⓒ Ⓡ Ⓔ Ⓐ Ⓜ","Octobre Rose, on soutient avec des boules glacées et beaucoup d’amour. 🎗️💗

#AbisCream #Octobrerose
#Lomé #Togo #luttecontrecancerdusein",0,"10/03/2025 03:02",,,,Global,429,98,7,0,0,0,0,https://www.instagram.com/p/DPV9A_eiAtj/,"Image IG"
17964332804827467,17841444647623511,abiscream,"Ⓐ Ⓑ Ⓘ 'Ⓢ   Ⓒ Ⓡ Ⓔ Ⓐ Ⓜ","C’est local et chez nous, c’est crémeux, frais et 100% Togo.🇹🇬 😋

Commandez sur le 📲+22870475414

#AbisCream #Goûterabiscream #octobre
#Lomé #TPho",0,"10/01/2025 05:33",,,,Global,481,165,14,2,0,0,0,https://www.instagram.com/p/DPRErU6iCX_/,"Image IG"
18030377555513019,17841444647623511,abiscream,"Ⓐ Ⓑ Ⓘ 'Ⓢ   Ⓒ Ⓡ Ⓔ Ⓐ Ⓜ","Arrête de scroller 😜
Commande ta dose de douceur maintenant 

📲+22870475414
📌Avénou Café Informatique (Emporter et
Livraison)
📌 Cité CNSS, Blvd AKEI, Lomé - TOGO (Sur
place et emporter)

#AbiSCream #Gourmandise #IceCreamLovers #BonPlan #glacesartisanale",0,"09/30/2025 04:30",,,,Global,380,102,6,1,0,0,0,https://www.instagram.com/p/DPOYp1XDdnF/,"Image IG"
17985405503856560,17841444647623511,abiscream,"Ⓐ Ⓑ Ⓘ 'Ⓢ   Ⓒ Ⓡ Ⓔ Ⓐ Ⓜ","La seule glace qui met tout le monde d’accord…
même ceux qui disent “j’aime pas les desserts
😋😌

📲+228 70 47 54 14
📌 Avénou Café Informatique (Emporter et
Livraison)
📌 Cité CNSS, Blvd AKEI, Lomé - TOGO (Sur
place et emporter)

#AbiSCream #Gourmandise #IceCreamLovers
#BonPlan #glacesartisanale",0,"09/27/2025 04:27",,,,Global,497,125,12,0,0,0,0,https://www.instagram.com/p/DPGp7ljDP9c/,"Carrousel IG"
18120068410504920,17841444647623511,abiscream,"Ⓐ Ⓑ Ⓘ 'Ⓢ   Ⓒ Ⓡ Ⓔ Ⓐ Ⓜ","c’est le genre de plaisir qui te fait dire intérieurement (Je mérite ça tous les jours) 😋 

📲+22870475414

📌 Avénou Café Informatique ( Emporter et Livraison)
📌 Cité CNSS, Blvd AKEI, Lomé - TOGO (Sur place et emporter)

AbisCream #Goûterabiscream #Lomé #Togo",0,"09/25/2025 04:35",,,,Global,389,82,3,0,0,0,0,https://www.instagram.com/p/DPBhOyaiMoU/,"Image IG"
18102719368610617,17841444647623511,abiscream,"Ⓐ Ⓑ Ⓘ 'Ⓢ   Ⓒ Ⓡ Ⓔ Ⓐ Ⓜ","On va mentir pourquoi ? 🤪

Testé c’est resté et on a des temoins en
plus .
Commandez sur le 📲+22870475414

#AbisCream #Goûterabiscream #event
#Lomé #Togo",0,"09/24/2025 04:31",,,,Global,705,277,25,4,0,0,0,https://www.instagram.com/p/DO-7-s8iF9c/,"Image IG"
17867983008448416,17841444647623511,abiscream,"Ⓐ Ⓑ Ⓘ 'Ⓢ   Ⓒ Ⓡ Ⓔ Ⓐ Ⓜ","Il est midi 😏 Et tu sais ce que ça veut dire
1 pot acheté, le 2e à moitié prix !

📲+22870475414
📌Avénou Café Informatique (Emporter et
Livraison)
📌 Cité CNSS, Blvd AKEI, Lomé - TOGO (Sur
place et emporter)

#AbiSCream #Gourmandise #IceCreamLovers #BonPlan #glacesartisanale",0,"09/23/2025 05:17",,,,Global,875,1842,71,1,0,0,0,https://www.instagram.com/p/DO8cgaTCIeD/,"Image IG"
17861474793480727,17841444647623511,abiscream,"Ⓐ Ⓑ Ⓘ 'Ⓢ   Ⓒ Ⓡ Ⓔ Ⓐ Ⓜ","Peut-on vraiment résister à ça… franchement ?
😋😍

vous savez quoi faire inh 😌

☎️ +22870475414

📌 Avénou Café Informatique (Emporter et
Livraison)
📌 Cité CNSS, Blvd AKEI, Lomé - TOGO (Sur
place et emporter)

#AbiSCream #Gourmandise #IceCreamLovers
#BonPlan #glacesrtisanale",0,"09/22/2025 03:35",,,,Global,397,99,8,0,0,0,1,https://www.instagram.com/p/DO5sCpPiBzL/,"Image IG"
18100456180620948,17841444647623511,abiscream,"Ⓐ Ⓑ Ⓘ 'Ⓢ   Ⓒ Ⓡ Ⓔ Ⓐ Ⓜ","Y avez-vous déjà pensé ? 🤪

Glisser un petit pot Abi’s Cream dans le sac de votre enfant, c’est risquer de lui donner trop envie d’aller à l’école !

🤫chuuuuut faites comme si on ne vous avait rien dit ce sera une superbe surprise.😋

#AbisCream #Goûterabiscream
#soutient #event #Lomé #Togo",0,"09/19/2025 03:36",,,,Global,389,118,4,1,0,0,0,https://www.instagram.com/p/DOx9xrIjHzJ/,"Image IG"
18090876073697363,17841444647623511,abiscream,"Ⓐ Ⓑ Ⓘ 'Ⓢ   Ⓒ Ⓡ Ⓔ Ⓐ Ⓜ","Vous pensiez qu’on allait oublier de vous faire un petit récap ? Jamais de la vie ! 😃

Le Goûter Abi’s Cream, c’était plus qu’un
moment sucré… c’était une vague d’amour,
de solidarité et de sourires partagés 💕🎒

Voici quelques images de ces instants précieux, capturés sur le terrain, là où la magie a opéré ✨📷

#AbisCream #Goûterabiscream #soutient
#event #Lomé #Togo",0,"09/16/2025 05:10",,,,Global,650,167,27,0,0,0,1,https://www.instagram.com/p/DOqaJE3COzc/,"Carrousel IG"
18078954853963093,17841444647623511,abiscream,"Ⓐ Ⓑ Ⓘ 'Ⓢ   Ⓒ Ⓡ Ⓔ Ⓐ Ⓜ","À nos petits gourmands d’ Abi’sCream, bonne rentrée ! 🥰📚

Et surtout n’oubliez pas nos délices givrés pour les petits goûters enchantés seront toujours là. 🍦🍨

#AbisCream #Rentrée2025#GlacesArtisanales
#IceCreamLove #Lomé #Togo",0,"09/15/2025 02:47",,,,Global,343,85,5,0,0,0,0,https://www.instagram.com/p/DOnk54qCaFi/,"Image IG"
18528168133010055,17841444647623511,abiscream,"Ⓐ Ⓑ Ⓘ 'Ⓢ   Ⓒ Ⓡ Ⓔ Ⓐ Ⓜ","𝐌𝐄𝐑𝐂𝐈 !!! 🙏🏾

À nos partenaires, exposants et donateurs, votre soutien a fait de cette nouvelle édition une belle réussite. 🌟

Grâce à vous, plusieurs enfants entameront cette rentrée scolaire le cœur léger et le sourire aux lèvres. 📚💖

Que votre générosité soit multipliée et que Dieu vous comble de bénédictions. 💝 

#AbisCream #Gouter #DonsScolaire",0,"09/08/2025 08:30",,,,Global,451,108,7,1,0,1,0,https://www.instagram.com/p/DOWKp4eiMoC/,"Image IG"
17932617663093034,17841444647623511,abiscream,"Ⓐ Ⓑ Ⓘ 'Ⓢ   Ⓒ Ⓡ Ⓔ Ⓐ Ⓜ","Jour J ! 🎊💖

❤️ Rejoignez-nous aussi pour cette action solidaire et conviviale.

NB : Les achats des kits pour les dons se font via TMONEY (au 70 47 54 14) ! ❤️ 

⏰ 10h à 18h (La mini Foire) Parking Café Informatique. 

⏰ 14h30 (Le Goûter Abi’s Cream) Josel Parc

☎️ +228 70 47 54 14

#AbisCream #GoûterTime #Dons #Foire #AmbianceFoire #FoireVibes #FoodieFun #SweetMoments #YummyVibes #Gourmandise
#GoûterEnFête #SaveursLocales #MomentsEnsemble",0,"09/06/2025 03:52",,,,Global,418,84,7,0,0,0,0,https://www.instagram.com/p/DOQhNwfjLOA/,"Image IG"
18099845569537919,17841444647623511,abiscream,"Ⓐ Ⓑ Ⓘ 'Ⓢ   Ⓒ Ⓡ Ⓔ Ⓐ Ⓜ","⏳Plus qu’un jour…

Êtes-vous prêts à donner le sourire à un enfant ? 

NB : Les achats des kits pour les dons se font via TMONEY (au 70 47 54 14) ! ❤️ 

#AbisCream #GoûterTime #Dons #AmbianceFoire #FoodieFun",0,"09/05/2025 08:34",,,,Global,340,52,2,0,0,0,0,https://www.instagram.com/p/DOOcvEKDG19/,"Image IG"
18106042453568761,17841444647623511,abiscream,"Ⓐ Ⓑ Ⓘ 'Ⓢ   Ⓒ Ⓡ Ⓔ Ⓐ Ⓜ","⏳Plus que 2 jours avant de se régaler et de partager des moments de solidarité ! ❤️

Êtes-vous prêts à donner le sourire à un enfant ? 

NB : Les achats des kits pour les dons se font via TMONEY (au 70 47 54 14) ! ❤️ 

#AbisCream #GoûterTime #Dons #AmbianceFoire #FoodieFun",0,"09/04/2025 08:32",,,,Global,351,58,3,0,0,0,0,https://www.instagram.com/p/DOL3qlLjP3e/,"Image IG"
18073736726114830,17841444647623511,abiscream,"Ⓐ Ⓑ Ⓘ 'Ⓢ   Ⓒ Ⓡ Ⓔ Ⓐ Ⓜ","𝐋𝐞 𝐆𝐨𝐮̂𝐭𝐞𝐫 𝐀𝐛𝐢’𝐬 𝐂𝐫𝐞𝐚𝐦 𝐗 𝐓𝐡𝐞 𝐆𝐚𝐭𝐡𝐞𝐫𝐢𝐧𝐠 🎡🍨🍩

Venez vivre la magie de la foire et d’un goûter gourmand ! 🫠

Entre rires et jeux, rien de mieux qu’une pause sucrée pour partager un moment unique. 🍓

On vous y attend très nombreux ! 🥳

📆 06 Septembre 
⏰ 10h à 18h 
📍Parking Café Informatique 

☎️ +228 70 47 54 14

#AbisCream #GoûterTime #Dons #Foire #AmbianceFoire #FoireVibes #FoodieFun #SweetMoments #YummyVibes #Gourmandise
#GoûterEnFête #SaveursLocales #MomentsEnsemble",0,"09/04/2025 08:30",,,,Global,485,125,9,0,0,0,0,https://www.instagram.com/p/DOL3fNzCAHo/,"Carrousel IG"
18082329848494822,17841444647623511,abiscream,"Ⓐ Ⓑ Ⓘ 'Ⓢ   Ⓒ Ⓡ Ⓔ Ⓐ Ⓜ","⏳Plus que 3 jours avant de se régaler et de partager des moments de solidarité ! ❤️

Êtes-vous prêts à donner le sourire à un enfant ? 

NB : Les achats des kits pour les dons se font via TMONEY (au 70 47 54 14) ! ❤️ 

#AbisCream #GoûterTime #Dons #AmbianceFoire #FoodieFun",0,"09/03/2025 03:22",,,,Global,363,74,3,0,0,0,0,https://www.instagram.com/p/DOIvcKxjOjd/,"Image IG"
17897103522278483,17841444647623511,abiscream,"Ⓐ Ⓑ Ⓘ 'Ⓢ   Ⓒ Ⓡ Ⓔ Ⓐ Ⓜ","Derrière chaque enfant se cache un rêve. Mais pour certains, ce rêve s’arrête trop tôt, faute de moyens. 📚💔

Un cahier, un stylo,… Parfois, ce sont de petites choses qui font une immense différence. Aider un enfant démuni à poursuivre ses études, c’est lui donner une chance d’écrire son histoire, de croire en ses capacités et de construire un futur meilleur.

Ton geste, aussi simple soit-il, peut transformer une vie. Parce qu’aujourd’hui, ce sont nos dons. Mais demain, ce sera leur réussite. 💖✏️

📚Achat des kits pour les dons se font via TMONEY (au 70 47 54 14) ! ❤️ 

#AbisCream #GoûterTime #Dons #Foire #AmbianceFoire #FoireVibes #FoodieFun #SweetMoments #YummyVibes #Gourmandise
#GoûterEnFête #SaveursLocales #MomentsEnsemble",68,"09/02/2025 09:21",,,,Global,338,236,19,2,0,0,0,https://www.instagram.com/reel/DOGy3oMiH31/,"Reel IG"
18096338749641279,17841444647623511,abiscream,"Ⓐ Ⓑ Ⓘ 'Ⓢ   Ⓒ Ⓡ Ⓔ Ⓐ Ⓜ","⏳Plus que 4 jours avant de se régaler et de partager des moments de solidarité ! ❤️

Êtes-vous prêts à donner le sourire à un enfant ? 

NB : Les achats des kits pour les dons se font via TMONEY (au 70 47 54 14) ! ❤️ 

#AbisCream #GoûterTime #Dons #Foire #AmbianceFoire #FoireVibes #FoodieFun #SweetMoments #YummyVibes #Gourmandise
#GoûterEnFête #SaveursLocales #MomentsEnsemble",0,"09/02/2025 09:13",,,,Global,269,55,3,0,0,0,0,https://www.instagram.com/p/DOGyvYsiDuK/,"Image IG"
18052635413563636,17841444647623511,abiscream,"Ⓐ Ⓑ Ⓘ 'Ⓢ   Ⓒ Ⓡ Ⓔ Ⓐ Ⓜ","Ils font à nouveau confiance au Goûter Abi’s Cream pour vous offrir un moment unique ! 💖

❤️ Rejoignez-nous aussi pour cette action solidaire et conviviale.

NB : Les achats des kits pour les dons se font via TMONEY (au 70 47 54 14) ! ❤️ 

📆 06 Septembre 

⏰ 10h à 18h (La mini Foire) Parking Café Informatique. 

⏰ 14h30 (Le Goûter Abi’s Cream) Josel Parc

☎️ +228 70 47 54 14

#AbisCream #GoûterTime #Dons #Foire #AmbianceFoire #FoireVibes #FoodieFun #SweetMoments #YummyVibes #Gourmandise
#GoûterEnFête #SaveursLocales #MomentsEnsemble",0,"09/02/2025 03:16",,,,Global,276,53,6,0,0,0,0,https://www.instagram.com/p/DOGJ9GzCDrI/,"Carrousel IG"
17980610909740563,17841444647623511,abiscream,"Ⓐ Ⓑ Ⓘ 'Ⓢ   Ⓒ Ⓡ Ⓔ Ⓐ Ⓜ","⏳Plus que 5 jours avant de se régaler et de partager des moments de solidarité ! ❤️

Êtes-vous prêts à donner le sourire à un enfant ? 

NB : Les achats des kits pour les dons se font via TMONEY (au 70 47 54 14) ! ❤️ 

#AbisCream #GoûterTime #Dons #Foire #AmbianceFoire #FoireVibes #FoodieFun #SweetMoments #YummyVibes #Gourmandise
#GoûterEnFête #SaveursLocales #MomentsEnsemble",0,"09/01/2025 03:17",,,,Global,273,60,6,0,0,0,0,https://www.instagram.com/p/DODlQiVDMEu/,"Image IG"
18090144637775348,17841444647623511,abiscream,"Ⓐ Ⓑ Ⓘ 'Ⓢ   Ⓒ Ⓡ Ⓔ Ⓐ Ⓜ","Ils font à nouveau confiance au Goûter Abi’s Cream pour vous offrir un moment unique ! 💖

❤️ Rejoignez-nous aussi pour cette action solidaire et conviviale.

NB : Les achats des kits pour les dons se font via TMONEY (au 70 47 54 14) ! ❤️ 

📆 06 Septembre 

⏰ 10h à 18h (La mini Foire) Parking Café Informatique. 

⏰ 14h30 (Le Goûter Abi’s Cream) Josel Parc

☎️ +228 70 47 54 14

#AbisCream #GoûterTime #Dons #Foire #AmbianceFoire #FoireVibes #FoodieFun #SweetMoments #YummyVibes #Gourmandise
#GoûterEnFête #SaveursLocales #MomentsEnsemble",0,"08/27/2025 03:14",,,,Global,276,44,4,0,0,0,0,https://www.instagram.com/p/DN2s6qc2Hf1/,"Carrousel IG"
18038658524424841,17841444647623511,abiscream,"Ⓐ Ⓑ Ⓘ 'Ⓢ   Ⓒ Ⓡ Ⓔ Ⓐ Ⓜ","Ils font à nouveau confiance au Goûter Abi’s Cream pour vous offrir un moment unique ! 💖

❤️ Rejoignez-nous aussi pour cette action solidaire et conviviale.

NB : Les achats des kits pour les dons se font via TMONEY (au 70 47 54 14) ! ❤️ 

📆 06 Septembre 

⏰ 10h à 18h (La mini Foire) Parking Café Informatique. 

⏰ 14h30 (Le Goûter Abi’s Cream) Josel Parc

☎️ +228 70 47 54 14

#AbisCream #GoûterTime #Dons #Foire #AmbianceFoire #FoireVibes #FoodieFun #SweetMoments #YummyVibes #Gourmandise
#GoûterEnFête #SaveursLocales #MomentsEnsemble",0,"08/27/2025 03:11",,,,Global,335,85,7,1,0,0,0,https://www.instagram.com/p/DN2snru2O88/,"Carrousel IG"
17895114912279599,17841444647623511,abiscream,"Ⓐ Ⓑ Ⓘ 'Ⓢ   Ⓒ Ⓡ Ⓔ Ⓐ Ⓜ","Ils font à nouveau confiance au Goûter Abi’s Cream pour vous offrir un moment unique ! 💖

❤️ Rejoignez-nous aussi pour cette action solidaire et conviviale.

NB : Les achats des kits pour les dons se font via TMONEY (au 70 47 54 14) ! ❤️ 

📆 06 Septembre 

⏰ 10h à 18h (La mini Foire) Parking Café Informatique. 

⏰ 14h30 (Le Goûter Abi’s Cream) Josel Parc

☎️ +228 70 47 54 14

#AbisCream #GoûterTime #Dons #Foire #AmbianceFoire #FoireVibes #FoodieFun #SweetMoments #YummyVibes #Gourmandise
#GoûterEnFête #SaveursLocales #MomentsEnsemble",0,"08/27/2025 03:09",,,,Global,284,47,3,0,0,0,0,https://www.instagram.com/p/DN2sYVg2HTb/,"Carrousel IG"
18049916621635475,17841444647623511,abiscream,"Ⓐ Ⓑ Ⓘ 'Ⓢ   Ⓒ Ⓡ Ⓔ Ⓐ Ⓜ","La fête s’invite chez vous ce 06 Septembre avec le GOÛTER ABI’S CREAM et la mini foire. 🍨🎊

Tout est réuni pour passer des moments inoubliables en famille ou entre amis. 😍🍩🎶

📆 06 Septembre 

⏰ 10h à 18h (La mini Foire) Parking Café Informatique. 

⏰ 14h30 (Le Goûter Abi’s Cream) Josel Parc

☎️ +228 70 47 54 14

#AbisCream #GoûterTime #Dons #Foire #AmbianceFoire #FoireVibes #FoodieFun #SweetMoments #YummyVibes #Gourmandise
#GoûterEnFête #SaveursLocales #MomentsEnsemble",0,"08/25/2025 04:46",,,,Global,354,86,7,0,0,0,0,https://www.instagram.com/p/DNxt7fk2IXe/,"Image IG"
18076850713803606,17841444647623511,abiscream,"Ⓐ Ⓑ Ⓘ 'Ⓢ   Ⓒ Ⓡ Ⓔ Ⓐ Ⓜ","Rejoignez-nous en tant qu’exposants ! 🎡 

Vous êtes entrepreneur, ne manquez pas l’opportunité de mettre en lumière vos produits et services lors de notre mini foire et goûter organisés à l’occasion de la collecte de dons pour les enfants démunis. 🎊🥳

Un rendez-vous unique placé sous la convivialité et du divertissement. 🌟🍨

📆 06 Septembre 
⏰ 10h à 18h 
📍Parking Café Informatique 

☎️ +228 70 47 54 14

#AbisCream #GoûterTime #Dons #Foire #AmbianceFoire #FoireVibes #FoodieFun #SweetMoments #YummyVibes #Gourmandise
#GoûterEnFête #SaveursLocales #MomentsEnsemble",0,"08/22/2025 07:27",,,,Global,414,93,5,1,0,0,0,https://www.instagram.com/p/DNqR4i-t8s0/,"Image IG"
17894548953294949,17841444647623511,abiscream,"Ⓐ Ⓑ Ⓘ 'Ⓢ   Ⓒ Ⓡ Ⓔ Ⓐ Ⓜ","🚨🚨🚨🚨
Soyez vigilant chers donateurs ‼️ 

Le seul numéro Tmoney pour acheter un kit scolaire pour le don est le 70 47 54 14. 🛎️ 

💝MERCI DU FOND DU CŒUR ! 

#AbisCream #Glace #GouterAbisCream #ActionCaritative #Dons #RentréeScolaire #Solidarité #Togo #Lome",0,"08/18/2025 04:01",,,,Global,456,87,3,0,0,0,0,https://www.instagram.com/p/DNfnJ83s625/,"Image IG"
18050700752531417,17841444647623511,abiscream,"Ⓐ Ⓑ Ⓘ 'Ⓢ   Ⓒ Ⓡ Ⓔ Ⓐ Ⓜ","Une ambiance festive, 🥳 des stands gourmands… 🍭 C’est ce qui vous attend au Goûter Abi’s Cream. 📚

De divers stands y seront présents et l’entrée est gratuite pour tout le monde. 👏🏾

Les Kit sont disponibles via Tmoney +228 70 47 54 14.

📅 Samedi, 06 Sep 2025
📍Josel Parc
⏰ 14H30

#AbiScream #Glace #GouterAbisCream #ActionCaritative #Dons #RentréeScolaire #Solidarité #Togo #Lome",0,"08/14/2025 12:07",,,,Global,541,130,11,0,0,0,0,https://www.instagram.com/p/DNWLoeys5jJ/,"Carrousel IG"
18054345197454820,17841444647623511,abiscream,"Ⓐ Ⓑ Ⓘ 'Ⓢ   Ⓒ Ⓡ Ⓔ Ⓐ Ⓜ","Spécialement cette année, des bourse d’étude de 40.000fr sont également en vente  pour la rentrée scolaire! ☀️📚

Participe à son éducation, donne lui une chance et la force de faire de grands pas vers l’avenir. 💝
 Les kit sont disponibles via T-money au +228 70 47 54 14.

📍Josel Parc
📅 Samedi, 06 Sep 2025
⏰ 14H30

#AbiScream #Glace #GouterAbisCream #ActionCaritative #Dons #RentréeScolaire #Solidarité #Togo #Lome",0,"08/13/2025 11:42",,,,Global,433,85,5,0,0,0,0,https://www.instagram.com/p/DNTj5ALsCQu/,"Image IG"
18013659623777366,17841444647623511,abiscream,"Ⓐ Ⓑ Ⓘ 'Ⓢ   Ⓒ Ⓡ Ⓔ Ⓐ Ⓜ","Le Goûter Abi’s Cream c’est aussi un moment récréatif pour vous et vos enfants ! 🎊

Des rires, de la bonne humeur, des échanges, des rencontres et des souvenirs inoubliables... 📸 

Ne manquez surtout pas la prochaine édition ! 😉

📅 Samedi, 06 Sep 2025
📍Josel Parc
⏰ 14H30

☎️ +228 70 47 54 14

#AbiScream #Glace #GouterAbisCream #ActionCaritative #Dons #Joie #Bonnehumeur #RentréeScolaire #JoieDesEnfants #Lomé",0,"08/12/2025 03:43",,,,Global,458,122,10,0,0,0,0,https://www.instagram.com/p/DNQIV2kx0Hy/,"Carrousel IG"
17930634977965306,17841444647623511,abiscream,"Ⓐ Ⓑ Ⓘ 'Ⓢ   Ⓒ Ⓡ Ⓔ Ⓐ Ⓜ","📚Un enfant a besoin de vous ! 💝

Chaque kit que vous offrez contient toutes les fournitures essentielles pour une rentrée scolaire : manuels scolaires, stylo, cahiers, crayons, trousse etc.
 Faites un geste de solidarité en achetant votre kit via T-money au +228 70 47 54 14.

📍Josel Parc
📅 Samedi, 06 Sep 2025
⏰ 14H30

#AbiScream #Glace #GouterAbisCream #ActionCaritative #Dons #RentréeScolaire #Solidarité #Togo #Lome",0,"08/11/2025 04:33",,,,Global,4312,2997,23,2,0,0,0,https://www.instagram.com/p/DNNpPCAR1uZ/,"Carrousel IG"
18115214371506825,17841444647623511,abiscream,"Ⓐ Ⓑ Ⓘ 'Ⓢ   Ⓒ Ⓡ Ⓔ Ⓐ Ⓜ","L'édition de l'année dernière a été un véritable succès ! 🎉

Grâce au soutien et à l'engagement des donateurs, nous avons rendu le sourire aux enfants. 💝

Soyez acteurs de ce bonheur à la prochaine édition qui se tiendra bientôt en leur offrant des kits scolaires !✨

Rejoignez-nous le : 

📅 Samedi, 06 Sep 2025
📍Josel Parc
⏰ 14H30

𝐄𝐍𝐓𝐑𝐄́𝐄 𝐆𝐑𝐀𝐓𝐔𝐈𝐓𝐄 🎊

☎️ +228 70 47 54 14

#AbiScream #Glace #GouterAbisCream #ActionCaritative #Dons #Evenement #Rentrée #Solidarité #Lomé #Togo",0,"08/09/2025 07:31",,,,Global,631,216,27,1,0,0,0,https://www.instagram.com/p/DNI0AvCRdWA/,"Carrousel IG"
18068403701132847,17841444647623511,abiscream,"Ⓐ Ⓑ Ⓘ 'Ⓢ   Ⓒ Ⓡ Ⓔ Ⓐ Ⓜ","Et si, en partageant un moment convivial, on changeait la rentrée de dizaines d’enfants ? 🎒

Chaque année, trop d’enfants commencent l’école sans fournitures adaptées.
Pour leur donner les mêmes chances de réussir, nous organisons le Goûter Abi’s Cream : un moment gourmand, chaleureux et solidaire.

🍪 Le principe est simple : vous venez profiter d’un goûter, et vous acheter des kits scolaires complets offerts aux enfants démunis.

En participant, vous ne vous régalez pas seulement… Vous offrez un sourire, un espoir et les outils pour apprendre. 💛📚
 Les kit sont disponibles via T-money au +228 70 47 54 14.

📍Josel Parc
📅 Samedi, 06 Sep 2025
⏰ 14H30

#AbiScream #Glace #GouterAbisCream #ActionCaritative #Dons #RentréeScolaire #Solidarité #Togo #Lome",0,"08/08/2025 03:47",,,,Global,2150,2521,103,1,0,0,2,https://www.instagram.com/p/DNF1o6MxMj_/,"Carrousel IG"
17881862829243534,17841444647623511,abiscream,"Ⓐ Ⓑ Ⓘ 'Ⓢ   Ⓒ Ⓡ Ⓔ Ⓐ Ⓜ","Offrir un kit, c'est offrir un avenir ! 💖💝

En participant au Goûter Abi's Cream, vous assurez une rentrée réussie à un enfant démuni. 🎁 

Voici les différents kits que vous pouvez acheter dès maintenant par T-money au +228 70 47 54 14.

📍Josel Parc
📅 Samedi, 06 Sep 2025
⏰ 14H30

On vous y attend nombreux !

#AbiScream #Glace #GouterAbisCream #ActionCaritative #Dons #RentréeScolaire #Solidarité #Togo #Lome",0,"08/07/2025 06:16",,,,Global,303,75,5,0,0,0,0,https://www.instagram.com/p/DNDh2k7xkx5/,"Image IG"
18019455374733659,17841444647623511,abiscream,"Ⓐ Ⓑ Ⓘ 'Ⓢ   Ⓒ Ⓡ Ⓔ Ⓐ Ⓜ","Le Goûter d'Abi's Cream est de retour ! ✨

Cette année, pour la rentrée, nous vous proposons une nouvelle édition de notre événement caritatif : « 𝐀𝐜𝐡𝐞𝐭𝐞𝐫 𝐮𝐧 𝐤𝐢𝐭 𝐬𝐜𝐨𝐥𝐚𝐢𝐫𝐞 𝐩𝐨𝐮𝐫 𝐮𝐧 𝐞𝐧𝐟𝐚𝐧𝐭 𝐝𝐚𝐧𝐬 𝐥𝐞 𝐛𝐞𝐬𝐨𝐢𝐧 𝐞𝐭 𝐥𝐮𝐢 𝐚𝐬𝐬𝐮𝐫𝐞𝐫 𝐮𝐧𝐞 𝐫𝐞𝐧𝐭𝐫𝐞́𝐞 𝐫𝐞́𝐮𝐬𝐬𝐢𝐞. » 💝

Ensemble, rendons le sourire aux enfants démunis. 🎁 

On vous attend le Samedi 06 Sep. 2025 à Josel Parc, pour partager ces moments de joies et de solidarité. 

Faites le vôtre via Tmoney : +228 70 47 54 14

📍Josel Parc
📅 Samedi, 06 Sep 2025
⏰ 14H30

#AbiScream #Glace #GouterAbisCream #ActionCaritative #Dons #RentréeScolaire #Solidarité #Togo #Lome",0,"08/06/2025 05:19",,,,Global,452,175,8,4,0,0,0,https://www.instagram.com/p/DNA2lpQvk08/,"Image IG"
18412892131104294,17841444647623511,abiscream,"Ⓐ Ⓑ Ⓘ 'Ⓢ   Ⓒ Ⓡ Ⓔ Ⓐ Ⓜ","Entrepreneurs, curieux, gourmands ou amoureux de bonnes choses… cet événement est pour vous. ☀️

Viens découvrir nos saveurs 😋 et vivre une belle histoire sucrée, fraîche et pleine de passion. 🫠

Tu ne veux pas manquer ça ! 🥰

📅 Dates : 08 - 10 août 2025
📍 Lieu : Hôtel LEBENE (Ancien Hôtel Ibis)
🎟 Pass/jour : 1000Fr

#AbisCream #RejoinsNous #TheGathering2025 #SoutiensLocal #GlaceEtInspiration #Lome #Togo",51,"08/05/2025 03:07",,,,Global,438,354,10,1,0,0,0,https://www.instagram.com/reel/DM-CO5UtGZw/,"Reel IG"
17881588650245043,17841444647623511,abiscream,"Ⓐ Ⓑ Ⓘ 'Ⓢ   Ⓒ Ⓡ Ⓔ Ⓐ Ⓜ","Rencontres, distractions, musiques, glaces artisanales… 🍦et une belle histoire d’entrepreneuriat à savourer ! ☀️

Du 08 au 10 août, venez découvrir les nouvelles saveurs d’Abi’s Cream à The Gathering. 🎊😋

Derrière chaque saveur, il y a de la passion, de l’audace, et l’envie de vous faire plaisir à chaque cuillerée. 🥰

📅 Dates : 08 - 10 août 2025
📍 Lieu : Hôtel LEBENE (Ancien Hôtel Ibis)
🎟 Pass/jour : 1000 FR

#AbisCream #TheGathering2025 #EntreprendreAvecPassion #Lome #Togo",0,"08/04/2025 04:01",,,,Global,329,80,9,0,0,0,0,https://www.instagram.com/p/DM7j_pbNR9S/,"Carrousel IG"
18018690590727278,17841444647623511,abiscream,"Ⓐ Ⓑ Ⓘ 'Ⓢ   Ⓒ Ⓡ Ⓔ Ⓐ Ⓜ","Chez Abi’s Cream, la glace ne se mange pas… Elle se vit. 🫠

 
📌ABI’S CREAM
Avénou, Café Informatique (Emporter et Livraison)

📌 ABI'S CREAM 
Cité CNSS, Blvd AKEI, Lomé - TOGO (Sur place et emporter)

📲+22870475414 

#AbisCream #HappyHourSucré #Delicieux #PartageGourmand
#MomentDouceur #PauseEnsemble #PauseFraîcheur #GlacesArtisanales #IceCreamLove #Gourmandise #Lomé #Togo",0,"08/02/2025 03:37",,,,Global,293,81,9,0,0,0,0,https://www.instagram.com/p/DM2XvhOx71F/,"Image IG"
18418523767098349,17841446274525857,bonici.africa,bonici.africa,"🎉 𝐆𝐑𝐀𝐍𝐃 𝐉𝐄𝐔 𝐂𝐎𝐍𝐂𝐎𝐔𝐑𝐒 - 𝐎𝐔𝐕𝐄𝐑𝐓𝐔𝐑𝐄 𝐀𝐃𝐄𝐖𝐈 🎉 

À l’occasion de l’ouverture de votre nouveau Bonici TamTam à Adewi, tentez de gagner un bon d’achat 🍕🍔

𝑷𝒐𝒖𝒓 𝒑𝒂𝒓𝒕𝒊𝒄𝒊𝒑𝒆𝒓 𝒄’𝒆𝒔𝒕 𝒔𝒊𝒎𝒑𝒍𝒆 : 
✅ 𝑳𝒊𝒌𝒆𝒛 𝒄𝒆𝒕𝒕𝒆 𝒑𝒖𝒃𝒍𝒊𝒄𝒂𝒕𝒊𝒐𝒏 
✅ 𝑻𝒂𝒈𝒖𝒆𝒛 5 𝒂𝒎𝒊𝒔 𝒆𝒏 𝒄𝒐𝒎𝒎𝒆𝒏𝒕𝒂𝒊𝒓𝒆 

📍 Premier tirage au sort : vendredi à l’occasion de l’assomption

📍 Boulevard de la Kara, en face de la pharmacie Saint-Kisito 

📞 𝗜𝗻𝗳𝗼𝘀 : +𝟮𝟮𝟴 𝟵𝟮 𝟲𝟰 𝟵𝟵 𝟵𝟵 

#BoniciAdewi #Ouverture #JeuConcours #BoniciTogo",0,"08/14/2025 04:09",https://www.instagram.com/p/DNVU8DFISqf/,"Image IG",,Global,3864,2009,189,1,5,20,4
17987733971698673,17841446274525857,bonici.africa,bonici.africa,"📍 𝐀𝐝𝐞𝐰𝐢, 𝐨𝐧 𝐞𝐬𝐭 𝐥𝐚̀ ! 
Bonne nouvelle ! Votre pizzeria Bonici s’installe à Adewi 🎉 

Retrouvez-nous Boulevard de la Kara, juste en face de la pharmacie Saint-Kisito. 

🎁 Pour l’occasion, des surprises et réductions vous attendent ! 

📆 Cérémonie d’ouverture 𝑨𝒖𝒋𝒐𝒖𝒓𝒅'𝒉𝒖𝒊 14 𝑨𝒐𝒖̂𝒕 2025  𝒂̀ 12𝒉 — ne manquez pas ça !

📞 𝐂𝐨𝐦𝐦𝐚𝐧𝐝𝐞 & 𝐢𝐧𝐟𝐨𝐬 : +𝟐𝟐𝟖 𝟗𝟐 𝟔𝟒 𝟗𝟗 𝟗𝟗 
📍 𝐁𝐨𝐧𝐢𝐜𝐢 𝐓𝐚𝐦𝐭𝐚𝐦 – 𝐀𝐝𝐞𝐰𝐢

Bonici, c’est bon ici 🙂‍↕! 

#BoniciAfrica #NouvelleOuverture #Adewi #PizzaLomé #BurgerLovers #OpeningDay",0,"08/14/2025 01:01",https://www.instagram.com/p/DNU_ZnkIsyi/,"Image IG",,Global,825,184,10,5,0,0,0
18019039604702967,17841446274525857,bonici.africa,bonici.africa,"Week-end sans plan ? On a ce qu’il vous faut. 😏

Pas besoin de chercher loin pour passer un bon moment. Votre prochaine destination c’est Bonici. Bonne ambiance, bons plats, avec vos amis assurés.

On vous attend !

👉🏾 Retrouvez-nous dans tous les restaurants Bonici :
 📍Agoé Carrefour 2 Lions : +228 92 32 32 32
 📍Rond-Point Ramatou : +228 92 65 65 65
 📍Aného Kpota : +228 92 51 51 51
 📍Nyékonakpoè Adjololo : +228 93 45 45 45
 📍Bonici TAMTAM : +228 92 64 99 99
 📍Kpalimé : +228 92 13 91 91
 📍 Kara : +228 93 71 71 71

#BoniciAfrica",0,"07/25/2026 05:22",https://www.instagram.com/p/DbNzdj_inLe/,"Carrousel IG",,Global,131,58,2,0,0,0,0
18122615150500004,17841446274525857,bonici.africa,bonici.africa,"Les enfants ont été sages toute l’année. Ils méritent leur petite sortie et de détente. 

 Emmenez-les chez Bonici et on s’occupe du reste !

👉🏾 Retrouvez-nous dans tous les restaurants Bonici :
 📍Agoé Carrefour 2 Lions : +228 92 32 32 32
 📍Rond-Point Ramatou : +228 92 65 65 65
 📍Aného Kpota : +228 92 51 51 51
 📍Nyékonakpoè Adjololo : +228 93 45 45 45
 📍Bonici TAMTAM : +228 92 64 99 99
 📍Kpalimé : +228 92 13 91 91
 📍 Kara : +228 93 71 71 71

#BoniciAfrica",0,"07/24/2026 08:44",https://www.instagram.com/p/DbLl2r-ClOj/,"Image IG",,Global,58,30,0,0,0,0,0
17870129367630690,17841446274525857,bonici.africa,bonici.africa,"Les vacances avec un bon repas à Bonici c’est encore mieux. 😎

Pas de réveil tôt, pas de stress, juste vous, votre appétit et la carte Bonici devant vous. Burgers, poulet, plats chauds… prenez votre temps, vous êtes en vacances après tout.

👉🏾 Retrouvez-nous dans tous les restaurants Bonici :
 📍Agoé Carrefour 2 Lions : +228 92 32 32 32
 📍Rond-Point Ramatou : +228 92 65 65 65
 📍Aného Kpota : +228 92 51 51 51
 📍Nyékonakpoè Adjololo : +228 93 45 45 45
 📍Bonici TAMTAM : +228 92 64 99 99
 📍Kpalimé : +228 92 13 91 91
 📍 Kara : +228 93 71 71 71

#BoniciAfrica",0,"07/23/2026 03:36",https://www.instagram.com/p/DbId0d3CpcS/,"Carrousel IG",,Global,110,49,4,0,0,0,0
18102945629152958,17841446274525857,bonici.africa,bonici.africa,"C’est le dernier jour, pour de vrai cette fois. 🤗

Le Combo Box Poulet + Burger + Frites + Boisson à 5 000 FCFA, c’est aujourd’hui que ça se termine. Après ça, l’offre disparaît et vous allez nous dire que vous n’étiez pas au courant. Alors voilà, vous êtes au courant.

On vous attend chez Bonici, aujourd’hui ! 👊🏾

📍 Bonici Kara, à côté de la station Zener
📲 +228 93 71 71 71

#BoniciAfrica #Evala",0,"07/22/2026 04:05",https://www.instagram.com/p/DbF8VRSitKv/,"Carrousel IG",,Global,78,39,3,0,0,0,0
18382297615165642,17841446274525857,bonici.africa,bonici.africa,"Petit rappel sympa : le Combo à 5 000 FCFA, c’est jusqu’à demain seulement ! ⏰

Box Poulet + Burger + Frites + Boisson. Tout ça à 5 000 francs. Si vous êtes toujours à Kara et vous n’en avez pas encore profité, c’est vraiment le moment ou jamais.

Demain soir, c’est terminé. On vous aura prévenus. 🙃

📍 Bonici Kara, à côté de la station Zener
📲 +228 93 71 71 71

#BoniciAfrica #Evala",0,"07/21/2026 06:44",https://www.instagram.com/p/DbDpwAyihxG/,"Carrousel IG",,Global,62,34,2,0,0,0,0
18027550754837666,17841446274525857,bonici.africa,bonici.africa,"C’est le week-end, c’est -10% et c’est aujourd’hui ! 🥳

Tous les menus Bonici Kara sont à -10% aujourd’hui et demain. Donc si vous hésitiez encore à venir, là c’est le signe qu’il vous fallait.

On vous attend, la table est prête ! 😄

📍 Bonici Kara, à côté de la station Zener
📲 +228 93 71 71 71

#BoniciAfrica #Evala",0,"07/19/2026 05:51",https://www.instagram.com/p/Da-aE9dCgS9/,"Carrousel IG",,Global,61,29,2,0,0,0,0
18201604690368074,17841446274525857,bonici.africa,bonici.africa,"On vous rappelle qu’on est toujours là avec le Combo à 5 000 FCFA. 😏

Box Poulet + Burger + Frites + Boisson. Complet, généreux, et valable jusqu’au 22 juillet. Que vous soyez encore à Kara ou que vous veniez juste pour le week-end, c’est le combo qu’il vous faut.

Pas besoin de chercher ailleurs, la bonne adresse vous la connaissez déjà.

📍 Bonici Kara — jusqu’au 22 juillet
📲 +228 93 71 71 71

#BoniciAfrica #Evala",0,"07/19/2026 05:50",https://www.instagram.com/p/Da-Z7_vCszx/,"Carrousel IG",,Global,77,34,3,0,0,0,0
18083892539663163,17841446274525857,bonici.africa,bonici.africa,"Au cas où vous n’auriez pas suivi, voilà ce qui se passe chez Bonici en ce moment 👇🏾

🍔 Combo complet à 5 000 FCFA (Box Poulet + Burger + Frites + Boisson) — jusqu’au 22 juillet

🍔 Fast-food + Boisson à 2 000 FCFA — jusqu’au 16 juillet, donc aujourd’hui c’est le dernier jour !

🎊 -10% sur tous les menus ce week-end 18 & 19 juillet

Voilà, maintenant vous savez tout. À vous de jouer ! 😄

📍 Bonici Kara, à côté de la station Zener
📲 +228 93 71 71 71

#BoniciAfrica #Evala",0,"07/16/2026 12:43",https://www.instagram.com/p/Da3axiCCkhr/,"Carrousel IG",,Global,112,43,2,0,0,0,0
18236693317313513,17841446274525857,bonici.africa,bonici.africa,"On termine Evala en beauté ! 😎

Ce week-end, le 18 et 19 juillet, c’est -10% sur tous les menus chez Bonici Kara. Tous les menus, sans exception. Donc que vous soyez du genre burger ou plutôt plat du jour, c’est votre week-end.

Profitez-en bien, c’est les derniers jours des festivités. 👌🏾

📍 Bonici Kara, à côté de la station Zener
📲 +228 93 71 71 71

#BoniciAfrica #Evala.",0,"07/15/2026 05:55",https://www.instagram.com/p/Da0HTV7ionm/,"Image IG",,Global,68,37,1,0,0,0,0
17978902784879204,17841446274525857,bonici.africa,bonici.africa,"Kara pendant Evala, c’est aussi ça : tomber sur quelqu’un qu’on n’a pas vu depuis longtemps et se dire « allez, on va manger à Bonici ! »

Bonne table, bonne ambiance, bonne bouffe. C’est tout ce qu’il faut pour rattraper le temps perdu.

📍 Bonici Kara, à côté de la station Zener
📲 +228 93 71 71 71

#BoniciAfrica #Evala",0,"07/14/2026 07:55",https://www.instagram.com/p/DaxwRowCt-k/,"Image IG",,Global,68,38,1,0,0,0,0
18046822487583469,17841446274525857,bonici.africa,bonici.africa,"2000 FCFA et vous mangez bien, pour de vrai. 🤩

Fast-food + Boisson fraîche, le tout à 2 000 FCFA, du 13 au 16 juillet. Que vous soyez étudiant, touriste ou juste quelqu’un qui veut manger sans se ruiner pendant Evala, ce combo c’est pour vous.

Alors qu’attendez-vous ?

📍 Bonici Kara
📲 +228 93 71 71 71

#BoniciAfrica #Evala",0,"07/11/2026 07:52",https://www.instagram.com/p/DaqBgPNijqB/,"Image IG",,Global,129,76,7,0,0,1,0
17924617323379176,17841446274525857,bonici.africa,bonici.africa,"Box Poulet + Burger + Frites + Boisson, tout ça à 5 000 FCFA, et c’est valable du 11 au 22 juillet. 

Deux semaines pour en profiter, pas d’excuses. Kara pendant Evala + Bonici = équation parfaite. ✅

📍 Bonici Kara
📲 +228 93 71 71 71

#BoniciAfrica #Evala",0,"07/10/2026 08:09",https://www.instagram.com/p/DanetoyCj2P/,"Image IG",,Global,84,50,2,0,0,0,0
17973557313072588,17841446274525857,bonici.africa,bonici.africa,"Du 10 au 12 juillet, on vous gâte un peu. 🥳

Commandez votre menu fast-food et on vous offre un cocktail. Tout se passe chez BONICI KARA.

📍 Bonici Kara
📲 +228 93 71 71 71

#BoniciAfrica #Evala",0,"07/10/2026 01:47",https://www.instagram.com/p/DamzBL4Cr2t/,"Image IG",,Global,140,94,3,1,0,0,0
18136772011562517,17841446274525857,bonici.africa,bonici.africa,"La route vers Kara, c’est déjà l’aventure. Autant la commencer le ventre plein.😎

Passez à Bonici, pour récupérer vos box bien emballés. Direction Kara, et on se retrouve là-bas. 🚗

Dites-nous déjà en commentaire si vous êtes déjà sur place. 

Pour vous régaler en attendant Evala :
 📍Agoé Carrefour 2 Lions : +228 92 32 32 32
 📍Rond-Point Ramatou : +228 92 65 65 65
 📍Aného Kpota : +228 92 51 51 51
 📍Nyékonakpoè Adjololo : +228 93 45 45 45
 📍Bonici TAMTAM : +228 92 64 99 99
 📍Kpalimé : +228 92 13 91 91
 📍 Kara : +228 93 71 71 71

#BoniciAfrica #Evala",0,"07/08/2026 05:02",https://www.instagram.com/p/Dah_qXTCidX/,"Image IG",,Global,89,50,3,0,0,0,0
17942546694259286,17841446274525857,bonici.africa,bonici.africa,"« On mange où aujourd’hui ? » : la phrase qu’on entend le plus à Kara pendant Evala. 🤨

Nous on a la réponse depuis le début : BONICI AFRICA. Bon cadre, plats variés, et surtout zéro mauvaise surprise pour votre ventre.

Et si vous voulez être tranquille pour une journée complète, prenez le Ticket Buffet Evala. Vous choisissez votre jour (15, 16 ou 17 juillet), et c’est buffet à volonté, sans rien à gérer.

📍 Bonici Kara, à côté de la station Zener
📲 +228 93 71 71 71

#BoniciAfrica #Evala",0,"07/06/2026 10:13",https://www.instagram.com/p/DadZwCKCjOq/,"Image IG",,Global,95,54,2,0,0,0,0
18104023298121518,17841446274525857,bonici.africa,bonici.africa,"Imaginez : manger à volonté pendant toute une journée, sans vous prendre la tête. Ça existe, et c’est chez nous. 😏

Les tickets Buffet Evala sont dispo dès maintenant, dans tous les Bonici. Pour 10 000 FCFA, valable pour une journée au choix parmi le 15, 16 ou 17 juillet :
✓ Buffet à volonté
✓ Welcome drink
✓ Jus naturel offert
✓ Ambiance musicale

Vous choisissez votre jour, vous prenez votre ticket, et c’est réglé. Plus besoin de courir partout pour chercher où manger.

POINTS DE VENTE DES TICKETS :
📍Agoé Carrefour 2 Lions : +228 92 32 32 32
 📍Rond-Point Ramatou : +228 92 65 65 65
 📍Aného Kpota : +228 92 51 51 51
 📍Nyékonakpoè Adjololo : +228 93 45 45 45
 📍Bonici TAMTAM : +228 92 64 99 99
 📍Kpalimé : +228 92 13 91 91
 📍 Kara : +228 93 71 71 71

#BoniciAfrica #Evala",0,"07/04/2026 04:06",https://www.instagram.com/p/DaXmFElCheD/,"Image IG",,Global,159,89,7,0,0,0,0
18086813057128729,17841446274525857,bonici.africa,bonici.africa,"Kara vous attend !

Vous débarquez, vous ne connaissez pas trop le coin, et la dernière chose que vous voulez c’est tomber sur un plat qui vous fait mal au ventre en pleine festivités On vous comprend.

Chez Bonici, c’est simple : bon cadre, bons plats, et vous repartez tranquille pour profiter d’Evala comme il faut.

On vous garde une place !

Pour vous régaler en attendant Evala :
 📍Agoé Carrefour 2 Lions : +228 92 32 32 32
 📍Rond-Point Ramatou : +228 92 65 65 65
 📍Aného Kpota : +228 92 51 51 51
 📍Nyékonakpoè Adjololo : +228 93 45 45 45
 📍Bonici TAMTAM : +228 92 64 99 99
 📍Kpalimé : +228 92 13 91 91
 📍 Kara : +228 93 71 71 71

#BoniciAfrica #Evala",0,"07/03/2026 02:06",https://www.instagram.com/p/DaUzmUuCqXy/,"Image IG",,Global,187,121,6,1,0,0,0
18085354682158179,17841446274525857,bonici.africa,bonici.africa,"J-10 avant Evala 

On sait que se demander chaque jour « on mange quoi, on mange où » ça fatigue plus vite que la lutte elle-même. 😂

Venez, on a tout prévu pour vous même au petit budget. 🤭

Pour vous régaler en attendant Evala :
 📍Agoé Carrefour 2 Lions : +228 92 32 32 32
 📍Rond-Point Ramatou : +228 92 65 65 65
 📍Aného Kpota : +228 92 51 51 51
 📍Nyékonakpoè Adjololo : +228 93 45 45 45
 📍Bonici TAMTAM : +228 92 64 99 99
 📍Kpalimé : +228 92 13 91 91
 📍 Kara : +228 93 71 71 71

#BoniciAfrica #Evala",0,"07/02/2026 06:17",https://www.instagram.com/p/DaSrezQCpJL/,"Image IG",,Global,63,43,2,0,0,0,0
18129910315578973,17841446274525857,bonici.africa,bonici.africa,"Evala arrive et on sait déjà ce qui vous tracasse un peu : « mais où je vais manger toute la semaine moi ? »😅

Relax, BONICI AFRICA s’occupe de ça.

Et cadeau bonus : toute la semaine d’Evala, on vous fait des offres sympas sur nos plats. Autant en profiter !

Pour vous régaler en attendant Evala :
 📍Agoé Carrefour 2 Lions : +228 92 32 32 32
 📍Rond-Point Ramatou : +228 92 65 65 65
 📍Aného Kpota : +228 92 51 51 51
 📍Nyékonakpoè Adjololo : +228 93 45 45 45
 📍Bonici TAMTAM : +228 92 64 99 99
 📍Kpalimé : +228 92 13 91 91
 📍 Kara : +228 93 71 71 71

#BoniciAfrica #Evala",0,"07/01/2026 07:03",https://www.instagram.com/p/DaQMAS8ivp3/,"Image IG",,Global,130,79,5,0,0,0,0
18055899623691810,17841446274525857,bonici.africa,bonici.africa,"💘 Un Dîner Duo pour célébrer l’amour. 🔥

Offrez-vous un moment d’exception à deux… Un menu pensé pour partager, savourer et créer de précieux souvenirs. 🥰💝

🚨OFFRE VALABLE QUE POUR LE 14 FEVRIER 

𝐂𝐡𝐨𝐢𝐬𝐢𝐬𝐬𝐞𝐳 𝐥𝐞 𝐩𝐨𝐢𝐧𝐭 𝐁𝐨𝐧𝐢𝐜𝐢 𝐥𝐞 𝐩𝐥𝐮𝐬 𝐩𝐫𝐨𝐜𝐡𝐞 :
 📍Agoé Carrefour 2 Lions : +228 92 32 32 32
 📍Rond-Point Ramatou : +228 92 65 65 65
 📍Aného Kpota : +228 92 51 51 51
 📍Nyékonakpoè Adjololo : +228 93 45 45 45
 📍Bonici TAMTAM : +228 92 64 99 99
 📍Kpalimé : +228 92 13 91 91
 📍 Kara : +228 93 71 71 71

#BoniciAfrica #saintvalentin❤️ 
#loveandfood",0,"02/14/2026 08:22",https://www.instagram.com/p/DUvq-MviF4f/,"Carrousel IG",,Global,159,90,3,0,0,0,1
18312282241284953,17841446274525857,bonici.africa,bonici.africa,"💘Joyeuse St Valentin avec BONICI💘 

#BoniciAfrica #saintvalentin",9,"02/14/2026 04:48",https://www.instagram.com/reel/DUvSaGziLmt/,"Reel IG",,Global,112,237,1,0,0,0,0
18127723969532130,17841446274525857,bonici.africa,bonici.africa,"💘 Cette Saint-Valentin, partagez plus qu’une pizza… beaucoup d’amour et créez des souvenirs ! 📸🤩

🚨OFFRE VALABLE QUE POUR LE 14 FEVRIER 

𝐂𝐡𝐨𝐢𝐬𝐢𝐬𝐬𝐞𝐳 𝐥𝐞 𝐩𝐨𝐢𝐧𝐭 𝐁𝐨𝐧𝐢𝐜𝐢 𝐥𝐞 𝐩𝐥𝐮𝐬 𝐩𝐫𝐨𝐜𝐡𝐞 :
 📍Agoé Carrefour 2 Lions : +228 92 32 32 32
 📍Rond-Point Ramatou : +228 92 65 65 65
 📍Aného Kpota : +228 92 51 51 51
 📍Nyékonakpoè Adjololo : +228 93 45 45 45
 📍Bonici TAMTAM : +228 92 64 99 99
 📍Kpalimé : +228 92 13 91 91
 📍 Kara : +228 93 71 71 71

#BoniciAfrica #saintvalentin 
#loveandfood",0,"02/14/2026 01:33",https://www.instagram.com/p/DUu8KtIDtE5/,"Carrousel IG",,Global,129,70,2,0,0,0,0
18101638903885155,17841446274525857,bonici.africa,bonici.africa,"De magnifiques opportunités s’offrent à vous pour célébrer la Saint-Valentin dans les points BONICI ! 💘

🎁 Participez à notre JEU TOMBOLA et laissez la magie opérer… Qui sait, l’amour et la chance pourrait bien être au rendez-vous ! 🤗💝

🚨LIRE LES CONDITIONS SUR L’AFFICHE ! 😊

𝐂𝐡𝐨𝐢𝐬𝐢𝐬𝐬𝐞𝐳 𝐥𝐞 𝐩𝐨𝐢𝐧𝐭 𝐁𝐨𝐧𝐢𝐜𝐢 𝐥𝐞 𝐩𝐥𝐮𝐬 𝐩𝐫𝐨𝐜𝐡𝐞 :
 📍Agoé Carrefour 2 Lions : +228 92 32 32 32
 📍Rond-Point Ramatou : +228 92 65 65 65
 📍Aného Kpota : +228 92 51 51 51
 📍Nyékonakpoè Adjololo : +228 93 45 45 45
 📍Bonici TAMTAM : +228 92 64 99 99
 📍Kpalimé : +228 92 13 91 91
 📍 Kara : +228 93 71 71 71

#BoniciAfrica #saintvalentin❤️ 
#loveandfood",0,"02/13/2026 09:12",https://www.instagram.com/p/DUtL19RCDS8/,"Image IG",,Global,92,55,1,0,0,0,0
18423168217143467,17841446274525857,bonici.africa,bonici.africa,"L’amour en livraison ❤️🚀 sur GoZem jusqu’à -𝟐𝟓% sur nos packs ce 14 Février. 🎊

𝐂𝐡𝐨𝐢𝐬𝐢𝐬𝐬𝐞𝐳 𝐥𝐞 𝐩𝐨𝐢𝐧𝐭 𝐁𝐨𝐧𝐢𝐜𝐢 𝐥𝐞 𝐩𝐥𝐮𝐬 𝐩𝐫𝐨𝐜𝐡𝐞 :
 📍Agoé Carrefour 2 Lions : +228 92 32 32 32
 📍Rond-Point Ramatou : +228 92 65 65 65
 📍Aného Kpota : +228 92 51 51 51
 📍Nyékonakpoè Adjololo : +228 93 45 45 45
 📍Bonici TAMTAM : +228 92 64 99 99
 📍Kpalimé : +228 92 13 91 91
 📍 Kara : +228 93 71 71 71

#BoniciAfrica #saintvalentin 
#loveandfood",0,"02/11/2026 03:23",https://www.instagram.com/p/DUnaXSTjs8B/,"Image IG",,Global,4623,20707,36,0,2,0,2
18150854503451322,17841446274525857,bonici.africa,bonici.africa,"Un dîner, deux cœurs, une adresse : BONICI 🔥❤️

Votre couple mérite ce moment chez nous ! 🥰😋

🚨𝐓𝐈𝐂𝐊𝐄𝐓𝐒 𝐃𝐈𝐒𝐏𝐎𝐍𝐈𝐁𝐋𝐄𝐒 𝐃𝐀𝐍𝐒 𝐓𝐎𝐔𝐒 𝐋𝐄𝐒 𝐏𝐎𝐈𝐍𝐓𝐒 𝐁𝐎𝐍𝐈𝐂𝐈 

𝐂𝐡𝐨𝐢𝐬𝐢𝐬𝐬𝐞𝐳 𝐥𝐞 𝐩𝐨𝐢𝐧𝐭 𝐁𝐨𝐧𝐢𝐜𝐢 𝐥𝐞 𝐩𝐥𝐮𝐬 𝐩𝐫𝐨𝐜𝐡𝐞 :
 📍Agoé Carrefour 2 Lions : +228 92 32 32 32
 📍Rond-Point Ramatou : +228 92 65 65 65
 📍Aného Kpota : +228 92 51 51 51
 📍Nyékonakpoè Adjololo : +228 93 45 45 45
 📍Bonici TAMTAM : +228 92 64 99 99
 📍Kpalimé : +228 92 13 91 91
 📍 Kara : +228 93 71 71 71

#BoniciAfrica #SaintValentin
#LoveAndFood",0,"02/10/2026 08:31",https://www.instagram.com/p/DUlYx-KjqCW/,"Image IG",,Global,1590,9859,13,0,1,0,0
18557161861013683,17841446274525857,bonici.africa,bonici.africa,"Le meilleur bon plan love c’est chez BONICI. 💘🍔 

Venez vivre à votre manière l’amour ce 14 Février ! 🔥

𝐂𝐡𝐨𝐢𝐬𝐢𝐬𝐬𝐞𝐳 𝐥𝐞 𝐩𝐨𝐢𝐧𝐭 𝐁𝐨𝐧𝐢𝐜𝐢 𝐥𝐞 𝐩𝐥𝐮𝐬 𝐩𝐫𝐨𝐜𝐡𝐞 :

 📍Agoé Carrefour 2 Lions : +228 92 32 32 32
 📍Rond-Point Ramatou : +228 92 65 65 65
 📍Aného Kpota : +228 92 51 51 51
 📍Nyékonakpoè Adjololo : +228 93 45 45 45
 📍Bonici TAMTAM : +228 92 64 99 99
 📍Kpalimé : +228 92 13 91 91
 📍 Kara : +228 93 71 71 71

#BoniciAfrica #SaintValentin
#LoveAndFood",0,"02/09/2026 13:24",https://www.instagram.com/p/DUjVkOjjupa/,"Image IG",,Global,3748,13424,12,0,3,0,1
18067994567162105,17841446274525857,bonici.africa,bonici.africa,"𝐂𝐡𝐨𝐢𝐬𝐢𝐬𝐬𝐞𝐳 𝐥𝐞 𝐩𝐨𝐢𝐧𝐭 𝐁𝐨𝐧𝐢𝐜𝐢 𝐥𝐞 𝐩𝐥𝐮𝐬 𝐩𝐫𝐨𝐜𝐡𝐞 : 😉

 📍Agoé Carrefour 2 Lions : +228 92 32 32 32

 📍Rond-Point Ramatou : +228 92 65 65 65

 📍Aného Kpota : +228 92 51 51 51

 📍Nyékonakpoè Adjololo : +228 93 45 45 45

 📍Bonici TAMTAM : +228 92 64 99 99

 📍Kpalimé : +228 92 13 91 91

 📍 Kara : +228 93 71 71 71

#BoniciAfrica #christmasornaments  #bonplan",0,"12/24/2025 01:56",https://www.instagram.com/p/DSpFeJgjFhT/,"Image IG",,Global,196,104,1,0,0,0,1
18040439369457592,17841446274525857,bonici.africa,bonici.africa,"𝐁𝐨𝐧… 𝐨𝐧 𝐯𝐨𝐮𝐬 𝐜𝐨𝐧𝐬𝐞𝐢𝐥𝐥𝐞 𝐝𝐞 𝐩𝐚𝐬𝐬𝐞𝐫 𝐚𝐩𝐫𝐞̀𝐬 𝐥’𝐞́𝐠𝐥𝐢𝐬𝐞 😂🥰

 
 𝐂𝐡𝐨𝐢𝐬𝐢𝐬𝐬𝐞𝐳 𝐥𝐞 𝐩𝐨𝐢𝐧𝐭 𝐁𝐨𝐧𝐢𝐜𝐢 𝐥𝐞 𝐩𝐥𝐮𝐬 𝐩𝐫𝐨𝐜𝐡𝐞 :
 📍Agoé Carrefour 2 Lions : +228 92 32 32 32
 📍Rond-Point Ramatou : +228 92 65 65 65
 📍Aného Kpota : +228 92 51 51 51
 📍Nyékonakpoè Adjololo : +228 93 45 45 45
 📍Bonici TAMTAM : +228 92 64 99 99
 📍Kpalimé : +228 92 13 91 91
 📍 Kara : +228 93 71 71 71

 #BoniciAfrica #BonneAmbiance #CommenceBienTaSemain",32,"09/21/2025 05:30",https://www.instagram.com/reel/DO3UYAhAZgq/,"Reel IG",,Global,176,135,5,0,0,0,0
18076214795082641,17841446274525857,bonici.africa,bonici.africa,"Tu cherches un espace parfait pour faire jolies
 photos tout en profitant d’un bon repas ? ? 

 Regarde juste ce cadre… et ose me dire que ça ne
 te tente pas 😁😉

 📍 Bonici TAMTAM : +228 92 64 99 99
 
 Bonici, c’est bon ici.
 #BoniciAfrica  #WeekendMood",20,"09/20/2025 05:31",https://www.instagram.com/reel/DO0vpyhlE-Q/,"Reel IG",,Global,149,117,6,0,0,0,0
17974396667775944,17841446274525857,bonici.africa,bonici.africa,"𝐄𝐭 𝐭𝐨𝐢, 𝐜’𝐞𝐬𝐭 𝐪𝐮𝐨𝐢 𝐭𝐨𝐧 𝐬𝐭𝐚𝐭𝐮𝐭 ? 𝐂𝐞́𝐥𝐢𝐛𝐚𝐭𝐚𝐢𝐫𝐞, 𝐞𝐧 𝐜𝐨𝐮𝐩𝐥𝐞, 𝐜𝐨𝐦𝐩𝐥𝐢𝐪𝐮𝐞́… ? 

 Écris-le en commentaire 
Qui sait, ton futur crush t’attend
 peut-être ici…pour un date chez Bonici 😌🥰

 #BoniciAfrica  #FaimEtNerfs #CestBonIci",0,"09/19/2025 05:30",https://www.instagram.com/p/DOyKvmviKnN/,"Image IG",,Global,396,105,5,0,0,1,0
18171617581360100,17841446274525857,bonici.africa,bonici.africa,"Il paraît qu’il y a des gens allergiques au riz… Vous en faites partie ?
 
📍 Ton accès direct aux bons plans Bonici, c’est ici : https://whatsapp.com/channel/0029Vb5ePcm2ZjCptchBSq1n
 
 Bonici, c’est bon ici !

 #BoniciAfrica #riz #BonAppétit",0,"09/18/2025 03:30",https://www.instagram.com/p/DOvYOYCj6wJ/,"Image IG",,Global,400,107,6,0,0,0,0
18528349135003373,17841446274525857,bonici.africa,bonici.africa,"Il y a pizza… et pizza 

 As-tu déjà goûté la nôtre ?
 Si non, tu rates quelque chose 

 📲Commandez directement sur Gozem et reçois ta pizza
 👉https://pagelink.gozem.co/z6hG
 
#BoniciAfrica  #pizzatogo🍕 
 #GozemTogo",0,"09/17/2025 05:30",https://www.instagram.com/p/DOtBLKFCdAM/,"Carrousel IG",,Global,429,119,5,1,0,0,1
18408614989118689,17841446274525857,bonici.africa,bonici.africa,,20,"09/16/2025 22:56",https://www.instagram.com/reel/DOsUC7nDnDi/,"Reel IG",,Global,221,174,7,0,0,1,0
17981105879856138,17841446274525857,bonici.africa,bonici.africa,"𝐓𝐚𝐠𝐮𝐞 𝐜𝐞𝐭 𝐚𝐦𝐢 𝐪𝐮𝐢 𝐚 𝐥’𝐚𝐢𝐫 𝐞́𝐧𝐞𝐫𝐯𝐞́ 𝐝𝐞̀𝐬 𝐪𝐮’𝐢𝐥 𝐧’𝐚 𝐩𝐚𝐬 𝐦𝐚𝐧𝐠𝐞́ 😅
On connaît tous quelqu’un comme ça ! 👀🍽️

🟢 Rejoins notre chaîne WhatsApp pour ne rien manquer :
https://whatsapp.com/channel/0029Vb5ePcm2ZjCptchBSq1n

 Bonici, c’est bon ici.

#BoniciAfrica #TeamFaim #MoodSansBouffe #FaimEtNerfs #CestBonIci",0,"09/12/2025 05:30",https://www.instagram.com/p/DOgJL40jA2C/,"Image IG",,Global,330,89,2,0,0,0,0
17865112500452868,17841446274525857,bonici.africa,bonici.africa,"🔥
 Un pain doré et moelleux, une viande juteuse, du cheddar fondant,
 des légumes frais… tout est réuni pour un burger qui fait saliver rien
 qu’en le regardant 
�
�🍔
 👉
 Et si c’était votre pause gourmande d’aujourd’hui ?
 Passez chez Bonici et laissez-vous tenter…
 📍
 Ton accès direct aux bons plans Bonici, c’est ici :
 https://whatsapp.com/channel/0029Vb5ePcm2ZjCptchBSq1n 
Bonici, c’est bon ici.
 #BoniciAfrica #BurgerTime #FoodVibes #BonAppétit",0,"09/11/2025 03:30",https://www.instagram.com/p/DOdWq8pgWJp/,"Image IG",,Global,318,74,4,0,0,0,0
18055552226178618,17841446274525857,bonici.africa,bonici.africa,"𝐏𝐚𝐬 𝐥𝐞 𝐭𝐞𝐦𝐩𝐬 𝐝𝐞 𝐜𝐮𝐢𝐬𝐢𝐧𝐞𝐫 ?
 𝐀𝐯𝐞𝐜 𝐁𝐨𝐧𝐢𝐜𝐢, 𝐩𝐥𝐮𝐬 𝐛𝐞𝐬𝐨𝐢𝐧 𝐝𝐞 𝐬𝐭𝐫𝐞𝐬𝐬𝐞𝐫 !
 📲
 Commandez directement sur Gozem et recevez  vos
 plats préférés en un rien de temps 
�
�💨
 📍
 Rendez-vous  sur Gozem et Passe ta commande !.
 https://pagelink.gozem.co/z6hG
 🍕
 Bonici, c’est bon ici… livré chez vous !
 #BoniciAfrica #FoodDelivery #PizzaTime #GozemTog",0,"09/10/2025 05:30",https://www.instagram.com/p/DOa_mhZjIY9/,"Image IG",,Global,343,85,1,0,0,0,0
18060484706094610,17841446274525857,bonici.africa,bonici.africa,"𝐍𝐨𝐮𝐬 𝐬𝐨𝐦𝐦𝐞𝐬 𝐨𝐮𝐯𝐞𝐫𝐭𝐬 !  𝐩𝐨𝐮𝐫 𝐯𝐨𝐮𝐬 𝐬𝐞𝐫𝐯𝐢𝐫 !
 𝐔𝐧 𝐩𝐞𝐭𝐢𝐭 𝐜𝐫𝐞𝐮𝐱 ? 𝐏𝐚𝐬𝐬𝐞𝐳 𝐧𝐨𝐮𝐬 𝐯𝐨𝐢𝐫 
�
�
 📲
 Rejoignez notre chaîne WhatsApp :
 👉
 https://whatsapp.com/channel/0029Vb5ePcm2ZjCptchBSq1n
 ✨
 Bonici, c’est bon ici !
 Choisissez votre point Bonici le plus proche :
 Agoé Carrefour 2 Lions : +228 92 32 32 32
 Rond-Point Ramatou : +228 92 65 65 65
 Aného Kpota : +228 92 51 51 51
 Nyékonakpoè Adjololo : +228 93 45 45 45
 Bonici TAMTAM : +228 92 64 99 99
 Kpalimé : +228 92 13 91 91
 Kara : +228 93 71 71 71
 #BoniciAfrica #BonAppétit #FoodVibes #BonneHumeurAssurée
 #CommenceBienTaSemaine",8,"09/09/2025 05:30",https://www.instagram.com/reel/DOYa0YlgRk4/,"Reel IG",,Global,149,98,1,0,0,0,0
17999124662813684,17841446274525857,bonici.africa,bonici.africa,"Et si tu passais chez Bonici pour prendre ce que tu mérites ?
Un bon cocktail de fruits bien frais !

😋 Passe prendre ton cocktail de fruits dans l’un de nos restaurants.
📲 Rejoignez notre chaîne WhatsApp :
https://whatsapp.com/channel/0029Vb5ePcm2ZjCptchBSq1n
Bonici, c’est bon ici.

choisie ton point Bonici le plus proche :
Agoé Carrefour 2 Lions : +228 92 32 32 32
Rond-Point Ramatou : +228 92 65 65 65
Aného Kpota : +228 92 51 51 51
Nyékonakpoè Adjololo : +228 93 45 45 45
Bonici TAMTAM : +228 92 64 99 99
Kpalimé : +228 92 13 91 91
Kara : +228 93 71 71 71

#BoniciAfrica #CocktailTime #PauseFruité #FraisEtSavoureux",14,"08/31/2025 11:33",https://www.instagram.com/reel/DOB5KEcAp1u/,"Reel IG",,Global,259,169,5,0,1,0,0
18090059812778683,17841446274525857,bonici.africa,bonici.africa,"𝐂𝐡𝐚𝐥𝐥𝐞𝐧𝐠𝐞 𝐅𝐥𝐚𝐬𝐡 𝐁𝐨𝐧𝐢𝐜𝐢 𝐓𝐚𝐦𝐓𝐚𝐦 ! 
𝐒𝐨𝐢𝐬 𝐥𝐞 𝐩𝐫𝐞𝐦𝐢𝐞𝐫 𝐚̀ 𝐫𝐞𝐥𝐞𝐯𝐞𝐫 𝐥𝐞 𝐝𝐞́𝐟𝐢 🔥

𝐂𝐨𝐦𝐦𝐞𝐧𝐭 𝐩𝐚𝐫𝐭𝐢𝐜𝐢𝐩𝐞𝐫 ? 
1️⃣ Rends-toi au restaurant Bonici TamTam – Adéwi 
2️⃣ Achète un produit (même une simple canette 🍹) 
3️⃣ Prends une photo dans notre cadre spécial 📸 
4️⃣ Poste-la sur tes réseaux sociaux en mentionnant @BoniciAfrica

🎁 Le tout premier participant gagne instantanément un bon d’achat de 10.000 FCFA !

⚠ 𝐷𝑒̀𝑠 𝑞𝑢’𝑢𝑛 𝑔𝑎𝑔𝑛𝑎𝑛𝑡 𝑒𝑠𝑡 𝑎𝑛𝑛𝑜𝑛𝑐𝑒́, 𝑙𝑒 𝑐ℎ𝑎𝑙𝑙𝑒𝑛𝑔𝑒 𝑝𝑟𝑒𝑛𝑑 𝑓𝑖𝑛 𝑖𝑚𝑚𝑒́𝑑𝑖𝑎𝑡𝑒𝑚𝑒𝑛𝑡 !

📍 𝐋𝐢𝐞𝐮 : Bonici TamTam — Adéwi, Boulevard de la Kara, face pharmacie Saint-Kisito 
🗓 𝐕𝐚𝐥𝐚𝐛𝐥𝐞 𝐮𝐧𝐢𝐪𝐮𝐞𝐦𝐞𝐧𝐭 𝐝𝐮 𝟑𝟎 𝐚𝐮 𝟑𝟏 𝐚𝐨𝐮̂𝐭 𝟐𝟎𝟐𝟓

#BoniciAfrica #ChallengeBonici #TamTamBonici #JeuConcours #GagneTonBon #PromoLomé  #FastFoodTogo",0,"08/29/2025 10:49",https://www.instagram.com/p/DN8qpxbiNO-/,"Image IG",,Global,415,108,5,0,0,0,0
18076953877797082,17841446274525857,bonici.africa,bonici.africa,"Regarde cette photo et ce repas savoureux sur la table… Ça ne te tente pas ?
 C’est fait pour toi ! 😋🍽️

📍 rendez-vous sur Gozem et Passe ta commande !.
 https://pagelink.gozem.co/z6hG

📍 Ton accès direct aux bons plans Bonici, c’est ici : https://whatsapp.com/channel/0029Vb5ePcm2ZjCptchBSq1n 

Bonici, c’est bon ici.

 #BoniciAfrica #LivraisonGourmande #RapideEtBon #MangeBienChezTo",0,"08/28/2025 10:29",https://www.instagram.com/p/DN6Dh_IiNHT/,"Image IG",,Global,382,89,1,0,0,0,0
18133108222452546,17841446274525857,bonici.africa,bonici.africa,"Un bon repas améliore votre humeur...
Mais un bon repas de chez Bonici ? 😋
Ça booste votre bonne humeur ! 🍗🔥

📲 Rejoignez notre chaîne WhatsApp :
 https://whatsapp.com/channel/0029Vb5ePcm2ZjCptchBSq1n µ

Bonici, c’est bon ici.

choisie ton point Bonici le plus proche :
Agoé Carrefour 2 Lions : +228 92 32 32 32
Rond-Point Ramatou : +228 92 65 65 65
Aného Kpota : +228 92 51 51 51
Nyékonakpoè Adjololo : +228 93 45 45 45
Bonici TAMTAM : +228 92 64 99 99
Kpalimé : +228 92 13 91 91
Kara : +228 93 71 71 71

 #BoniciAfrica #BoniciAfrica #BonAppétit #FoodVibes #BonneHumeurAssurée #CommenceBienTaSemain",0,"08/27/2025 07:55",https://www.instagram.com/p/DN3NEPw0EMz/,"Image IG",,Global,420,93,1,0,0,0,0
17958882731971535,17841446274525857,bonici.africa,bonici.africa,"Pour ceux qui ne le savent toujours pas, votre restaurant Bonici a ouvert ses portes 𝐥𝐞 𝐣𝐞𝐮𝐝𝐢 𝟏𝟒 𝐚𝐨𝐮̂𝐭 𝐚̀ 𝐀𝐝𝐞𝐰𝐢! 

À cette occasion, une promotion exceptionnelle est en cours et se termine ce
 𝐝𝐢𝐦𝐚𝐧𝐜𝐡𝐞 𝟑𝟏 𝐚𝐨𝐮̂𝐭.
Profitez de menus duo + soft à prix réduits, rien que pour vous:

 🍕2 PIZZAS ROYALE + 2 SOFT →11 000 FCFA 
 
 2 CHEESEBURGERS + 2 SOFT →4 800 FCFA 
 
 2 SANDWICHS POULET + 2 SOFT →3 800 FCFA 
 
 2 SHAWARMAS + 2 SOFT →3 800 FCFA

 … et plein d’autres surprises à découvrir sur place !

 📍𝑳𝒐𝒄𝒂𝒍𝒊𝒔𝒂𝒕𝒊𝒐𝒏 : 𝑨𝒅𝒆𝒘𝒊, 𝑩𝒐𝒖𝒍𝒆𝒗𝒂𝒓𝒅 𝒅𝒆 𝒍𝒂 𝑲𝒂𝒓𝒂, 𝒆𝒏 𝒇𝒂𝒄𝒆 𝒅𝒆 𝒍𝒂 𝒑𝒉𝒂𝒓𝒎𝒂𝒄𝒊𝒆 𝑺𝒂𝒊𝒏𝒕-𝑲𝒊𝒔𝒊𝒕𝒐.

 #BoniciTamTam #BoniciAfrica #PromoBonici #TogoFood #LivraisonGourmande",60,"08/25/2025 11:40",https://www.instagram.com/reel/DNydML_ULCl/,"Reel IG",,Global,24595,15057,338,1,6,1,3
17858689590481851,17841446274525857,bonici.africa,bonici.africa,"🎉 𝐅𝐞́𝐥𝐢𝐜𝐢𝐭𝐚𝐭𝐢𝐨𝐧𝐬 𝐚̀ 𝐧𝐨𝐬 𝐝𝐞𝐮𝐱 𝐠𝐚𝐠𝐧𝐚𝐧𝐭𝐬 𝐝𝐮 𝐣𝐞𝐮-𝐜𝐨𝐧𝐜𝐨𝐮𝐫𝐬 𝐁𝐨𝐧𝐢𝐜𝐢 𝐓𝐚𝐦𝐓𝐚𝐦 ! 

𝐂𝐨𝐦𝐦𝐞 𝐩𝐫𝐨𝐦𝐢𝐬, 
🥇 Gagnant Facebook :Pįmęnt Sùcré 
🥇 Gagnant Instagram : nakasonghaitei

𝙑𝒐𝙪𝒔 𝒂𝙫𝒆𝙯 𝙩𝒓𝙤𝒖𝙫𝒆́ 𝒍𝙖 𝙗𝒐𝙣𝒏𝙚 𝙧𝒆́𝙥𝒐𝙣𝒔𝙚 👏 
✅ Nom : Bonici TamTam 
📍 Localisation : Adewi, Boulevard de la Kara, en face de la pharmacie Saint-Kisito.

Merci à tous pour votre participation 🙌

𝘌𝑡 𝑠𝘪 𝘰𝑛 𝑙𝘢𝑛𝘤̧𝑎𝘪𝑡 𝑢𝘯 𝘢𝑢𝘵𝑟𝘦 𝘫𝑒𝘶 𝘤𝑜𝘯𝑐𝘰𝑢𝘳𝑠 𝑝𝘰𝑢𝘳 𝘤𝑙𝘰̂𝑡𝘶𝑟𝘦𝑟 𝑙𝘦 𝘮𝑜𝘪𝑠 𝑒𝘯 𝘣𝑒𝘢𝑢𝘵𝑒́ ? 👌

#BoniciTamTam #ConcoursBonici #Gagnants #BoniciAfrica #TogoFood #FoodLovers #LivraisonRapide #BoniciCestBonIci 🍕✨",0,"08/22/2025 10:24",https://www.instagram.com/p/DNqmKQPI6uf/,"Image IG",,Global,584,105,4,0,0,2,1
17916992991036579,17841446274525857,bonici.africa,bonici.africa,"𝐓𝐨𝐮𝐭 𝐬𝐢𝐦𝐩𝐥𝐞𝐦𝐞𝐧𝐭 𝐬𝐚𝐯𝐨𝐮𝐫𝐞𝐮𝐱. 
Pas le temps de passer ? Ne bouge pas… on te livre ! 🚗🍽

📍 𝐑𝐞𝐧𝐝𝐞𝐳-𝐯𝐨𝐮𝐬 𝐬𝐮𝐫 𝐆𝐨𝐳𝐞𝐦 𝐞𝐭 𝐏𝐚𝐬𝐬𝐞𝐏𝐚𝐬𝐬𝐞 𝐭𝐚 𝐜𝐨𝐦𝐦𝐚𝐧𝐝𝐞 ! 
https://pagelink.gozem.co/z6hG

📍 𝐓𝐨𝐧 𝐚𝐜𝐜𝐞̀𝐬 𝐝𝐢𝐫𝐞𝐜𝐭 𝐚𝐮𝐱 𝐛𝐨𝐧𝐬 𝐩𝐥𝐚𝐧𝐬 𝐁𝐨𝐧𝐢𝐜𝐢, 𝐜’𝐞𝐬𝐭 𝐢𝐜𝐢 : 
https://whatsapp.com/channel/0029Vb5ePcm2ZjCptchBSq1n

📍 𝐃𝐞́𝐬𝐨𝐫𝐦𝐚𝐢𝐬, 𝐯𝐨𝐭𝐫𝐞 𝐫𝐞𝐬𝐭𝐚𝐮𝐫𝐚𝐧𝐭 𝐞𝐬𝐭 𝐨𝐮𝐯𝐞𝐫𝐭 𝐚̀ 𝐓𝐀𝐌𝐓𝐀𝐌 — 𝐁𝐨𝐮𝐥𝐞𝐯𝐚𝐫𝐝 𝐝𝐞 𝐥𝐚 𝐊𝐚𝐫𝐚, 𝐞𝐧 𝐟𝐚𝐜𝐞 𝐝𝐞 𝐥𝐚 𝐩𝐡𝐚𝐫𝐦𝐚𝐜𝐢𝐞 𝐒𝐚𝐢𝐧𝐭-𝐊𝐢𝐬𝐢𝐭𝐨. 
📞 𝐈𝐧𝐟𝐨𝐬 : ‪‪+𝟐𝟐𝟖 𝟗𝟐 𝟔𝟒 𝟗𝟗 𝟗𝟗‬‬

NB : Le nouveau restaurant de TamTam n’est pas encore disponible sur Gozem, mais les autres établissements le sont déjà !

𝐁𝐨𝐧𝐢𝐜𝐢, 𝐜’𝐞𝐬𝐭 𝐛𝐨𝐧 𝐢𝐜𝐢 ! 🍴❤ 
#BoniciAfrica #PromoBonici #BoniciTamTam #TogoFood #OffresSpéciales #LivraisonGourmande #RapideEtBon #MangeBienChezToi",0,"08/21/2025 05:04",https://www.instagram.com/p/DNncwAmoBre/,"Image IG",,Global,577,99,5,0,0,0,0
18080020453927772,17841446274525857,bonici.africa,bonici.africa,"🎉 JEU-CONCOURS TIME ! 🎉 
Tente ta chance et gagne un bon d'achat chez Bonici 🍕🍔

Pour participer, c’est simple : 
✅ Tague 5 amis 
✅ Réponds à la question : Quel est le nom et la localisation du nouveau restaurant Bonici ouvert le jeudi 14 août 2025 ?

⏳ Fin du jeu : Jeudi 21 août à 17h 
📢 Annonce des gagnants : Vendredi 22 août 2025

📍Deux gagnants seront tirés au sort : 
1 sur Instagram & 1 sur Facebook

Bonne chance à tous ! 
#BoniciAfrica #JeuConcours #BoniciTamtam #PizzaTime #GagneUnBon",0,"08/20/2025 09:49",https://www.instagram.com/p/DNlYmBeJCMI/,"Image IG",,Global,2660,1505,145,0,0,36,1
18083137015808159,17841446274525857,bonici.africa,bonici.africa,"𝐏𝐑𝐎𝐌𝐎! 𝐏𝐑𝐎𝐌𝐎! 𝐏𝐑𝐎𝐌𝐎 ! 

📢 𝐁𝐎𝐍 𝐏𝐋𝐀𝐍 𝐆𝐎𝐔𝐑𝐌𝐀𝐍𝐃 𝐀̀ 𝐓𝐀𝐌𝐓𝐀𝐌 !

𝐃𝐮 𝟏𝟒 𝐚𝐮 𝟑𝟏 𝐚𝐨𝐮̂𝐭, profite de nos offres exceptionnelles chez 𝐁𝐨𝐧𝐢𝐜𝐢 𝐓𝐀𝐌𝐓𝐀𝐌 🍕🍔🍗 

Des menus duo + soft à prix réduits, rien que pour toi 😋 : 

2 PIZZAS ROYALE + 2 SOFT → 𝟏𝟏 𝟎𝟎𝟎 𝐅𝐂𝐅𝐀

2 PILONS / FRITES + 2 SOFT → 𝟕 𝟓𝟎𝟎 𝐅𝐂𝐅𝐀

2 CHEESEBURGERS + 2 SOFT → 𝟒 𝟖𝟎𝟎 𝐅𝐂𝐅𝐀 

2 SANDWICHS POULET + 2 SOFT → 𝟑 𝟖𝟎𝟎 𝐅𝐂𝐅𝐀

2 SHAWARMAS + 2 SOFT → 𝟑 𝟖𝟎𝟎 𝐅𝐂𝐅𝐀

📍Rendez-vous à Bonici TAMTAM — Boulevard de la Kara, en face de la pharmacie Saint-Kisito. 
📞 Infos : +228 92 64 99 99 

𝐁𝐨𝐧𝐢𝐜𝐢, 𝐜’𝐞𝐬𝐭 𝐛𝐨𝐧 𝐢𝐜𝐢 !🍴❤️ 
#BoniciAfrica #PromoBonici #BoniciTamTam #TogoFood #OffresSpéciales",0,"08/17/2025 05:14",https://www.instagram.com/p/DNdKrsZIObo/,"Image IG",,Global,735,160,8,0,0,0,0
18058684982589513,17841446274525857,bonici.africa,bonici.africa,"𝐁𝐨𝐧𝐧𝐞 𝐟𝐞̂𝐭𝐞 𝐝𝐞 𝐥’𝐀𝐬𝐬𝐨𝐦𝐩𝐭𝐢𝐨𝐧 𝐚̀ 𝐭𝐨𝐮𝐬 ! 🎉 
Et si vous profitiez de cette journée spéciale pour vous faire plaisir chez 𝐁𝐨𝐧𝐢𝐜𝐢 𝐓𝐀𝐌𝐓𝐀𝐌 ? 😋🍔 

 𝐩𝐫𝐨𝐦𝐨𝐬 𝐞𝐱𝐜𝐞𝐩𝐭𝐢𝐨𝐧𝐧𝐞𝐥𝐥𝐞𝐬 𝐝𝐮 𝟏𝟒 𝐚𝐮 𝟑𝟏 𝐚𝐨𝐮̂𝐭 : 
2 PIZZAS ROYALE + 2 SOFT → 𝟏𝟏 𝟎𝟎𝟎 𝐅𝐂𝐅𝐀

2 CHESSEBURGERS + 2 SOFT → 𝟒 𝟖𝟎𝟎 𝐅𝐂𝐅𝐀

2 SHAWARMAS + 2 SOFT → 𝟑 𝟖𝟎𝟎 𝐅𝐂𝐅𝐀

Et bien plus encore à découvrir sur place !

📍 𝐁𝐨𝐧𝐢𝐜𝐢 𝐓𝐀𝐌𝐓𝐀𝐌 — Boulevard de la Kara, en face de la pharmacie Saint-Kisito 
📞 Infos & commandes : +228 92 64 99 99 

𝑺𝒂𝒗𝒐𝒖𝒓𝒆𝒛 𝒗𝒐𝒕𝒓𝒆 𝑨𝒔𝒔𝒐𝒎𝒑𝒕𝒊𝒐𝒏 𝒂𝒗𝒆𝒄 𝑩𝑶𝑵𝑰𝑪𝑰 ! 🍕🍗 
#BoniciAfrica #FêteDeLAssomption #PromoBonici #TogoFood #BoniciTamTam",0,"08/15/2025 02:56",https://www.instagram.com/p/DNXxZPUofhQ/,"Image IG",,Global,621,120,5,0,0,0,0
18034393628682528,17841429621890753,clairoptic_togo,"𝗖𝗟𝗔𝗜𝗥 𝗢𝗣𝗧𝗜𝗖 𝗧𝗢𝗚𝗢","Chez Clair Optic, chaque détail compte.

De la monture aux verres, du style au confort, rien n’est laissé au hasard.
Parce que ce sont les détails qui font la perfection.

📍 𝑪𝒍𝒂𝒊𝒓 𝑶𝒑𝒕𝒊𝒄 – 𝑻𝒐𝒌𝒐𝒊𝒏-𝑺𝒐𝒕𝒆𝒅
📞 +228 93 94 33 33

#ClairOpticTogo #Lunetterie #PerfectionVisuelle #LunettesDeQualité",0,"08/04/2025 05:42",https://www.instagram.com/p/DM7vlYDtD8Z/,"Image IG",,Global,98,25,2,0,0,0,0,,,,,
18090290944732563,17841429621890753,clairoptic_togo,"𝗖𝗟𝗔𝗜𝗥 𝗢𝗣𝗧𝗜𝗖 𝗧𝗢𝗚𝗢","𝐃𝐮𝐞𝐥 𝐝𝐮 𝐣𝐨𝐮𝐫
À vous de trancher 
• Solaires — Stylées, protectrices.
• Médicales — Confort, santé visuelle , précision.

Commentez ❤ pour les solaires ou 😮  pour les médicales !

#ClairOptic #DuelDuJour #Lunetterie",0,"08/01/2025 09:25",https://www.instagram.com/p/DM0av-QtxON/,"Image IG",,Global,109,27,4,0,0,0,0,,,,,
18094834283257603,17841429621890753,clairoptic_togo,"𝗖𝗟𝗔𝗜𝗥 𝗢𝗣𝗧𝗜𝗖 𝗧𝗢𝗚𝗢","✨✨✨✨

Après une courte pause, votre boutique optique rouvre ses portes avec toujours la même exigence : prendre soin de votre regard avec élégance et précision. 🥰

Parce que votre vision mérite le meilleur, nous sommes heureux de vous retrouver pour vous accompagner dans le choix de montures qui vous ressemblent et de solutions adaptées à votre confort visuel.

👓 Style, qualité et expertise vous attendent à nouveau en boutique.

☎️: (+228) 22 21 00 98
📱 : (+228) 93 94 33 33

📌 680 avenue des hydrocarbures Tokoin Soted (à côté de la station Toil) 

#ClairOptic #optiquechic  #elegance  #lomé",26,"07/29/2026 10:03",https://www.instagram.com/reel/DbYmx5FAB_O/,"Reel IG",,Global,232,169,3,1,0,0,0,,,,,
18153283171498011,17841429621890753,clairoptic_togo,"𝗖𝗟𝗔𝗜𝗥 𝗢𝗣𝗧𝗜𝗖 𝗧𝗢𝗚𝗢","Un design raffiné, des finitions impeccables et un style qui attire sans en faire trop… ✨

Adoptez la classe. Adoptez l’attitude. 🔥

Disponible dès maintenant ☎️ +228 93943333

📌 76 rue des hydraucarbures, Tokoin, Lomé

#ClairOptic #OptiqueChic",0,"07/22/2026 05:59",https://www.instagram.com/p/DbGJTDSDvy7/,"Carrousel IG",,Global,67,22,1,0,0,0,0,,,,,
18077937143666921,17841429621890753,clairoptic_togo,"𝗖𝗟𝗔𝗜𝗥 𝗢𝗣𝗧𝗜𝗖 𝗧𝗢𝗚𝗢","Et si cette semaine, vous preniez soin de votre vue ? ✨

Vos yeux vous accompagnent chaque jour. Offrez-leur le confort et la qualité de soin qu'ils méritent.

Que vous recherchiez une nouvelle monture, des verres de qualité ou des conseils personnalisés, notre équipe est là pour vous accompagner.

☎️ +228 93943333

#ClairOptic #Optique #OptiqueChic",0,"06/30/2026 03:33",https://www.instagram.com/p/DaNPMdMDleD/,"Image IG",,Global,87,60,2,0,0,0,0,,,,,
18090386315105149,17841429621890753,clairoptic_togo,"𝗖𝗟𝗔𝗜𝗥 𝗢𝗣𝗧𝗜𝗖 𝗧𝗢𝗚𝗢","Bonne fête des Pères ! 💙

Merci pour ton amour, tes conseils et tout ce que tu fais au quotidien. Profite pleinement de cette belle fête ! 👨‍👧‍👦✨

#Clairoptic #fathersday❤️",0,"06/20/2026 09:04",https://www.instagram.com/p/DZ0FHkoDH3o/,"Image IG",,Global,75,45,4,0,0,0,0,,,,,
18156649972413095,17841429621890753,clairoptic_togo,"𝗖𝗟𝗔𝗜𝗥 𝗢𝗣𝗧𝗜𝗖 𝗧𝗢𝗚𝗢","Entre écrans ⚽ et lumières bleues, adopte le bon réflexe :
style + protection, tous les jours. 👓

#ClairOptic #SantéVisuelle #ConfortVisuel #worldcup",6,"06/15/2026 06:57",https://www.instagram.com/reel/DZm-lroifXZ/,"Reel IG",,Global,153,131,3,0,0,0,0,,,,,
18093474496993596,17841429621890753,clairoptic_togo,"𝗖𝗟𝗔𝗜𝗥 𝗢𝗣𝗧𝗜𝗖 𝗧𝗢𝗚𝗢","Profitez des matchs ⚽ avec une vision nette et un confort optimal ! 👓

Des verres adaptés vous offrent un meilleur confort visuel et réduisent la fatigue oculaire, même pendant les longues heures devant les écrans.

#ClairOptic #SantéVisuelle #worldcup2026",0,"06/10/2026 10:11",https://www.instagram.com/p/DZac2MwFhNz/,"Image IG",,Global,70,33,2,0,0,0,0,,,,,
18008239163863986,17841429621890753,clairoptic_togo,"𝗖𝗟𝗔𝗜𝗥 𝗢𝗣𝗧𝗜𝗖 𝗧𝗢𝗚𝗢","Une nouvelle semaine ! ✨ Ton regard mérite mieux. 🥰

#lunettestendances  #styleauregard  #optiquechic",0,"06/08/2026 06:43",https://www.instagram.com/p/DZU7Zwpjl_e/,"Carrousel IG",,Global,46,19,3,0,0,0,0,,,,,
18078403385215337,17841429621890753,clairoptic_togo,"𝗖𝗟𝗔𝗜𝗥 𝗢𝗣𝗧𝗜𝗖 𝗧𝗢𝗚𝗢","À toutes les mamans, merci d’être vous. Bonne fête. ❤️

#ClairOptic #MothersDay",0,"05/30/2026 07:19",https://www.instagram.com/p/DY90aRhDkDJ/,"Image IG",,Global,34,19,2,0,0,0,0,,,,,
18083104184142162,17841429621890753,clairoptic_togo,"𝗖𝗟𝗔𝗜𝗥 𝗢𝗣𝗧𝗜𝗖 𝗧𝗢𝗚𝗢","Bonne fête de la Pentecôte ! ✨

#ClairOptic",0,"05/23/2026 07:56",https://www.instagram.com/p/DYr3E1hDiR9/,"Image IG",,Global,24,14,1,0,0,0,0,,,,,
18100396760471686,17841429621890753,clairoptic_togo,"𝗖𝗟𝗔𝗜𝗥 𝗢𝗣𝗧𝗜𝗖 𝗧𝗢𝗚𝗢","Nous recevons tous vos messages… et on vous remercie pour votre patience.🩵

La bonne nouvelle ?🚨 Réouverture le 01 Juin !

On a hâte de vous retrouver. ❤️

#ClairOptic #OpticChic",0,"05/15/2026 04:03",https://www.instagram.com/p/DYW2BFIDo-c/,"Image IG",,Global,42,23,1,0,0,0,0,,,,,
18128951236586931,17841429621890753,clairoptic_togo,"𝗖𝗟𝗔𝗜𝗥 𝗢𝗣𝗧𝗜𝗖 𝗧𝗢𝗚𝗢","L’Ascension nous rappelle que l’espoir et la foi nous élèvent toujours plus haut. ✨

#ClairOptic #ascension",0,"05/13/2026 13:02",https://www.instagram.com/p/DYSqEq2H8wz/,"Image IG",,Global,31,20,1,0,0,0,0,,,,,
18097192951885192,17841429621890753,clairoptic_togo,"𝗖𝗟𝗔𝗜𝗥 𝗢𝗣𝗧𝗜𝗖 𝗧𝗢𝗚𝗢","Chez nous, chaque paire est pensée pour ceux qui aiment se démarquer. Designs stylés, couleurs qui parlent, montures qui imposent. 😍

☎️ +228 93943333

📌 76 rue des hydraucarbures, Tokoin, Lomé

#ClairOptic #Optique #OptiqueChic",0,"05/08/2026 03:43",https://www.instagram.com/p/DYEyJAujCjL/,"Carrousel IG",,Global,55,35,4,0,0,0,0,,,,,
17864536116554809,17841429621890753,clairoptic_togo,"𝗖𝗟𝗔𝗜𝗥 𝗢𝗣𝗧𝗜𝗖 𝗧𝗢𝗚𝗢","Le travail construit les rêves. 💪🏾 Bonne fête à tous ! ✨

#ClairOptic #laborday",0,"04/30/2026 10:05",https://www.instagram.com/p/DXw3hkyDKDs/,"Image IG",,Global,42,22,2,0,0,0,0,,,,,
18200065069348549,17841429621890753,clairoptic_togo,"𝗖𝗟𝗔𝗜𝗥 𝗢𝗣𝗧𝗜𝗖 𝗧𝗢𝗚𝗢","Bonne fête de l’indépendance 🇹🇬💛

#ClairOptic #independence",0,"04/26/2026 08:07",https://www.instagram.com/p/DXmW10UjovO/,"Image IG",,Global,34,15,1,0,0,0,0,,,,,
18523612681077346,17841429621890753,clairoptic_togo,"𝗖𝗟𝗔𝗜𝗥 𝗢𝗣𝗧𝗜𝗖 𝗧𝗢𝗚𝗢","𝐂𝐥𝐚𝐢𝐫 𝐎𝐩𝐭𝐢𝐜 : Style • Vision • Élégance

Réouverture ce 02 Mai ! ✨

#ClairOptic #Lunetterie",0,"04/24/2026 06:14",https://www.instagram.com/p/DXhAQwJjC8H/,"Image IG",,Global,36,21,2,0,0,0,0,,,,,
18093351826949305,17841429621890753,clairoptic_togo,"𝗖𝗟𝗔𝗜𝗥 𝗢𝗣𝗧𝗜𝗖 𝗧𝗢𝗚𝗢","Tic Tac….🥳

Réouverture de votre lunetterie Clair Optic ce 02 Mai. 🎊

#ClairOptic #lunetterie",8,"04/23/2026 11:06",https://www.instagram.com/reel/DXe85hqjeNf/,"Reel IG",,Global,148,130,2,0,0,0,0,,,,,
18524634040076002,17841429621890753,clairoptic_togo,"𝗖𝗟𝗔𝗜𝗥 𝗢𝗣𝗧𝗜𝗖 𝗧𝗢𝗚𝗢","Nous vous accompagnons dans le choix de vos lunettes, pour allier confort et élégance. ✨

🚨Réouverture de la boutique le 02 Mai !

#ClairOptic #OpticChic",12,"04/21/2026 03:50",https://www.instagram.com/reel/DXZBcqFAtVu/,"Reel IG",,Global,38,26,2,0,0,0,0,,,,,
18582086125032769,17841429621890753,clairoptic_togo,"𝗖𝗟𝗔𝗜𝗥 𝗢𝗣𝗧𝗜𝗖 𝗧𝗢𝗚𝗢","Clair Optic c’est Chic, Tendance, Style, Couleurs. ✨

Rendez-vous le 𝟎𝟐 𝐌𝐚𝐢 pour la réouverture de la boutique. 🤝🏾

#ClairOptic #optical",0,"04/15/2026 04:37",https://www.instagram.com/p/DXJqE8vDHsK/,"Carrousel IG",,Global,38,19,2,0,0,0,0,,,,,
17932385379235349,17841429621890753,clairoptic_togo,"𝗖𝗟𝗔𝗜𝗥 𝗢𝗣𝗧𝗜𝗖 𝗧𝗢𝗚𝗢","Rénovation en cours 🔧 

On se retrouve très bientôt… avec une toute nouvelle vision.

🚨Réouverture le 02 Mai !

#ClairOptic #OpticChic",12,"04/14/2026 09:12",https://www.instagram.com/reel/DXHkplgCKiw/,"Reel IG",,Global,64,49,2,0,0,0,0,,,,,
18076492463536062,17841429621890753,clairoptic_togo,"𝗖𝗟𝗔𝗜𝗥 𝗢𝗣𝗧𝗜𝗖 𝗧𝗢𝗚𝗢","🚨🚨🚨🚨

Votre boutique se refait une beauté… on revient très vite.💛

🚨Réouverture le 02 Mai !

#ClairOptic #optician",5,"04/10/2026 10:21",https://www.instagram.com/reel/DW9Y_FwDUDW/,"Reel IG",,Global,25,19,2,0,0,0,0,,,,,
18456350341128802,17841429621890753,clairoptic_togo,"𝗖𝗟𝗔𝗜𝗥 𝗢𝗣𝗧𝗜𝗖 𝗧𝗢𝗚𝗢","Ne laissez pas l’inconfort durer…

Passez enfin à des verres qu’on ne sent presque pas avec confort et style. ✨

☎️ +228 93943333

📌 76 rue des hydraucarbures, Tokoin, Lomé

#ClairOptic #Optique #optiquechic",0,"04/10/2026 04:31",https://www.instagram.com/p/DW8xbCZDqv_/,"Carrousel IG",,Global,34,16,1,0,0,0,0,,,,,
18123053872613977,17841429621890753,clairoptic_togo,"𝗖𝗟𝗔𝗜𝗥 𝗢𝗣𝗧𝗜𝗖 𝗧𝗢𝗚𝗢","Clarté, confort, style… tout change avec nous à Clair Optic. 🙂

☎️ +228 93943333

📌 76 rue des hydraucarbures, Tokoin, Lomé

#ClairOptic #Optique #OptiqueChic #optiquechic",0,"04/07/2026 04:16",https://www.instagram.com/p/DW1BUXaDhQm/,"Carrousel IG",,Global,36,18,0,0,0,0,0,,,,,
17926012740267465,17841429621890753,clairoptic_togo,"𝗖𝗟𝗔𝗜𝗥 𝗢𝗣𝗧𝗜𝗖 𝗧𝗢𝗚𝗢","Joyeuses Pâques à toute la communauté chrétienne ! 🐣💫

#ClairOptic #lunetterie #easter",0,"04/04/2026 04:50",https://www.instagram.com/p/DWtW0CjjCUl/,"Image IG",,Global,29,18,0,0,0,0,0,,,,,
18095814763844578,17841429621890753,clairoptic_togo,"𝗖𝗟𝗔𝗜𝗥 𝗢𝗣𝗧𝗜𝗖 𝗧𝗢𝗚𝗢","Ne laisse pas le soleil abîmer ta vue. 🌼 Protège tes yeux avec des verres solaires adaptés. 😎

☎️ 93943333

📌 76 rue des hydraucarbures, Tokoin, Lomé

#ClairOptic #optic",0,"04/03/2026 04:36",https://www.instagram.com/p/DWqwZcTjamj/,"Carrousel IG",,Global,32,17,1,0,0,0,0,,,,,
18107545478497670,17841429621890753,clairoptic_togo,"𝗖𝗟𝗔𝗜𝗥 𝗢𝗣𝗧𝗜𝗖 𝗧𝗢𝗚𝗢","Avril : le style commence par votre vision.! 😎🌼

#ClairOptic #aprilfools",0,"04/01/2026 04:13",https://www.instagram.com/p/DWlkKwBDjIo/,"Image IG",,Global,21,15,0,0,0,0,0,,,,,
18096053102283079,17841429621890753,clairoptic_togo,"𝗖𝗟𝗔𝗜𝗥 𝗢𝗣𝗧𝗜𝗖 𝗧𝗢𝗚𝗢","Une vision flou ne devrait jamais être une habitude. 

Vous avez besoin d’un verre ! 

☎️ 93943333

📌 76 rue des hydraucarbures, Tokoin, Lomé

#ClairOptic #Optique #optiquechic",0,"03/30/2026 04:56",https://www.instagram.com/p/DWgfhfXjKow/,"Carrousel IG",,Global,33,20,1,0,0,0,0,,,,,
18115087942657995,17841429621890753,clairoptic_togo,"𝗖𝗟𝗔𝗜𝗥 𝗢𝗣𝗧𝗜𝗖 𝗧𝗢𝗚𝗢","Vos yeux évoluent, vos lunettes aussi devraient suivre. 👓

Un bon réflexe : changer ses lunettes au bon moment. 

☎️ 93943333

📌 76 rue des hydraucarbures, Tokoin, Lomé

#ClairOptic #Optique #OptiqueChic",0,"03/27/2026 04:24",https://www.instagram.com/p/DWYtcX9DSSu/,"Carrousel IG",,Global,1948,1282,58,0,0,0,0,,,,,
18097883968799502,17841429621890753,clairoptic_togo,"𝗖𝗟𝗔𝗜𝗥 𝗢𝗣𝗧𝗜𝗖 𝗧𝗢𝗚𝗢","Le style et la vision pour toute la famille. 👓💛

On s’occupe de vous ! 🥰

☎️ 93943333

📌 76 rue des hydraucarbures, Tokoin, Lomé

#ClairOptic #Optique #OptiqueChic",0,"03/25/2026 05:01",https://www.instagram.com/p/DWToLImDuID/,"Carrousel IG",,Global,1968,1185,64,0,0,0,0,,,,,
18110804776751934,17841429621890753,clairoptic_togo,"𝗖𝗟𝗔𝗜𝗥 𝗢𝗣𝗧𝗜𝗖 𝗧𝗢𝗚𝗢","Lundi : style activé. 😎✨

#ClairOptic #optiqueboutique  #optiquechic",0,"03/23/2026 02:58",https://www.instagram.com/p/DWOQagtjpXi/,"Image IG",,Global,47,24,5,0,0,0,0,,,,,
18050430668742597,17841429621890753,clairoptic_togo,"𝗖𝗟𝗔𝗜𝗥 𝗢𝗣𝗧𝗜𝗖 𝗧𝗢𝗚𝗢","Que ce Ramadan vous comble de paix et de bénédictions. 🌙💛

#ClairOptic #ramadan2026",0,"03/19/2026 04:04",https://www.instagram.com/p/DWEEyMEjur2/,"Image IG",,Global,29,23,3,0,0,0,0,,,,,
18038292608685829,17841429621890753,clairoptic_togo,"𝗖𝗟𝗔𝗜𝗥 𝗢𝗣𝗧𝗜𝗖 𝗧𝗢𝗚𝗢","👓☀️✨ 

Une exposition prolongée au soleil sans protection peut endommager vos yeux et favoriser l’apparition de troubles visuels, comme la cataracte.

Pour préserver votre santé visuelle, il est essentiel de porter des lunettes de soleil de qualité, offrant une protection efficace contre les UV, surtout en période de fortes chaleurs. ☀️👓

📲 +228 93943333

📌 76 rue des hydraucarbures, Tokoin, Lomé

#ClairOptic #optique",0,"03/17/2026 04:37",https://www.instagram.com/p/DV-_BRXCB1R/,"Carrousel IG",,Global,38,21,4,0,0,0,0,,,,,
18114568501656920,17841429621890753,clairoptic_togo,"𝗖𝗟𝗔𝗜𝗥 𝗢𝗣𝗧𝗜𝗖 𝗧𝗢𝗚𝗢","Le soin de vos yeux, allié au style !✨✨

📲 +228 93943333

📌 76 rue des hydraucarbures, Tokoin, Lomé

#ClairOptic #optiques #optiquechic",0,"03/11/2026 05:12",https://www.instagram.com/p/DVvmRJ1CKyn/,"Carrousel IG",,Global,47,22,3,0,0,0,0,,,,,
18347897836238294,17841429621890753,clairoptic_togo,"𝗖𝗟𝗔𝗜𝗥 𝗢𝗣𝗧𝗜𝗖 𝗧𝗢𝗚𝗢","Bonne Journée Internationale des Droits de la Femmes. 

#ClairOptic #Optique #08mars",0,"03/07/2026 09:01",https://www.instagram.com/p/DVl0BjbCDzB/,"Image IG",,Global,27,21,2,0,0,0,0,,,,,
17938784016151472,17841429621890753,clairoptic_togo,"𝗖𝗟𝗔𝗜𝗥 𝗢𝗣𝗧𝗜𝗖 𝗧𝗢𝗚𝗢","Prenez soin de vos yeux, mangez bien….Vitaminez vos journées pour une vision nette. 💫

#ClairOptic #optique",28,"03/04/2026 05:50",https://www.instagram.com/reel/DVdvaMcCKg3/,"Reel IG",,Global,2428,2190,12,0,6,0,0,,,,,
18070303511209239,17841429621890753,clairoptic_togo,"𝗖𝗟𝗔𝗜𝗥 𝗢𝗣𝗧𝗜𝗖 𝗧𝗢𝗚𝗢","Chaque monture est soigneusement sélectionnée pour allier style, confort et qualité.

Parce que bien voir, c’est essentiel… mais le faire avec classe, c’est un choix. 

#ClairOptic #optiqueboutique",0,"03/02/2026 02:33",https://www.instagram.com/p/DVYPxS2jj3x/,"Image IG",,Global,38,19,4,0,0,0,0,,,,,
18162154891414066,17841429621890753,clairoptic_togo,"𝗖𝗟𝗔𝗜𝗥 𝗢𝗣𝗧𝗜𝗖 𝗧𝗢𝗚𝗢","Des verres propres, une vision parfaite. 👓✨

Un bon nettoyage prolonge la durée de vie de vos lunettes et garantit un confort visuel optimal.

Prenez soin de vos lunettes, elles prennent soin de votre vue. 💛

#ClairOptic #conseiloptique 
#astucedujour",23,"02/23/2026 04:27",https://www.instagram.com/reel/DVGbBD2iMem/,"Reel IG",,Global,1744,1569,11,0,7,0,0,,,,,
18009252599829880,17841429621890753,clairoptic_togo,"𝗖𝗟𝗔𝗜𝗥 𝗢𝗣𝗧𝗜𝗖 𝗧𝗢𝗚𝗢","Joyeuse fête de l’amour
Quant aux célibataires😂, mettez-vous à disposition
des gens en couple pour les filmer à leur date🥳😂

Si vous n’êtes pas d’accord, passez payer vos lunettes clair Optic 👓❤️

#SAINTVALENTIN #CLAIROPTIC #VISIONPARFAITE #STYLEETCONFORT #LUNETTESTENDANCE #NEWYEARSTYLÉ",0,"02/13/2026 23:08",https://www.instagram.com/p/DUurm2QCQIs/,"Image IG",,Global,35,19,5,0,0,0,0,,,,,
18154779526433153,17841429621890753,clairoptic_togo,"𝗖𝗟𝗔𝗜𝗥 𝗢𝗣𝗧𝗜𝗖 𝗧𝗢𝗚𝗢","Boss fais vite ton choix car parfois l’amour seul ne suffit pas☺️😂

Clair Optic, pour voir clair... et  être stylé👓😎

#SAINTVALENTIN #CLAIROPTIC #VISIONPARFAITE #STYLEETCONFORT #LUNETTESTENDANCE",15,"02/12/2026 21:00",https://www.instagram.com/reel/DUr4JFBl5GO/,"Reel IG",,Global,2510,2041,19,0,4,0,1,,,,,
18082464428001348,17841429621890753,clairoptic_togo,"𝗖𝗟𝗔𝗜𝗥 𝗢𝗣𝗧𝗜𝗖 𝗧𝗢𝗚𝗢","Boss fais vite ton choix car parfois l’amour seul ne suffit pas☺️😂

Clair Optic, pour voir clair... et  être stylé👓😎

#SAINTVALENTIN #CLAIROPTIC #VISIONPARFAITE #STYLEETCONFORT #LUNETTESTENDANCE",0,"02/12/2026 01:00",https://www.instagram.com/p/DUpux4vjQ-b/,"Image IG",,Global,26,19,4,0,0,0,0,,,,,
18152142769435761,17841429621890753,clairoptic_togo,"𝗖𝗟𝗔𝗜𝗥 𝗢𝗣𝗧𝗜𝗖 𝗧𝗢𝗚𝗢","Aimer ❤️, c’est bien voir chez l’autre ce que les gens ne voient pas. 

Viens chez CLAIR OPTIC😎🥳✨on n’a de quoi t’aider à mieux admirer ta moitié😎❤️

#ClairOptic #saintvalentin #StylePratique #VisionSansStress #LunettesStyle #2026",0,"02/11/2026 01:00",https://www.instagram.com/p/DUnKAJOAWyO/,"Image IG",,Global,32,22,3,0,0,0,0,,,,,
17855242224573937,17841429621890753,clairoptic_togo,"𝗖𝗟𝗔𝗜𝗥 𝗢𝗣𝗧𝗜𝗖 𝗧𝗢𝗚𝗢","La saint Valentin 💝 est proche oooo😂🥳. Nous on a des solutions pour toi deh🥳😎
Nous pensons toujours à vous👓🤩

Réponds seulement à la question et tu verras la magie s’opérer

Disponible chez Clair Optic.

#ClairOptic #AstuceLunettes #StylePratique #AccessoiresMode",0,"02/10/2026 07:00",https://www.instagram.com/p/DUlOeEgjZ6K/,"Image IG",,Global,23,16,3,0,0,0,0,,,,,
18085779407124314,17841429621890753,clairoptic_togo,"𝗖𝗟𝗔𝗜𝗥 𝗢𝗣𝗧𝗜𝗖 𝗧𝗢𝗚𝗢","Tes lunettes sont là et seront toujours là pour toi 👓✨
 c’est pas une paire Clair Optic qui va vider ton
portefeuille
Clair Optic, pour voir clair… et stylé 

#BONNEANNEE #CLAIROPTIC #VISIONPARFAITE
#STYLEETCONFORT #LUNETTESTENDANCE
#NewYearStyle",0,"02/06/2026 01:00",https://www.instagram.com/p/DUaSAakDzY0/,"Image IG",,Global,24,19,3,0,0,0,0,,,,,
17844917415685446,17841429621890753,clairoptic_togo,"𝗖𝗟𝗔𝗜𝗥 𝗢𝗣𝗧𝗜𝗖 𝗧𝗢𝗚𝗢","Peu importe ton budget, viens chez CLAIR OPTIC
🥳✨
 on n’a toujours et forcément quelque chose
pour toi
#ClairOptic #HappyNewYear #StylePratique
#VisionSansStress #LunettesStyle #2026",0,"02/05/2026 05:24",https://www.instagram.com/p/DUYLc4Nj2dY/,"Image IG",,Global,26,19,1,0,0,0,0,,,,,
17874982674488513,17841429621890753,clairoptic_togo,"𝗖𝗟𝗔𝗜𝗥 𝗢𝗣𝗧𝗜𝗖 𝗧𝗢𝗚𝗢","Cette semaine , ne te prive de rien ☺️ 
be thankful 🙏, fresh🥰 and wear Clair OPTIC😎
Témé Témé élassouwoooo🥳

Disponible chez Clair Optic.

#ClairOptic #AstuceLunettes #StylePratique #AccessoiresMode #accéssoiresmode",0,"02/03/2026 22:23",https://www.instagram.com/p/DUU2gTrDDrU/,"Image IG",,Global,27,21,3,0,0,0,0,,,,,
18110743567651907,17841429621890753,clairoptic_togo,"𝗖𝗟𝗔𝗜𝗥 𝗢𝗣𝗧𝗜𝗖 𝗧𝗢𝗚𝗢","Tes lunettes sont là et seront toujours là pour toi😌 
Et puis je parie que c’est parce que tu n’as pas encore acheté la nouvelle paire CLAIR OPTIC qui fait que ton crush ne te calcule plus innnh😂😂. 
Si tu veux avoir du charme illimité et envoutante passe payer une paire Clair Optic ✨👓 on va vérifier quelque chose😍🥳 Clair Optic, pour voir clair... et stylé😎

Si tu penses que je mens viens seulement payer et tu verras la différence 💙

#BONNEANNEE #CLAIROPTIC #VISIONPARFAITE #STYLEETCONFORT #LUNETTESTENDANCE #NEWYEARSTYLÉ",0,"01/24/2026 01:00",https://www.instagram.com/p/DT4zrQPlTQR/,"Image IG",,Global,27,17,2,0,0,0,0,,,,,
18091011581059422,17841429621890753,clairoptic_togo,"𝗖𝗟𝗔𝗜𝗥 𝗢𝗣𝗧𝗜𝗖 𝗧𝗢𝗚𝗢","Quand on a pas lunettes 👓 CLAIR OPTIC on ne fait pas gbairai sur ceux qui en ont😂😎

#ClairOptic #HappyNewYear #StylePratique #VisionSansStress #LunettesStyle #2026",0,"01/22/2026 01:00",https://www.instagram.com/p/DTzqHHLiPRQ/,"Image IG",,Global,30,19,2,0,0,0,0,,,,,
17862912984501829,17841429621890753,clairoptic_togo,"𝗖𝗟𝗔𝗜𝗥 𝗢𝗣𝗧𝗜𝗖 𝗧𝗢𝗚𝗢","Cette semaine seulement, on va bien faire ça 😎.
On va pimenter🔥😏 la vue des aigris qui n’ont toujours pas les lunettes Clair OPTIC ✨👓 Témé Témé élassouwoooo

Vos lunettes préférées sont disponible chez Clair Optic.

#ClairOptic #AstuceLunettes #StylePratique #AccessoiresMode #VisionSansStress #LunettesStyle",0,"01/20/2026 07:51",https://www.instagram.com/p/DTvPj_7D9Go/,"Image IG",,Global,35,20,1,0,0,0,0,,,,,
17912499627128577,17841429621890753,clairoptic_togo,"𝗖𝗟𝗔𝗜𝗥 𝗢𝗣𝗧𝗜𝗖 𝗧𝗢𝗚𝗢","2026🥳🥳🥳🥳🎊

Nous te souhaitons le meilleur 🥳❤️

#clairoptic #2026 #happynewyear2026  #hᴀᴘᴘʏnᴇᴡyᴇᴀʀ2026",0,"01/06/2026 01:24",https://www.instagram.com/p/DTKgL8AjSbC/,"Carrousel IG",,Global,87,27,9,1,0,4,0,,,,,
18055131257351350,17841429621890753,clairoptic_togo,"𝗖𝗟𝗔𝗜𝗥 𝗢𝗣𝗧𝗜𝗖 𝗧𝗢𝗚𝗢","Cette année, nouvelle vision , nouveau style 😌 👓✨
Clair Optic, pour voir clair… et stylé 💙

Clair Optic vous souhaite une bonne et heureuse année🎁 

#BONNEANNEE #ClairOptic #VisionParfaite #StyleEtConfort #LunettesTendance #NEWYEARStylé",0,"01/02/2026 01:00",https://www.instagram.com/p/DTAKPvMgUx6/,"Image IG",,Global,45,19,7,0,0,0,0,,,,,
17845161426651103,17841429621890753,clairoptic_togo,"𝗖𝗟𝗔𝗜𝗥 𝗢𝗣𝗧𝗜𝗖 𝗧𝗢𝗚𝗢","Clair Optic vous souhaite une bonne et heureuse année 2026. Nous vous souhaitons une nouvelle vision et surtout un nouveau style avec CLAIR OPTIC 🥳 ✨ 

#ClairOptic #HappyNewYear #StylePratique #VisionSansStress #LunettesStyle #2026",0,"12/31/2025 01:00",https://www.instagram.com/p/DS7AmlgActc/,"Image IG",,Global,48,25,5,0,0,0,1,,,,,
18175121080333485,17841429621890753,clairoptic_togo,"𝗖𝗟𝗔𝗜𝗥 𝗢𝗣𝗧𝗜𝗖 𝗧𝗢𝗚𝗢","Le travail du cordon : EKABEDOOOR 😏🔥
Fini les lunettes perdues, bonjour le style qui fait la diff 😎
Pratique, tendance et ultra malin 👓✨

Disponible chez Clair Optic.

#ClairOptic #AstuceLunettes #StylePratique #AccessoiresMode #VisionSansStress #LunettesStyle",0,"12/30/2025 07:45",https://www.instagram.com/p/DS5KMc-DiU4/,"Image IG",,Global,59,29,6,1,0,0,0,,,,,
18097763803882691,17841429621890753,clairoptic_togo,"𝗖𝗟𝗔𝗜𝗥 𝗢𝗣𝗧𝗜𝗖 𝗧𝗢𝗚𝗢","C’est Noël et même le Père Noël sait que le style passe par une bonne vision😉🎁
À Noël, offrez (ou offrez-vous) des lunettes qui font vraiment la différence🕶️✨
Clair Optic, pour voir clair... et stylé💙 
Clair Optic vous souhaite un joyeux noël 🎁🎄 

#JOYEUXNOËL #CLAIROPTIC #VISIONPARFAITE #STYLEETCONFORT #LUNETTESTENDANCE #noël",0,"12/24/2025 09:00",https://www.instagram.com/p/DSp18rXjEGr/,"Image IG",,Global,48,35,7,1,0,0,0,,,,,
17968206905842843,17841429621890753,clairoptic_togo,"𝗖𝗟𝗔𝗜𝗥 𝗢𝗣𝗧𝗜𝗖 𝗧𝗢𝗚𝗢","Azan la fête 🥳 si tu ne sais toujours pas quoi offrir à Noël , 😉toi passe juste nous voir on a le prêt à offrir qui t’attend bien au frais 😂. Même si tu as déjà
quelque chose à offrir🎁, passe chez nous pour le rendre parfait car c’est la fête🎅🎉🥳

#ClairOptic #Noël #StylePratique #AccessoiresMode #VisionSansStress #LunettesStyle #fêtes2025 #2026",0,"12/24/2025 01:00",https://www.instagram.com/p/DSo_BgxDI6U/,"Image IG",,Global,65,30,5,0,0,0,0,,,,,
18076071494595861,17841429621890753,clairoptic_togo,"𝗖𝗟𝗔𝗜𝗥 𝗢𝗣𝗧𝗜𝗖 𝗧𝗢𝗚𝗢","Le travail du cordon : EKABEDOOOR☺️🔥
Fini les lunettes perdues, bonjour le style qui fait la diff😎
Pratique, tendance et ultra malin 🕶️✨

Disponible chez Clair Optic.

#ClairOptic #AstuceLunettes #StylePratique #AccessoiresMode",0,"12/22/2025 07:46",https://www.instagram.com/p/DSkj-Mzjmrw/,"Image IG",,Global,64,36,8,1,0,0,0,,,,,
17942107992095971,17841429621890753,clairoptic_togo,"𝗖𝗟𝗔𝗜𝗥 𝗢𝗣𝗧𝗜𝗖 𝗧𝗢𝗚𝗢","Décembre + Harmattan = vision floue si tu mets n’importe quelles lunettes 😵‍💫🌬️
 Chez nous, tu vois clair… comme ton avenir en 2026 😎
 Passe choisir la bonne paire avant les fêtes, tu vas sentir la différence direct 👓✨

#ClairOptic #VoirClairEnDécembre #HarmattanSeason #FêtesEnBeauté #OptiqueTogo #goodvibesonly",0,"12/19/2025 01:00",https://www.instagram.com/p/DScHH_sjY-w/,"Image IG",,Global,67,29,6,0,1,0,0,,,,,
18000131057845087,17841429621890753,clairoptic_togo,"𝗖𝗟𝗔𝗜𝗥 𝗢𝗣𝗧𝗜𝗖 𝗧𝗢𝗚𝗢","On va se dire la vérité : essuyer tes lunettes avec ton habit, c’est la fraude de décembre 😂
 Et avec la poussière dans les rues tout les jours, là c’est encore pire !
 Passe prendre ton kit de nettoyage et garde tes lunettes fresh pour les fêtes 🎄✨ 

#ClairOptic #DécembreSansStress #HarmattanProblems #VisionPropre #KitsNettoyage #TogoVibes",0,"12/17/2025 01:00",https://www.instagram.com/p/DSW9dnPk0-r/,"Image IG",,Global,48,23,5,0,0,0,0,,,,,
18212921137313114,17841429621890753,clairoptic_togo,"𝗖𝗟𝗔𝗜𝗥 𝗢𝗣𝗧𝗜𝗖 𝗧𝗢𝗚𝗢","En décembre, tout le monde veut être carré pour les fêtes 🎉✨
 surtout en ces périodes d’harmattan, tes lunettes doivent être prioritaire dans ton look pour protéger tes yeux et démontrer charisme et élégance…
 Passe chez Clair Optic pour un look propre, net et prêt pour finir l’année en beauté.
 👓🔥 On te met bien, boss.

#ClairOptic #HarmattanMode #LookPropreBoss #DécembreAuCalme #Fêtes2025 #TogoLifestyle",0,"12/15/2025 06:42",https://www.instagram.com/p/DSSbGh-jRtP/,"Image IG",,Global,75,35,11,1,0,0,0,,,,,
18085657256010965,17841429621890753,clairoptic_togo,"𝗖𝗟𝗔𝗜𝗥 𝗢𝗣𝗧𝗜𝗖 𝗧𝗢𝗚𝗢","Saviez-vous que arrêter de fumer peut
améliorer votre vue? Bref maintenant
vous le savez et surtout pour ce
weekend , on vous a prévenu ooo

#ClairOptic #ConseilsMode ##fashioncomplice",0,"12/12/2025 01:00",https://www.instagram.com/p/DSKFgQkgf7H/,"Image IG",,Global,75,20,7,1,0,0,0,,,,,
17999042297846461,17841429621890753,clairoptic_togo,"𝗖𝗟𝗔𝗜𝗥 𝗢𝗣𝗧𝗜𝗖 𝗧𝗢𝗚𝗢","👓✨Avec nous tu as une vision claire pour
aujourd’hui et à jamais.

#ClairOptic #EntretienLunettes #LunettesSoleil
#SantéVisuelle #OpticienTogo #VisionClair
#ProtectionDesYeux",0,"12/10/2025 04:00",https://www.instagram.com/p/DSFQldCjTGW/,"Image IG",,Global,60,21,8,0,0,0,0,,,,,
17870929845471174,17841429621890753,clairoptic_togo,"𝗖𝗟𝗔𝗜𝗥 𝗢𝗣𝗧𝗜𝗖 𝗧𝗢𝗚𝗢","✨Tchalley Décembre brille☀️innnh toi tu attends quoi pour shineeeeeeeeeee🥳☀️?

#ClairOptic #SantéVisuelle #PrendreSoinDeSesYeux #Lunettes #LunettesSoleil #OpticienTogo #BienÊtreVisuel",0,"12/08/2025 02:01",https://www.instagram.com/p/DR_5Xy9FpMG/,"Image IG",,Global,101,20,8,1,0,0,0,,,,,
18103259338661134,17841429621890753,clairoptic_togo,"𝗖𝗟𝗔𝗜𝗥 𝗢𝗣𝗧𝗜𝗖 𝗧𝗢𝗚𝗢","Saviez-vous que Bien entretenir vos lunettes peuvent prolonger leur durée de vie? Bref maintenant vous le savez et devinez quoi...
Nous avons ce qu’il vous faut pour nettoyer proprement vos lunettes. Passez cherchez le votre

#ClairOptic #ConseilsMode",0,"12/05/2025 01:00",https://www.instagram.com/p/DR4D-5kiBXh/,"Image IG",,Global,107,23,7,1,0,0,0,,,,,
18078872756180023,17841429621890753,clairoptic_togo,"𝗖𝗟𝗔𝗜𝗥 𝗢𝗣𝗧𝗜𝗖 𝗧𝗢𝗚𝗢","👓✨ Voici les 5 ennemis silencieux qui abîment vos lunettes au quotidien !
Reflets, rayures, poussière, eau, taches et salissures… Ils réduisent la clarté de votre vision et accélèrent l’usure de vos verres.
💡 Bonne nouvelle : vous pouvez les éviter !
Un entretien régulier et les bons gestes suffisent pour garder vos lunettes propres, durables et confortables.

Clair Optic vous accompagne pour une vision toujours plus nette.

#protectiondesyeux #ClairOptic #EntretienLunettes #LunettesSoleil #SantéVisuelle #OpticienTogo #VisionClair #ProtectionDesYeux",0,"12/03/2025 01:00",https://www.instagram.com/p/DRy6YtuAYx-/,"Image IG",,Global,83,19,7,0,0,0,0,,,,,
18371005960084062,17841429621890753,clairoptic_togo,"𝗖𝗟𝗔𝗜𝗥 𝗢𝗣𝗧𝗜𝗖 𝗧𝗢𝗚𝗢","✨ Envie de chouchouter tes yeux ce mois-ci ?
Voici 5 astuces simples, efficaces et approuvées par les experts pour garder une vision confortable chaque jour 👀💙

Prends soin de tes yeux, ils te servent à voir le meilleur du monde.

#ClairOptic #SantéVisuelle #PrendreSoinDeSesYeux #Lunettes #LunettesSoleil #OpticienTogo #BienÊtreVisuel",0,"12/01/2025 08:27",https://www.instagram.com/p/DRuj-_bjA-U/,"Image IG",,Global,85,19,7,0,0,0,1,,,,,
18075646397519056,17841429621890753,clairoptic_togo,"𝗖𝗟𝗔𝗜𝗥 𝗢𝗣𝗧𝗜𝗖 𝗧𝗢𝗚𝗢","Saviez-vous que bien choisir sa forme de lunettes peut transformer votre style😎😎🥲? Bref maintenant vous le savez 🥳et devinez quoi... Nous avons toutes les gammes, formes et couleurs chez nous😎👓. 

#ClairOptic #ConseilsMode",0,"11/28/2025 01:00",https://www.instagram.com/p/DRmCW_pE5hu/,"Image IG",,Global,113,24,7,1,0,0,0,,,,,
18056272457309675,17841429621890753,clairoptic_togo,"𝗖𝗟𝗔𝗜𝗥 𝗢𝗣𝗧𝗜𝗖 𝗧𝗢𝗚𝗢","Nos lunettes solaires allient style et protection UV maximale. Boss qu’est ce que tu attends pour venir chercher les lunettes de la gloire
#ClairOptic #SantéVisuelle #Style #EyewearFashion",0,"11/26/2025 01:00",https://www.instagram.com/p/DRg4xn2DOq_/,"Image IG",,Global,122,30,7,0,0,0,0,,,,,
17935327689016591,17841429621890753,clairoptic_togo,"𝗖𝗟𝗔𝗜𝗥 𝗢𝗣𝗧𝗜𝗖 𝗧𝗢𝗚𝗢","Oui oui Boss tu ne le sais peut-être pas mais manger des fruits peut sauver ta vision😂😎

#clairoptic #astuces #conseils #fashions #eyedoctor #eyewearfashion #fruity",0,"11/20/2025 23:00",https://www.instagram.com/p/DRTzG43jZY3/,"Image IG",,Global,135,18,8,1,0,0,0,,,,,
17921734467189383,17841429621890753,clairoptic_togo,"𝗖𝗟𝗔𝗜𝗥 𝗢𝗣𝗧𝗜𝗖 𝗧𝗢𝗚𝗢","Aujourd’hui Lundi, sois Chill😎 et sage comme Monsieur Nico😂, passe nous voir😎

#clairoptic #style",0,"11/17/2025 02:00",https://www.instagram.com/p/DRJ0ewIAaCt/,"Image IG",,Global,294,64,16,2,3,2,0,,,,,
17944580793066170,17841429621890753,clairoptic_togo,"𝗖𝗟𝗔𝗜𝗥 𝗢𝗣𝗧𝗜𝗖 𝗧𝗢𝗚𝗢","Forcer sa vue, un réflexe à éviter ! ❌

Permettez un confort à vos yeux avec nos verres.

📍 Tokoin-Soted, 76 Rue des hydrocarbures (en face de la station T-Oil) 

📞 +228 93 94 33 33 

#ClairOptic #Opticien #Styletendance",0,"11/11/2025 02:25",https://www.instagram.com/p/DQ6aqPzjCwX/,"Image IG",,Global,187,17,10,0,0,0,0,,,,,
17925048174154383,17841429621890753,clairoptic_togo,"𝗖𝗟𝗔𝗜𝗥 𝗢𝗣𝗧𝗜𝗖 𝗧𝗢𝗚𝗢","🍈🍊🍇🥭🍒

Plus ton assiette est colorée, plus ta vision te dira merci !

Une portion de fruits par jour, et tes yeux garderont leur éclat plus longtemps. 👁️✨

#ClairOptic #Opticien #HealthyEyes",0,"11/04/2025 05:24",https://www.instagram.com/p/DQotgANDFAt/,"Image IG",,Global,187,23,9,0,0,0,0,,,,,
17862182478511436,17841429621890753,clairoptic_togo,"𝗖𝗟𝗔𝗜𝗥 𝗢𝗣𝗧𝗜𝗖 𝗧𝗢𝗚𝗢","Que nos souvenirs gardent vivants ceux qui nous manquent.✝

#ClairOptic #Novembre2025 #Toussaint",0,"10/31/2025 16:31",https://www.instagram.com/p/DQff2HKjlpi/,"Image IG",,Global,169,22,10,0,0,0,0,,,,,
18078759248042688,17841429621890753,clairoptic_togo,"𝗖𝗟𝗔𝗜𝗥 𝗢𝗣𝗧𝗜𝗖 𝗧𝗢𝗚𝗢","Ils vont adorer les porter avant même de voir mieux 😂

Lunettes légères, fun et adaptées à leurs yeux 💫

📞 +228 93 94 33 33 
📍 Tokoin-Soted, 76 Rue des hydrocarbures (en face de la station T-Oil) 

#ClairOptic #LunettesEnfants #Lunetterie228",0,"10/27/2025 03:31",https://www.instagram.com/p/DQTzaV5jjeU/,"Image IG",,Global,138,17,9,0,0,0,0,,,,,
18150032578412040,17841429621890753,clairoptic_togo,"𝗖𝗟𝗔𝗜𝗥 𝗢𝗣𝗧𝗜𝗖 𝗧𝗢𝗚𝗢","Clair Optic vous souhaite un excellent week-end. Que la clarté et les bonnes ondes vous accompagnent ! 💫

#ClairOptic  #BonWeekend",0,"10/24/2025 11:01",https://www.instagram.com/p/DQM4bk8DjHc/,"Image IG",,Global,141,15,9,0,0,0,0,,,,,
17850116028576412,17841429621890753,clairoptic_togo,"𝗖𝗟𝗔𝗜𝗥 𝗢𝗣𝗧𝗜𝗖 𝗧𝗢𝗚𝗢","Vous voulez avoir du charisme et de l’authenticité dans le regard ? Les lunettes Polo sont faites pour vous.

 Un style de marque, une signature élégante et une présence qui ne passe inaperçue. 😎

Essayez-les et laissez l’allure Polo parler pour vous.

📞 +228 93 94 33 33 
📍 Tokoin-Soted, 76 Rue des hydrocarbures (en face de la station T-Oil) 

 #ClairOptic #LunettesDeMarque",9,"10/22/2025 03:34",https://www.instagram.com/reel/DQG7qrwgC_8/,"Reel IG",,Global,43,23,8,0,0,0,0,,,,,
17845485696592389,17841429621890753,clairoptic_togo,"𝗖𝗟𝗔𝗜𝗥 𝗢𝗣𝗧𝗜𝗖 𝗧𝗢𝗚𝗢","Une vision nette, une image forte. Avec Clair Optic, tout devient plus clair. 👓

Excellente semaine ! 😘

📞 +228 93 94 33 33 
📍 Tokoin-Soted, 76 Rue des hydrocarbures (en face de la station T-Oil) 

#ClairOptic",0,"10/20/2025 03:06",https://www.instagram.com/p/DQBu6mtDp3y/,"Image IG",,Global,148,18,10,0,0,0,0,,,,,
18056555321207566,17841429621890753,clairoptic_togo,"𝗖𝗟𝗔𝗜𝗥 𝗢𝗣𝗧𝗜𝗖 𝗧𝗢𝗚𝗢","Garde tes lunettes propres et en bon état avec les lingettes Optinett. Douces, efficaces et faciles à utiliser, elles éliminent poussière, traces et impuretés sans abîmer les verres. 

Disponibles en boutique chez Clair Optic. 

📞 +228 93 94 33 33 
📍 Tokoin-Soted, 76 Rue des hydrocarbures (en face de la station T-Oil) 

#ClairOptic #Optinett #LunettesPropres",0,"10/13/2025 04:33",https://www.instagram.com/p/DPv3VhkjvUP/,"Image IG",,Global,199,71,10,1,0,0,0,,,,,
18133598026460231,17841429621890753,clairoptic_togo,"𝗖𝗟𝗔𝗜𝗥 𝗢𝗣𝗧𝗜𝗖 𝗧𝗢𝗚𝗢","Le savais-tu ? Le maïs contient de la lutéine, de la zéaxanthine et du bêta-carotène — des nutriments qui contribuent à la santé des yeux.

 #ClairOptic #Conseils",0,"10/11/2025 03:16",https://www.instagram.com/p/DPqk7tzjhzE/,"Image IG",,Global,113,23,7,0,0,0,0,,,,,
18079137452091643,17841429621890753,clairoptic_togo,"𝗖𝗟𝗔𝗜𝗥 𝗢𝗣𝗧𝗜𝗖 𝗧𝗢𝗚𝗢","Ultra légère, look affirmé, confort toute la journée, nos montures sont faites pour sublimer votre regard.

 Essayez-les, vos yeux vont adorer ! 

📞 +228 93 94 33 33 
📍 Tokoin-Soted, 76 Rue des hydrocarbures (en face de la station T-Oil) 

#ClairOptic #Lunetterie228 #Togo228",0,"10/06/2025 05:14",https://www.instagram.com/p/DPd6a1SjpPT/,"Image IG",,Global,126,27,8,0,0,0,0,,,,,
17851965408556822,17841429621890753,clairoptic_togo,"𝗖𝗟𝗔𝗜𝗥 𝗢𝗣𝗧𝗜𝗖 𝗧𝗢𝗚𝗢","Octobre Rose, c’est bien plus qu’un mois : c’est un hommage à toutes les femmes qui luttent ou ont lutté contre le cancer du sein. Chez Clair Optic, nous rappelons qu’être attentif à sa santé, c’est aussi protéger sa vision. 

#OctobreRose #CancerDuSein #ClairOptic",0,"10/02/2025 03:34",https://www.instagram.com/p/DPTb1ApDhMR/,"Image IG",,Global,142,29,10,0,0,0,0,,,,,
18040745969458879,17841429621890753,clairoptic_togo,"𝗖𝗟𝗔𝗜𝗥 𝗢𝗣𝗧𝗜𝗖 𝗧𝗢𝗚𝗢","Clair Optic vous souhaite un octobre lumineux, rempli de moments inoubliables et de confiance retrouvée ! 

#ClairOptic #Octobre2025 #Lunetterie228",0,"09/30/2025 23:34",https://www.instagram.com/p/DPQboiCjcvw/,"Image IG",,Global,116,26,4,0,0,0,0,,,,,
18319184170246342,17841429621890753,clairoptic_togo,"𝗖𝗟𝗔𝗜𝗥 𝗢𝗣𝗧𝗜𝗖 𝗧𝗢𝗚𝗢","Et si tu faisais comme elle ? 
 
Rayonne, protège ta vue et garde le style avec Clair Optic ✨🕶 

📍 Tokoin-Soted, 76 Rue des hydrocarbures (en face de T-Oil) 
📞 +228 93 94 33 33 

#ClairOptic #LunettesDeSoleil #Lunetterie228",0,"09/30/2025 04:42",https://www.instagram.com/p/DPOaAZnDWIC/,"Image IG",,Global,130,27,5,0,0,0,0,,,,,
17885887656365214,17841429621890753,clairoptic_togo,"𝗖𝗟𝗔𝗜𝗥 𝗢𝗣𝗧𝗜𝗖 𝗧𝗢𝗚𝗢","Des lentilles sans avis médical ? C’est risqué pour vos yeux!
Faites confiance à un professionnel pour choisir ce qui vous convient. Prenez rendez-vous dès aujourd’hui sur clairoptic.tg 

📍 Tokoin‑Soted, face station T‑Oil
📞 +228 93 94 33 33

#ClairOptic #OpticienConseil #Togo",0,"09/27/2025 09:02",https://www.instagram.com/p/DPHJZumDuw8/,"Image IG",,Global,117,28,4,0,0,0,0,,,,,
18126545017472794,17841429621890753,clairoptic_togo,"𝗖𝗟𝗔𝗜𝗥 𝗢𝗣𝗧𝗜𝗖 𝗧𝗢𝗚𝗢","Style assuré, regard protégé. 😎

Découvrez les lunettes de soleil qui font la différence chez Clair Optic.

📍 Tokoin-Soted, 76 Rue des hydrocarbures (en face de T-Oil) 
📞 +228 93 94 33 33 

#ClairOptic #LunettesDeSoleil",0,"09/26/2025 10:05",https://www.instagram.com/p/DPErxSJjuux/,"Image IG",,Global,123,31,5,0,0,0,0,,,,,
17972206880942987,17841429621890753,clairoptic_togo,"𝗖𝗟𝗔𝗜𝗥 𝗢𝗣𝗧𝗜𝗖 𝗧𝗢𝗚𝗢","👀 Préservez votre confort visuel, même au travail.

Toutes les 20 minutes, pensez à détourner le regard de votre écran pour éviter la fatigue visuelle. 

Prenez soin de votre vue au quotidien.

📞 +228 93 94 33 33 
📍 Tokoin-Soted, 76 Rue des hydrocarbures (en face de la station T-Oil) 

#ClairOptic #SantéVisuelle #Lunetterie228",0,"09/24/2025 04:10",https://www.instagram.com/p/DO-5jHCDkjC/,"Image IG",,Global,105,24,3,0,0,0,0,,,,,
17851360680513553,17841429621890753,clairoptic_togo,"𝗖𝗟𝗔𝗜𝗥 𝗢𝗣𝗧𝗜𝗖 𝗧𝗢𝗚𝗢","Lunettes du jour ? Lunettes toujours ! Couleurs, formes, styles… chez nous, c’est le festival de la monture ! 😎 

Choisissez la paire qui fera tourner les têtes et protéger vos yeux 😜. 

📍 Tokoin-Soted, 76 Rue des hydrocarbures (en face de T-Oil) 
📞 +228 93 94 33 33 

#ClairOptic #Lunetterie #Togo228",0,"09/23/2025 03:27",https://www.instagram.com/p/DO8P2uCjoHp/,"Image IG",,Global,112,26,3,0,0,0,0,,,,,
17855385909533403,17841429621890753,clairoptic_togo,"𝗖𝗟𝗔𝗜𝗥 𝗢𝗣𝗧𝗜𝗖 𝗧𝗢𝗚𝗢","Quand tu essaies de rester concentré toute la journée. Objectif : voir clair dans le chaos ! Moi aujourd'hui, et toi ? 🤔✨

#CairOptic #Mood #Togo228",0,"09/19/2025 07:36",https://www.instagram.com/p/DOyZPIvjcUc/,"Image IG",,Global,81,19,3,0,0,0,0,,,,,
17934601005087905,17841429621890753,clairoptic_togo,"𝗖𝗟𝗔𝗜𝗥 𝗢𝗣𝗧𝗜𝗖 𝗧𝗢𝗚𝗢","Le saviez-vous ? Les muscles les plus actifs de votre corps sont ceux de vos yeux !
Ils travaillent non-stop, du matin au soir, pour vous permettre de voir clairement ce qui vous entoure. Pour les garder en forme et éviter la fatigue visuelle, il est essentiel de leur accorder toute l'attention qu'ils méritent.

Prenez soin de vos yeux ! 😉

Une question sur votre santé visuelle ? N'hésitez pas à nous contacter !

📞 +228 93 94 33 33
📍 Tokoin-Soted, 76 Rue des hydrocarbures en face de la station T-Oil

#ClairOpticTogo #SantéVisuelle #Togo228",0,"09/18/2025 03:41",https://www.instagram.com/p/DOvZgx2DfcC/,"Image IG",,Global,91,26,3,0,0,0,0,,,,,
17871384501344521,17841429621890753,clairoptic_togo,"𝗖𝗟𝗔𝗜𝗥 𝗢𝗣𝗧𝗜𝗖 𝗧𝗢𝗚𝗢","Une rentrée réussie commence par une vision claire.

 On souhaite une rentrée pleine de succès et de clarté à tous les élèves. 

📞 +228 93 94 33 33
 📍 Tokoin-Soted, 76 Rue des hydrocarbures (face station T-Oil)

#ClairOpticTogo #RentréeScolaire #Lunettes",0,"09/15/2025 03:25",https://www.instagram.com/p/DOnpT7ZDTEm/,"Image IG",,Global,80,21,3,0,0,0,0,,,,,
17978208962913474,17841429621890753,clairoptic_togo,"𝗖𝗟𝗔𝗜𝗥 𝗢𝗣𝗧𝗜𝗖 𝗧𝗢𝗚𝗢","Le week-end s’annonce magique ! 
Profitez de chaque instant, souriez à la vie et faites de ce moment un souvenir inoubliable. 

Passez un excellent week-end ! ✨

#ClairOptic #WeekendVibes #Togo",0,"09/12/2025 11:34",https://www.instagram.com/p/DOgy3wdCa-V/,"Image IG",,Global,106,17,3,0,0,0,0,,,,,
18076417148011251,17841429621890753,clairoptic_togo,"𝗖𝗟𝗔𝗜𝗥 𝗢𝗣𝗧𝗜𝗖 𝗧𝗢𝗚𝗢","🎒 Soyez prêts pour la rentrée !
Offrez à votre enfant le départ qu’il mérite : prenez rendez-vous dès aujourd’hui pour son examen de vue sur 👉 clairoptic.tg ou passez directement en boutique.

📍 Tokoin-Soted, face station T-Oil
📞 +228 93 94 33 33

#ClairOptic #RentréeScolaire #SantéVisuelle #ExamenDeVue",0,"09/10/2025 03:05",https://www.instagram.com/p/DOavDkVFYHA/,"Image IG",,Global,53,12,3,0,0,0,1,,,,,
18069416129175654,17841429621890753,clairoptic_togo,"𝗖𝗟𝗔𝗜𝗥 𝗢𝗣𝗧𝗜𝗖 𝗧𝗢𝗚𝗢","Commence ta semaine avec assurance, style et ambition 👀✨
Avec les lunettes Clair Optic, ton regard devient ton meilleur accessoire. Élégantes, confortables et protectrices, elles sont faites pour toi.
Viens les découvrir et choisis ton style dès aujourd’hui !

🌟 Bon début de semaine !

 #ClairOpticTogo #BonneSemaine",0,"09/08/2025 04:45",https://www.instagram.com/p/DOVw3xgCM_E/,"Carrousel IG",,Global,80,24,4,0,0,0,0,,,,,
18055635980168884,17841429621890753,clairoptic_togo,"𝗖𝗟𝗔𝗜𝗥 𝗢𝗣𝗧𝗜𝗖 𝗧𝗢𝗚𝗢","Le chat en mode Clair Optic 🤣🤣

Bon week-end à tous

#ClairOptic #Togo",10,"09/05/2025 11:46",https://www.instagram.com/reel/DOOyrHbCC9c/,"Reel IG",,Global,164,134,9,0,0,0,0,,,,,
17889596751205803,17841429621890753,clairoptic_togo,"𝗖𝗟𝗔𝗜𝗥 𝗢𝗣𝗧𝗜𝗖 𝗧𝗢𝗚𝗢","L’art du détail raffiné.
Des lunettes rondes, légères et confortables qui allient style et distinction.

📍 Tokoin-Soted, face station T-Oil
📞 +228 93 94 33 33

#ClairOptic #Lunetterie #LunettesLégère #Togo",21,"09/04/2025 02:44",https://www.instagram.com/reel/DOLP3-UjEtO/,"Reel IG",,Global,231,198,4,0,0,0,0,,,,,
18102933379600856,17841429621890753,clairoptic_togo,"𝗖𝗟𝗔𝗜𝗥 𝗢𝗣𝗧𝗜𝗖 𝗧𝗢𝗚𝗢","Osez l’élégance rare ✨. Chaque paire sublime votre regard et fait de votre style une véritable signature.
Disponible dès maintenant en boutique — ne laissez pas passer l’occasion.

📍 Tokoin-Soted, face station T-Oil
📞 +228 93 94 33 33

#ClairOptic #StyleUnique  #Elegance #Togo",0,"09/02/2025 04:48",https://www.instagram.com/p/DOGUfUGjTkY/,"Carrousel IG",,Global,81,21,5,0,0,0,0,,,,,
18382131694127659,17841429621890753,clairoptic_togo,"𝗖𝗟𝗔𝗜𝗥 𝗢𝗣𝗧𝗜𝗖 𝗧𝗢𝗚𝗢","Nouveau mois, nouvelles chances. Que chaque jour vous rapproche de vos projets et vous apporte de belles opportunités et de grandes victoires. 

On vous souhaite un bon début de mois.

#ClairOptic #BienvenueSeptembre #Lunetterie #Togo",0,"09/01/2025 02:32",https://www.instagram.com/p/DODgF64jh9O/,"Image IG",,Global,59,17,3,0,0,0,0,,,,,
17964350219800809,17841429621890753,clairoptic_togo,"𝗖𝗟𝗔𝗜𝗥 𝗢𝗣𝗧𝗜𝗖 𝗧𝗢𝗚𝗢","Les écrans, la génétique, le manque de lumière… la myopie s’installe sans prévenir. Mais une bonne paire de lunettes change tout : tu vois plus clair, tu vis plus libre.
 Chez 𝐂𝐥𝐚𝐢𝐫 𝐎𝐩𝐭𝐢𝐜, on t’accompagne à choisir la monture qui soigne ta vue et souligne ton style. 💙

📍 Tokoin-Soted, face station T-Oil
📞 +228 93 94 33 33

#ClairOptic #VueClaire #SantéDesYeux #OpticienTogo",0,"08/30/2025 07:51",https://www.instagram.com/p/DN-7EkYjb8x/,"Image IG",,Global,54,14,2,0,0,0,0,,,,,
18056304485383222,17841429621890753,clairoptic_togo,"𝗖𝗟𝗔𝗜𝗥 𝗢𝗣𝗧𝗜𝗖 𝗧𝗢𝗚𝗢","𝐋𝐞 𝐬𝐚𝐯𝐢𝐞𝐳-𝐯𝐨𝐮𝐬 ? 🥚

Riche en lutéine, zéaxanthine et vitamine A, l’œuf protège vos yeux contre le vieillissement et la fatigue visuelle, tout en favorisant une vision claire et durable. 👀

Pour d’autres conseils santé pour vos yeux, abonnez-vous à notre page et restez informé !

#SantéDesYeux #NutritionPourLesYeux #VisionClaire #ClairOptic #Togo",0,"08/28/2025 04:53",https://www.instagram.com/p/DN5dEkKAGXF/,"Image IG",,Global,71,20,4,0,0,0,0,,,,,
18078062923770621,17841429621890753,clairoptic_togo,"𝗖𝗟𝗔𝗜𝗥 𝗢𝗣𝗧𝗜𝗖 𝗧𝗢𝗚𝗢","Vous plissez les yeux pour lire ça ?
C’est sûrement le moment de passer nous voir et trouver les lunettes qui vous conviennent.""

📍 Tokoin-Soted, face station T-Oil
📞 +228 93 94 33 33

#ClairOpticTogo #VueFloue #SantéDesYeux #OpticienLomé #VisionClaire #LunettesStylées",0,"08/23/2025 07:13",https://www.instagram.com/p/DNs1KSYWjky/,"Carrousel IG",,Global,60,16,4,0,0,0,0,,,,,
18088826734701478,17841429621890753,clairoptic_togo,"𝗖𝗟𝗔𝗜𝗥 𝗢𝗣𝗧𝗜𝗖 𝗧𝗢𝗚𝗢","𝐋𝐞 𝐬𝐚𝐯𝐢𝐞𝐳-𝐯𝐨𝐮𝐬 ?
Le manque de sommeil réduit l’oxygène disponible pour vos yeux, ce qui peut les rendre rouges.
En cas de fatigue ou d’irritation, appliquez un gant de toilette froid et humide sur vos yeux pendant 20 minutes pour apaiser la gêne.

📍 Tokoin-Soted, face station T-Oil
📞 +228 93 94 33 33

#ClairOpticTogo #SantéDesYeux #ConseilOptique #VisionClaire #OpticienLomé",0,"08/21/2025 03:25",https://www.instagram.com/p/DNnRdpjxkXv/,"Image IG",,Global,71,26,3,0,0,0,0,,,,,
18018542456565495,17841429621890753,clairoptic_togo,"𝗖𝗟𝗔𝗜𝗥 𝗢𝗣𝗧𝗜𝗖 𝗧𝗢𝗚𝗢","Ancienne, cassée et abîmée ? Il est temps de tourner la page.😎

Optez pour une paire neuve et moderne qui transforme tout : votre style, votre confort et votre vision.

📍 Tokoin-Soted, face station T-Oil
📞 +228 93 94 33 33

#ClairOpticTogo #LunettesStylées #VisionClaire #OpticienLomé",0,"08/19/2025 06:39",https://www.instagram.com/p/DNieFwWP1Q2/,"Image IG",,Global,55,17,2,0,0,0,0,,,,,
18062346365027469,17841429621890753,clairoptic_togo,"𝗖𝗟𝗔𝗜𝗥 𝗢𝗣𝗧𝗜𝗖 𝗧𝗢𝗚𝗢","Détectez le vrai du faux avant qu’il ne soit trop tard.
Des lentilles fausses ou mal adaptées peuvent abîmer vos yeux. Passez en boutique pour choisir des lentilles fiables et sûres.

📍 Clair Optic – Tokoin-Soted
📞 +228 93 94 33 33

#ClairOpticTogo #LentillesDeQualité #VisionEnSécurité #SantéDesYeux",0,"08/17/2025 04:26",https://www.instagram.com/p/DNdFM4BPqo5/,"Image IG",,Global,57,17,2,0,0,0,0,,,,,
18072354239031965,17841429621890753,clairoptic_togo,"𝗖𝗟𝗔𝗜𝗥 𝗢𝗣𝗧𝗜𝗖 𝗧𝗢𝗚𝗢","En ce jour d’Assomption, que la lumière vous accompagne.
Clair Optic vous souhaite une fête sereine et pleine de clarté.

#ClairOpticTogo #Assomption2025 #Fête",0,"08/14/2025 11:18",https://www.instagram.com/p/DNWF8fPxp5a/,"Image IG",,Global,72,28,4,0,0,0,0,,,,,
17921492343120630,17841429621890753,clairoptic_togo,"𝗖𝗟𝗔𝗜𝗥 𝗢𝗣𝗧𝗜𝗖 𝗧𝗢𝗚𝗢","Pour mettre tes lentilles facilement : lave tes mains, place la lentille sur ton doigt, tire ta paupière, pose-la doucement sur l’œil, puis cligne les yeux , confort assuré.

Besoin d’aide ? Passe en boutique, on te guide en 5 minutes. Pour plus de conseils : abonne-toi, like et partage.

📍 Clair Optic – Tokoin-Soted
📞 +228 93 94 33 33

#ClairOpticTogo #LentillesFaciles #VisionClair #ConseilsOptique",0,"08/13/2025 03:00",https://www.instagram.com/p/DNSoP5IuZLl/,"Image IG",,Global,66,20,3,0,0,0,0,,,,,
18280537894274235,17841429621890753,clairoptic_togo,"𝗖𝗟𝗔𝗜𝗥 𝗢𝗣𝗧𝗜𝗖 𝗧𝗢𝗚𝗢","Nos lentilles, c’est le combo parfait : vision nette, zéro contrainte.
Discrètes et confortables, elles te suivent partout.
Passe en boutique, tu vas adorer.

📍 Clair Optic – Tokoin-Soted
📞 +228 93 94 33 33

#ClairOpticTogo #LentillesDeContact #VisionParfaite #RegardLibre #LookDiscret",0,"08/12/2025 03:32",https://www.instagram.com/p/DNQHDzyN1MV/,"Image IG",,Global,93,26,3,0,0,0,0,,,,,
17853653757506832,17841429621890753,clairoptic_togo,"𝗖𝗟𝗔𝗜𝗥 𝗢𝗣𝗧𝗜𝗖 𝗧𝗢𝗚𝗢","Retrouvez la monture qui vous ressemble.
Style, originalité, confort; explorez notre collection et choisissez parmi une large variété de couleurs et de modèles, pensés pour sublimer chaque visage.

📍 Clair Optic – Tokoin-Soted
📞 +228 93 94 33 33

#ClairOptic #MonturesStylées #LunettesAvecStyle #Lunetterie #LoméTogo",0,"08/11/2025 03:26",https://www.instagram.com/p/DNNhoa-NHsT/,"Image IG",,Global,106,28,2,0,0,0,0,,,,,
18049505909230555,17841429621890753,clairoptic_togo,"𝗖𝗟𝗔𝗜𝗥 𝗢𝗣𝗧𝗜𝗖 𝗧𝗢𝗚𝗢","Conseils pour préserver la santé de vos yeux, Mesdames :

- À partir de 40 ans, un examen annuel avec dilatation est essentiel pour détecter les troubles.
- Soyez délicates lors du démaquillage et des soins : vos yeux méritent douceur et attention.
- Rincez vos yeux à l’eau claire une fois par jour pour les garder frais et apaisés.
- Enceinte ? Prenez rendez-vous régulièrement chez votre ophtalmologue pour un suivi adapté.

Prendre soin de vos yeux, c’est garder une vision claire.

#ClairOptic #SantéDesYeux #ConseilsSanté #PréventionVisuelle",0,"08/06/2025 02:54",https://www.instagram.com/p/DNAl9fMN5-X/,"Image IG",,Global,8087,6952,82,0,2,0,3,,,,,
18086772701145260,17841423357589398,domsresto,"Dom's Restaurant","🎊Dom’s Resto change de concept. Ça sera 𝐃𝐎𝐌’𝐒 𝐅𝐑𝐄𝐄 𝐃𝐄𝐋𝐈𝐕𝐄𝐑𝐘 chaque mardi.🎁

C’est le moment de commander sans hésiter. 😉

📍Nukafu - Boulevard Jean-Paul 2 à 100m de la station T-Oil en direction du collège Saint-Joseph

📲+22870232523

#Domsresto #livraisongratuite #bonplan",8,"02/19/2026 02:23",https://www.instagram.com/reel/DU75gxuCIuT/,"Reel IG",,Global,211,277,12,0,0,0,0,,,,,
18123003688571002,17841423357589398,domsresto,"Dom's Restaurant","𝐋𝐈𝐕𝐑𝐀𝐈𝐒𝐎𝐍 𝐆𝐑𝐀𝐓𝐔𝐈𝐓𝐄 ! 🎊

Chaque Mardi, on enlève les frais de livraison pour que vous puissiez bien profiter de nos plats. ❤️

Profitez-en !!! 😉🙂

📍Nukafu - Boulevard Jean-Paul 2 à 100m de la station T-Oil en direction du collège Saint-Joseph

📲+22870232523

#Domsresto #livraisongratuit  #bonplanfood",0,"02/18/2026 02:01",https://www.instagram.com/p/DU5ShlqEqqI/,"Image IG",,Global,1269,1575,46,5,1,2,0,,,,,
18190360333388839,17841423357589398,domsresto,"Dom's Restaurant","Rejoignez-nous ! 🥳 C’est H24 ouvert tous les week-ends ⏰ avec soirée BBQ. 🍖 🔥 

🎉 1 plat acheté, le second à moitié prix / Cocktail & Karaoké 

📍Nukafu - Boulevard Jean-Paul 2 à 100m de la station T-Oil en direction du collège Saint-Joseph

📲+22870232523

#Domsresto #bonplan",0,"07/31/2026 04:09",https://www.instagram.com/p/DbdH8Q_iBD9/,"Carrousel IG",,Global,104,52,2,0,0,0,1,,,,,
18094033862376330,17841423357589398,domsresto,"Dom's Restaurant","🍖 Viandes grillées à souhait
🎶 Bonne ambiance
✨ De belles vibes autour d’un bon repas

Chaque Week-end à Dom’s Resto est une soirée où le plaisir se déguste à chaque bouchée. 🔥

📍Nukafu - Boulevard Jean-Paul 2 à 100m de la station T-Oil en direction du collège Saint-Joseph

📲+22870232523

#friedrice #domsresto #bonplan",0,"07/30/2026 03:53",https://www.instagram.com/p/DbahV6YDIAl/,"Carrousel IG",,Global,99,45,1,0,0,0,0,,,,,
18083142488228786,17841423357589398,domsresto,"Dom's Restaurant","Fried Rice non-Stop 🍛 + soirée BBQ chaque samedi à partir de 00H00. 🔥🔥🔥

H24 ouvert tous les week-end ! Venez vous regaler. 😋

📍Nukafu - Boulevard Jean-Paul 2 à 100m de la station T-Oil en direction du collège Saint-Joseph

📲+22870232523

#Domsresto #NightVibes #sortiralome",0,"07/25/2026 05:01",https://www.instagram.com/p/DbNxDL8lGIy/,"Carrousel IG",,Global,153,75,6,0,0,0,0,,,,,
17924130663167199,17841423357589398,domsresto,"Dom's Restaurant","Tu rates un week-end a Dom’s resto, tu rates tes vacances…🙃

Rejoignez-nous ! 🥳 C’est H24 ouvert tous les week-ends ⏰ avec soirée BBQ. 🍖 🔥 

- 1 plat acheté, le second à moitié prix / Cocktail & Karaoké 

📍Nukafu - Boulevard Jean-Paul 2 à 100m de la station T-Oil en direction du collège Saint-Joseph

📲+22870232523

#Domsresto #bonplan #sortiralome",0,"07/24/2026 03:39",https://www.instagram.com/p/DbLC8_ijL6K/,"Carrousel IG",,Global,144,54,2,0,0,0,0,,,,,
18005132531959894,17841423357589398,domsresto,"Dom's Restaurant","POV : Elle n’avait pas faim mais veut goûter…🤣

Venez kiffer vos vacances chez nous entre amis ! 🕺🧑🏽‍🩰

📍Nukafu - Boulevard Jean-Paul 2 à 100m de la station T-Oil en direction du collège Saint-Joseph

Commande par ici 📲+22870232523

#FriedRice #domsresto",10,"07/23/2026 04:35",https://www.instagram.com/reel/DbIkfFsjozT/,"Reel IG",,Global,1123,858,19,3,0,0,2,,,,,
18056420309777676,17841423357589398,domsresto,"Dom's Restaurant","🔥 𝐃𝐔 𝐍𝐎𝐔𝐕𝐄𝐀𝐔 : 𝐃𝐨𝐦’𝐬 𝐁𝐁𝐐 𝐍𝐢𝐠𝐡𝐭 🔥

Tous les vendredis à partir de 22H00 & samedis à partir de 00H00, les braises s'allument et l'ambiance monte au resto ! 🍖🔥

Grillades, musique, cocktails et bonne humeur vous attendent. Venez partager un moment gourmand entre amis jusqu’à l’aube. 🧑🏽‍🩰💃🏾

📍Nukafu - Boulevard Jean-Paul 2 à 100m de la station T-Oil en direction du collège Saint-Joseph

📲+22870232523

#Domsresto #bonplan #sortiralome",0,"07/22/2026 03:01",https://www.instagram.com/p/DbF0_iDDsg_/,"Carrousel IG",,Global,149,81,5,0,0,0,0,,,,,
17906684148450507,17841423357589398,domsresto,"Dom's Restaurant","Comme d’hab…🎉LIVRAISON À 0fr toute la journée. 🎁🎊

Pour vos commandes 👉🏾+22870232523

#Domsresto #freedelivery",0,"07/21/2026 03:06",https://www.instagram.com/p/DbDQzdGjv8m/,"Image IG",,Global,66,46,1,0,0,0,0,,,,,
17990497379825475,17841423357589398,domsresto,"Dom's Restaurant","Tu as faim à 2h ? 3h ? 4h du matin ? 😎

Dom’s Resto reste ouvert 𝐧𝐨𝐧-𝐬𝐭𝐨𝐩 tous les week-ends en plus d’un bon BBQ ! 🍖 🔥

📍Nukafu - Boulevard Jean-Paul 2 à 100m de la station T-Oil en direction du collège Saint-Joseph

📲+22870232523

#Domsresto #NightVibes #sortiralome",0,"07/18/2026 07:15",https://www.instagram.com/p/Da7-6-6Dhij/,"Image IG",,Global,76,43,1,0,0,0,0,,,,,
18114130408897986,17841423357589398,domsresto,"Dom's Restaurant","- 𝟏 𝐩𝐥𝐚𝐭 𝐚𝐜𝐡𝐞𝐭𝐞́, 𝐥𝐞 𝐬𝐞𝐜𝐨𝐧𝐝 𝐚̀ 𝐦𝐨𝐢𝐭𝐢𝐞́ 𝐩𝐫𝐢𝐱 / 𝐂𝐨𝐜𝐤𝐭𝐚𝐢𝐥🍹& 𝐤𝐚𝐫𝐚𝐨𝐤𝐞́ 🎤
- 𝟐𝟒𝐇 𝐍𝐨𝐧-𝐒𝐭𝐨𝐩
- ⁠BBQ party 🥩 🍢

📍Nukafu - Boulevard Jean-Paul 2 à 100m de la station T-Oil en direction du collège Saint-Joseph

📲+22870232523

#Domsresto #bonplan #sortiralome",0,"07/17/2026 03:52",https://www.instagram.com/p/Da5C2X-jgVR/,"Image IG",,Global,172,107,3,2,0,0,0,,,,,
17946850185235941,17841423357589398,domsresto,"Dom's Restaurant","🔥Vacance à Lomé ? Fais une vraie pause gourmande chez nous à Dom’s Resto ! 😋

Ambiance, saveurs, détente,… tout est réuni pour te faire kiffer tes vacances. 💃🏾

📍Nukafu - Boulevard Jean-Paul 2 à 100m de la station T-Oil en direction du collège Saint-Joseph

📲+22870232523

#friedrice  #Domsresto #sortiralome",0,"07/15/2026 03:21",https://www.instagram.com/p/Daz1vwZINzN/,"Carrousel IG",,Global,197,82,4,0,0,0,1,,,,,
17881740072609476,17841423357589398,domsresto,"Dom's Restaurant","Aujourd’hui, tu paies juste ton plat. La LIVRAISON est GRATUITE.🎊🎉

Commande maintenant et profite 📲+22870232523

#friedricelovers  #livraisongratuit  #domrestaurant",0,"07/14/2026 03:37",https://www.instagram.com/p/DaxSy-hDkG9/,"Image IG",,Global,76,50,4,0,0,0,0,,,,,
18103182329172926,17841423357589398,domsresto,"Dom's Restaurant","Les vacances sont faites pour se retrouver, partager et profiter. ❤️

Rejoins la grande famille Dom’s Resto et vis des moments gourmands inoubliables. 🍛✨

Commande ton Fried Rice par ici 👉🏾📲+22870232523

#friedrice  #domsresto 
#sortiralome",0,"07/13/2026 09:11",https://www.instagram.com/p/DavULXBDulz/,"Carrousel IG",,Global,115,51,3,0,0,0,0,,,,,
18330052870262673,17841423357589398,domsresto,"Dom's Restaurant","Un plat chaud 🔥 et savoureux… 🤤 

Rendez-vous dès midi pour vos commandes ! 🍛

📍Nukafu - Boulevard Jean-Paul 2 à 100m de la station T-Oil en direction du collège Saint-Joseph

📲+22870232523

#Domsresto #bonplanfood",0,"07/13/2026 03:07",https://www.instagram.com/p/DauqjXVDil1/,"Carrousel IG",,Global,163,77,4,0,0,0,0,,,,,
18130922878610749,17841423357589398,domsresto,"Dom's Restaurant","Vendredi à Dom’s Resto…🔥

📍Nukafu - Boulevard Jean-Paul 2 à 100m de la station T-Oil en direction du collège Saint-Joseph

📲+22870232523

#Domsresto #bonplanfood #goodvibesonly",0,"07/10/2026 03:21",https://www.instagram.com/p/Dam9xUsjrhm/,"Carrousel IG",,Global,91,50,2,0,0,0,0,,,,,
17897795139473481,17841423357589398,domsresto,"Dom's Restaurant","🔥 MONDIAL + BONNE BOUFFE = DOM’S RESTO !

Vivez tous les matchs comme si vous étiez au stade. ⚽📺

📍Nukafu - Boulevard Jean-Paul 2 à 100m de la station T-Oil en direction du collège Saint-Joseph

📲+22870232523

#Domsresto #bonplan #footballlovers",0,"07/09/2026 05:46",https://www.instagram.com/p/DakpiZeDrh5/,"Image IG",,Global,65,45,2,0,0,0,0,,,,,
17886864780657433,17841423357589398,domsresto,"Dom's Restaurant","🔥 C’EST LES VACANCES !

Envie de bien manger et de profiter d’un bon moment ? 😍

🍽️ DOM’S RESTO — la meilleure adresse pour savourer vos Fried Rice préférés dans une ambiance chill et conviviale ! 🎊

Bon goût, bon mood, bons moments… tout est réuni ici !

📍Nukafu - Boulevard Jean-Paul 2 à 100m de la station T-Oil en direction du collège Saint-Joseph

Commande par ici 📲+22870232523

#friedrice #domsresto",12,"07/08/2026 03:51",https://www.instagram.com/reel/Dah3koNGKI0/,"Reel IG",,Global,308,246,6,0,1,0,0,,,,,
17896681008478227,17841423357589398,domsresto,"Dom's Restaurant","Ce plat est notre coup de cœur du mois surtout si tu aimes les fruits de mer ! 🍤🦞

𝐋𝐈𝐕𝐑𝐀𝐈𝐒𝐎𝐍 𝐆𝐑𝐀𝐓𝐔𝐈𝐓𝐄 toute la journée. 🎊🎁

Commandez par ici 👉🏾📲+22870232523

#Domsresto #freedelivery #friedrice",10,"07/07/2026 03:55",https://www.instagram.com/reel/DafTP6JEdaX/,"Reel IG",,Global,270,232,4,1,0,0,0,,,,,
17907834087430270,17841423357589398,domsresto,"Dom's Restaurant","Tout ça là va finir bientôt…😂🤣

Venez passer du bon temps chez nous ! 🎊🥰

📍Nukafu - Boulevard Jean-Paul 2 à 100m de la station T-Oil en direction du collège Saint-Joseph

📲+22870232523

#Domsresto #bonplanfood #footballlovers♥️⚽️😍⚽",19,"07/04/2026 04:57",https://www.instagram.com/reel/DaXr5KmAse5/,"Reel IG",,Global,3056,2552,108,2,3,2,2,,,,,
17966463104938424,17841423357589398,domsresto,"Dom's Restaurant","- 1 plat acheté, le second à moitié prix toute la journée 
- ⁠Cocktail et karaoké 
- ⁠24h Non-Stop de FriedRice 
- ⁠Diffusion de matchs

Venez vous réfugier chez nous peu importe l’heure tous les week-ends ! 🥰

📍Nukafu - Boulevard Jean-Paul 2 à 100m de la station T-Oil en direction du collège Saint-Joseph

📲+22870232523

#Domsresto #bonplanfood #GoodVibesOnly",0,"07/03/2026 04:27",https://www.instagram.com/p/DaVDsqnDu0c/,"Carrousel IG",,Global,137,59,4,0,0,0,0,,,,,
18110378609482271,17841423357589398,domsresto,"Dom's Restaurant","Ça gâte cœur même ! 🤣😂

Vos commandes par ici 👉🏾 📲+22870232523

#Domsresto #goodvibesonly",12,"07/02/2026 03:44",https://www.instagram.com/reel/DaSZ97jDI0h/,"Reel IG",,Global,926,728,7,0,0,0,0,,,,,
18109848619983046,17841423357589398,domsresto,"Dom's Restaurant","Tu adores 🫠 les fruits de mer… ? 🦞🍤 

Demande à avoir le 𝐅𝐫𝐢𝐞𝐝 𝐑𝐢𝐜𝐞 𝐎𝐟𝐟𝐬𝐡𝐨𝐫𝐞 au resto🔥c’est  pour toi qui est là comme ça ! 😋

📍Nukafu - Boulevard Jean-Paul 2 à 100m de la station T-Oil en direction du collège Saint-Joseph

Commande par ici 📲+22870232523

#friedrice  #domsresto",0,"07/01/2026 03:00",https://www.instagram.com/p/DaPwKH3jaOj/,"Carrousel IG",,Global,119,70,2,0,0,0,0,,,,,
18135527038579132,17841423357589398,domsresto,"Dom's Restaurant","🔥𝐋𝐈𝐕𝐑𝐀𝐈𝐒𝐎𝐍 𝐆𝐑𝐀𝐓𝐔𝐈𝐓𝐄 aujourd’hui ! 🎊

Commande par ici 👉🏾📲+22870232523

#Domsresto #freedelivery  #friedrice",0,"06/30/2026 03:17",https://www.instagram.com/p/DaNNWwyjota/,"Carrousel IG",,Global,157,72,5,0,0,0,0,,,,,
18599755126054051,17841423357589398,domsresto,"Dom's Restaurant","Envie de bien manger pendant les matchs ? ⚽🍛

Le bon plan, c’est simple : Dom’s Resto 🔥

📍Nukafu - Boulevard Jean-Paul 2 à 100m de la station T-Oil en direction du collège Saint-Joseph

📲+22870232523

#Domsresto #friedrice #footballlovers",0,"06/27/2026 04:15",https://www.instagram.com/p/DaFlnCnjDre/,"Carrousel IG",,Global,218,124,9,0,0,0,0,,,,,
18086441816435134,17841423357589398,domsresto,"Dom's Restaurant","C’est VENDREDI à Dom’s Resto : 🔥🔥🔥

- 1 plat acheté, le second à moitié prix 🍛
- ⁠Cocktail🍹& karaoké 🎤 
- ⁠24h Non-Stop de FriedRice ⏰ 
- ⁠Diffusion de matchs ⚽️

📍Nukafu - Boulevard Jean-Paul 2 à 100m de la station T-Oil en direction du collège Saint-Joseph

📲+22870232523

#Domsresto #bonplanfood",8,"06/26/2026 03:52",https://www.instagram.com/reel/DaC-Eu_jHjl/,"Reel IG",,Global,194,166,1,1,0,0,0,,,,,
18071061311367197,17841423357589398,domsresto,"Dom's Restaurant","Aucune excuse valable….⚽️

Passez ou commandez 👉🏾 📲+22870232523

#Domsresto #goodvibesonly 
#sortiralome",12,"06/24/2026 03:01",https://www.instagram.com/reel/DZ9uq6oD6qP/,"Reel IG",,Global,517,406,10,0,1,0,0,,,,,
18025020317663525,17841423357589398,domsresto,"Dom's Restaurant","Tous les mardis, on joue en attaque totale… 🔥 Livraison gratuite sur toutes vos commandes de Fried Rice ! 🥰

Commandez par ici 👉🏾📲+22870232523

#Domsresto #freedelivery",0,"06/23/2026 05:10",https://www.instagram.com/p/DZ7YvuGDjwv/,"Image IG",,Global,80,48,6,0,0,0,0,,,,,
17879127039608603,17841423357589398,domsresto,"Dom's Restaurant","Le coup d’envoi est lancé pour cette nouvelle semaine…⚽️

Chaque action est décisive ! 🔥

Commande ton Fried Rice par ici 👉🏾📲+22870232523

#FriedRiceDoms #DomsResto
#footballlover",12,"06/22/2026 13:34",https://www.instagram.com/reel/DZ5tg5-DxN7/,"Reel IG",,Global,257,199,5,0,0,0,0,,,,,
18103112347844125,17841423357589398,domsresto,"Dom's Restaurant","Aujourd’hui, on célèbre les vrais héros. 💙

Ceux qui travaillent dur, qui protègent, qui conseillent… et qui méritent le meilleur. 

Réunis la famille et viens célébrer papa autour de nos plats irrésistibles.

#Doms #celebratedad",0,"06/20/2026 08:56",https://www.instagram.com/p/DZ0EJR3DJYl/,"Image IG",,Global,57,33,4,0,0,0,0,,,,,
18078048269284655,17841423357589398,domsresto,"Dom's Restaurant","Week-end No-Stop, matchs No-Stop…🏆🔥

Venez passer vos soirées matchs avec nous peu importe l’heure tout le week-end. 🔥

📲+22870232523

#wordlcup  #footballlover♥️⚽️ #FriedRiceDoms",0,"06/19/2026 07:51",https://www.instagram.com/p/DZxX8FzjoHK/,"Carrousel IG",,Global,96,40,3,0,0,0,0,,,,,
17929839003304065,17841423357589398,domsresto,"Dom's Restaurant","Chaque but ⚽️ mérite un bon plat ! 🍛🔥

Vos soirées matchs méritent le meilleur Fried Rice 👉🏾📲+22870232523

#worldcup2026  #footballlovers♥️⚽️😍⚽ #FriedRiceDoms",0,"06/17/2026 03:00",https://www.instagram.com/p/DZrtEYiDGjM/,"Carrousel IG",,Global,129,70,3,1,0,0,0,,,,,
18105681635079331,17841423357589398,domsresto,"Dom's Restaurant","⚽️ Une équipe qui croit, une foule qui ressent chaque instant et nous qui faisons la différence avec le goût de nos plats…😋

🔥LIVRAISON GRATUITE TOUTE LA JOURNÉE.🔥

Vos soirées matchs méritent le meilleur Fried Rice 👉🏾📲+22870232523

#CoupeDuMonde #FootballLovers #FriedRiceDoms",0,"06/16/2026 03:00",https://www.instagram.com/p/DZpINnJjk65/,"Carrousel IG",,Global,130,58,5,0,0,0,0,,,,,
18100854953127517,17841423357589398,domsresto,"Dom's Restaurant","⚽️🔥

Ne ratez pas les matchs… ni nos plats ! 🔥

Vos soirées matchs méritent le meilleur Fried Rice 👉🏾📲+22870232523

#CoupeDuMonde #footballlover♥️⚽️ #FriedRiceDoms",0,"06/15/2026 10:08",https://www.instagram.com/p/DZnUeKujp5J/,"Carrousel IG",,Global,119,54,4,0,0,0,0,,,,,
17963052462102390,17841423357589398,domsresto,"Dom's Restaurant","Le meilleur coin pour suivre la Coupe Du Monde ! 🏆

Vos soirées matchs méritent le meilleur Fried Rice 👉🏾📲+22870232523

#CoupeDuMonde #footballlover♥️⚽️ #FriedRiceDoms",9,"06/15/2026 06:36",https://www.instagram.com/reel/DZm8Fv_jeD4/,"Reel IG",,Global,261,191,7,1,0,0,0,,,,,
18051160607536847,17841423357589398,domsresto,"Dom's Restaurant","Que ce soit en journée, en soirée ou au cœur de la nuit…
👉 On est là pour vous accueillir et vous faire kiffer. 

Tous les week-ends, c’est 24H de vibes, de saveurs et de bons moments. 🔥

📍Nukafu - Boulevard Jean-Paul 2 à 100m de la station T-Oil en direction du collège Saint-Joseph

📲+22870232523

#WeekendNonStop #goodvibesonly #sortiralome",0,"06/13/2026 04:52",https://www.instagram.com/p/DZhmqrTjoLd/,"Carrousel IG",,Global,174,93,9,0,0,0,0,,,,,
18127286365620150,17841423357589398,domsresto,"Dom's Restaurant","Le week-end à Dom’s Resto n’est jamais un week-end normal. 😏👇

🍛 1 plat acheté = le 2ème à moitié prix
Parce que manger seul, ce n’est pas drôle 😉

🍹 Cocktails & Karaoké
On mange, on boit… et on chante sans pression 🎤🔥

🕒 24H NON-STOP DE FRIED RICE
Oui oui… peu importe l’heure, on est là pour te servir !

Ramène ta team et viens vivre ça avec nous ! 👇🏾

📍Nukafu - Boulevard Jean-Paul 2 à 100m de la station T-Oil en direction du collège Saint-Joseph

📲+22870232523

#WeekendVibes #FriedRiceParty #LomeNight #NonStop #karaokenight",0,"06/12/2026 03:40",https://www.instagram.com/p/DZe5qjyjp_r/,"Carrousel IG",,Global,92,46,1,0,0,0,0,,,,,
17930009682315668,17841423357589398,domsresto,"Dom's Restaurant","𝐅𝐫𝐢𝐞𝐝 𝐑𝐢𝐜𝐞 𝐚𝐮𝐱 𝐥𝐞́𝐠𝐮𝐦𝐞𝐬 🥒🥕

Un mélange parfaitement équilibré de riz sauté, relevé avec des légumes frais et croquants : carottes, petits pois, poivrons, haricots verts… 

Idéal si tu veux te faire plaisir tout en mangeant plus sain. 💚

📲 À tester absolument… +22870232523 

#HealthyFood #VeggieLovers #FriedRiceVeggie",0,"06/11/2026 05:02",https://www.instagram.com/p/DZceOlqDg_I/,"Carrousel IG",,Global,133,78,2,0,0,0,0,,,,,
18592837630034169,17841423357589398,domsresto,"Dom's Restaurant","Du premier coup de sifflet jusqu’à la dernière seconde…⚽️ savourez un goût irrésistible qui ne vous lâche pas. 🔥🍛

Vos soirées matchs méritent le meilleur Fried Rice 👉🏾📲+22870232523

#CoupeDuMonde #FriedRiceDoms #footballlovers",0,"06/11/2026 02:58",https://www.instagram.com/p/DZcQEknlv-_/,"Image IG",,Global,75,54,2,0,0,0,0,,,,,
18077643947658608,17841423357589398,domsresto,"Dom's Restaurant","Un choix qui ne se discute pas, surtout aujourd’hui ! 🥰

🚨LIVRAISON GRATUITE🚨

📲 Commande maintenant et profite 📲+22870232523

#BonPlan #LivraisonGratuite #DomResto",13,"06/09/2026 03:20",https://www.instagram.com/reel/DZXI-ovFKA0/,"Reel IG",,Global,197,164,4,0,0,0,0,,,,,
18144660277508495,17841423357589398,domsresto,"Dom's Restaurant","Chaque mardi, ton plat préféré arrive chez toi, sans frais. 

Poulet, crevettes, légumes… fais ton choix et laisse-nous faire le reste. 

📲 Commande maintenant et profite 📲+22870232523

#friedricelovers  #livraisongratuite #DomResto",0,"06/08/2026 08:24",https://www.instagram.com/p/DZVHAoZjvDA/,"Image IG",,Global,116,67,1,0,0,0,0,,,,,
18169169521422945,17841423357589398,domsresto,"Dom's Restaurant","On vous régale Non-Stop tout le week-end. 🔥

Venez à n’importe quelle heure ! Vous serez servis. 😊

📍Nukafu - Boulevard Jean-Paul 2 à 100m de la station T-Oil en direction du collège Saint-Joseph

📲+22870232523

#Domsresto #bonplan",6,"06/06/2026 03:45",https://www.instagram.com/reel/DZPdbDojRKx/,"Reel IG",,Global,244,180,3,0,0,0,1,,,,,
18378447757162073,17841423357589398,domsresto,"Dom's Restaurant","Tu chantes, tu manges et tu bois bon ? On valide tout le week-end Non-Stop avec vous…🫠 

- 1 plat acheté, le second à moitié prix 
- ⁠Cocktail et karaoké 
- ⁠24h Non-Stop de FriedRice 

📍Nukafu - Boulevard Jean-Paul 2 à 100m de la station T-Oil en direction du collège Saint-Joseph

📲+22870232523

#Domsresto #bonplanfood",0,"06/05/2026 04:43",https://www.instagram.com/p/DZM_TOcjq5Z/,"Image IG",,Global,79,48,3,0,0,0,0,,,,,
18111772769310374,17841423357589398,domsresto,"Dom's Restaurant","Les bonnes manières s’il vous plaît Messieurs ! 🤣😂

Cliquez ici pour vos commandes 👉🏾+22870232523

#Domsresto #humour",13,"06/04/2026 04:04",https://www.instagram.com/reel/DZKV_OoAvqD/,"Reel IG",,Global,414,298,8,0,0,0,0,,,,,
18090614150029374,17841423357589398,domsresto,"Dom's Restaurant","Mardi = Livraison gratuite à Dom’s Resto ! 🔥

Faites vos commandes par ici 👉🏾 📲+22870232523

#Domsresto #freedelivery",0,"06/02/2026 03:43",https://www.instagram.com/p/DZFKD8Yjtoq/,"Image IG",,Global,64,43,1,0,0,0,0,,,,,
18117716935837795,17841423357589398,domsresto,"Dom's Restaurant","🌤️ Nouveau mois… Mêmes délices ! 🙂

Nous sommes ouverts 👉🏾+22870232523

📍Nukafu - Boulevard Jean-Paul 2 à 100m de la station T-Oil en direction du collège Saint-Joseph

#Domsresto #friedrice",0,"06/01/2026 06:59",https://www.instagram.com/p/DZC7rWCjuGu/,"Carrousel IG",,Global,138,85,7,1,0,0,0,,,,,
18057307691718694,17841423357589398,domsresto,"Dom's Restaurant","Bonne fête des mères 💐

Aujourd’hui, on célèbre celles qui donnent sans compter, qui aiment sans condition et qui portent nos vies avec une force incroyable. 

Les mamans, c’est ce mélange unique de douceur, de courage et de sagesse qui nous accompagne à chaque étape.

À toutes les mamans, une seule chose à dire : merci d’être vous. Bonne fête des mères ❤️

#Domsresto #mothersday",0,"05/30/2026 07:16",https://www.instagram.com/p/DY90Dh7jlD2/,"Image IG",,Global,91,66,3,0,0,0,0,,,,,
17876227338480012,17841423357589398,domsresto,"Dom's Restaurant","Si vous avez faim au delà de 00h00 les week-ends, rejoignez-nous au resto ou faites-vous livrer. 🥰

Nous restons ouverts pour vous ! 🔥

📍Nukafu - Boulevard Jean-Paul 2 à 100m de la station T-Oil en direction du collège Saint-Joseph

📲+22870232523

#Domsresto #bonplan",0,"05/30/2026 03:34",https://www.instagram.com/p/DY9aqvGDq0o/,"Carrousel IG",,Global,127,80,3,0,0,0,0,,,,,
18322405852282533,17841423357589398,domsresto,"Dom's Restaurant","Il faut vivre tout un week-end avec Dom’s Resto pour pouvoir en parler ! ❤️‍🔥

- Chaque vendredi c’est 𝟏 𝐩𝐥𝐚𝐭 𝐚𝐜𝐡𝐞𝐭𝐞́, 𝐥𝐞 𝐬𝐞𝐜𝐨𝐧𝐝 𝐚̀ 𝐦𝐨𝐢𝐭𝐢𝐞́ 𝐩𝐫𝐢𝐱 / 𝐂𝐨𝐜𝐤𝐭𝐚𝐢𝐥🍹& 𝐤𝐚𝐫𝐚𝐨𝐤𝐞́ 🎤
- ⁠C’est également 𝟐𝟒𝐇 𝐍𝐨𝐧-𝐒𝐭𝐨𝐩. On vous régale sans arrêt tout le week-end. 🔥

📍Nukafu - Boulevard Jean-Paul 2 à 100m de la station T-Oil en direction du collège Saint-Joseph

📲+22870232523

#Domsresto #bonplan",0,"05/29/2026 03:06",https://www.instagram.com/p/DY6yq8KjqU0/,"Carrousel IG",,Global,114,65,4,0,0,0,0,,,,,
18177519697405103,17841423357589398,domsresto,"Dom's Restaurant","Maman toujours aux aguets… 😂😂

#Domsresto #humour #mothersday",0,"05/28/2026 03:05",https://www.instagram.com/p/DY4NwOADmD1/,"Image IG",,Global,131,89,5,0,0,4,0,,,,,
18078287915360792,17841423357589398,domsresto,"Dom's Restaurant","Quel Fried Rice ferait vraiment plaisir à votre maman selon vous ? 😋👇🏾

🍗 Poulet 🍤 Crevettes
🥩 Viande🌈 Rainbow 
🥒 Légumes,…

Dites le nous en commentaire. 🥰

Par ici pour vos commandes surprise à maman 👉🏾22870232523

#Domsresto #mothersday",0,"05/27/2026 07:32",https://www.instagram.com/p/DY2HdEdjvEH/,"Carrousel IG",,Global,115,67,3,0,0,0,0,,,,,
18092079200205276,17841423357589398,domsresto,"Dom's Restaurant","Bonne fête de Tabaski 🌙✨

Que cette journée soit remplie de paix, de partage et de bénédictions pour vous et vos proches. 💛

#Domsresto #Tabasky",0,"05/26/2026 13:35",https://www.instagram.com/p/DY0MPNYFuNr/,"Image IG",,Global,81,55,2,0,0,0,0,,,,,
18113227531724626,17841423357589398,domsresto,"Dom's Restaurant","Comble ton envie de goûter a nos Fried Rice aujourd’hui en livraison gratuite. 🎉 

Commandez par ici 👉🏾📲+22870232523

#Domsresto #FreeDelivery",0,"05/26/2026 03:02",https://www.instagram.com/p/DYzDwB-jnCP/,"Carrousel IG",,Global,120,67,4,0,0,0,0,,,,,
18588193630021722,17841423357589398,domsresto,"Dom's Restaurant","Mode Non-Stop activé avec nos Fried Rice…🔥Le plaisir sans pause, tout le week-end.⏰ 

📍Nukafu - Boulevard Jean-Paul 2 à 100m de la station T-Oil en direction du collège Saint-Joseph

📲https://wa.me/22870232523

#Domsresto #bonplan",0,"05/23/2026 10:01",https://www.instagram.com/p/DYsFS0VjSAm/,"Image IG",,Global,72,38,2,0,0,0,0,,,,,
18408362614147415,17841423357589398,domsresto,"Dom's Restaurant","Que cette Pentecôte soit remplie de bénédictions, de paix et d’amour pour vous et vos proches. 💛✨

#Domsresto #pentecote",0,"05/23/2026 07:50",https://www.instagram.com/p/DYr2WzNDijo/,"Image IG",,Global,49,32,2,0,0,0,0,,,,,
18165376963440840,17841423357589398,domsresto,"Dom's Restaurant","Fried Rice Day & Non-Stop 🔥

- 1 plat acheté, le second à moitié prix toute la journée du vendredi 🎁

- 24H Non-Stop tout le week-end 🔥

- ⁠Cocktail 🍹 & Karaoké 🎤 

📍Nukafu - Boulevard Jean-Paul 2 à 100m de la station T-Oil en direction du collège Saint-Joseph

📲+22870232523

#Domsresto #bonplan",0,"05/22/2026 02:50",https://www.instagram.com/p/DYovNV8Dk0_/,"Image IG",,Global,73,50,4,0,0,0,0,,,,,
18208464460329743,17841423357589398,domsresto,"Dom's Restaurant","Toujours nourrir sa go les gars !😆🥰

📍Nukafu - Boulevard Jean-Paul 2 à 100m de la station T-Oil en direction du collège Saint-Joseph

📲+22870232523

#Domsresto #bonplan",9,"05/20/2026 05:24",https://www.instagram.com/reel/DYj3MVtDEpR/,"Reel IG",,Global,201,174,3,0,0,0,1,,,,,
18405067129151414,17841423357589398,domsresto,"Dom's Restaurant","Profitez…🎉 La livraison est offerte toute la journée ! 🥰

Commandez par ici 👉🏾📲+22870232523

#Domsresto #freedelivery",0,"05/19/2026 02:54",https://www.instagram.com/p/DYhBQsIlokp/,"Image IG",,Global,76,59,3,0,0,0,0,,,,,
17951134497076090,17841423357589398,domsresto,"Dom's Restaurant","Bonjour 👋🏾 et excellente semaine ! ❤️

Envoyez vos commandes à partir de 12H00 👉🏾📲https://wa.me/22870232523

#Domsresto #friedrice",0,"05/18/2026 05:09",https://www.instagram.com/p/DYer6Y9Dlq1/,"Image IG",,Global,106,74,6,0,0,0,0,,,,,
17896078431454359,17841423357589398,domsresto,"Dom's Restaurant","On a dit à la CM que vous ne vouliez pas goûter ce plat…😅

Résultat : repost immédiat.😒🔥

Cliquez par ici pour commander 👉🏾📲+22870232523

#Domsresto #goodvibes",9,"05/16/2026 07:08",https://www.instagram.com/reel/DYZv95yGu1R/,"Reel IG",,Global,150,138,5,0,0,0,0,,,,,
18105063523978451,17841423357589398,domsresto,"Dom's Restaurant","𝐅𝐫𝐢𝐞𝐝 𝐑𝐢𝐜𝐞 𝐃𝐚𝐲 🔥

- 𝟏 𝐩𝐥𝐚𝐭 𝐚𝐜𝐡𝐞𝐭𝐞́, 𝐥𝐞 𝐬𝐞𝐜𝐨𝐧𝐝 𝐚̀ 𝐦𝐨𝐢𝐭𝐢𝐞́ 𝐩𝐫𝐢𝐱. 
- 𝐂𝐨𝐜𝐤𝐭𝐚𝐢𝐥🍹& 𝐤𝐚𝐫𝐚𝐨𝐤𝐞́ 🎤
- ⁠𝟐𝟒𝐇 𝐍𝐨𝐧-𝐒𝐭𝐨𝐩 ⏰ 

Il n’y a pas mieux bon plan ailleurs…! 🔥

📍Nukafu - Boulevard Jean-Paul 2 à 100m de la station T-Oil en direction du collège Saint-Joseph

📲+22870232523

#Domsresto #bonplan",0,"05/15/2026 03:10",https://www.instagram.com/p/DYWv65NjtUa/,"Carrousel IG",,Global,130,77,3,0,0,0,0,,,,,
17913387687389419,17841423357589398,domsresto,"Dom's Restaurant","Fried Rice non-stop pendant 24H tous les week-ends. 🔥

𝐔𝐧 𝐜𝐥𝐢𝐜 𝐩𝐨𝐮𝐫 𝐜𝐨𝐦𝐦𝐚𝐧𝐝𝐞𝐫 👉🏾📲+22870232523 

𝐕𝐨𝐮𝐬 𝐩𝐨𝐮𝐯𝐞𝐳 𝐞́𝐠𝐚𝐥𝐞𝐦𝐞𝐧𝐭 𝐟𝐚𝐢𝐫𝐞 𝐝𝐮 𝐬𝐮𝐫 𝐩𝐥𝐚𝐜𝐞 👉🏾 📍Nukafu - Boulevard Jean-Paul 2 à 100m de la station T-Oil en direction du collège Saint-Joseph

#Domsresto #24HnonStop #nightvibes",0,"05/14/2026 09:18",https://www.instagram.com/p/DYU1I_doAhr/,"Image IG",,Global,192,128,4,0,0,0,1,,,,,
18048776747764147,17841423357589398,domsresto,"Dom's Restaurant","Que la lumière de l’Ascension illumine vos vies et celles de vos proches. ✨💛

#DomsResto #Ascension",0,"05/13/2026 09:45",https://www.instagram.com/p/DYSTjZ-DhPc/,"Image IG",,Global,96,56,3,0,0,0,0,,,,,
17972933933885267,17841423357589398,domsresto,"Dom's Restaurant","Zéro frais, 100% plaisir. 🍚🔥

Profitez… la livraison est offerte aujourd’hui ! 😋

Un clic pour commander 👉🏾📲+22870232523

#Domsresto #freedelivery",0,"05/12/2026 02:58",https://www.instagram.com/p/DYPALwblijB/,"Image IG",,Global,75,48,2,0,0,0,0,,,,,
17880251868432007,17841423357589398,domsresto,"Dom's Restaurant","Il faut bien trouver une façon de faire passer le lundi…! 😏

Commandez par ici 👉🏾📲+22870232523

#Domsresto #bonplanfood",0,"05/11/2026 07:25",https://www.instagram.com/p/DYM562RFiXH/,"Carrousel IG",,Global,87,56,6,0,0,0,0,,,,,
18095738561001929,17841423357589398,domsresto,"Dom's Restaurant","Tu viens une fois… tu reviens tout le temps. 😏🔥

📍Nukafu - Boulevard Jean-Paul 2 à 100m de la station T-Oil en direction du collège Saint-Joseph

📲+22870232523

#Domsresto #bonplan",0,"05/10/2026 08:36",https://www.instagram.com/p/DYKdVZRjJ73/,"Carrousel IG",,Global,127,74,8,0,0,0,0,,,,,
17924698416321671,17841423357589398,domsresto,"Dom's Restaurant","Tu as faim à 2h ? 3h ? 4h ? 😌

Dom’s Resto reste ouvert désormais tous les week-ends : 𝟐𝟒𝐇 𝐧𝐨𝐧-𝐬𝐭𝐨𝐩, 𝐚̀ 𝐩𝐚𝐫𝐭𝐢𝐫 𝐝𝐮 𝐯𝐞𝐧𝐝𝐫𝐞𝐝𝐢. ⏰ 

📍Nukafu - Boulevard Jean-Paul 2 à 100m de la station T-Oil en direction du collège Saint-Joseph

📲+22870232523

#Domsresto #24HnonStop #nightvibes",0,"05/08/2026 09:43",https://www.instagram.com/p/DYFba0cjANL/,"Image IG",,Global,145,89,4,0,0,0,0,,,,,
17888303430530271,17841423357589398,domsresto,"Dom's Restaurant","𝐅𝐫𝐢𝐞𝐝 𝐑𝐢𝐜𝐞 𝐃𝐚𝐲 : Ici, on se régale encore et encore. 🔥

- 𝟏 𝐩𝐥𝐚𝐭 𝐚𝐜𝐡𝐞𝐭𝐞́, 𝐥𝐞 𝐬𝐞𝐜𝐨𝐧𝐝 𝐚̀ 𝐦𝐨𝐢𝐭𝐢𝐞́ 𝐩𝐫𝐢𝐱. 
- 𝐂𝐨𝐜𝐤𝐭𝐚𝐢𝐥🍹& 𝐤𝐚𝐫𝐚𝐨𝐤𝐞́ 🎤

📍Nukafu - Boulevard Jean-Paul 2 à 100m de la station T-Oil en direction du collège Saint-Joseph

📲+22870232523

#Domsresto #bonplan",0,"05/08/2026 03:13",https://www.instagram.com/p/DYEuyiBDOgu/,"Image IG",,Global,125,77,3,0,0,0,0,,,,,
18097625282278820,17841423357589398,domsresto,"Dom's Restaurant","Le meilleur resto de Fried Rice, où le plaisir ne s’arrête jamais. 😋🔥

📍Nukafu - Boulevard Jean-Paul 2 à 100m de la station T-Oil en direction du collège Saint-Joseph

📲+22870232523

#Domsresto #bonplanfood",13,"05/06/2026 03:14",https://www.instagram.com/reel/DX_lLD3FX3W/,"Reel IG",,Global,281,217,8,0,0,0,0,,,,,
18046826981750441,17841423357589398,domsresto,"Dom's Restaurant","Une seule façon de vous régaler. 🔥🍚

Faites-vous livrer gratuitement aujourd’hui ! 

📲+22870232523

#Domsresto #freedelivery",0,"05/05/2026 03:27",https://www.instagram.com/p/DX9B8DmjPou/,"Image IG",,Global,82,45,1,0,0,0,0,,,,,
17976186212861412,17841423357589398,domsresto,"Dom's Restaurant","Un mélange de couleurs, de saveurs… et de pur plaisir. On l’a renommé RainBow ! 💛🔥

#Domsresto #bonplanfood",9,"05/04/2026 06:02",https://www.instagram.com/reel/DX6u2oGj6zV/,"Reel IG",,Global,120,108,3,0,0,0,0,,,,,
18075303446242642,17841423357589398,domsresto,"Dom's Restaurant","Ce week-end mérite d’être bien savouré.🍸🔥

Faites un tour chez nous ! 

📲+22870232523

#Domsresto #bonplanfood",9,"05/02/2026 11:30",https://www.instagram.com/reel/DX2K2roEY_1/,"Reel IG",,Global,143,130,2,0,0,0,0,,,,,
18103431865779995,17841423357589398,domsresto,"Dom's Restaurant","Le vendredi vous appartient…avec le 𝐅𝐫𝐢𝐞𝐝 𝐑𝐢𝐜𝐞 𝐃𝐚𝐲 ! 🎉

- 𝟏 𝐩𝐥𝐚𝐭 𝐚𝐜𝐡𝐞𝐭𝐞́, 𝐥𝐞 𝐬𝐞𝐜𝐨𝐧𝐝 𝐚̀ 𝐦𝐨𝐢𝐭𝐢𝐞́ 𝐩𝐫𝐢𝐱. 
- 𝐂𝐨𝐜𝐤𝐭𝐚𝐢𝐥🍹& 𝐤𝐚𝐫𝐚𝐨𝐤𝐞́ 🎤

📍Nukafu - Boulevard Jean-Paul 2 à 100m de la station T-Oil en direction du collège Saint-Joseph

📲+22870232523

#Domsresto #bonplan",0,"05/01/2026 06:40",https://www.instagram.com/p/DXzE0XsjIvN/,"Image IG",,Global,79,55,1,0,0,0,1,,,,,
17961205191082321,17841423357589398,domsresto,"Dom's Restaurant","Chaque effort compte, chaque travail mérite sa reconnaissance. Bonne fête du travail à tous ! 💼🔥

#domsresto #laborday",0,"04/30/2026 09:48",https://www.instagram.com/p/DXw1lSADNGB/,"Image IG",,Global,63,46,2,0,0,0,0,,,,,
17941570251193553,17841423357589398,domsresto,"Dom's Restaurant","Alors…. On le fait ou pas ? 😎

#Domsresto #bonplan",10,"04/29/2026 03:42",https://www.instagram.com/reel/DXtmvvaiDYG/,"Reel IG",,Global,544,391,13,0,1,4,0,,,,,
17889535020470630,17841423357589398,domsresto,"Dom's Restaurant","Mardi = Dom’s 🍚🔥
Livraison gratuite ✨

📲+22870232523

#Domsresto #bonplanfood #freedelivery",0,"04/28/2026 03:05",https://www.instagram.com/p/DXq91ygjGPv/,"Image IG",,Global,62,43,2,0,0,0,0,,,,,
18066581621679105,17841423357589398,domsresto,"Dom's Restaurant","Toujours bien débuter la semaine ! 😌🫠

#Domsresto #bonplanfood",8,"04/27/2026 06:53",https://www.instagram.com/reel/DXozNO-kicn/,"Reel IG",,Global,324,236,4,0,0,0,1,,,,,
17972625666001624,17841423357589398,domsresto,"Dom's Restaurant","Bonne fête à toute la nation 🇹🇬✨

#domsresto #independence",0,"04/26/2026 08:00",https://www.instagram.com/p/DXmWEdgjm3d/,"Image IG",,Global,96,66,2,0,0,0,0,,,,,
18102133205007359,17841423357589398,domsresto,"Dom's Restaurant","Stress off, week-end on.🍹✨

📍Nukafu - Boulevard Jean-Paul 2 à 100m de la station T-Oil en direction du collège Saint-Joseph

📲+22870232523

#Domsresto #bonplan",0,"04/25/2026 05:31",https://www.instagram.com/p/DXjgI9uDN-G/,"Carrousel IG",,Global,104,60,7,0,0,0,0,,,,,
18000238601923670,17841447275263474,wakabileguide,"Wakabi Le Guide | Découverte | Bons plans | Divertissement","Aujourd’hui @michael_mbj et son acolyte se sont retrouvés  au @domsresto pour de nouvelles aventures riches en rebondissements 😂😂. Vous connaissez ce coin de fried rice avant ? Dites nous tout en commentaire !!! Et surtout restez abonné à Wakabi pour être au courant des bon plan 

#wakabileguide #wakabileguidedesbonscoins #wakabionvaoula",159,"04/24/2026 05:39",https://www.instagram.com/reel/DXg76_njeir/,"Reel IG",,Global,5521,3907,640,32,26,26,0,,,,,
18144214555441591,17841423357589398,domsresto,"Dom's Restaurant","𝐅𝐫𝐢𝐞𝐝 𝐑𝐢𝐜𝐞 𝐃𝐚𝐲 : Un autre bon plan de Dom’s Resto pour débuter le week-end ! 🥳

- 𝟏 𝐩𝐥𝐚𝐭 𝐚𝐜𝐡𝐞𝐭𝐞́, 𝐥𝐞 𝐬𝐞𝐜𝐨𝐧𝐝 𝐚̀ 𝐦𝐨𝐢𝐭𝐢𝐞́ 𝐩𝐫𝐢𝐱. 
- 𝐂𝐨𝐜𝐤𝐭𝐚𝐢𝐥🍹& 𝐤𝐚𝐫𝐚𝐨𝐤𝐞́ 🎤

📍Nukafu - Boulevard Jean-Paul 2 à 100m de la station T-Oil en direction du collège Saint-Joseph

📲+22870232523

#Domsresto #bonplan",0,"04/24/2026 03:15",https://www.instagram.com/p/DXgr4IJjH89/,"Image IG",,Global,119,78,3,0,0,0,0,,,,,
18099488792285565,17841423357589398,domsresto,"Dom's Restaurant","Alors, vous en pensez quoi ? 🥰

#Domsresto #humour",10,"04/23/2026 03:10",https://www.instagram.com/reel/DXeGZqEkgPW/,"Reel IG",,Global,240,200,6,0,0,0,0,,,,,
18167891458374954,17841423357589398,domsresto,"Dom's Restaurant","Le meilleur bon plan du moment : 𝐃𝐨𝐦’𝐬 𝐅𝐫𝐞𝐞 𝐃𝐞𝐥𝐢𝐯𝐞𝐫𝐲 🚀 

On t’explique un peu : Tu commandes ton plat de Fried Rice et la livraison te revient à 0fr tous les mardis. 🥳 

📲+22870232523

#Domsresto #freedelivery",0,"04/21/2026 03:34",https://www.instagram.com/p/DXY_lcNjIo0/,"Image IG",,Global,198,111,5,0,0,0,1,,,,,
18032250398795786,17841423357589398,domsresto,"Dom's Restaurant","Le stress du lundi 😩 ou un cocktail🍹bien frais ? 

Ton meilleur rendez-vous détente c’est à Dom’s Resto. 🥰

📍Nukafu - Boulevard Jean-Paul 2 à 100m de la station T-Oil en direction du collège Saint-Joseph

📲+22870232523

#Domsresto #bonplanfood",0,"04/20/2026 04:04",https://www.instagram.com/p/DXWeOSEjKJS/,"Image IG",,Global,151,88,4,0,0,0,0,,,,,
18414469573131246,17841423357589398,domsresto,"Dom's Restaurant","C’est Berlin ou Benin les gars ? 😭😂

#Domsresto #bonplanfood",11,"04/18/2026 04:42",https://www.instagram.com/reel/DXRY95NFU6V/,"Reel IG",,Global,1763,1200,50,27,2,4,0,,,,,
18039973943786088,17841423357589398,domsresto,"Dom's Restaurant","Une petite sortie entre potes ? 😏

On vous régale à moitié prix aujourd’hui : 𝟏 𝐩𝐥𝐚𝐭 𝐚𝐜𝐡𝐞𝐭𝐞́, 𝐥𝐞 𝐬𝐞𝐜𝐨𝐧𝐝 𝐚̀ 𝐦𝐨𝐢𝐭𝐢𝐞́ 𝐩𝐫𝐢𝐱. 🥳

Cocktail🍹& karaoké 🎤 

📲+22870232523

#Domsresto #Foodlover #bonplanfood",0,"04/17/2026 03:11",https://www.instagram.com/p/DXOp0rKjIiC/,"Carrousel IG",,Global,112,68,6,0,0,0,0,,,,,
17944883649166087,17841423357589398,domsresto,"Dom's Restaurant","Un plat à découvrir absolument 🤤 : Fried Rice RainBow. 🌈 

#Domsresto #Foodlover #bonplanfood",5,"04/15/2026 03:59",https://www.instagram.com/reel/DXJluGKFA_r/,"Reel IG",,Global,187,135,5,1,0,0,1,,,,,
18005332715723269,17841423357589398,domsresto,"Dom's Restaurant","Profite de ta commande sans frais de livraison tous les mardis ! 🎁🎊

📲+22870232523

#Domsresto #freedelivery",0,"04/14/2026 03:14",https://www.instagram.com/p/DXG70fUjoqR/,"Image IG",,Global,60,39,0,0,0,0,0,,,,,
18044625581751916,17841423357589398,domsresto,"Dom's Restaurant","Vous aurez toujours l’appétit avec nous ! 🤤😋

📲+22870232523

#Domsresto #foodlovers❤️",31,"04/13/2026 07:23",https://www.instagram.com/reel/DXEzaTbAnNn/,"Reel IG",,Global,199,176,10,0,0,0,0,,,,,
17876132988575329,17841423357589398,domsresto,"Dom's Restaurant","Je vais sûrement laver les assiettes après….😭😂

Venez me sauver ! La CM…

📍Nukafu - Boulevard Jean-Paul 2 à 100m de la station T-Oil en direction du collège Saint-Joseph

📲+22870232523

#Domsresto #Foodlover #bonplanfood",0,"04/11/2026 05:26",https://www.instagram.com/p/DW_ci22jrJ-/,"Image IG",,Global,165,115,10,0,0,4,0,,,,,
18128879140496554,17841423357589398,domsresto,"Dom's Restaurant","Tu chantes faux ? On s’en fou
Tu bois bon ? On valide…🫠😄 

Viens savourer la nuit avec nous ! 🎤 

📍Nukafu - Boulevard Jean-Paul 2 à 100m de la station T-Oil en direction du collège Saint-Joseph

📲+22870232523

#Domsresto #Foodlover #bonplan",0,"04/10/2026 02:58",https://www.instagram.com/p/DW8mt96iEf0/,"Carrousel IG",,Global,116,68,3,0,0,0,0,,,,,
18371430445167245,17841423357589398,domsresto,"Dom's Restaurant","Tout frais, tout chaud et surtout délicieux…😋

Nos légumes confirment. 🫠🙃

📲+22870232523

#Domsresto #foodlovers❤️",19,"04/08/2026 03:56",https://www.instagram.com/reel/DW3jyGyAYU4/,"Reel IG",,Global,74,54,2,0,0,0,0,,,,,
17848922658680725,17841423357589398,domsresto,"Dom's Restaurant","Profitez de votre plat préféré… en livraison gratuite toute la journée ! 😍🥳

📲+22870232523

📍Nukafu - Boulevard Jean-Paul 2 à 100m de la station T-Oil en direction du collège Saint-Joseph

#Domsresto #foodlover #freedelivery",0,"04/07/2026 04:22",https://www.instagram.com/p/DW1B7t9CCoq/,"Carrousel IG",,Global,101,60,5,0,0,0,0,,,,,
17854686048690104,17841423357589398,domsresto,"Dom's Restaurant","Fête. Saveurs.Partage…💫 Joyeuses Pâques à la communauté chrétienne ! 🐣

#Domsresto #bonplan #pâques",0,"04/04/2026 04:53",https://www.instagram.com/p/DWtXHuTjPzo/,"Image IG",,Global,94,58,5,0,0,0,1,,,,,
18121461637532632,17841423357589398,domsresto,"Dom's Restaurant","Bouffe 🍛 Boisson 🍷 Karaoké.🎙️

C’est Vendredi et c’est le FriedRiceDay : 1 plat acheté, le second à moitié prix. 🎊

📍Nukafu - Boulevard Jean-Paul 2 à 100m de la station T-Oil en direction du collège Saint-Joseph

📲+22870232523

#Domsresto #Foodlover #bonplanfood",0,"04/03/2026 03:21",https://www.instagram.com/p/DWqn1h-jt2-/,"Image IG",,Global,127,78,3,0,0,0,0,,,,,
18112007542756947,17841423357589398,domsresto,"Dom's Restaurant","Tout pour votre satisfaction…🤭😩😄 Bon mois d’Avril. ❤️

#Domsresto #BonPlanFood",9,"04/01/2026 03:55",https://www.instagram.com/reel/DWliE87lIV4/,"Reel IG",,Global,663,402,22,0,0,6,2,,,,,
17993011919946262,17841423357589398,domsresto,"Dom's Restaurant","Mardi = Livraison OFFERTE 🔥 Tu commandes, on t’amène ton plat sans frais. 🤗

📲+22870232523

📍Nukafu - Boulevard Jean-Paul 2 à 100m de la station T-Oil en direction du collège Saint-Joseph

#Domsresto #foodlover",12,"03/31/2026 03:08",https://www.instagram.com/reel/DWi39dGElGp/,"Reel IG",,Global,5001,3702,84,3,20,0,6,,,,,
18090126473152531,17841423357589398,domsresto,"Dom's Restaurant","Un bon FriedRice Rice bien chaud, et ta semaine est lancée. 🔥

📍𝐃𝐎𝐌’𝐒 𝐑𝐄𝐒𝐓𝐎
Nukafu - Boulevard Jean-Paul 2 à 100m de la station T-Oil en direction du collège Saint-Joseph

📲+22870232523

#Domsresto #Foodlover #bonplanfood",0,"03/30/2026 07:24",https://www.instagram.com/p/DWgwb2cDGeE/,"Carrousel IG",,Global,247,146,6,0,0,0,1,,,,,
18145914454487497,17841423357589398,domsresto,"Dom's Restaurant","Vendredi c’est la fête à Dom’s Resto ! 🎊

- 1 plat acheté, le second à moitié prix. 
- ⁠Soirée karaoké 
- ⁠Cocktails 

📍Nukafu - Boulevard Jean-Paul 2 à 100m de la station T-Oil en direction du collège Saint-Joseph

📲+22870232523

#Domsresto #Foodlover #bonplanfood",14,"03/27/2026 04:02",https://www.instagram.com/reel/DWYq7nMklDk/,"Reel IG",,Global,214,197,4,0,0,0,0,,,,,
17992253165940859,17841423357589398,domsresto,"Dom's Restaurant","On est ouvert ! 🔥🍚

📍Nukafu - Boulevard Jean-Paul 2 à 100m de la station T-Oil en direction du collège Saint-Joseph

📲+22870232523

#Domsresto #Foodlover #BonPlanFood",9,"03/25/2026 03:34",https://www.instagram.com/reel/DWTeEthDXH5/,"Reel IG",,Global,158,130,2,0,0,0,0,,,,,
18131208112533646,17841423357589398,domsresto,"Dom's Restaurant","Bon plan du mardi 🔥 Livraison gratuite dès 12h, toute la journée ! 🚚

📲+22870232523

#Domsresto #LivraisonGratuite #BonPlanFood",3,"03/24/2026 05:27",https://www.instagram.com/reel/DWRGNx5FWUb/,"Reel IG",,Global,164,99,0,0,0,0,0,,,,,
17942837312999563,17841423357589398,domsresto,"Dom's Restaurant","Bonne semaine ! ❤️

📲+22870232523

#Domsresto #Foodlover #bonplanfood",0,"03/23/2026 03:02",https://www.instagram.com/p/DWOQ4nbDAK0/,"Carrousel IG",,Global,169,90,3,2,0,0,1,,,,,
18086215076187301,17841423357589398,domsresto,"Dom's Restaurant","Ramadan Mubarak 🌙✨ paix, bénédictions et sérénité.

#Domsresto #ramadan2026",0,"03/20/2026 02:44",https://www.instagram.com/p/DWGgdVSDn_0/,"Image IG",,Global,164,116,1,1,0,0,2,,,,,
18310101880287433,17841423357589398,domsresto,"Dom's Restaurant","Le week-end✨s’annonce !🍹🍸

📍Nukafu - Boulevard Jean-Paul 2 à 100m de la station T-Oil en direction du collège Saint-Joseph

📲+22870232523

#Domsresto #Foodlover #bonplanfood",17,"03/19/2026 09:15",https://www.instagram.com/reel/DWEoWmYDoRr/,"Reel IG",,Global,165,112,3,0,0,0,2,,,,,
17982914876968010,17841423357589398,domsresto,"Dom's Restaurant","Notre sauté de crevettes…🥕🍤🫑L’avez-vous déjà essayé ? 😋

📲+22870232523

📍Nukafu - Boulevard Jean-Paul 2 à 100m de la station T-Oil en direction du collège Saint-Joseph

#domsresto #Foodlover #bonplan",15,"03/18/2026 04:51",https://www.instagram.com/reel/DWBlWtpkhc5/,"Reel IG",,Global,181,154,2,1,0,0,0,,,,,
18105119872849617,17841423357589398,domsresto,"Dom's Restaurant","Mardi = Livraison gratuite a Dom’s Resto ! Dès 12h, toute la journée. 🎊

Envoyez vos commandes 👉🏾📲+22870232523

#Domsresto #LivraisonGratuite #bonplan",0,"03/17/2026 04:02",https://www.instagram.com/p/DV-68Q6iEGK/,"Image IG",,Global,117,78,1,0,0,0,0,,,,,
17963780259043238,17841423357589398,domsresto,"Dom's Restaurant","Le Fried Rice qui vous rassemble autour du plaisir. 

Bonne semaine ! ❤️

📍𝐃𝐎𝐌’𝐒 𝐑𝐄𝐒𝐓𝐎
Nukafu - Boulevard Jean-Paul 2 à 100m de la station T-Oil en direction du collège Saint-Joseph

📲+22870232523

#Domsresto #Foodlover #bonplan",0,"03/16/2026 05:13",https://www.instagram.com/p/DV8eP1FCHAS/,"Image IG",,Global,97,63,2,0,0,0,0,,,,,
17860627737615077,17841423357589398,domsresto,"Dom's Restaurant","Saveurs et caractères…. 🤤🤤

Commandez le votre maintenant 👉🏾+22870232523

#Domsresto #foodlover #bonplan",0,"03/15/2026 07:28",https://www.instagram.com/p/DV6I9m6iOB-/,"Carrousel IG",,Global,112,73,0,0,0,0,0,,,,,
18081931064611164,17841423357589398,domsresto,"Dom's Restaurant","Vendredi c’est : 𝐅𝐫𝐢𝐞𝐝 𝐑𝐢𝐜𝐞 𝐃𝐚𝐲🔥🎙️🎶🥃

Le week-end commence chez Dom’s Resto. 😎🍚

📍Nukafu - Boulevard Jean-Paul 2 à 100m de la station T-Oil en direction du collège Saint-Joseph

📲+22870232523

#Domsresto #foodlover #bonplan",0,"03/13/2026 03:54",https://www.instagram.com/p/DV0m6n6iAas/,"Carrousel IG",,Global,76,51,1,0,0,0,0,,,,,
18313322935248993,17841423357589398,domsresto,"Dom's Restaurant","Dom’s Resto vous accompagne pour l’Iftar avec une offre spéciale Fried Rice, pensée pour une rupture du jeûne tout en douceur. 🌙🍚

📲+22870232523

📍Nukafu - Boulevard Jean-Paul 2 à 100m de la station T-Oil en direction du collège Saint-Joseph

#domsresto #iftar 
#ramadan2026❤️",0,"03/11/2026 03:31",https://www.instagram.com/p/DVvavATCG7f/,"Carrousel IG",,Global,134,73,3,0,0,0,1,,,,,
17860755387548505,17841423357589398,domsresto,"Dom's Restaurant","Les meilleurs plats de Fried Rice de la capitale qui font la différence… à chaque bouchée. 😋✨

A tester aujourd’hui en LIVRAISON GRATUITE 👉🏾📲+22870232523

#Domsresto #foodlover #bonplans",9,"03/10/2026 03:14",https://www.instagram.com/reel/DVszxnGiJi0/,"Reel IG",,Global,199,181,3,0,0,0,0,,,,,
18087867641237216,17841423357589398,domsresto,"Dom's Restaurant","Demain Mardi, c’est LIVRAISON GRATUITE toute la journée à partir de 12H00. 

Envoyez vos commandes 👉🏾📲+22870232523

#Domsresto #LivraisonGratuite #bonplan",16,"03/09/2026 14:32",https://www.instagram.com/reel/DVrco3TCIW6/,"Reel IG",,Global,6430,5263,178,0,1,3,2,,,,,
17915445315321577,17841423357589398,domsresto,"Dom's Restaurant","Du lundi au dimanche, Dom’s Resto vous régale… sur place ou chez vous. 🍚🔥

Faites vos commandes par ici 👉🏾📲+22870232523

#Domsresto #FriedRiceLovers #BonPlanFood",12,"03/09/2026 10:10",https://www.instagram.com/reel/DVq-qxYCLEP/,"Reel IG",,Global,202,180,3,1,1,0,1,,,,,
18094945966818084,17841423357589398,domsresto,"Dom's Restaurant","Aujourd’hui, nous vous honorons. Pas seulement pour ce que vous faites, mais pour qui vous êtes.

Bonne Journée Internationale des Droits des Femmes. 

#Domsresto #8mars",0,"03/07/2026 08:57",https://www.instagram.com/p/DVlzcxvCLdm/,"Image IG",,Global,100,68,5,0,0,0,0,,,,,
17970588308863026,17841423357589398,domsresto,"Dom's Restaurant","Rupture ou retrouvailles entre amis ? 

Dom’s, c’est l’adresse qu’il vous faut. 🔥

📍Nukafu - Boulevard Jean-Paul 2 à 100m de la station T-Oil en direction du collège Saint-Joseph

📲+22870232523

#Domsresto #Foodlover #bonplan",0,"03/07/2026 03:38",https://www.instagram.com/p/DVlPOylCBbW/,"Carrousel IG",,Global,117,73,6,3,0,0,1,,,,,
18097132151298717,17841423357589398,domsresto,"Dom's Restaurant","Vendredi c’est : 𝐅𝐫𝐢𝐞𝐝 𝐑𝐢𝐜𝐞 𝐃𝐚𝐲🔥

- Un verre🍸
- Soirée karaoké 🎶🎙️
- 1 plat acheté, le second à moitié prix 

📍Nukafu - Boulevard Jean-Paul 2 à 100m de la station T-Oil en direction du collège Saint-Joseph

📲+22870232523

#Domsresto #Foodlover #bonplan",16,"03/06/2026 02:24",https://www.instagram.com/reel/DVihvDeiOCY/,"Reel IG",,Global,183,174,3,0,0,0,0,,,,,
17862303990603329,17841423357589398,domsresto,"Dom's Restaurant","Stoppez le scroll❗

Du goût et du plaisir à chaque image. ✨

Commandez le votre maintenant 👉🏾+22870232523

#Domsresto #foodlover #bonplan",8,"03/04/2026 02:56",https://www.instagram.com/reel/DVdbsjnCLlq/,"Reel IG",,Global,101,84,1,1,0,0,0,,,,,
17937911421015105,17841423357589398,domsresto,"Dom's Restaurant","Un seul mot : 𝐅𝐫𝐢𝐞𝐝 𝐑𝐢𝐜𝐞. Plusieurs saveurs, un maximum de plaisir. 

A tester aujourd’hui en livraison gratuite 👉🏾📲+22870232523

📍Nukafu - Boulevard Jean-Paul 2 à 100m de la station T-Oil en direction du collège Saint-Joseph

#Domsresto #Foodlover #bonplanfood",0,"03/03/2026 03:29",https://www.instagram.com/p/DVa66VZDktj/,"Carrousel IG",,Global,106,59,1,0,0,0,0,,,,,
17904985548204930,17841423357589398,domsresto,"Dom's Restaurant","𝐋𝐈𝐕𝐑𝐀𝐈𝐒𝐎𝐍 𝐆𝐑𝐀𝐓𝐔𝐈𝐓𝐄 ! 🔥

Chaque mardi dès 12h, nos plats viennent à vous… et la livraison est offerte. 🥳🍽️

C’est demain alors pensez déjà à envoyer vos commandes par ici 👉🏾📲+22870232523

#Domsresto #LivraisonGratuite #bonplan",10,"03/02/2026 08:14",https://www.instagram.com/reel/DVY2tTriL9w/,"Reel IG",,Global,215,177,3,0,0,1,1,,,,,
18055584236450951,17841423357589398,domsresto,"Dom's Restaurant","Cette année, Dom’s Resto est à vos côtés pour l’Iftar, avec une offre spéciale Fried Rice pensée pour une rupture tout en douceur. 🌙✨

Faites votre commande par ici 👉🏾 📲+22870232523

📍Nukafu - Boulevard Jean-Paul 2 à 100m de la station T-Oil en direction du collège Saint-Joseph

#domsresto #iftar 
#ramadan2026❤️",8,"03/02/2026 02:16",https://www.instagram.com/reel/DVYNpMTiOzJ/,"Reel IG",,Global,204,161,6,0,0,0,0,,,,,
17858836971611508,17841423357589398,domsresto,"Dom's Restaurant","On sort, On mange, on profite à Dom’s Resto ! 🥳🥳🥳

📍Nukafu - Boulevard Jean-Paul 2 à 100m de la station T-Oil en direction du collège Saint-Joseph

📲+22870232523

#Domsresto #Foodlover #bonplan",16,"02/28/2026 03:34",https://www.instagram.com/reel/DVTNC0XCK9o/,"Reel IG",,Global,6395,5498,164,1,3,0,3,,,,,
18073088459420267,17841423357589398,domsresto,"Dom's Restaurant","Soirée karaoké 🎶🔥
Viens chanter, manger et kiffer l’ambiance.🎙️ 

🚩1 plat acheté, le second à moitié prix 

📍Nukafu - Boulevard Jean-Paul 2 à 100m de la station T-Oil en direction du collège Saint-Joseph

📲+22870232523

#Domsresto #Foodlover #bonplanfood",0,"02/27/2026 03:01",https://www.instagram.com/p/DVQki4qjNRg/,"Carrousel IG",,Global,69,37,0,0,0,0,0,,,,,
18093914741021100,17841423357589398,domsresto,"Dom's Restaurant","Un Iftar, c’est plus qu’un repas… C’est un moment de gratitude, de partage et de chaleur. 🤍💫

Cette année spécialement, Dom’s Resto vous accompagne avec une offre spéciale Fried Rice pour rompre le jeûne en toute sérénité. 🤝🏾

📍Nukafu - Boulevard Jean-Paul 2 à 100m de la station T-Oil en direction du collège Saint-Joseph

📲+22870232523

#domsresto #iftar 
#ramadan2026",0,"02/25/2026 10:50",https://www.instagram.com/p/DVMQk5kCOiN/,"Image IG",,Global,5032,6526,20,1,5,0,3,,,,,
17988257747928464,17841423357589398,domsresto,"Dom's Restaurant","𝐋𝐞𝐬 𝐂𝐫𝐞𝐯𝐞𝐭𝐭𝐞𝐬 𝐬𝐚𝐮𝐭𝐞́𝐞𝐬 by Dom’s Resto ! 🍤🫑🌶️🥕

Le nouveau coup de cœur à ajouter à votre liste gourmande. 🤤😋

📍Nukafu - Boulevard Jean-Paul 2 à 100m de la station T-Oil en direction du collège Saint-Joseph

📲+22870232523

#Domsresto #Foodlover #BonPlanFood",0,"02/25/2026 04:49",https://www.instagram.com/p/DVLnZerCHOT/,"Carrousel IG",,Global,109,59,2,0,0,0,0,,,,,
18145282561461909,17841423357589398,domsresto,"Dom's Restaurant","Derrière ce plat, il y a du goût, du plaisir… et une vraie signature 🔥 : 𝐅𝐫𝐢𝐞𝐝 𝐑𝐢𝐜𝐞 𝐚𝐮𝐱 𝐂𝐫𝐞𝐯𝐞𝐭𝐭𝐞𝐬 🍤

A tester à tout prix en livraison gratuite toute la journée d’aujourd’hui ! 🚀

📍Nukafu - Boulevard Jean-Paul 2 à 100m de la station T-Oil en direction du collège Saint-Joseph

📲+22870232523

#Domsresto #foodlover #bonplanfood",0,"02/24/2026 02:47",https://www.instagram.com/p/DVI0oSfDuoG/,"Image IG",,Global,105,73,6,0,0,0,0,,,,,
18107693290691621,17841423357589398,domsresto,"Dom's Restaurant","𝐋𝐈𝐕𝐑𝐀𝐈𝐒𝐎𝐍 𝐆𝐑𝐀𝐓𝐔𝐈𝐓𝐄 ! 🔥

Le plaisir arrive chez vous sans frais tous les mardis à partir de 12H00. 🥳

📲+22870232523

#Domsresto #livraisongratuite #bonplan",7,"02/23/2026 08:35",https://www.instagram.com/reel/DVG3fStiHAm/,"Reel IG",,Global,125,105,2,0,0,0,0,,,,,
17857163277567069,17841423357589398,domsresto,"Dom's Restaurant","Plus qu’un restaurant, une référence.🔥

📍Nukafu - Boulevard Jean-Paul 2 à 100m de la station T-Oil en direction du collège Saint-Joseph

📲+22870232523

#Domsresto #foodlover #bonplan",20,"02/23/2026 03:11",https://www.instagram.com/reel/DVGSYSYCEMz/,"Reel IG",,Global,144,128,4,0,0,0,0,,,,,
18160558843420680,17841423357589398,domsresto,"Dom's Restaurant","🚩Fried Rice & Karaoké Day : 

- 1 plat acheté = le second à moitié prix, toute la journée 
- ⁠Cocktails disponibles 
- ⁠Soirée karaoké 

📍Nukafu - Boulevard Jean-Paul 2 à 100m de la station T-Oil en direction du collège Saint-Joseph

📲+22870232523

#Domsresto #bonplan 
#friedrice #karaoke",0,"02/20/2026 01:26",https://www.instagram.com/p/DU-YEIACOGD/,"Image IG",,Global,80,50,2,0,0,0,0,,,,,
18132501421447240,17841423357589398,domsresto,"Dom's Restaurant","Ne zappe pas cette publication. Viens, on te régale pour de vrai ce week-end. 😋

📲+22870232523

#Domsresto #Restaurant
#Vancances 
#SummerRiceVibes #FriedRiceLovers #LunchTimeVibes #DéjeunerGourmand
#Lome #Togo",14,"08/02/2025 03:31",https://www.instagram.com/reel/DM2WxxyNIJW/,"Reel IG",,Global,225,191,6,0,0,0,0
18062593070243221,17841423357589398,domsresto,"Dom's Restaurant","🎉 La recette d’un vendredi parfait ?

🔥 Du Fried Rice,
🍹 Des Cocktails bien dosés,
🎤 Et une playlist… que VOUS chantez !

🎙️ Le karaoké est ouvert à tous, dans une ambiance 🔥 garantie !

🚨Fried Rice Day : 1 plat acheté = le 2e à moitié prix, toute la journée !

📍Nukafu - Boulevard Jean-Paul 2 à 100m de la station T-Oil en direction du collège Saint-Joseph

📲+22870232523

#Domsresto #Restaurant
#Vancances #Karaoké
#SummerRiceVibes #FriedRiceLovers #LunchTimeVibes #DéjeunerGourmand
#Lome #Togo",24,"08/01/2025 03:34",https://www.instagram.com/reel/DMzygBOtm8e/,"Reel IG",,Global,138,114,5,0,0,0,0
18096489124948671,17841423357589398,domsresto,"Dom's Restaurant","Un bon déjeuner, ça change la journée. 🥰😋

📍Nukafu - Boulevard Jean-Paul 2 à 100m de la station T-Oil en direction du collège Saint-Joseph

📲+22870232523

#Domsresto #bonplan #foodlover",7,"02/17/2026 03:28",https://www.instagram.com/reel/DU23bsLCPDl/,"Reel IG",,Global,280,191,8,0,0,0,0
18171253177353716,17841423357589398,domsresto,"Dom's Restaurant","Dom’s Resto débarque avec le meilleur bon plan love 🔥 3 jours pour kiffer : 𝟏𝟒,𝟏𝟓 𝐞𝐭 𝟏𝟔 𝐅𝐄́𝐕𝐑𝐈𝐄𝐑 

Cette année, on met le feu à votre Saint-Valentin avec un menu exclusif 100% Fried Rice. 💘🔥

📍Nukafu - Boulevard Jean-Paul 2 à 100m de la station T-Oil en direction du collège Saint-Joseph

📲+22870232523

#Domsresto #foodlover #bonplan #stvalentin❤️",23,"02/15/2026 08:20",https://www.instagram.com/reel/DUyPbRZCM1b/,"Reel IG",,Global,197,168,6,0,0,0,0
18013430702664309,17841423357589398,domsresto,"Dom's Restaurant","Dom’s Resto débarque avec le meilleur bon plan love 🔥 3 jours pour kiffer : 𝟏𝟒,𝟏𝟓 𝐞𝐭 𝟏𝟔 𝐅𝐄́𝐕𝐑𝐈𝐄𝐑 

Cette année, on met le feu à votre Saint-Valentin avec un menu exclusif 100% Fried Rice et des cadeaux. 🎁 💘🔥

Choisissez un jour et un pack pour passer un agréable moment avec votre partenaire ! 💝🌹

📍Nukafu - Boulevard Jean-Paul 2 à 100m de la station T-Oil en direction du collège Saint-Joseph

📲+22870232523

#Domsresto #foodlove #bonplans #stvalentin❤️",42,"02/14/2026 14:43",https://www.instagram.com/reel/DUwWWAHiMio/,"Reel IG",,Global,1083,5224,30,0,0,0,1
17868347172558503,17841423357589398,domsresto,"Dom's Restaurant","😁 Ce sourire ? 50% love, 50% DOM’S.

On vous attend tous ces 𝟏𝟒,𝟏𝟓 𝐞𝐭 𝟏𝟔 𝐅𝐄́𝐕𝐑𝐈𝐄𝐑 au resto. 🔥💘

📲+22870232523

#Domsresto #foodlover #bonplans #stvalentin❤️",0,"02/14/2026 02:53",https://www.instagram.com/p/DUvFSgrCF3i/,"Image IG",,Global,1021,500,48,1,0,2,1
17891064903424210,17841423357589398,domsresto,"Dom's Restaurant",#stvalentin❤️,7,"02/14/2026 01:57",https://www.instagram.com/reel/DUu-xKoCIXv/,"Reel IG",,Global,158,126,4,0,0,2,0
18128127568537612,17841423357589398,domsresto,"Dom's Restaurant","Oubliez le dîner classique ! 
Dom’s Resto débarque avec le meilleur bon plan love 🔥 3 jours pour kiffer : 𝟏𝟒,𝟏𝟓 𝐞𝐭 𝟏𝟔 𝐅𝐄́𝐕𝐑𝐈𝐄𝐑 

Cette année, on met le feu à votre Saint-Valentin avec un menu exclusif 100% Fried Rice. 💘🔥

Choisissez un jour et un pack pour passer un agréable moment avec votre partenaire ! 💝🌹

📍Nukafu - Boulevard Jean-Paul 2 à 100m de la station T-Oil en direction du collège Saint-Joseph

📲+22870232523

#Domsresto #foodlover #bonplans #stvalentin❤️",0,"02/13/2026 07:34",https://www.instagram.com/p/DUtArlziIOJ/,"Carrousel IG",,Global,3937,4357,13,0,2,0,1
18072969308131261,17841423357589398,domsresto,"Dom's Restaurant","🎙️Viens lui chanter l’amour à la veille de la St Valentin ! 💘 🔥Ce soir à partir de 19h00. 

🚩 1 plat acheté, le second à moitié prix 
🚩 Cocktail 🍹 disponible 

📍Nukafu - Boulevard Jean-Paul 2 à 100m de la station T-Oil en direction du collège Saint-Joseph

📲+22870232523

#Domsresto #foodlove #bonplans #stvalentin❤️",14,"02/13/2026 04:25",https://www.instagram.com/reel/DUsq99riCet/,"Reel IG",,Global,117,97,4,0,0,0,0
18093348959083618,17841423357589398,domsresto,"Dom's Restaurant","Il n’y a pas 14 façons de séduire votre partenaire...❤️

... Surprenez-la / le avec une livraison ou un dîner chez nous. 💝🎁 

📌 Boulevard Jean-Paul 2
À 100m de la station T-Oil de nukafu en direction du collège Saint Joseph
 

📲+22870232523

#Domsresto #foodlove #bonplans #stvalentin❤️",0,"02/12/2026 03:30",https://www.instagram.com/p/DUp_-W1CF9Q/,"Carrousel IG",,Global,106,59,5,0,0,0,0
18377776969089157,17841423357589398,domsresto,"Dom's Restaurant","Tout ce week-end de la St Valentin, le 14,15 et 16 Février, soyez notre CLIENTINE 🥰 avec notre spéciale offre. 🔥❤️

📍Nukafu - Boulevard Jean-Paul 2 à 100m de la station T-Oil en direction du collège Saint-Joseph

📲+22870232523

#Domsresto #foodlover #bonplan  #stvalentin❤️",0,"02/11/2026 03:09",https://www.instagram.com/p/DUnY0nfiLFx/,"Carrousel IG",,Global,7852,11717,66,0,3,0,4
18100373203886724,17841423357589398,domsresto,"Dom's Restaurant","Avec vous, nous partageons l’amour au quotidien. 💘🔥

Un menu varié, des recettes uniques, des saveurs exquis...C’est juste magnifique ! 🥰😋

📌 Boulevard Jean-Paul 2
À 100m de la station T-Oil de nukafu en direction du collège Saint Joseph
 

📲+22870232523

#Domsresto #foodlover #bonplan #stvalentin❤️",5,"02/10/2026 02:48",https://www.instagram.com/reel/DUkxiWbiFAC/,"Reel IG",,Global,135,98,6,0,0,0,2
17891179344283238,17841423357589398,domsresto,"Dom's Restaurant","Le meilleur bon plan love 🔥 3 jours pour kiffer. 💘

🚩14,15 et 16 Février 🔥❤️

📍Nukafu - Boulevard Jean-Paul 2 à 100m de la station T-Oil en direction du collège Saint-Joseph

📲+22870232523

#Domsresto #loveforfood😍  #bonplans  #stvalentin❤️",0,"02/09/2026 02:05",https://www.instagram.com/p/DUiH01WDjLI/,"Image IG",,Global,7492,8647,33,1,13,0,3
18085638241915834,17841423357589398,domsresto,"Dom's Restaurant","🔥 1plat acheté, le second à moitié prix ! 😉 

🔥Soirée karaoké 

📍Nukafu - Boulevard Jean-Paul 2 à 100m de la station T-Oil en direction du collège Saint-Joseph

📲+22870232523

#Domsresto #foodlover  #bonplan #Friedriceday #karaoké",9,"02/06/2026 02:38",https://www.instagram.com/reel/DUadFRNiLMH/,"Reel IG",,Global,180,132,5,0,0,0,2
18093018718817438,17841423357589398,domsresto,"Dom's Restaurant","C’est la reprise !🚨 

Sur place ou à emporter, faites vos commandes. 🔥🔥

📍Nukafu - Boulevard Jean-Paul 2 à 100m de la station T-Oil en direction du collège Saint-Joseph

📲+22870232523

#Domsresto #foodlove  #bestfriedrice  #bonplan",0,"02/05/2026 07:03",https://www.instagram.com/p/DUYWyS-jgSa/,"Image IG",,Global,112,68,4,0,0,0,0
17997272771730933,17841423357589398,domsresto,"Dom's Restaurant","Quel FriedRice allez-vous commander demain ? 🍲

🚩À partir de midi, on se retrouve au resto ! 🔥

📲+228 70 23 25 23

#Domsresto #foodlover #bonplan #stvalentin❤️",0,"02/04/2026 02:22",https://www.instagram.com/p/DUVRRNGCOiH/,"Image IG",,Global,125,77,4,0,0,0,0
18039053048732182,17841423357589398,domsresto,"Dom's Restaurant","Ça va grave collé entre nous ce mois-ci ! 💖💕💝

🚩Rendez-vous à partir de ce jeudi le 05 Février pour une nouvelle aventure. 🥳

📲+228 70 23 25 23

#Domsresto #foodlover #bonplan #stvalentin",0,"02/02/2026 10:46",https://www.instagram.com/p/DURB-ENCAaR/,"Carrousel IG",,Global,121,65,6,0,0,0,0
17881670391446943,17841423357589398,domsresto,"Dom's Restaurant","Le mois de Janvier est lourd façon ! 😩😭

#DomsFriedRice #Humour #CongéResto",0,"01/23/2026 02:52",https://www.instagram.com/p/DT2br96Dvuc/,"Carrousel IG",,Global,138,72,3,0,0,0,0
18050729645466725,17841423357589398,domsresto,"Dom's Restaurant","On est en pause… mais pas en silence. 🥳

Rejoignez-nous sur notre compte TikTok pour des moments fun. 🎉

#DomsFriedRice #CongéResto
#ComingBackSoon",0,"01/21/2026 02:18",https://www.instagram.com/p/DTxOQpbDh4r/,"Image IG",,Global,93,51,1,0,0,0,0
17871479943517027,17841423357589398,domsresto,"Dom's Restaurant","On vous dit à bientôt pour une nouvelle aventure culinaire ! ❤️❤️❤️❤️❤️❤️❤️❤️❤️

#DomsFriedRice #CongéResto
#ComingBackSoon",0,"01/20/2026 01:52",https://www.instagram.com/p/DTumdJoDmW8/,"Image IG",,Global,108,74,1,0,0,0,0
18050153969469368,17841423357589398,domsresto,"Dom's Restaurant","Des boules à base de riz 🌾 super gourmandes 🤤 et moelleuses. 🫠

Si vous ne l’avez jamais goûté, c’est le moment ! 😉

📲+22870232523

#DomsFriedRice 
#friedricelovers",0,"01/14/2026 02:24",https://www.instagram.com/p/DTfNbWBCM63/,"Image IG",,Global,122,75,3,0,0,0,0
18109050937636598,17841423357589398,domsresto,"Dom's Restaurant","Encore quelques jours pour se faire plaisir. 🤤❤️

Nous sommes ouverts jusqu’au 18 janvier avant les congés. FAITES VOS COMMANDES ! 🍲🍤

📍Nukafu - Boulevard Jean-Paul 2 à 100m de la station T-Oil en direction du collège Saint-Joseph

📲+22870232523

#DomsResto #BonPlan #friedrice",16,"01/13/2026 07:21",https://www.instagram.com/reel/DTdKbEpiNMi/,"Reel IG",,Global,216,193,4,0,0,0,0
17998756868855299,17841423357589398,domsresto,"Dom's Restaurant","Encore quelques jours pour se faire plaisir. 🤤❤️

Nous sommes ouverts jusqu’au 18 janvier avant les congés. FAITES VOS COMMANDES ! 🍲🍤

📍Nukafu - Boulevard Jean-Paul 2 à 100m de la station T-Oil en direction du collège Saint-Joseph

📲+22870232523

#DomsResto #bonplans #friedrice",0,"01/13/2026 04:25",https://www.instagram.com/p/DTc2eNliKGV/,"Carrousel IG",,Global,124,65,5,0,0,0,0
18076712792359885,17841423357589398,domsresto,"Dom's Restaurant","🍗🥘TASTY TUESDAY🍲🍤

Déguste deux variétés de fried Rice toute la journée ! 🔥

📍Nukafu - Boulevard Jean-Paul 2 à 100m de la station T-Oil en direction du collège Saint-Joseph

📲+22870232523

#Domsresto #FriedRice #bestfriedrice",0,"01/13/2026 02:24",https://www.instagram.com/p/DTcoj4JDNYg/,"Carrousel IG",,Global,97,63,1,0,0,0,0
18088493426087334,17841423357589398,domsresto,"Dom's Restaurant","🍛🍤🍗🍹

Venez prendre du bon temps chez nous…. C’est le week-end ! 🎉

📲+22870232523

#DomsFriedRice 
#friedricelovers",0,"01/10/2026 02:29",https://www.instagram.com/p/DTU6t3EiODP/,"Carrousel IG",,Global,105,64,3,0,0,0,0
18063041444265776,17841423357589398,domsresto,"Dom's Restaurant","Fried rice, 🍛 cocktails,🍹et une playlist au choix que vous chantez.🎙️ 

Le Karaoké est ouvert à tous avec une ambiance garantie à partir de 19h00 ! 🎉

📍Nukafu - Boulevard Jean-Paul 2 à 100m de la station T-Oil en direction du collège Saint-Joseph

📲+22870232523

#Domsresto #Karaoké #friedricelover #friedriceday",0,"01/09/2026 03:42",https://www.instagram.com/p/DTSeUxSiEnf/,"Carrousel IG",,Global,91,57,1,0,0,0,0
18100164283868964,17841423357589398,domsresto,"Dom's Restaurant","⏸️ On appuie sur pause… mais juste un moment ! 

Le restaurant sera en congé du 18 JANVIER au 04 FEVRIER. On se retrouve dès le 05 FEVRIER avec encore plus d’énergie et de gourmandise ! 🤝🏾

Merci pour votre fidélité. 

#Domsresto #BonPlan",0,"01/09/2026 02:21",https://www.instagram.com/p/DTSVAOSjm-Q/,"Image IG",,Global,100,66,1,0,0,0,0
18104921239760545,17841423357589398,domsresto,"Dom's Restaurant","Tu choisis de manger quoi aujourd’hui ? 🤤

Nous sommes ouverts a partir de 12H00. ⏰

📍Nukafu - Boulevard Jean-Paul 2 à 100m de la station T-Oil en direction du collège Saint-Joseph

📲+22870232523

#Domsresto #BonPlan #FriedRiceLovers",0,"01/07/2026 03:03",https://www.instagram.com/p/DTNQTxGDFbt/,"Carrousel IG",,Global,88,57,1,0,0,0,0
17844397794666748,17841423357589398,domsresto,"Dom's Restaurant","🥃🍛🍤🍗🍹

En famille ou entre potes, on vous gère bien aujourd’hui avec notre offre spéciale. 🎉

- ⁠1 plat acheté = le second à moitié prix 

- ⁠Soirée karaoké : Venez chanter 🎶 🎤 

- ⁠⏰Lucky Timer : Jouez et gagnez gratuitement votre consommation 

📍Nukafu - Boulevard Jean-Paul 2 à 100m de la station T-Oil en direction du collège Saint-Joseph

📲+22870232523

#DomsFriedRice 
#FriedRiceLovers",0,"01/02/2026 09:32",https://www.instagram.com/p/DTBExFeDKbD/,"Carrousel IG",,Global,164,90,1,0,0,0,0
18168406597385003,17841423357589398,domsresto,"Dom's Restaurant","À la nouvelle année pleine de goût. 🥂✨🎉

Nous sommes ouverts ! ⏰

#Domsresto #2026 #bonplan",5,"01/02/2026 04:18",https://www.instagram.com/reel/DTAgz0BCADr/,"Reel IG",,Global,354,272,6,0,0,0,0
18416668273186720,17841423357589398,domsresto,"Dom's Restaurant","💛🤍 2026 : encore plus de goût, encore plus de bonheur ! 🎉✨

#Domsresto #newyear #bonplan",14,"12/31/2025 03:56",https://www.instagram.com/reel/DS7UdU8CL4u/,"Reel IG",,Global,351,278,13,0,0,2,1
18102530182744535,17841423357589398,domsresto,"Dom's Restaurant","Double plaisir et le prix ne change pas. 😋

C’est le TASTY TUESDAY ! 🎊

📲+22870232523

#DomsFriedRice #TastyTuesday",0,"12/30/2025 02:16",https://www.instagram.com/p/DS4kkCdDLh7/,"Image IG",,Global,108,56,0,0,0,0,0
18339060793228234,17841423357589398,domsresto,"Dom's Restaurant","💛 Votre désir de saveurs nourrit notre créativité. 🤩

Dom’s Resto reste une belle aventure pour chacun de nous. 🤝🏾🤝🏾

MERCI 💝❤️🥰
 

#Domsresto #Anniv #bonplan",85,"12/29/2025 07:50",https://www.instagram.com/reel/DS2ldFiiLft/,"Reel IG",,Global,666,544,21,2,1,1,1
18547256383011572,17841423357589398,domsresto,"Dom's Restaurant","Dom’s te sauve à midi ! Fais un tour rapide chez nous. 😉😌

📲+22870232523

#Domsresto #BonPlan",0,"12/27/2025 02:06",https://www.instagram.com/p/DSw1DS2iKRI/,"Carrousel IG",,Global,173,70,3,0,0,0,0
18401004112192361,17841423357589398,domsresto,"Dom's Restaurant","Le bon plan du moment : Doms’ Resto 🎉🎊

- 1plat acheté, le second à moitié prix 
- ⁠Soirée karaoké avec une ambiance très fun
- ⁠Le Lucky Timer pour essayer de gagner une consommation gratuite

On se retrouve à partir de midi ! 🥳

📍Nukafu - Boulevard Jean-Paul 2 à 100m de la station T-Oil en direction du collège Saint-Joseph

📲+22870232523

#Domsresto #Friedriceday #karaoké",50,"12/26/2025 03:00",https://www.instagram.com/reel/DSuWLm5CB39/,"Reel IG",,Global,261,224,2,0,0,0,0
17911778697271316,17841423357589398,domsresto,"Dom's Restaurant","Passez un Noël plein de love, de rires et surtout… de gourmandise.🎅🏾❤️🍽️

On se retrouve maintenant pour continuer à se régaler !

📲+22870232523

#domsresto #Christmas #BonPlan",9,"12/25/2025 04:50",https://www.instagram.com/reel/DSr-Fz7iFJh/,"Reel IG",,Global,262,218,0,0,0,0,0
17865305526453591,17841423357589398,domsresto,"Dom's Restaurant","Joyeux Noël ! 🎄 

En cette période magique, toute l’équipe vous souhaite des moments remplis de joie et de partage.🔥🎄

#Domsresto #christmasday #bonplan",11,"12/24/2025 07:36",https://www.instagram.com/reel/DSpsPZ9CP7b/,"Reel IG",,Global,326,275,8,0,0,0,0
18037988051726613,17841423357589398,domsresto,"Dom's Restaurant","C’est la veillée ! 🎉🥂

On vous attend pour célébrer Noël comme il se doit. 🎄❤️

📍Nukafu - Boulevard Jean-Paul 2 à 100m de la station T-Oil en direction du collège Saint-Joseph

📲+22870232523

#Domsresto #BonPlan #FriedRiceLovers",0,"12/24/2025 04:17",https://www.instagram.com/p/DSpVmpWjgZR/,"Carrousel IG",,Global,221,110,5,0,0,0,0
18089329454511520,17841423357589398,domsresto,"Dom's Restaurant","Mardi à Dom’s Resto c’est ton opportunité de goûter nos riz ! 🥳

Tu as le goût 🤤 et le choix 🥰 pour toi seul à seulement 3000fr. 🥘🍤🍗

Viens essayer ! 😎

📲+22870232523

#Domsresto #FriedRice
#GoodFood",0,"12/23/2025 03:45",https://www.instagram.com/p/DSmtKPFjDEk/,"Carrousel IG",,Global,120,52,2,0,0,0,0
18028761236777687,17841423357589398,domsresto,"Dom's Restaurant","🎥📸

Un moment avec l’équipe Dom’s Resto a l’occasion de leur anniversaire !

🎁🎉🎂

Merci pour ces années de confiance, de sourires partagés, de moments autour de la table et de fidélité sans faille. ❤️

#Domsresto #Anniv #bonplan",115,"12/22/2025 08:39",https://www.instagram.com/reel/DSkpVYEiC06/,"Reel IG",,Global,290,252,8,0,0,3,0
18052906910673890,17841423357589398,domsresto,"Dom's Restaurant","𝐍𝐨𝐮𝐬 𝐯𝐨𝐮𝐬 𝐬𝐨𝐦𝐦𝐞𝐬 𝐫𝐞𝐜𝐨𝐧𝐧𝐚𝐢𝐬𝐬𝐚𝐧𝐭𝐬 ! 🎁🎊

Découvrez notre carte de fidélité, pensée pour récompenser votre gourmandise. 🥰❤️

À chaque visite, cumulez des avantages ! 

📲+22870232523

#Domsresto #BonPlan #FriedRiceLovers",0,"12/22/2025 02:30",https://www.instagram.com/p/DSj_wHNjCMQ/,"Image IG",,Global,104,54,1,0,0,0,1
18064217282558335,17841423357589398,domsresto,"Dom's Restaurant","Bon plan, goodVibes,…🍛

- 1 plat acheté = le second à moitié prix 🎉
- ⁠Soirée karaoké 🎤 
- ⁠Lucky Timer ⏰ 

📍Nukafu - Boulevard Jean-Paul 2 à 100m de la station T-Oil en direction du collège Saint-Joseph

📲+22870232523

#DomsFriedRice 
#friedricelovers",23,"12/19/2025 01:36",https://www.instagram.com/reel/DScLJf8CJ4y/,"Reel IG",,Global,245,230,3,0,0,0,0
18049138421456353,17841423357589398,domsresto,"Dom's Restaurant","On a pas un emoji spécial pour décrire le mood actuel de Dom’s Resto mais vous êtes trop bien placé pour nous l’inventer avec votre humour. 😁🙂🔥❤️

Merci pour vos moments et votre fidélité ! 🥰

📍Nukafu - Boulevard Jean-Paul 2 à 100m de la station T-Oil en direction du collège Saint-Joseph

📲+22870232523

#Domsresto #BonPlan #FriedRiceLovers",47,"12/17/2025 02:53",https://www.instagram.com/reel/DSXKK_2iEK_/,"Reel IG",,Global,156,117,2,0,0,0,0
17907896790278853,17841423357589398,domsresto,"Dom's Restaurant","Vous êtes notre récompense ! ❤️ Tous vos mots nous vont droit au cœur ! 🥰

MERCI 

#Domsresto #BonPlan #friedricelovers",11,"12/16/2025 05:21",https://www.instagram.com/reel/DSU2hk6iARg/,"Reel IG",,Global,180,124,4,0,1,1,0
18064215176187637,17841423357589398,domsresto,"Dom's Restaurant","Tasty Tuesday...! 😋

📲+22870232523

#Domsresto #MardiGourmand #FriedRiceLovers",0,"12/16/2025 02:58",https://www.instagram.com/p/DSUmL2FjO_z/,"Image IG",,Global,132,57,1,0,0,0,0
18008560673817288,17841423357589398,domsresto,"Dom's Restaurant","😋🤤#domsresto #friedrice #friedricelovers",23,"12/13/2025 03:01",https://www.instagram.com/reel/DSM4E-TiNGx/,"Reel IG",,Global,191,171,4,1,0,0,0
17962501491006351,17841423357589398,domsresto,"Dom's Restaurant","C’est parti pour une nouvelle semaine ultra gourmande ! 🥳😋

#Domsresto #FriedRice #Cocktail #Lounge",0,"12/08/2025 02:15",https://www.instagram.com/p/DR_633kDO06/,"Image IG",,Global,156,55,1,0,0,0,0
18115548169570784,17841423357589398,domsresto,"Dom's Restaurant","Viens chanter, rire, vibrer et t’offrir un moment unique au Resto ou au Lounge ! 🎊

- 1 plat acheté = le second à moitié prix toute la journée 🎊
- ⁠Soirée karaoké 🎤 

📍Nukafu - Boulevard Jean-Paul 2 à 100m de la station T-Oil en direction du collège Saint-Joseph

📲+22870232523

#Domsresto #karaoke #friedricelover",12,"12/05/2025 06:26",https://www.instagram.com/reel/DR4pM6liBs9/,"Reel IG",,Global,2762,2316,27,1,7,0,0
18181691980357558,17841423357589398,domsresto,"Dom's Restaurant","🫠Une histoire de saveurs… Une année de plus !🎂

Merci de faire partie de cette aventure. ❤️💝

🎁 Restez branché pour un magnifique moment sur les reseaux et au restaurant. 🥰

📲+22870232523

#DomsFriedRice 
#FriedRiceLovers",0,"12/05/2025 02:14",https://www.instagram.com/p/DR4Mdl2jmdm/,"Image IG",,Global,250,55,1,0,0,0,0
18076940363335202,17841423357589398,domsresto,"Dom's Restaurant","Bon plan, goodVibes, explosion de saveurs,…🍛

Rendez-vous chaque jour à partir de midi ! 🎉

📍Nukafu - Boulevard Jean-Paul 2 à 100m de la station T-Oil en direction du collège Saint-Joseph

📲+22870232523

#DomsFriedRice 
#FriedRiceLovers",0,"12/04/2025 04:15",https://www.instagram.com/p/DR11d2Jjo-x/,"Carrousel IG",,Global,255,64,4,0,0,0,0
18062104220238663,17841423357589398,domsresto,"Dom's Restaurant","La journée des saveurs ! 🔥

🍗🥘TASTY TUESDAY🍲🍤

📍Nukafu - Boulevard Jean-Paul 2 à 100m de la station T-Oil en direction du collège Saint-Joseph

📲+22870232523

#DomsFriedRice 
#FriedRiceLovers",0,"12/02/2025 02:09",https://www.instagram.com/p/DRwdbH3jEKg/,"Carrousel IG",,Global,268,54,3,0,0,0,0
17845656216618224,17841423357589398,domsresto,"Dom's Restaurant","🎁 Comme chaque décembre, quelque chose se prépare. 🎊

Devinez ! 🥰🔥

#Domsresto",0,"12/01/2025 10:17",https://www.instagram.com/p/DRuwgrBCH1H/,"Image IG",,Global,3793,3745,14,0,1,8,1
18101032804781285,17841423357589398,domsresto,"Dom's Restaurant","Alors, as-tu relevé le défi ? 

Sinon, tu peux toujours te mettre à jour ! 🥰🙃

📲+22870232523

#Domsresto #FriedRice #Lounge",0,"12/01/2025 02:11",https://www.instagram.com/p/DRt49b1jLdJ/,"Image IG",,Global,264,55,2,0,0,0,0
18063536711572261,17841423357589398,domsresto,"Dom's Restaurant","Rejoins dès maintenant notre communauté ! 🎊

📍Nukafu - Boulevard Jean-Paul 2 à 100m de la station T-Oil en direction du collège Saint-Joseph

📲+22870232523

#Domsresto #Friedrice",0,"11/29/2025 05:38",https://www.instagram.com/p/DRpG-0xDr4q/,"Carrousel IG",,Global,342,110,3,0,0,0,0
18351088303200468,17841423357589398,domsresto,"Dom's Restaurant","L’ambiance du vendredi n’est plus à présenter ! 🥳

🔥 1plat acheté, le second à moitié prix ! 😉 

🔥Soirée karaoké très chaud 

📍Nukafu - Boulevard Jean-Paul 2 à 100m de la station T-Oil en direction du collège Saint-Joseph

📲+22870232523

#Domsresto #Friedriceday #karaoké",23,"11/28/2025 02:59",https://www.instagram.com/reel/DRmP-dkiFSC/,"Reel IG",,Global,129,101,4,0,0,0,0
18015093410798866,17841423357589398,domsresto,"Dom's Restaurant","𝐃𝐎𝐌’𝐒 𝐑𝐄𝐒𝐓𝐎 !!! 🎊🔥

Chez nous, chaque moment devient un souvenir qui reste.

Passez en famille ou entre potes ! Vous allez kiffer😉❤️

📲+22870232523

#Domsresto #Cocktail #Lounge #FriedRice",0,"11/26/2025 03:04",https://www.instagram.com/p/DRhHCY2jlWB/,"Image IG",,Global,4031,3136,17,0,7,0,2
17879741283426507,17841423357589398,domsresto,"Dom's Restaurant","Un mardi délicieusement intense avec le Tasty Tuesday ! 🔥🫠

📍Nukafu - Boulevard Jean-Paul 2 à 100m de la station T-Oil en direction du collège Saint-Joseph

📲+22870232523

#Domsresto #Friedrice #TastyTuesday",0,"11/25/2025 03:02",https://www.instagram.com/p/DReiANLDj2H/,"Image IG",,Global,238,50,2,0,0,0,0
17856985971505622,17841423357589398,domsresto,"Dom's Restaurant","Le KINN🥂là tu ne veux pas faire aussi ? 😏

Laisse tout tomber, c’est samedi. Viens boire un coup au Lounge ! 🍹🍸🥃🧊

📍Nukafu - Boulevard Jean-Paul 2 à 100m de la station T-Oil en direction du collège Saint-Joseph

📲+22870232523

#Domsresto #Cocktail #Lounge",6,"11/22/2025 08:13",https://www.instagram.com/reel/DRXXHkeCBeS/,"Reel IG",,Global,176,129,5,0,0,0,0
18104891926575047,17841423357589398,domsresto,"Dom's Restaurant","Petit secret les gars : Chaque vendredi c’est 1plat acheté, le second à moitié prix ! 😉 

En plus l’ambiance est magnifique avec une soirée karaoké. 🎊

Déjouez leur plan de vous faire dépenser avec notre offre. 😉😊

📍Nukafu - Boulevard Jean-Paul 2 à 100m de la station T-Oil en direction du collège Saint-Joseph

📲+22870232523

#Domsresto #Friedriceday #Karaoké",12,"11/21/2025 03:07",https://www.instagram.com/reel/DRUPX3QCO1P/,"Reel IG",,Global,271,198,6,0,0,0,0
18058385933249484,17841423357589398,domsresto,"Dom's Restaurant","Tout va bien ! 🥳 Demain vendredi. 🙃

🎤 🍹🍗🍲🍷🧊

📲+22870232523

#Domsresto #Friedrice #Lounge",0,"11/20/2025 06:55",https://www.instagram.com/p/DRSEm_Xjos4/,"Carrousel IG",,Global,319,97,2,0,0,0,0
18083155847049626,17841423357589398,domsresto,"Dom's Restaurant","Pour prolonger votre plaisir, notre Lounge est ouvert rien que pour vous.🍹🍷

📍Nukafu - Boulevard Jean-Paul 2 à 100m de la station T-Oil en direction du collège Saint-Joseph

📲+22870232523

#Domsresto #Friedrice #Lounge",0,"11/19/2025 04:46",https://www.instagram.com/p/DRPRJiGiPjO/,"Carrousel IG",,Global,248,50,1,0,0,0,0
18049218371383760,17841423357589398,domsresto,"Dom's Restaurant","Aujourd’hui c’est Mardi et dans 3jrs c’est vendredi ! 🎊

📍Nukafu - Boulevard Jean-Paul 2 à 100m de la station T-Oil en direction du collège Saint-Joseph

📲+22870232523

#Domsresto #Friedrice",0,"11/18/2025 02:28",https://www.instagram.com/p/DRMcdtmDHrl/,"Image IG",,Global,234,42,0,0,0,0,0
18354405160161781,17841423357589398,domsresto,"Dom's Restaurant","Ton propre plat, acheté avec ton propre argent… 🫢😏 Et tu veux faire yovovi façon ? 😄

Utilise la main mon frère 😌
Le poulet, ça se déguste jusqu’aux os ! 😂🔥

📲+22870232523

#Domsresto
#FriedRiceLovers",9,"11/17/2025 05:11",https://www.instagram.com/reel/DRKKWRoiHNd/,"Reel IG",,Global,744,542,8,0,0,0,0
18078113806916982,17841423357589398,domsresto,"Dom's Restaurant","🚨Fried Rice & Karaoké Day : 1 plat acheté = le 2e à moitié prix, toute la journée !

📍Nukafu - Boulevard Jean-Paul 2 à 100m de la station T-Oil en direction du collège Saint-Joseph

📲+22870232523

#Domsresto #Friedrice #Karaoké",0,"11/14/2025 02:23",https://www.instagram.com/p/DRCIya5DBMU/,"Carrousel IG",,Global,312,58,4,0,0,0,0
18106961134612747,17841423357589398,domsresto,"Dom's Restaurant","Très délicieux quand c’est chaud ! 🫠

Dès midi, faites vos commandes. 🔥

📲+22870232523

#Domsresto #FriedRice #Bestfriedrice",0,"11/12/2025 02:32",https://www.instagram.com/p/DQ9AO48DNHR/,"Carrousel IG",,Global,359,74,4,0,0,0,1
18085063567975948,17841423357589398,domsresto,"Dom's Restaurant","Vous connaissez déjà le refrain ! Le goût et la sensation… 😋🤤

Déguste deux variétés de fried Rice toute la journée ! 🔥

📍Nukafu - Boulevard Jean-Paul 2 à 100m de la station T-Oil en direction du collège Saint-Joseph

📲+22870232523

#Domsresto #FriedRice #Bestfriedrice",0,"11/11/2025 02:13",https://www.instagram.com/p/DQ6ZQvkjMTC/,"Image IG",,Global,343,70,3,0,0,0,0
18085726615811795,17841423357589398,domsresto,"Dom's Restaurant","Vous avez bien noté notre adresse en début de semaine hein ? 😄🙃

Parce que là, c’est le moment parfait pour débarquer ! 😉🔥

📲+22870232523

#Domsresto
#FriedRiceLovers
#BattleDesSaveurs",0,"11/08/2025 04:11",https://www.instagram.com/p/DQy4aCkjqNu/,"Image IG",,Global,365,93,3,0,0,0,0
18340492693225622,17841423357589398,domsresto,"Dom's Restaurant","C’est Vendredi ! 💥

🥳 1 plat acheté = le second à moitié prix 

🎤 Soirée karaoké 

🎰 Lucky Timer pour gagner gratuitement un plat 

#Domsresto #FriedRice #Cocktail",16,"11/07/2025 02:24",https://www.instagram.com/reel/DQwHPXViLIl/,"Reel IG",,Global,187,169,5,0,0,0,0
18003121553822370,17841423357589398,domsresto,"Dom's Restaurant","Bonne bouffe, bonne humeur et une ambiance qui te fait du bien… Dom’s Resto🔥❤️

📍Nukafu - Boulevard Jean-Paul 2 à 100m de la station T-Oil en direction du collège Saint-Joseph

📲+22870232523

#Domsresto #VibeChezDoms #FriedRiceAddict",0,"11/05/2025 03:00",https://www.instagram.com/p/DQrB1aIDg2A/,"Carrousel IG",,Global,480,156,7,0,0,0,1
18047851418676702,17841423357589398,domsresto,"Dom's Restaurant","Tous les Mardis, c’est doubles saveurs chez Dom’s Resto ! 😋

📍Nukafu - Boulevard Jean-Paul 2 à 100m de la station T-Oil en direction du collège Saint-Joseph

📲+22870232523

#Domsresto #TastyTuesday #FriedRiceAddict",0,"11/04/2025 02:41",https://www.instagram.com/p/DQoa4Z6iCa5/,"Carrousel IG",,Global,308,66,0,0,0,0,0
17863323240506672,17841423357589398,domsresto,"Dom's Restaurant","On vous souhaite une excellente semaine. 💛

Et gardez notre adresse sous la main… pour vos petites envies gourmandes. 😉

📍Nukafu - Boulevard Jean-Paul 2 à 100m de la station T-Oil en direction du collège Saint-Joseph

📲+22870232523

#Domsresto #FriedRice
#GoodVibes",0,"11/03/2025 11:55",https://www.instagram.com/p/DQm1fRMjlVG/,"Image IG",,Global,266,47,1,0,0,0,0
17991764462718324,17841423357589398,domsresto,"Dom's Restaurant","Samedi soir, direction le Lounge By Dom’s.🍸

Ambiance cosy, lumières douces et bons cocktails… tu viens ? 😌

📍Nukafu - Boulevard Jean-Paul 2 à 100m de la station T-Oil en direction du collège Saint-Joseph

📲+22870232523

#Domsresto #Cocktail #Lounge",5,"11/01/2025 05:56",https://www.instagram.com/reel/DQg73fdCKA0/,"Reel IG",,Global,203,147,12,0,0,0,0
17903761344272471,17841423357589398,domsresto,"Dom's Restaurant","L’ambiance festive commence à monter dès Novembre. 🎊

Des projets festifs, 🥳 des envies de bons plats ? 🍗 Rejoignez-nous ! 🥰

📲+22870232523

#Domsresto #Friedrice #Lounge #Cocktail",0,"10/31/2025 12:33",https://www.instagram.com/p/DQfEkJ5jsas/,"Image IG",,Global,284,54,2,0,0,0,1
18081710375066832,17841423357589398,domsresto,"Dom's Restaurant","🎊 FRIED RICE DAY

Beaucoup de plaisir, moins de dépenses ! 🥳

- 1 plat acheté = le second à moitié prix
- ⁠Soirée Lounge avec des cocktails aux choix 
- Une playlist… que VOUS chantez 

N’est-ce pas magnifique ? 🥂

📍Nukafu - Boulevard Jean-Paul 2 à 100m de la station T-Oil en direction du collège Saint-Joseph

📲+22870232523

#Domsresto #Karaoké
#FriedRiceLovers #Lounge",0,"10/31/2025 02:58",https://www.instagram.com/p/DQeCwScjEzr/,"Carrousel IG",,Global,441,1081,8,0,0,0,0
18115409140552561,17841423357589398,domsresto,"Dom's Restaurant","Oui oui 😆 c’est maintenant que nous on le fait ! 😝

Alors tu viens manger ou pas ? La demande est très forte. 😁😌

📍Nukafu - Boulevard Jean-Paul 2 à 100m de la station T-Oil en direction du collège Saint-Joseph

📲+22870232523

#Domsresto #FriedRice
#GoodVibes",13,"10/29/2025 03:20",https://www.instagram.com/reel/DQY7mU7iAe0/,"Reel IG",,Global,507,318,16,0,0,0,0
18075231824272723,17841423357589398,domsresto,"Dom's Restaurant","Mardi, on ne choisit pas… on déguste les deux ! 😋

C’est Tasty Tuesday, et Dom’s te gâte avec la double saveur du jour. 🍛❤️

📍Nukafu - Boulevard Jean-Paul 2 à 100m de la station T-Oil en direction du collège Saint-Joseph

📲+22870232523

#Domsresto #FriedRice
#DoubleSaveur",0,"10/28/2025 02:44",https://www.instagram.com/p/DQWSznJjvVS/,"Carrousel IG",,Global,1088,516,22,0,0,0,0
17898571497312786,17841423357589398,domsresto,"Dom's Restaurant","Laissez vos réponses en commentaire et n’hésitez pas à partager ce post avec vos amis ! 🥰 

On veut connaître l’avis de tout le monde. 😉

#Domsresto #FriedRice #lounge",19,"10/27/2025 03:57",https://www.instagram.com/reel/DQT2M0fCBzx/,"Reel IG",,Global,1286,1129,27,1,1,2,0
17983771616751006,17841423357589398,domsresto,"Dom's Restaurant","On aime le week-end à Dom’s Resto ! 🥳

- Journée Fried Rice Day : 1 plat acheté, le second à moitié prix ! 🎊

- Soirée cocktail🍹et karaoké 🎤 

📍Nukafu - Boulevard Jean-Paul 2 à 100m de la station T-Oil en direction du collège Saint-Joseph

📲+22870232523

#Domsresto #GoodVibes #Karaoké",0,"10/24/2025 03:12",https://www.instagram.com/p/DQMCzmriGs1/,"Image IG",,Global,280,51,3,0,0,0,0
17941204272074777,17841423357589398,domsresto,"Dom's Restaurant","On aime le week-end à Dom’s Resto ! 🥳

- Journée Fried Rice Day : 1 plat acheté, le second à moitié prix ! 🎊

- Soirée cocktail🍹et karaoké 🎤 

📍Nukafu - Boulevard Jean-Paul 2 à 100m de la station T-Oil en direction du collège Saint-Joseph

📲+22870232523

#Domsresto #GoodVibes #Karaoké",20,"10/24/2025 03:11",https://www.instagram.com/reel/DQMCmhlCHOl/,"Reel IG",,Global,95,78,1,0,0,0,0
18080924030082960,17841423357589398,domsresto,"Dom's Restaurant","On aime le week-end à Dom’s Resto ! 🥳

- Journée Fried Rice Day : 1 plat acheté, le second à moitié prix ! 🎊

- Soirée cocktail🍹et karaoké 🎤 

📍Nukafu - Boulevard Jean-Paul 2 à 100m de la station T-Oil en direction du collège Saint-Joseph

📲+22870232523

#Domsresto #GoodVibes #Karaoké",0,"10/24/2025 03:09",https://www.instagram.com/p/DQMCee_CENi/,"Image IG",,Global,246,45,0,0,0,0,0
18486974044073804,17841423357589398,domsresto,"Dom's Restaurant","On s’incruste à n’importe quelle heure chez vous les gars ! 😎

📲+22870232523

#Domsresto #Delicious",0,"10/23/2025 03:08",https://www.instagram.com/p/DQJdl-yjD1r/,"Image IG",,Global,925,630,23,0,0,0,0
18533502562057715,17841423357589398,domsresto,"Dom's Restaurant","Dans chaque plat, un goût soigné, une attention particulière. 🥰❤️

C’est le Tasty Tuesday chez Dom’s Resto ! 🎉

Commande ton Fried Rice habituel, et pour la seconde variété… teste notre #Local ‘’APOUSSOMÉ’’🐟

📲+22870232523

#DomsFriedRice #TastyTuesday #consommelocal",6,"10/21/2025 02:33",https://www.instagram.com/reel/DQEPb8YiHwG/,"Reel IG",,Global,200,151,4,0,0,0,0
18082316506976855,17841423357589398,domsresto,"Dom's Restaurant","Tente notre expérience culinaire cette semaine. 😋🔥

📍Nukafu - Boulevard Jean-Paul 2 à 100m de la station T-Oil en direction du collège Saint-Joseph

📲+22870232523

#Domsresto #Lounge
#GoodVibes",0,"10/20/2025 04:39",https://www.instagram.com/p/DQB5jekjEOc/,"Image IG",,Global,277,44,1,0,0,0,0
18078096683032765,17841423357589398,domsresto,"Dom's Restaurant","Croquez le week-end à pleines dents… 😎

📲+22870232523

#Domsresto #Restaurant
#GoodVibes",0,"10/18/2025 03:31",https://www.instagram.com/p/DP8oOL5jMrD/,"Image IG",,Global,306,74,2,0,0,0,0
18064821023098775,17841423357589398,domsresto,"Dom's Restaurant","T’as dit “Fried Rice Day” ? On t’offre ton deuxième plat à moitié prix, parce que t’es cool ! 😎

📍Nukafu - Boulevard Jean-Paul 2 à 100m de la station T-Oil en direction du collège Saint-Joseph

📲+22870232523

#Domsresto #loungebar 
#GoodVibes #Karaoké",0,"10/17/2025 03:14",https://www.instagram.com/p/DP6BfQPjISy/,"Carrousel IG",,Global,367,100,6,0,0,0,0
18061211765147594,17841423357589398,domsresto,"Dom's Restaurant","Préparé uniquement à base des produits locaux, le 𝐅𝐫𝐢𝐞𝐝 𝐑𝐢𝐜𝐞 𝐀𝐩𝐨𝐮𝐬𝐬𝐨𝐦𝐞́ est composé des anchois communément appelé doèvi chez nous, de poisson fumé et le tout relevé avec l’eau de noix de coco. 😋

C’est ça Le #ConsommerLocal chez Dom’s Resto ! 😊

📲+22870232523

#DomsFriedRice 
#Restaurant #consommelocal #Lome",7,"10/15/2025 05:23",https://www.instagram.com/reel/DP1GizBiPwU/,"Reel IG",,Global,210,174,5,0,0,0,0
17844411918592502,17841423357589398,domsresto,"Dom's Restaurant","Double portion, double plaisir, même addition. 😋

C’est le TASTY TUESDAY ! 🎊

📲+22870232523

#DomsFriedRice #TastyTuesday",0,"10/14/2025 04:21",https://www.instagram.com/p/DPyayAzDr5s/,"Image IG",,Global,287,62,4,0,0,0,0
18082174838060194,17841423357589398,domsresto,"Dom's Restaurant","Lundi c’est la fin du week-end. 😆😫

On se tchèque demain pour une nouvelle semaine. 🙂‍↕️😎

📲+22870232523

#DomsFriedRice 
#Lounge #Lome",16,"10/13/2025 04:14",https://www.instagram.com/reel/DPv1DRVCKdC/,"Reel IG",,Global,118,91,5,0,0,0,0
18160036513348626,17841423357589398,domsresto,"Dom's Restaurant","Une seule adresse : Dom’s Resto ! 🥘

Savourez, vibrez, recommencez… 🎊

📍Nukafu - Boulevard Jean-Paul 2 à 100m de la station T-Oil en direction du collège Saint-Joseph

📲+22870232523

#Domsresto #Restaurant
#GoodVibes",0,"10/11/2025 04:35",https://www.instagram.com/p/DPqt7z2DKBl/,"Image IG",,Global,313,67,6,0,0,0,0
18112246372495400,17841423357589398,domsresto,"Dom's Restaurant","Le rendez-vous incontournable de chaque vendredi, c’est chez Dom’s Resto ! 🥘🎤

Bonne bouffe, bonne musique, bonne vibe… 🎊💃🏾

📍Nukafu - Boulevard Jean-Paul 2 à 100m de la station T-Oil en direction du collège Saint-Joseph

📲+22870232523

#Domsresto #Restaurant
#GoodVibes #Karaoké",0,"10/10/2025 03:46",https://www.instagram.com/p/DPoDjIrDIt2/,"Image IG",,Global,313,58,3,0,0,0,0
17976030266945357,17841423357589398,domsresto,"Dom's Restaurant","Notre rendez-vous de tous les jour. ❤️⏰ 

Sur place ou à livrer, vous savez quoi faire ! 😊👇🏾

📲+22870232523

#Domsresto #Restaurant
#GoodVibes",0,"10/08/2025 03:40",https://www.instagram.com/p/DPi5V05jMPO/,"Image IG",,Global,296,53,2,0,0,0,0
18080709382985038,17841423357589398,domsresto,"Dom's Restaurant","TASTY TUESDAY 😋

Plus de saveurs, pas plus de dépenses. 🎊

📲+22870232523

#DomsFriedRice 
#Restaurant #TastyTuesday",0,"10/07/2025 03:57",https://www.instagram.com/p/DPgWeDACD8U/,"Carrousel IG",,Global,315,46,2,0,0,0,0
17943669456063128,17841423357589398,domsresto,"Dom's Restaurant","Chez Dom’s Resto, le #ConsommerLocal a un goût unique : celui de notre spécial Fried Rice 𝐀𝐩𝐨𝐮𝐬𝐬𝐨𝐦𝐞́🐟 

Un plat qui célèbre nos saveurs d’ici. Goûtez-y et sentez la différence. 😊

📲+22870232523

#DomsFriedRice 
#Restaurant #consommelocal #Lome",0,"10/06/2025 02:55",https://www.instagram.com/p/DPdqjwoDNGj/,"Carrousel IG",,Global,339,60,6,0,0,0,0
18114122440555753,17841423357589398,domsresto,"Dom's Restaurant","Des gestes qu’on qualifie de mauvaises manières alors qu’on veut juste se faire plaisir ! 😂🤣

📲+22870232523

#DomsFriedRice 
#Restaurant #lomé",14,"10/04/2025 08:22",https://www.instagram.com/reel/DPZGHcHCFZq/,"Reel IG",,Global,503,343,11,0,1,0,0
18053169002634879,17841423357589398,domsresto,"Dom's Restaurant","Le rendez-vous de chaque vendredi à Dom’s Resto ! 🥘🎤 

📍Nukafu - Boulevard Jean-Paul 2 à 100m de la station T-Oil en direction du collège Saint-Joseph

📲+22870232523

#Domsresto #Restaurant
#GoodVibes #Karaoké",0,"10/03/2025 05:12",https://www.instagram.com/p/DPWLzZlDCP-/,"Image IG",,Global,307,62,2,0,0,0,0
18181733347340362,17841423357589398,domsresto,"Dom's Restaurant","Nous nous joignons à la lutte contre le cancer du sein. 🎀 

Le dépistage sauve des vies. 

Faisons circuler cette initiative et soutenons celles qui se battent chaque jour. 💝

#DomsResto #OctobreRose",0,"09/30/2025 10:09",https://www.instagram.com/p/DPO_dO6DF8t/,"Image IG",,Global,344,62,4,0,0,0,0
18046093265653348,17841423357589398,domsresto,"Dom's Restaurant","Aujourd’hui c’est 2 portions de Fried Rice pour un prix. 🎊

🥘LE TASTY TUESDAY 

📍Nukafu - Boulevard Jean-Paul 2 à 100m de la station T-Oil en direction du collège Saint-Joseph

📲+22870232523

#DomsFriedRice 
#Restaurant #TastyTuesday",0,"09/30/2025 02:55",https://www.instagram.com/p/DPONxSRjMKb/,"Image IG",,Global,420,69,3,0,0,0,0
18293146639254407,17841423357589398,domsresto,"Dom's Restaurant","Une vraie traîtresse hein ! 😂

📲+22870232523

#DomsFriedRice #Restaurant",17,"09/29/2025 03:03",https://www.instagram.com/reel/DPLp4kWCNh9/,"Reel IG",,Global,3747,2598,98,2,1,2,0
18070175822189310,17841423357589398,domsresto,"Dom's Restaurant","Nos plats sont encore plus savoureux dégusté de cette manière. 🫠😋

📍Nukafu - Boulevard Jean-Paul 2 à 100m de la station T-Oil en direction du collège Saint-Joseph

📲+22870232523

#DomsFriedRice 
#Restaurant #Lomé #Togo",0,"09/27/2025 03:02",https://www.instagram.com/p/DPGgLBEDNXj/,"Image IG",,Global,2218,1073,157,0,3,0,0
17969219774951956,17841423357589398,domsresto,"Dom's Restaurant","Chers messieurs ne vous inquiétez pas 😂😂 On vous sauve la mise chaque vendredi. 😎

1 plat acheté, le 2e à moitié prix, toute la journée avec un bon vibe ! 🎤🔥🎶

📍Nukafu - Boulevard Jean-Paul 2 à 100m de la station T-Oil en direction du collège Saint-Joseph

📲+22870232523

#Domsresto #Restaurant
#GoodVibes #Karaoké",14,"09/26/2025 04:11",https://www.instagram.com/reel/DPEDReviGGk/,"Reel IG",,Global,5810,4010,135,2,2,13,0
18176980348350408,17841423357589398,domsresto,"Dom's Restaurant","🍅TASTY TUESDAY🍗

Doublez vos saveurs, pas vos dépenses ! 🎊

📲+22870232523

#DomsFriedRice 
#Restaurant #TastyTuesday",0,"09/23/2025 02:55",https://www.instagram.com/p/DO8MNqOjGXO/,"Image IG",,Global,1960,918,106,0,0,0,0
18077665616292833,17841423357589398,domsresto,"Dom's Restaurant","Ici, même ton fried rice dit merci quand tu manges proprement surtout avec appétit ! 😆

📲+22870232523

#Domsresto #Restaurant
#FriedRice #Lome",14,"09/22/2025 03:16",https://www.instagram.com/reel/DO5psZIiIms/,"Reel IG",,Global,7371,5634,167,0,1,0,1
18041857889401622,17841423357589398,domsresto,"Dom's Restaurant","C’est vendredi et tu connais déjà la routine ! 😉

- 1 plat acheté, le second à moitié prix 🍛

- ⁠Soirée karaoké 🎤 

Viens avec tes amis ! 👯‍♂️ 

📲+22870232523

#Domsresto #Restaurant #FriedRice #Team228",0,"09/19/2025 02:53",https://www.instagram.com/p/DOx41oljFCN/,"Image IG",,Global,447,77,1,0,0,0,0
18117389590503538,17841423357589398,domsresto,"Dom's Restaurant","Sur le chemin de la réussite, nous restons votre meilleur escale gourmande. 

Bonne rentrée scolaire à tous les parents et élèves. 🍛📖

#domsresto #friedrice #Rentree #Lome #Togo",0,"09/15/2025 00:34",https://www.instagram.com/p/DOnVyVRDOHh/,"Image IG",,Global,463,86,2,0,0,0,0
17951139581881628,17841423357589398,domsresto,"Dom's Restaurant","Tous les Mardi à Dom’s Resto, on vous offre 2 différentes variétés de Fried Rice au prix d’un avec l’offre Tasty Tuesday. 🥰

📍Nukafu - Boulevard Jean-Paul 2 à 100m de la station T-Oil en direction du collège Saint-Joseph

📲+22870232523

#Domsresto #Restaurant #FriedRiceLovers
#DoubleDoseDeDélices",0,"09/09/2025 03:41",https://www.instagram.com/p/DOYOaU3DIC1/,"Image IG",,Global,511,111,1,0,0,0,0
18056451857152228,17841423357589398,domsresto,"Dom's Restaurant","🍗🍤 Un plat subtilement préparées selon vos goûts. 🍛

📍Nukafu - Boulevard Jean-Paul 2 à 100m de la station T-Oil en direction du collège Saint-Joseph

📲+22870232523

#Domsresto 
#FriedRiceLovers
#Lome #Togo",10,"09/06/2025 06:42",https://www.instagram.com/reel/DOQ0rD4CA5G/,"Reel IG",,Global,261,213,7,0,0,0,0
18067487798223224,17841423357589398,domsresto,"Dom's Restaurant","Chaque vendredi à Dom’s est  exceptionnel : Fried Rice, karaoké & cocktails. 🍚🍸🎤

Finis au boulot et fais un tour. Tu vas juste kiffer ! 🎊

1 plat acheté = le second à moitié prix 

📍Nukafu - Boulevard Jean-Paul 2 à 100m de la station T-Oil en direction du collège Saint-Joseph

📲+22870232523

#Domsresto #Restaurant
#FriedRiceLovers #FriedRiceDay #Karaoké
#Lome #Togo",9,"09/05/2025 04:34",https://www.instagram.com/reel/DOOBNJGiI1r/,"Reel IG",,Global,233,204,8,2,0,0,0
17891460543336392,17841423357589398,domsresto,"Dom's Restaurant","🍗Des gourmandises juste comme vous l’aimez. 😋🌶️

📍Nukafu - Boulevard Jean-Paul 2 à 100m de la station T-Oil en direction du collège Saint-Joseph

📲+22870232523

#Domsresto #Restaurant
#FriedRiceLovers
#Lome #Togo",0,"09/04/2025 03:02",https://www.instagram.com/p/DOLR-Lfiftd/,"Image IG",,Global,449,84,2,0,0,0,0
17945807802030538,17841423357589398,domsresto,"Dom's Restaurant","⏰ Chaque jour à partir de 12h00, on vous sert de magnifiques plat de Fried Rice🥘 avec de différents composants 🫑🌶️🍅🍤🍗 selon vos désirs. 

📍Nukafu - Boulevard Jean-Paul 2 à 100m de la station T-Oil en direction du collège Saint-Joseph

📲+22870232523

#Domsresto #Restaurant
#FriedRiceLovers
#Lome #Togo",0,"09/02/2025 03:09",https://www.instagram.com/p/DOGJLrlDGZ-/,"Image IG",,Global,500,87,3,0,0,0,0
18076720906960050,17841423357589398,domsresto,"Dom's Restaurant","Tu fais toujours une vidéo avant de déguster ou il n’y a pas le temps ? 😆

Rendez-Vous à partir de midi pour vos commandes ! 🍗🍤

📍Nukafu - Boulevard Jean-Paul 2 à 100m de la station T-Oil en direction du collège Saint-Joseph

📲+22870232523

#Domsresto #Restaurant
#FriedRiceLovers
#Lome #Togo",7,"09/01/2025 03:24",https://www.instagram.com/reel/DODl9pViFye/,"Reel IG",,Global,259,214,9,0,0,0,0
18082410001906626,17841423357589398,domsresto,"Dom's Restaurant","Serveur un verre 🥃 pour débuter le week-end ! 🎊

Dom’s Resto chaque vendredi c’est : 👇🏾

- Cocktails🍹🍸
- ⁠Fried Rice 1plat acheté = le second à moitié prix 🥘🍗
- Soirée karaoké 🎤🎼

📍Nukafu - Boulevard Jean-Paul 2 à 100m de la station T-Oil en direction du collège Saint-Joseph

📲+22870232523

#Domsresto #Restaurant
#FriedRiceLovers #FriedRiceDay #Karaoké
#Lome #Togo",0,"08/29/2025 03:22",https://www.instagram.com/p/DN73aL6DIhD/,"Carrousel IG",,Global,465,82,3,0,0,0,0
18080993140731378,17841423357589398,domsresto,"Dom's Restaurant","🫠☀️Le plat que vous découvrez sur notre visuel est disponible tout au long de la journée.

C’est le TASTY TUESDAY et vous avez droit à 2 variétés de fried Rice ! 😋

📍Nukafu - Boulevard Jean-Paul 2 à 100m de la station T-Oil en direction du collège Saint-Joseph

📲+22870232523

#DomsFriedRice 
#Restaurant #TastyTuesday
#FriedRiceLovers  #ToujoursLàPourVous #CuisineAvecAmour #SaveursDuJour #Lomé #Togo",0,"08/26/2025 03:20",https://www.instagram.com/p/DN0I0Ps2D8_/,"Image IG",,Global,441,74,2,0,0,0,0
17880672972258983,17841423357589398,domsresto,"Dom's Restaurant","Fried Rice + cocktail = Week-end parfait ! 🫠🥳

Rendez-vous à partir de 12H00. ☀️

📍Nukafu - Boulevard Jean-Paul 2 à 100m de la station T-Oil en direction du collège Saint-Joseph

📲+22870232523

#Domsresto #Restaurant
#FriedRiceLovers
#Lome #Togo",0,"08/23/2025 05:07",https://www.instagram.com/p/DNsmtMmWGdK/,"Carrousel IG",,Global,455,93,5,0,0,0,0
18073872176106089,17841423357589398,domsresto,"Dom's Restaurant","🍤 1 plat acheté = le 2e a moitié prix tous les vendredis ! 

Mangez, chantez, riez, vibrez avec nous. 🎊

📍Nukafu - Boulevard Jean-Paul 2 à 100m de la station T-Oil en direction du collège Saint-Joseph

📲+22870232523

#DomsFriedRice 
#Restaurant #FriedRiceDay 
#FriedRiceLovers #Karaoke #ToujoursLàPourVous #CuisineAvecAmour #Lomé #Togo",30,"08/22/2025 04:50",https://www.instagram.com/reel/DNp_mlxo0ca/,"Reel IG",,Global,186,155,6,0,0,0,0
18064372037214970,17841423357589398,domsresto,"Dom's Restaurant","Le riz… 🥕🫑🌶️ mais en version plaisir avec Dom’s Resto. 🫠🍴

📍Nukafu - Boulevard Jean-Paul 2 à 100m de la station T-Oil en direction du collège Saint-Joseph

📲+22870232523

#DomsFriedRice 
#Restaurant
#FriedRiceLovers  #ToujoursLàPourVous #CuisineAvecAmour #SaveursDuJour #Lomé #Togo",0,"08/21/2025 06:18",https://www.instagram.com/p/DNnlSEGMZdk/,"Image IG",,Global,428,84,2,0,0,0,0
18063960656255321,17841423357589398,domsresto,"Dom's Restaurant","Tasty Tuesday…🥘

Combien de variétés allez-vous déguster aujourd’hui ? 

📍Nukafu - Boulevard Jean-Paul 2 à 100m de la station T-Oil en direction du collège Saint-Joseph

📲+22870232523

#DomsFriedRice 
#Restaurant #TastyTuesday
#FriedRiceLovers  #ToujoursLàPourVous #CuisineAvecAmour #SaveursDuJour #Lomé #Togo",11,"08/19/2025 03:35",https://www.instagram.com/reel/DNiI1oBMf8f/,"Reel IG",,Global,278,217,11,0,0,1,0
17896728891271585,17841423357589398,domsresto,"Dom's Restaurant","Appuie et à 00:10:00, gagne gratuitement ton menu du jour ! 🥳

Viens aujourd’hui tenter ta chance au resto. C’est super amusant ! 🥰🎊

📍Nukafu - Boulevard Jean-Paul 2 à 100m de la station T-Oil en direction du collège Saint-Joseph

📲+22870232523

#Domsresto #Restaurant
#FriedRiceLovers #LuckyTimer
#DéfiDuTemps
#ChronoChance
#TicTacPromo
#TempsLimité
#CourseContreLaMontre
#Lome #Togo",14,"08/17/2025 03:48",https://www.instagram.com/reel/DNdAquQMv1A/,"Reel IG",,Global,393,291,9,1,0,0,2
18073072775476581,17841423357589398,domsresto,"Dom's Restaurant","Fried Rice Day, Karaoké Day et en cadeau un jour férié ! 🎊

Que demandez de mieux pour bien débuter le week-end à Dom’s Resto ? 🥹

🍤 1 plat acheté = le 2e a moitié prix. Ramène tes potes vous régalez. 😋

📍Nukafu - Boulevard Jean-Paul 2 à 100m de la station T-Oil en direction du collège Saint-Joseph

📲+22870232523

#DomsFriedRice 
#Restaurant #FriedRiceDay 
#FriedRiceLovers #Karaoke #ToujoursLàPourVous #CuisineAvecAmour #Lomé #Togo",13,"08/15/2025 03:38",https://www.instagram.com/reel/DNX2BXuM3Dv/,"Reel IG",,Global,241,170,6,0,1,0,0
17966624657944190,17841423357589398,domsresto,"Dom's Restaurant","Cette première bouchée qui vous fera rester…🫠😋

Aujourd’hui c’est le TASTY TUESDAY et on mange 2 différentes variétés de Fried Rice au prix d’1. 🎊

Ça se passe à Dom’s Resto ! 🥘🍤🍗

📍Nukafu - Boulevard Jean-Paul 2 à 100m de la station T-Oil en direction du collège Saint-Joseph

📲+22870232523

#DomsFriedRice #Restaurant #TastyTuesday
#FriedRiceLovers #ToujoursLàPourVous #CuisineAvecAmour #SaveursDuJour #Lomé #Togo",0,"08/12/2025 03:37",https://www.instagram.com/p/DNQHoEwxnRb/,"Image IG",,Global,399,75,4,0,0,0,0
18063680231259987,17841423357589398,domsresto,"Dom's Restaurant","Un plat équilibré, raffiné, délicieux,… 🫠

Ne réfléchissez pas trop, contactez notre numéro et vous serez servis à midi ! 😋

📍Nukafu - Boulevard Jean-Paul 2 à 100m de la station T-Oil en direction du collège Saint-Joseph

📲+22870232523

#DomsFriedRice #Restaurant
#FriedRiceLovers  #ToujoursLàPourVous #CuisineAvecAmour #SaveursDuJour #Lomé #Togo",0,"08/11/2025 05:09",https://www.instagram.com/p/DNNtVVDR2pL/,"Image IG",,Global,404,68,1,0,0,0,0
17928903657094992,17841423357589398,domsresto,"Dom's Restaurant","Chez Dom’s, chaque assiette est une claque de saveurs : fried rice au poulet, crevettes bien grillées, bœuf fondant… tout est prêt à régaler tes papilles ! 🔥

Fais-toi plaisir et réserve, on s’occupe du reste. 🍛🍗🧄

📍Nukafu - Boulevard Jean-Paul 2 à 100m de la station T-Oil en direction du collège Saint-Joseph

📲+22870232523

#DomsFriedRice 
#Restaurant
#FriedRiceLovers  #ToujoursLàPourVous #CuisineAvecAmour #SaveursDuJour #Lomé #togo",0,"08/09/2025 03:16",https://www.instagram.com/p/DNIW0Hxsif9/,"Carrousel IG",,Global,499,155,13,1,0,0,0
18079454473910330,17841423357589398,domsresto,"Dom's Restaurant","🚨Fried Rice Day : 1 plat acheté = le 2e à moitié prix, toute la journée !

Les bons plats, c’est nous. L’ambiance, c’est vous. Ensemble, on crée la vibe ! 🔥🎶

📍Nukafu - Boulevard Jean-Paul 2 à 100m de la station T-Oil en direction du collège Saint-Joseph

📲+22870232523

#Domsresto #Restaurant
#Vancances #Karaoké
#SummerRiceVibes #FriedRiceLovers #LunchTimeVibes #DéjeunerGourmand
#Lome #Togo",13,"08/08/2025 03:30",https://www.instagram.com/reel/DNFzYQFs07G/,"Reel IG",,Global,223,191,3,0,0,0,0
18061739180209618,17841423357589398,domsresto,"Dom's Restaurant","🔥TASTY TUESDAY🎊

Choisis ton fried rice préféré… et repars avec une portion surprise d’une autre variété. 😋

L’occasion parfaite pour tester, savourer, et tomber encore plus amoureux de nos plats !☺️😋

📍Nukafu - Boulevard Jean-Paul 2 à 100m de la station T-Oil en direction du collège Saint-Joseph

📲+22870232523

#DomsFriedRice 
#Restaurant #TastyTuesday
#FriedRiceLovers  #ToujoursLàPourVous #CuisineAvecAmour #SaveursDuJour #Lomé #Togo",8,"08/05/2025 03:16",https://www.instagram.com/reel/DM-DfCZtJdn/,"Reel IG",,Global,228,202,5,0,0,0,0
18054598628420001,17841423357589398,domsresto,"Dom's Restaurant","🎉 Une envie de surprendre ou de célébrer ? 🍾 

Dom’s Resto est votre complice pour chaque moment spécial ! 😊

Qu’il s’agisse d’une petite attention ou d’une grande fête, on s’occupe de tout pour que ce soit savoureux, joyeux… et inoubliable. 🥂🍛

📍Nukafu - Boulevard Jean-Paul 2 à 100m de la station T-Oil en direction du collège Saint-Joseph

📲+22870232523

#DomsFriedRice 
#Restaurant
#FriedRiceLovers  #ToujoursLàPourVous #CuisineAvecAmour #SaveursDuJour #Lomé #togo",55,"08/04/2025 04:07",https://www.instagram.com/reel/DM7klHINNbm/,"Reel IG",,Global,403,306,11,0,0,0,1
18051121145630376,17841423357589398,domsresto,"Dom's Restaurant","Arrête d’imaginer le goût que ça peut avoir et viens faire le plein de plaisir ! 😋

Disponible à partir de 12H00.

📍Nukafu - Boulevard Jean-Paul 2 à 100m de la station T-Oil en direction du collège Saint-Joseph

📲+22870232523

#DomsFriedRice 
#Restaurant
#FriedRiceLovers  #ToujoursLàPourVous #CuisineAvecAmour #SaveursDuJour #Lomé #Togo",0,"08/27/2025 03:19",https://www.instagram.com/p/DN2tg0XWIXU/,"Image IG",,Global,442,85,3,0,0,0,0
18097965871685427,17841471120016905,gretys_ldm,"GRETY’S LDM","Ne scroll pas ! 🥰 Tu vas sûrement aimer le son et plus encore ces motifs. ☀️🛍️

📍 Super Taco – Non loin de l’Agora Senghor

📞 +22879924484

#GretysLDM #Java #Vlisco",22,"11/03/2025 03:18",https://www.instagram.com/reel/DQl6TeljL83/,"Reel IG",,Global,44,31,2,0,0,0,0
17861226864397322,17841471120016905,gretys_ldm,"GRETY’S LDM",,15,"08/13/2025 02:51",https://www.instagram.com/reel/DNSnJaXs4za/,"Reel IG",,Global,138,117,1,0,0,0,0
17976647771903904,17841471120016905,gretys_ldm,"GRETY’S LDM","Des couleurs qui captivent, des détails qui marquent… 💫

Chaque pièce est une source d’inspiration pour affirmer votre style. 🛍️

📌 SUPER TACO, non loin de l’Agora Senghor 

📞 +22879924484

#GretysLdm #Vlisco #NouvelArrivage #Elegance",0,"07/31/2026 05:23",https://www.instagram.com/p/DbdQVSvlWjN/,"Carrousel IG",,Global,26,9,1,0,0,0,0
18112941575317001,17841471120016905,gretys_ldm,"GRETY’S LDM","Un motif, mille possibilités…🤩 Imaginez une tenue qui vous ressemble et révèle toute votre beauté. 🥰

🛍️ MOTIFS DISPONIBLE EN BOUTIQUE 

📌 SUPER TACO, non loin de l’Agora Senghor 

📞 +22879924484

#GretysLdm #vliscowax  #NouvelArrivage #elegance",0,"07/30/2026 04:06",https://www.instagram.com/p/DbaiyKiDAyC/,"Carrousel IG",,Global,42,14,1,0,0,0,0
17900777367497549,17841471120016905,gretys_ldm,"GRETY’S LDM","✨NOUVEL ARRIVAGE✨

La beauté du pagne s’invite à nouveau en boutique pour sublimer chacune de vos tenues. 🛍️ 

📌 SUPER TACO, non loin de l’Agora Senghor 

📞 +22879924484

#GretysLdm #vliscowax  #nouvelarrivage❤️ #elegance",0,"07/29/2026 09:26",https://www.instagram.com/p/DbYikzajHDA/,"Carrousel IG",,Global,47,15,1,0,0,0,0
18101303699089715,17841447275263474,wakabileguide,"Wakabi Le Guide | Découverte | Bons plans | Divertissement","À la recherche de tissus d’exception ? ✨

Découvrez @gretys_ldm , la maison du Java, partenaire de  Vlisco￼ : Java, Superwax, Hollandais… en détail comme en gros.

À retrouver sur l’application  Wakabi !

#wakabileguide #wakabi #wakabileguidedesbonscoins",18,"05/22/2026 04:47",https://www.instagram.com/reel/DYo8bqMt2I-/,"Reel IG",,Global,373,287,15,2,0,0,0
18114560635744541,17841471120016905,gretys_ldm,"GRETY’S LDM","Bonne fête du travail. ✨

#GretysLdm #laborday",0,"04/30/2026 10:09",https://www.instagram.com/p/DXw3_J3jKUg/,"Image IG",,Global,25,14,1,0,0,0,0
18008675147884538,17841471120016905,gretys_ldm,"GRETY’S LDM","Nos motifs vous sublime sans trop d’effort. ✨

📞 +22879924484

#GretysLdm #vliscofashion",0,"04/30/2026 03:53",https://www.instagram.com/p/DXwM7SYDJQv/,"Carrousel IG",,Global,18,13,0,0,0,0,0
18581632975041014,17841471120016905,gretys_ldm,"GRETY’S LDM","On lance la semaine avec énergie et style. 🔥

📌 SUPER TACO, non loin de l’Agora Senghor 

📞 +22879924484

#GretysLdm #vliscofashion",0,"04/28/2026 04:14",https://www.instagram.com/p/DXrFzqckp27/,"Carrousel IG",,Global,22,14,1,0,0,0,0
17965810725062562,17841471120016905,gretys_ldm,"GRETY’S LDM","Fièrement indépendants. 🇹🇬✨

#GretysLdm #independence",0,"04/27/2026 03:43",https://www.instagram.com/p/DXodbHaDFhN/,"Image IG",,Global,11,8,0,0,0,0,0
18579151375027437,17841471120016905,gretys_ldm,"GRETY’S LDM","Chaque pagne raconte une histoire…. 🤩

🛍️Motif disponible 

📞 +22879924484

#GretysLdm #vliscofashion",0,"04/17/2026 04:37",https://www.instagram.com/p/DXOznebjJZV/,"Carrousel IG",,Global,27,11,0,0,0,0,0
18345218686243883,17841471120016905,gretys_ldm,"GRETY’S LDM","Nouvelle semaine ! 💫

Affirmez votre style, valorisez votre culture et brillez avec élégance. 🤩

📞 +22879924484

#GretysLdm #vliscofashion",0,"04/14/2026 04:15",https://www.instagram.com/p/DXHCyvnDqu4/,"Carrousel IG",,Global,25,14,0,0,0,0,0
18077124455157458,17841471120016905,gretys_ldm,"GRETY’S LDM","Jour du shopping = Bonnes affaires. 🛍️

Ne ratez pas l’occasion de shopper votre coups de cœur à prix doux. 🥰

📌 SUPER TACO, non loin de l’Agora Senghor 

📞 +22879924484

#GretysLdm #vliscofashion",0,"04/11/2026 09:11",https://www.instagram.com/p/DW_2R7yDr0Q/,"Image IG",,Global,20,13,1,0,0,0,0
17950805379124863,17841471120016905,gretys_ldm,"GRETY’S LDM","Le nouveau motif JAVA qui attire tous les regards. 🛍️

📌 SUPER TACO, non loin de l’Agora Senghor 

📞 +22879924484

#GretysLdm #vliscofashion",0,"04/10/2026 03:21",https://www.instagram.com/p/DW8pYzgDuYw/,"Carrousel IG",,Global,26,13,0,0,0,0,0
18118238377634887,17841471120016905,gretys_ldm,"GRETY’S LDM","Ta robe passe partout… Simple, chic et s’adapte à tout moment. 

🛍️Pagnes disponibles en boutique 

📌 SUPER TACO, non loin de l’Agora Senghor 

📞 +22879924484

#GretysLdm #vliscofashion",0,"04/08/2026 04:51",https://www.instagram.com/p/DW3qEevDmT5/,"Carrousel IG",,Global,23,11,1,0,0,0,0
17961217427915953,17841471120016905,gretys_ldm,"GRETY’S LDM","Joyeuses Pâques ! 🐣 💫✨

#gretysldm #pâques",0,"04/04/2026 04:55",https://www.instagram.com/p/DWtXW4SDuAC/,"Image IG",,Global,15,9,0,0,0,0,0
18571794379017161,17841471120016905,gretys_ldm,"GRETY’S LDM","Faites de votre dot un moment unique, avec des styles qui marquent. 👑✨

🛍️Motifs disponibles 

📌 SUPER TACO, non loin de l’Agora Senghor 

📞 +22879924484

#GretysLdm #vliscofashion",21,"04/02/2026 04:46",https://www.instagram.com/reel/DWoMpvvjKFM/,"Reel IG",,Global,32,33,2,0,0,0,0
18072148355556814,17841471120016905,gretys_ldm,"GRETY’S LDM","Des modèles variés aux inspirations tendance, tout est là pour vous. ✨

🛍️ Motifs disponibles en plusieurs coloris. 

📌 SUPER TACO, non loin de l’Agora Senghor 

📞 +22879924484

#GretysLdm #vliscofashion",0,"03/31/2026 07:49",https://www.instagram.com/p/DWjYDvIDlbP/,"Carrousel IG",,Global,22,9,0,0,0,0,0
17882713083473859,17841471120016905,gretys_ldm,"GRETY’S LDM","Élégance et modernité ! 💛

Une nouvelle façon de porter le pagne avec la boutique GRETY’S LDM. ✨🤩

🛍️Motif ANGÉLINA DISPONIBLE.

📌 SUPER TACO, non loin de l’Agora Senghor 

📞 +22879924484

#GretysLdm #vliscofashion",0,"03/27/2026 04:46",https://www.instagram.com/p/DWYv_v4DIV4/,"Carrousel IG",,Global,15,8,1,0,0,0,0
17919240954289566,17841471120016905,gretys_ldm,"GRETY’S LDM","Le pagne revisité pour un style qui se remarque. 💫

Motif JAVA disponible en boutique en plusieurs coloris ! 🛍️

📌 SUPER TACO, non loin de l’Agora Senghor 

📞 +22879924484

#GretysLdm #vliscoholland",0,"03/25/2026 04:29",https://www.instagram.com/p/DWTka-VDhyZ/,"Carrousel IG",,Global,14,8,1,0,0,0,0
18075990176157959,17841471120016905,gretys_ldm,"GRETY’S LDM","Des motifs uniques, des couleurs vibrantes….❤️💛🧡

Nouvelle collection disponible ! 🛍️ 

📌 SUPER TACO, non loin de l’Agora Senghor 

📞 +22879924484

#GretysLdm #Vlisco",20,"03/24/2026 11:29",https://www.instagram.com/reel/DWRvsPWEWQN/,"Reel IG",,Global,25,21,3,0,0,0,0
18438161590117819,17841471120016905,gretys_ldm,"GRETY’S LDM","Un mélange de style et de raffinement. ✨

Découvrez notre nouvelle collection de pagnes hollandais aujourd’hui à la boutique. 🛍️

📌 SUPER TACO, non loin de l’Agora Senghor 

📞 +22879924484

#GretysLdm #vliscofashion",0,"03/23/2026 08:19",https://www.instagram.com/p/DWO1PpcjNQe/,"Carrousel IG",,Global,20,10,1,0,0,0,0
18087123235956354,17841471120016905,gretys_ldm,"GRETY’S LDM","Ramadan Mubarak ✨ Paix, foi et bénédictions à vous et vos proches.

#gretysldm #ramadan2026",0,"03/19/2026 03:46",https://www.instagram.com/p/DWECzbUjhT2/,"Image IG",,Global,8,6,0,0,0,0,0
18333799615173515,17841471120016905,gretys_ldm,"GRETY’S LDM","// Style inspiration Ramadan✨

Faites-vous plaisir Mesdames ! 🛍️😍

📌 SUPER TACO, non loin de l’Agora Senghor 

📞 https://wa.me/22879924484

#GretysLdm #Java #vliscofashion",28,"03/17/2026 04:11",https://www.instagram.com/reel/DV-75RcDErZ/,"Reel IG",,Global,40,30,1,0,0,0,0
17883017331470649,17841471120016905,gretys_ldm,"GRETY’S LDM","On s’impose en début de semaine ! ✨🤩

📌 SUPER TACO, non loin de l’Agora Senghor 

📞 +22879924484

#GretysLdm #Java #vliscoholland",0,"03/16/2026 05:37",https://www.instagram.com/p/DV8hEpjjEtg/,"Carrousel IG",,Global,18,9,0,0,0,0,0
18095770510954388,17841471120016905,gretys_ldm,"GRETY’S LDM","Week-end relaxe…😍😍

Motif dispo en boutique ! 🛍️

📌 SUPER TACO, non loin de l’Agora Senghor 

📞 +22879924484

#GretysLdm #Java #vliscoholland",10,"03/15/2026 07:39",https://www.instagram.com/reel/DV6KHrEDAAN/,"Reel IG",,Global,135,110,2,0,0,0,0
18174950476381418,17841471120016905,gretys_ldm,"GRETY’S LDM","✨Couleurs • Style • Caractère ! 

On a tout ce qu’il faut en boutique pour confectionner ces magnifiques tenues. 🛍️

📌 SUPER TACO, non loin de l’Agora Senghor 

📞 +22879924484

#GretysLdm #Java #vliscoholland",0,"03/11/2026 03:41",https://www.instagram.com/p/DVvb0q7DNxd/,"Carrousel IG",,Global,13,9,2,0,0,0,0
18080472569347325,17841471120016905,gretys_ldm,"GRETY’S LDM","Pas des fleurs mais des droits.🤝🏾

Bonne Journée Internationale des Droits de la Femmes. 

#gretysldm #8mars",0,"03/07/2026 09:07",https://www.instagram.com/p/DVl0Y2DDPee/,"Image IG",,Global,13,6,2,0,0,1,0
18194420740347265,17841471120016905,gretys_ldm,"GRETY’S LDM","Jour de shopping ! 🛍️ 

📌 SUPER TACO, non loin de l’Agora Senghor 

📞 +22879924484

#GretysLdm #pagneafricain #vliscofashion",8,"03/07/2026 03:48",https://www.instagram.com/reel/DVlP85cjKqT/,"Reel IG",,Global,11,10,1,0,0,0,0
17927507964228747,17841471120016905,gretys_ldm,"GRETY’S LDM","Un beau pagne, c’est déjà une touche d’élégance. 🛍️🥰

📌 SUPER TACO, non loin de l’Agora Senghor 

📞 +22879924484

#GretysLdm #Java #vliscofashion",17,"03/04/2026 03:38",https://www.instagram.com/reel/DVdgk7CjFdr/,"Reel IG",,Global,121,117,0,0,0,0,0
17843628510692864,17841471120016905,gretys_ldm,"GRETY’S LDM","Couleurs, motifs, vibes uniques… tout t’attend en boutique. 🛍️🛍️

Passe nous voir et démarre la semaine avec élégance. 🔥💛

📌 SUPER TACO, non loin de l’Agora Senghor 

📞 +22879924484

#GretysLdm #Java #vliscoholland",14,"03/02/2026 03:06",https://www.instagram.com/reel/DVYTb5WDCje/,"Reel IG",,Global,33,29,0,0,0,0,0
18024573959800341,17841471120016905,gretys_ldm,"GRETY’S LDM","// 𝐒𝐭𝐲𝐥𝐞 𝐈𝐧𝐬𝐩𝐢𝐫𝐚𝐭𝐢𝐨𝐧

Pour les journées sans prise de tête, mais avec du style. 😍🤩 

📍En ville, Super Taco non loin de l’Agora Senghor

📞 +22879924484

#GretysLdm #pagneafricain #vliscofashion",0,"02/27/2026 03:23",https://www.instagram.com/p/DVQnDCADFsk/,"Carrousel IG",,Global,37,18,0,0,0,0,0
18098763238946058,17841471120016905,gretys_ldm,"GRETY’S LDM","Pagne duo 💫🛍️
À découvrir en boutique.

📌 SUPER TACO, non loin de l’Agora Senghor 

📞 +22879924484

#GretysLdm #Java #vliscoholland",18,"02/24/2026 03:42",https://www.instagram.com/reel/DVI6tDpjGmF/,"Reel IG",,Global,31,23,1,0,0,0,0
18121353313584969,17841471120016905,gretys_ldm,"GRETY’S LDM","Référence en tissus JAVA, notre boutique vous accueille en plein cœur de la ville.😉🛍️

📌 SUPER TACO, non loin de l’Agora Senghor 

📞 +22879924484

#GretysLdm #Java #PagneJava #vliscoholland",13,"02/23/2026 03:50",https://www.instagram.com/reel/DVGW-7_FHiu/,"Reel IG",,Global,4756,3975,87,0,0,0,1
18080688368460547,17841471120016905,gretys_ldm,"GRETY’S LDM","Bon mois de carême à toute la communauté Musulmane et Chrétienne. 

#Ldm #java #vliscowax #carême",0,"02/19/2026 01:55",https://www.instagram.com/p/DU72ue4jjNE/,"Image IG",,Global,22,14,1,0,0,0,0
17847339300663510,17841471120016905,gretys_ldm,"GRETY’S LDM","Love is in the air💚🤍 #java #stvalentin❤️",6,"02/13/2026 09:31",https://www.instagram.com/reel/DUtODObDEGc/,"Reel IG",,Global,1812,8140,8,0,0,0,1
18074340686108569,17841471120016905,gretys_ldm,"GRETY’S LDM","Des motifs classiques qui racontent de magnifiques histoires. 

Faites un choix et passez en boutique ! 🛍️🥰

📌 SUPER TACO, non loin de l’Agora Senghor 

📞 +22879924484

#GretysLdm #Java #PagneJava #vlisco",0,"02/03/2026 03:21",https://www.instagram.com/p/DUSzxPDDBbU/,"Carrousel IG",,Global,18,12,1,0,0,0,0
17969922371846110,17841471120016905,gretys_ldm,"GRETY’S LDM","NOUVEAUTÉS🛍️🤩

Pour vos tenues simples en ces moments de chaleur, pensez à nos tissus JAVA à partir de 2yards. 🛍️

📍Super Taco non loin de l’Agora Senghor

📞 +22879924484

#GretysLdm #Java #PagneJava #vlisco",36,"01/23/2026 02:32",https://www.instagram.com/reel/DT2ZVRHDJGh/,"Reel IG",,Global,25,14,0,0,0,0,0
18154360168425694,17841471120016905,gretys_ldm,"GRETY’S LDM","Nos duo JAVA ! 😍😍 Oui c’est possible de le faire selon votre préférence. ✨🛍️

Rendez-Vous à la boutique ! 

📍Super Taco non loin de l’Agora Senghor

📞 +22879924484

#GretysLdm #Java #PagneJava #Vlisco",8,"01/20/2026 01:29",https://www.instagram.com/reel/DTuj0EIDElu/,"Reel IG",,Global,105,90,1,0,0,0,0
18064784756217457,17841471120016905,gretys_ldm,"GRETY’S LDM","Nouveaux motifs tendance en boutique ! 🤩

📍Super Taco non loin de l’Agora Senghor

📞 +22879924484

#GretysLdm #Java #PagneJava #vlisco",0,"01/16/2026 08:04",https://www.instagram.com/p/DTk96WqDNnn/,"Carrousel IG",,Global,31,18,0,0,0,0,0
18095216992928560,17841471120016905,gretys_ldm,"GRETY’S LDM","Nouveaux motifs tendance en boutique ! 🤩

📍Super Taco non loin de l’Agora Senghor

📞 +22879924484

#GretysLdm #Java #PagneJava #Vlisco",0,"01/16/2026 08:02",https://www.instagram.com/p/DTk9p9rDEuD/,"Carrousel IG",,Global,29,15,0,0,0,0,0
18079399148519761,17841471120016905,gretys_ldm,"GRETY’S LDM","Le nid des tissus JAVA : GRETY’S LDM 🛍️💝

📌 SUPER TACO, non loin de l’Agora Senghor 

📞 +22879924484

#GretysLdm #Java #PagneJava #vlisco",18,"01/13/2026 08:20",https://www.instagram.com/reel/DTdRBTqDAOG/,"Reel IG",,Global,4578,3672,77,0,1,0,2
17919520167238946,17841471120016905,gretys_ldm,"GRETY’S LDM","On s’est découvert et ça été une belle rencontre. 💝

On espère être le centre de votre élégance en cette nouvelle année ! 🛍️

HEUREUSE ANNÉE 2026🎉

#GretysLdm #newyear",0,"12/31/2025 05:55",https://www.instagram.com/p/DS7iW38jNc8/,"Image IG",,Global,27,12,1,0,0,0,0
18050375306449502,17841471120016905,gretys_ldm,"GRETY’S LDM","La meilleure adresse pour shopper vos Pagnes JAVA & VLISCO en ville. 🛍️

📍Super Taco non loin de l’Agora Senghor

📞 +22879924484

#GretysLdm #Java #PagneJava #Vlisco",28,"12/30/2025 02:58",https://www.instagram.com/reel/DS4pQCOjMLY/,"Reel IG",,Global,1621,1318,22,0,9,1,1
17844608748650391,17841471120016905,gretys_ldm,"GRETY’S LDM","Parce que chaque moment mérite son pagne d’exception. 🛍️🎁

Il est encore temps de faire du shopping pour la nouvelle année ! 🤩🔥

📞 +22879924484

#GretysLdm #Java #PagneJava #vlisco",0,"12/26/2025 03:20",https://www.instagram.com/p/DSuYqX1DIbM/,"Carrousel IG",,Global,31,14,1,0,0,0,0
18442202623103211,17841471120016905,gretys_ldm,"GRETY’S LDM","L’élégance à vos portes avec Grety’s LDM. 🎁

JOYEUX NOËL !🎄 

#GretysLdm #Christmas",0,"12/24/2025 07:42",https://www.instagram.com/p/DSptGvqjuYT/,"Image IG",,Global,21,10,1,0,0,0,0
18082501808170369,17841471120016905,gretys_ldm,"GRETY’S LDM","Nous disposons également de magnifiques tissus VLISCO. 🛍️

📍En ville, Super Taco non loin de l’Agora Senghor

📞 +22879924484

#GretysLdm #Java #PagneJava #Vlisco",0,"12/22/2025 02:11",https://www.instagram.com/p/DSj9lWZDM-u/,"Carrousel IG",,Global,32,11,0,0,0,0,0
18183194278361377,17841471120016905,gretys_ldm,"GRETY’S LDM","Approchez regarder nos tissus JAVA. 🤩🤩

Nous sommes ouverts ! 🛍️

📍En ville, Super Taco non loin de l’Agora Senghor

📞 +22879924484

#GretysLdm #Java #PagneJava #Vlisco",8,"12/19/2025 01:43",https://www.instagram.com/reel/DScMBWvDJDU/,"Reel IG",,Global,27,12,0,0,0,0,0
18121780348542855,17841471120016905,gretys_ldm,"GRETY’S LDM","Pour vous ou pour un proche, nos motifs JAVA sont de magnifiques idées de cadeaux. 🎁🎉

Nous sommes de retour en boutique ! 🛍️

📍En ville, Super Taco non loin de l’Agora Senghor

📞 +22879924484

#GretysLdm #Java #PagneJava #Vlisco",7,"12/17/2025 05:46",https://www.instagram.com/reel/DSXeJl_DPSV/,"Reel IG",,Global,47,21,1,0,0,0,0
18097186843851661,17841471120016905,gretys_ldm,"GRETY’S LDM","🛍️ Découvrez les mieux sur place ! 😍

📌 Foire Togo2000, Pavillon Oti

📍En ville, Super Taco non loin de l’Agora Senghor

📞 +22879924484

#GretysLdm #Java #PagneJava #Vlisco",0,"12/13/2025 03:08",https://www.instagram.com/p/DSM5BOEjNF4/,"Carrousel IG",,Global,52,18,1,0,0,0,0
17861645568541908,17841471120016905,gretys_ldm,"GRETY’S LDM","💡Appréciez-vous les motifs JAVA ? 😍

𝐆𝐑𝐄𝐓𝐘’𝐒 𝐋𝐃𝐌, l’unique boutique qui révèle leur véritable élégance est actuellement à la Foire Togo2000. 🛍️

📌 Retrouvez-nous dans le Pavillon Oti 

📍En ville, Super Taco non loin de l’Agora Senghor

📞 +22879924484

#GretysLdm #Java #PagneJava #Vlisco",46,"12/10/2025 04:10",https://www.instagram.com/reel/DSFRXMCjNCc/,"Reel IG",,Global,2052,1977,52,0,8,0,1
18080517836172691,17841471120016905,gretys_ldm,"GRETY’S LDM","🎉Dernière semaine à la foire ! 🛍️

Venez découvrir nos differents motifs JAVA. 😍

📌 Pavillon Oti à la foire Togo2000

📍En ville, Super Taco non loin de l’Agora Senghor

📞 +22879924484

#GretysLdm #Java #PagneJava #Vlisco",13,"12/09/2025 04:10",https://www.instagram.com/reel/DSCsyynjJIZ/,"Reel IG",,Global,2407,2063,25,1,8,0,1
17942323973961503,17841471120016905,gretys_ldm,"GRETY’S LDM","Magnifiquement imprimés, ils embellissent votre corps ! 🥰

Faites la différence avec nos tissus Java. 🛍️

📌 Retrouvez-nous à la foire Togo2000

📞 +22879924484

#GretysLdm #Java #PagneJava #Vlisco",0,"12/08/2025 02:48",https://www.instagram.com/p/DR_-ui5jImt/,"Carrousel IG",,Global,3019,2772,10,0,1,0,1
18538069669055697,17841471120016905,gretys_ldm,"GRETY’S LDM","Venez profiter des bonnes affaires avec nous à la foire Togo2000. 🛍️🔥
 

📞 +22879924484

#GretysLdm #Java #PagneJava #Vlisco",0,"12/05/2025 06:42",https://www.instagram.com/p/DR4rGLrjIa_/,"Carrousel IG",,Global,7539,8448,37,2,11,0,0
18070283489589465,17841471120016905,gretys_ldm,"GRETY’S LDM","L’élégance c’est aussi le choix d’un bon pagne ! 🛍️🥰

📌 SUPER TACO, non loin de l’Agora Senghor 

📞 +22879924484

#GretysLdm #Java #PagneJava #Vlisco",28,"12/01/2025 08:00",https://www.instagram.com/reel/DRugj_-DNHz/,"Reel IG",,Global,6595,4357,47,0,22,0,2
17850832737596537,17841471120016905,gretys_ldm,"GRETY’S LDM","Si ton tissu ne brille pas comme ça, tu risques de perdre ton temps. 😂 

Vlisco, des motifs de star pour des looks de star. 😍

📍 Super Taco – Non loin de l’Agora Senghor

📞 +22879924484 

#GretysLDM #Vlisco",49,"11/26/2025 03:32",https://www.instagram.com/reel/DRhJ-TgDIrH/,"Reel IG",,Global,110,90,3,0,0,0,0
18095598772868175,17841471120016905,gretys_ldm,"GRETY’S LDM","Une identité❤️🔥

Faites-vous plaisir cette fin d’année. 🎁 

📌 SUPER TACO, non loin de l’Agora Senghor 

📞 +22879924484

#GretysLdm #Java #PagneJava #Vlisco",0,"11/21/2025 04:07",https://www.instagram.com/p/DRUWMVhDBGp/,"Image IG",,Global,246,38,1,0,0,0,0
18070092170369608,17841471120016905,gretys_ldm,"GRETY’S LDM","Une identité🧡🔥

Faites-vous plaisir cette fin d’année. 🎁 

📌 SUPER TACO, non loin de l’Agora Senghor 

📞 +22879924484

#GretysLdm #Java #PagneJava #Vlisco",0,"11/21/2025 04:05",https://www.instagram.com/p/DRUWD-ejLxY/,"Image IG",,Global,236,37,1,0,0,0,0
18191818630332403,17841471120016905,gretys_ldm,"GRETY’S LDM","Une identité 🧡🔥

Faites-vous plaisir cette fin d’année. 🎁 

📌 SUPER TACO, non loin de l’Agora Senghor 

📞 +22879924484

#GretysLdm #Java #PagneJava #Vlisco",0,"11/21/2025 04:04",https://www.instagram.com/p/DRUV8dhDFbe/,"Image IG",,Global,222,35,1,0,0,0,0
17877677001332424,17841471120016905,gretys_ldm,"GRETY’S LDM","On va maintenant vous obliger à venir découvrir notre boutique en ville ! 😂😂

Prochainement on mettra 50K à la porte… À qui le tour ? 🤣

📞 +22879924484

#GretysLDM #Java #Vlisco",7,"11/04/2025 05:33",https://www.instagram.com/reel/DQouaU2DDxT/,"Reel IG",,Global,83,45,2,0,0,0,0
18075660985811496,17841422065480149,krystaloptiquetg,"KRYSTAL OPTIQUE 🇹🇬🇧🇯","- Le diabète peut altérer silencieusement votre vision.
- ⁠Une glycémie mal contrôlée peut provoquer des troubles visuels, voire des complications graves…

🩺 Un suivi régulier chez l’ophtalmologue est essentiel, même en l’absence de symptômes.

Rien est plus agréable qu’une vision claire et saine ! Prenez soin de votre vue. 🥰

☎️ +228 22229696

#krystalOptique #Opticien #Optique #Lunetterie #SantéVisuelle #PréventionDiabète #VueEtBienÊtre #VisionResponsable #Lome",9,"08/08/2025 04:10",https://www.instagram.com/reel/DNF4KE-Nif6/,"Reel IG",,Global,177,162,4,0,0,0,0
18075001682510895,17841422065480149,krystaloptiquetg,"KRYSTAL OPTIQUE 🇹🇬🇧🇯","Les vacances, c’est aussi le bon moment pour prendre soin de la vue de vos enfants. 

Avant la rentrée, offrez-leur un petit check-up.

Montures confortables, verres adaptés… tout est prêt pour les accompagner au mieux pour une prochaine rentrée scolaire sereine et réussie ! ✨

☎️ +228 22229696

#krystalOptique #Opticien #Optique #Lunetterie #Lome",0,"08/04/2025 04:12",https://www.instagram.com/p/DM7lTpcR78Y/,"Image IG",,Global,392,213,26,0,0,0,0
18109363558967383,17841422065480149,krystaloptiquetg,"KRYSTAL OPTIQUE 🇹🇬🇧🇯","Nous fêtons nos 25 ans, et nous les fêtons avec vous ! 💙🥳🥂

À toutes celles et ceux qui nous ont fait confiance depuis 25 ans, nous disons un grand MERCI.🙏🏾

Nous continuons, chaque jour, à defendre votre santé visuelle et à illuminer votre regard, parce que vos yeux ont toujours été notre cristal. 💙

#KrystalOptique #25ans #ÉquipeKrystal #Lomé #Cotonou",6,"07/07/2026 11:31",https://www.instagram.com/reel/DagHX9tDggV/,"Reel IG",,Global,604,397,22,1,1,0,0
17957094159158920,17841430618814488,togo_fashion_week,"Togo Fashion week","Fraîchement auréolé de 25 années d’existence, d’expérience et de savoir-faire, nous avons le plaisir de vous annoncer que la lunetterie @krystaloptiquetg est partenaire du Yas Togo Fashion Week, qui se tiendra à Lomé du 24 au 26 juillet 2026.

Pour vivre pleinement cette semaine du prêt-à-porter, faites confiance à @krystaloptiquetg pour une vision plus nette.

Comme ils le disent si bien :
Krystal Optique : vos yeux, notre cristal.
#mode #partenariat #partenaire #fashion #sponsored",0,"07/03/2026 00:30",https://www.instagram.com/p/DaUoZ6aIrd8/,"Image IG",,Global,406,248,17,2,0,0,0
18140653456477067,17841422065480149,krystaloptiquetg,"KRYSTAL OPTIQUE 🇹🇬🇧🇯","Chaque regard croisé, chaque paire de lunettes ajustée et chaque sourire en boutique a forgé notre histoire et nous vous remercions du fond du cœur. 

25 ans de confiance, ce n'est pas juste un chiffre, c'est une magnifique aventure humaine que nous écrivons ensemble jour après jour à Lomé et Cotonou. 

☺️Bien sûr que nous sommes une équipe, et bien sûr que nous continuerons de défendre votre santé visuelle! 💙

#KrystalOptique #25ans #Lomé #Cotonou",57,"07/02/2026 05:53",https://www.instagram.com/reel/DaSoriziQUm/,"Reel IG",,Global,537,374,44,4,0,0,1
18083933705550367,17841422065480149,krystaloptiquetg,"KRYSTAL OPTIQUE 🇹🇬🇧🇯","Pour célébrer les 25 ans de Krystal Optique, toute l’équipe s'est prêtée au jeu en exécutant cette trend ! 

Regardez plutôt ce moment complice, joyeux et plein de rires 😂, parce que 25 ans d’expertise, c’est aussi 25 ans de convivialité et de proximité.

#KrystalOptique #25ans #ÉquipeKrystal",36,"06/26/2026 07:24",https://www.instagram.com/reel/DaDWVYXjwKt/,"Reel IG",,Global,1154,762,73,4,5,5,4
18116157148884491,17841422065480149,krystaloptiquetg,"KRYSTAL OPTIQUE 🇹🇬🇧🇯","Nous sommes Sponsor de la 2ème édition du Salon de la Mode, de la Beauté et du Bien-être, organisé par Simera Corporation.✨

Nous répondons présents à ce rendez-vous incontournable pour célébrer la beauté sous toutes ses formes ! 

#KrystalOptique #Santévisuelle #Beauté",0,"06/18/2026 06:33",https://www.instagram.com/p/DZuqLKuFcAW/,"Image IG",,Global,60,41,2,0,0,0,0
18060123101535688,17841422065480149,krystaloptiquetg,"KRYSTAL OPTIQUE 🇹🇬🇧🇯","25 ans à vos côtés ! 🎉

Nous y sommes ! Krystal Optique fête aujourd'hui ses 25 ans d'activité.

Depuis toutes ces années, notre priorité absolue a toujours été de défendre la santé de vos yeux en vous offrant l'excellence de la lunetterie. Nous profitons de cette occasion pour vous dire un immense MERCI pour votre fidélité et votre présence à nos côtés depuis 25 ans. 

Merci de faire partie de notre histoire.

#KrystalOptique #25ans #Opticien #lunetterie #santévisuel",0,"06/15/2026 06:04",https://www.instagram.com/p/DZm4hLVFc4M/,"Carrousel IG",,Global,150,71,4,1,0,0,0
18122068528679772,17841422065480149,krystaloptiquetg,"KRYSTAL OPTIQUE 🇹🇬🇧🇯","On y pense rarement, mais l'indice UV dans notre capitale atteint très souvent des niveaux extrêmes. ☀️

Et le premier à en souffrir en silence, c'est votre cristallin 

Protégez votre capital visuel dès aujourd'hui avec des verres protecteurs de haute précision, adaptés à l'ensoleillement de notre région.

☎️ +228 22229696
📍2550, Boulevard du 13 Janvier Lomé- Togo

#krystalOptique #Opticien #Optique #Lunetterie #Lomé",0,"06/05/2026 05:07",https://www.instagram.com/p/DZNCBetFnxU/,"Carrousel IG",,Global,57,31,2,0,0,0,0
18152042845490901,17841422065480149,krystaloptiquetg,"KRYSTAL OPTIQUE 🇹🇬🇧🇯","Parce que le plus beau des regards est celui d'une mère. ✨

À toutes les mamans qui nous apprennent à voir le monde avec bienveillance et ambition, nous vous souhaitons une fête mémorable.

Joyeuse Fête des Mères ! ❤️

#KrystalOptique #Fêtedesmères",0,"05/31/2026 03:45",https://www.instagram.com/p/DZAAqg8FiGA/,"Image IG",,Global,39,24,1,0,0,0,0
18140874337534816,17841422065480149,krystaloptiquetg,"KRYSTAL OPTIQUE 🇹🇬🇧🇯","Le saviez-vous ? 👓

Les petits chocs du quotidien ont tendance à déformer vos lunettes qui finissent inévitablement par bouger, glisser ou se déformer. 

C’est exactement pour cela qu’un ajustage et un rééquilibrage réguliers sont essentiels.

Dès que votre monture est déformée, le centre optique de vos verres n'est plus aligné avec vos pupilles. Ce décalage centre optique du verre/ pupille peut entraîner : 

•La fatigue visuelle s'installe 
•inconfort 
•baisse de la clarté visuelle

☎️ +228 22229696
📍2550, Boulevard du 13 Janvier Lomé- Togo

#krystalOptique #Opticien #Optique #Lunetterie #Lomé",12,"05/29/2026 06:42",https://www.instagram.com/reel/DY7LWhKDQeh/,"Reel IG",,Global,255,202,6,0,0,0,0
18074118905306778,17841422065480149,krystaloptiquetg,"KRYSTAL OPTIQUE 🇹🇬🇧🇯","🐑🌙 En ce jour sacré de la Tabaski, toute l’équipe de Krystal Optique vous souhaite une excellente fête. 

Que ce moment de dévotion, de solidarité et de retrouvailles apporte la paix, la clarté et la joie au cœur de vos foyers.

#KrystalOptique #lunetterie #opticien #Tabaski",0,"05/26/2026 17:00",https://www.instagram.com/p/DY0jsvqEv0n/,"Image IG",,Global,31,18,2,0,0,0,0
18113818897867746,17841422065480149,krystaloptiquetg,"KRYSTAL OPTIQUE 🇹🇬🇧🇯","Le rétinoblastome est un cancer de l'œil rare qui touche les jeunes enfants.

 Un dépistage précoce peut préserver la vue et sauver des vies. 

⚠️ Signes à surveiller : 

• Lueur blanche dans l'œil (surtout sur les photos)

• Yeux croisés ou mal alignés 

• Troubles de la vision

 PARENTS! FAITES EXAMINER RÉGULIÈREMENT LES YEUX DE VOS ENFANTS

 Ensemble, sensibilisons le public et contribuons à protéger la vue des jeunes.

#KrystalOptique #sensibilisation #retinoblastome",0,"05/07/2026 02:48",https://www.instagram.com/p/DYCHF88FgEh/,"Image IG",,Global,53,39,0,0,0,0,0
18093131171234407,17841422065480149,krystaloptiquetg,"KRYSTAL OPTIQUE 🇹🇬🇧🇯","Voyez le monde sous son meilleur jour. 👓

Chaque Jeudi, profitez d'un moment privilégié pour redonner tout son éclat à votre vision. Nos experts s'occupent de l'entretien de vos lunettes gratuitement.

#krystalOptique #Opticien #Jeudiclean #Optique #Lunetterie",0,"05/06/2026 07:44",https://www.instagram.com/p/DYAEMRCFhPq/,"Carrousel IG",,Global,30,18,1,0,0,0,0
18077647730190372,17841422065480149,krystaloptiquetg,"KRYSTAL OPTIQUE 🇹🇬🇧🇯","Le travail acharné est la monture de tous les succès. ✨🎊

Krystal Optique, vous souhaite une bonne fête de travail. 

#KrystalOptique #1mai #Fêtedutravail #Opticien",0,"05/01/2026 01:57",https://www.instagram.com/p/DXykfgjFvJ2/,"Carrousel IG",,Global,75,38,3,0,0,0,0
18123798520618042,17841422065480149,krystaloptiquetg,"KRYSTAL OPTIQUE 🇹🇬🇧🇯","🇹🇬 Krystal Optique Togo vous souhaite une bonne fête de l’Indépendance du Togo. ✨

#KrystalOptiqueTogo #27Avril",0,"04/27/2026 02:00",https://www.instagram.com/p/DXoRoCHllVF/,"Image IG",,Global,66,41,2,0,0,0,1
17885301102485650,17841422065480149,krystaloptiquetg,"KRYSTAL OPTIQUE 🇹🇬🇧🇯","Laissez la délicatesse et le raffinement exprimer votre simplicité. 😉

☎️ +228 22229696

#krystalOptique #Opticien #Optique #Lunetterie #Lome",17,"04/22/2026 10:55",https://www.instagram.com/reel/DXcW0ZrlMSQ/,"Reel IG",,Global,58,50,3,0,0,0,0
17917504293341546,17841422065480149,krystaloptiquetg,"KRYSTAL OPTIQUE 🇹🇬🇧🇯","Précision, professionnalisme et performance ✨

Nous ne nous contentons pas de vous proposer des pièces uniques, nous en maîtrisons chaque réglage.👌🏾

☎️ +228 22229696

#krystalOptique #Opticien #Optique #Lunetterie #Lome",13,"04/17/2026 10:05",https://www.instagram.com/reel/DXPZNw8lJy0/,"Reel IG",,Global,249,214,8,0,0,0,1
18102608035929528,17841422065480149,krystaloptiquetg,"KRYSTAL OPTIQUE 🇹🇬🇧🇯","Que ce temps de célébration soit l'occasion de faire éclore votre regard sur le monde.

Bonne fête de Pâques à tous 🎉

#KrystalOptique #Pâques",0,"04/04/2026 12:38",https://www.instagram.com/p/DWuMZTQFtNq/,"Image IG",,Global,59,41,4,0,0,0,1
18090221537269364,17841422065480149,krystaloptiquetg,"KRYSTAL OPTIQUE 🇹🇬🇧🇯","✨ Bon Vendredi saint à tous ! 

À toute la communauté chrétienne, restons unis dans la foi et dans l'espérance. 

#KrystalOptque #Vendredisaint",0,"04/03/2026 10:36",https://www.instagram.com/p/DWrZo_cFkqU/,"Image IG",,Global,40,29,1,0,0,0,0
18043793867561876,17841422065480149,krystaloptiquetg,"KRYSTAL OPTIQUE 🇹🇬🇧🇯","👀 L’œil sec, ça concerne tout le monde.

Picotements, brûlures, yeux rouges, vos yeux méritent une attention particulière.

👉 Et si cela persiste, consultez vite votre médecin.

#krystalOptique #vue #Santévisuelle",0,"03/25/2026 05:14",https://www.instagram.com/p/DWTpk4biHKd/,"Carrousel IG",,Global,68,38,1,0,0,0,0
18113857216668376,17841422065480149,krystaloptiquetg,"KRYSTAL OPTIQUE 🇹🇬🇧🇯","Que la fête du Ramadan vous offre la plus belle des perspectives, celle du bonheur partagé.

Krystal Optique vous souhaite une belle célébration. 🌙

#Krystaloptique #celebration #ramadan",0,"03/19/2026 14:32",https://www.instagram.com/p/DWFMtdtiH1e/,"Carrousel IG",,Global,67,39,5,0,0,0,0
17865925890598731,17841422065480149,krystaloptiquetg,"KRYSTAL OPTIQUE 🇹🇬🇧🇯","𝐊𝐫𝐲𝐬𝐭𝐚𝐥 𝐎𝐩𝐭𝐢𝐪𝐮𝐞, votre lunetterie médicale de référence au Togo, est SPONSOR sur cette 4ème édition du 𝐆𝐚𝐥𝐚 𝐝𝐞𝐬 𝐄𝐧𝐭𝐫𝐞𝐩𝐫𝐞𝐧𝐞𝐮𝐫𝐬, la grande rencontre annuelle des entrepreneurs 🥂

Rendez-vous ce samedi 𝟐𝟏 𝐌𝐚𝐫𝐬 𝟐𝟎𝟐𝟔 à 𝟐𝟎𝐡 à l’𝐡𝐨̂𝐭𝐞𝐥 𝐒𝐚𝐫𝐚𝐤𝐚𝐰𝐚 pour la grande soirée 🔥

𝐀𝐮 𝐏𝐫𝐨𝐠𝐫𝐚𝐦𝐦𝐞 : Dîner d’affaires, Conférence Débat, Réseautage, Distinctions, Partage d’expériences, Expositions & Ventes…

𝐓𝐈𝐂𝐊𝐄𝐓𝐒 𝐃’𝐄𝐍𝐓𝐑𝐄́𝐄 :
Standard: 50.000f / VIP: 100.000f
Pack Entreprise : 450.000 Fcfa

Infos & Réservations :
☎️ : (+228) 91 87 57 77

#krystaloptique",0,"03/16/2026 05:28",https://www.instagram.com/p/DV8gCiYCOIq/,"Image IG",,Global,74,51,3,0,0,0,0
18095926807990707,17841422065480149,krystaloptiquetg,"KRYSTAL OPTIQUE 🇹🇬🇧🇯","La clarté des yeux reflète la clarté des droits.

Krystal Optique rend hommage aux femmes qui éclairent nos vies et portent la lumière de l’avenir.✨

#KrystalOptique #08mars #Journéeinternationaledesdroitsdelafemme",0,"03/08/2026 05:27",https://www.instagram.com/p/DVn5mHsCKx_/,"Image IG",,Global,58,41,3,0,0,0,0
18133708192512929,17841422065480149,krystaloptiquetg,"KRYSTAL OPTIQUE 🇹🇬🇧🇯","Parce que les petits détails font toute la différence.😉
Laissez vous séduire par l'authenticité et l'originalité nos montures.

☎️ +228 22229696
📍2550, Boulevard du 13 Janvier Lomé- Togo

📞 +229 21 31 32 01 
📍 Av Clozel, Place Ganhi (Cotonou - Bénin)

#Bénin #krystalOptique #Opticien #Optique #Lunetterie #Lomé",0,"03/04/2026 08:32",https://www.instagram.com/p/DVeCZ6WiE9f/,"Carrousel IG",,Global,83,49,2,0,0,0,0
18399727528177430,17841422065480149,krystaloptiquetg,"KRYSTAL OPTIQUE 🇹🇬🇧🇯","La nuit, chaque détail compte pour votre sécurité.

Découvrez les bons gestes pour une conduite sereine, verres adaptés, lunettes propres, correction vérifiée…

Parce que vos yeux méritent la meilleure protection, même dans l’obscurité.

☎️ +228 22229696
📍2550, Boulevard du 13 Janvier Lomé- Togo

#krystalOptique #Opticien #Optique #Lunetterie #Lomé",0,"02/25/2026 10:50",https://www.instagram.com/p/DVMQppSlkPR/,"Image IG",,Global,69,42,0,0,0,0,1
17968742303865801,17841422065480149,krystaloptiquetg,"KRYSTAL OPTIQUE 🇹🇬🇧🇯","Que ce mois de Ramadan et ce temps de Carême soient pour chacun un moment de paix, de partage et de clarté. 🙏🏾

#Krystaloptique",0,"02/20/2026 08:07",https://www.instagram.com/p/DU_F_cPCBoN/,"Image IG",,Global,58,44,1,0,0,0,0
17928791415055713,17841422065480149,krystaloptiquetg,"KRYSTAL OPTIQUE 🇹🇬🇧🇯","Vos maux de tête en fin de journée ne sont peut-être pas dus au stress… mais à vos yeux.
Une correction inadaptée, une fatigue visuelle ou une exposition prolongée aux écrans peuvent provoquer ces douleurs.
Quand vos yeux forcent trop, votre tête compense.
Un simple contrôle peut faire toute la différence.

Si les douleurs persistent, consultez votre médecin pour un avis médical adapté. 👓✨

#krystalOptique #Opticien #Lunetterie #Lome #SantéVisuelle #Vue",0,"02/18/2026 04:10",https://www.instagram.com/p/DU5hUmWCEtv/,"Image IG",,Global,66,39,2,0,0,0,0
18060948452663064,17841422065480149,krystaloptiquetg,"KRYSTAL OPTIQUE 🇹🇬🇧🇯","Le saviez-vous ❓
L'œil ne sert pas qu'à voir, il exprime aussi vos sentiments. 😍
 
#krystalOptique #Yeux",0,"02/12/2026 07:14",https://www.instagram.com/p/DUqZmE5CPbE/,"Carrousel IG",,Global,104,53,1,0,0,0,0
18100962541842250,17841422065480149,krystaloptiquetg,"KRYSTAL OPTIQUE 🇹🇬🇧🇯","Nous avons eu l’honneur d’accueillir EYOU Angèle Prudence, Miss Togo 2026 👑 à Krystal Optique.

Dans le cadre de notre partenariat légendaire avec le comité Miss Togo, nous prendrons soin de sa vue tout au long de son mandat, preuve que l’élégance et la clarté vont de pair.

Nous avons profité de cette rencontre pour lui remettre la couverture optique d'une valeur de 1 million de francs dont elle bénéficie courant son mandat. 

#krystalOptique #Opticien #Lunetterie #Lome #MissTogo2026",0,"01/27/2026 04:59",https://www.instagram.com/p/DUA9d9jCNBp/,"Carrousel IG",,Global,385,205,24,1,0,0,0
17899601772368480,17841422065480149,krystaloptiquetg,"KRYSTAL OPTIQUE 🇹🇬🇧🇯","Bon week-end.✨
Reposez vos yeux, votre esprit et laissez Krystal Optique veiller sur votre regard.

📞 +228 22 22 96 96 
📍 2550, Boulevard du 13 Janvier Lomé – Togo

#krystalOptique #Opticien #Optique 
#Lunetterie #Lome",0,"01/23/2026 10:41",https://www.instagram.com/p/DT3RZ52iDUK/,"Image IG",,Global,104,61,1,0,0,0,0
18190379398352045,17841422065480149,krystaloptiquetg,"KRYSTAL OPTIQUE 🇹🇬🇧🇯","Élégance, originalité,  audace et distinction✨
Commencez l’année avec une paire de lunettes qui fait la différence et qui vous distingue des autres.

☎️ +228 22229696
📍2550, Boulevard du 13 Janvier Lomé- Togo

#krystalOptique #Opticien #Optique #Lunetterie #Lome",0,"01/20/2026 04:14",https://www.instagram.com/p/DTu2t0PCPgu/,"Image IG",,Global,85,56,0,0,0,0,0
18163725100395652,17841422065480149,krystaloptiquetg,"KRYSTAL OPTIQUE 🇹🇬🇧🇯","En cette fin d’année, Krystal Optique vous remercie pour votre confiance et votre fidélité.🙏🏾

Que 2026 soit une année de clarté, de réussite et de joie partagée.

👓 Prenez soin de vos yeux, car un regard net ouvre toujours de nouvelles perspectives.

Toute l’équipe vous souhaite une excellente année, lumineuse et pleine de style. 🎊

#Krystaloptique #meilleursvoeux",14,"12/31/2025 10:19",https://www.instagram.com/reel/DS8AkSSktrm/,"Reel IG",,Global,86,87,4,0,0,0,0
17975536337975049,17841422065480149,krystaloptiquetg,"KRYSTAL OPTIQUE 🇹🇬🇧🇯","🔔 Information importante

Chers clients, Krystal Optique fermera exceptionnellement ses portes aujourd’hui à 14h00.

Merci de votre compréhension et de votre fidélité.

Toute l’équipe vous souhaite une excellente fin d’année 👓✨

#Krystaloptique",0,"12/31/2025 05:26",https://www.instagram.com/p/DS7fHATCMIQ/,"Image IG",,Global,75,51,1,0,0,0,0
18103314130667757,17841422065480149,krystaloptiquetg,"KRYSTAL OPTIQUE 🇹🇬🇧🇯","L'équipe de Krystal Optique vous souhaite de passer un joyeux Noël 🎄

Que cette période des fêtes illumine vos plus beaux moments et vos regards.🎉

#KrystalOptique #JoyeuxNoël #Optique #Noël2025",16,"12/25/2025 03:24",https://www.instagram.com/reel/DSr0RD-D2k9/,"Reel IG",,Global,106,88,5,0,0,0,0
17955127434040826,17841422065480149,krystaloptiquetg,"KRYSTAL OPTIQUE 🇹🇬🇧🇯","🎗️ Messieurs, votre santé compte. 
Le dépistage sauve des vies. 

En ce mois de novembre, Krystal Optique se joint à la sensibilisation contre le cancer de la prostate. 

#novembrebleu #preventionmasculine #krystaloptique",0,"11/20/2025 03:28",https://www.instagram.com/p/DRRs_OnCJbg/,"Carrousel IG",,Global,108,46,5,0,0,0,0
18053919593643094,17841422065480149,krystaloptiquetg,"KRYSTAL OPTIQUE 🇹🇬🇧🇯","🕯️ En ce jour de recueillement et de mémoire, Krystal Optique vous souhaite une bonne célébration de la Toussaint. 

#Krystaloptique #Toussaint",0,"11/01/2025 02:25",https://www.instagram.com/p/DQgjviRiKCi/,"Carrousel IG",,Global,149,49,6,0,0,0,0
18538079809055428,17841422065480149,krystaloptiquetg,"KRYSTAL OPTIQUE 🇹🇬🇧🇯","👀 Test rapide ! Quel nombre voyez-vous ?

On met votre vision à l'épreuve ce matin ! Dites-nous en commentaire le nombre que vous distinguez à travers le motif Krystal Optique. 74 ? 21 ? 6 ?

📞 +228 22 22 96 96 
📍 2550, Boulevard du 13 Janvier Lomé – Togo

#Lome #Togo #krystalOptique",0,"10/29/2025 04:32",https://www.instagram.com/p/DQZD9aPCOLp/,"Image IG",,Global,149,45,1,0,0,2,0
18362191195087372,17841422065480149,krystaloptiquetg,"KRYSTAL OPTIQUE 🇹🇬🇧🇯","Vous avez du goût, du charisme, du style. Vos lunettes devraient le refléter. 🕶️

Chez Krystal, nos montures pour homme sont taillées pour ceux qui osent être eux-mêmes. 👌🏼

☎️ +228 22229696
📍2550, Boulevard du 13 Janvier Lomé- Togo

☎️ +229 21313201
📍Avenue Clozel, Place Ganhi (Cotonou-Benin)

#krystalOptique #Opticien #Optique #Lunetterie",0,"10/20/2025 05:05",https://www.instagram.com/p/DQB8kXkCDlK/,"Carrousel IG",,Global,153,48,2,0,0,0,0
17862271605498316,17841422065480149,krystaloptiquetg,"KRYSTAL OPTIQUE 🇹🇬🇧🇯","Tu veux qu’on te regarde autrement ? Commence par changer de monture. 😌

Excellente semaine ! ✨

☎️ +228 22229696

📍2550, Boulevard du 13 Janvier Lomé- Togo

#krystalOptique #Lunetterie #lome",0,"10/13/2025 08:32",https://www.instagram.com/p/DPwSp4iDA5t/,"Image IG",,Global,134,36,0,0,0,0,0
18098590237709699,17841422065480149,krystaloptiquetg,"KRYSTAL OPTIQUE 🇹🇬🇧🇯","#Krystaloptique #ensemblecontrelecancerdesein #octobrerose🎀",0,"10/09/2025 08:23",https://www.instagram.com/p/DPl-bUHjIKn/,"Image IG",,Global,171,51,1,0,0,0,0
18078789772858949,17841422065480149,krystaloptiquetg,"KRYSTAL OPTIQUE 🇹🇬🇧🇯","🎀 Le cancer du sein touche des milliers de femmes, souvent sans prévenir.

Prenez quelques minutes pour une autopalpation.
🏥 Faites-vous dépister dans un centre de santé, et surtout, parlez-en autour de vous.

👩‍👩‍👧‍👧 Sensibiliser, c’est protéger et chez nous, on vous invite à ouvrir les yeux sur votre santé car le dépistage précoce sauve des vies. 

🔄 Faites le geste. Partagez le message.

#Krystaloptique #ensemblecontrelecancerdesein #Octobrerose",25,"10/09/2025 08:21",https://www.instagram.com/reel/DPl-GOZjOHy/,"Reel IG",,Global,193,122,7,1,0,0,0
18046295930358901,17841422065480149,krystaloptiquetg,"KRYSTAL OPTIQUE 🇹🇬🇧🇯","#Krystaloptique #ensemblecontrelecancerdesein #octobrerose🎀",0,"10/09/2025 08:19",https://www.instagram.com/p/DPl9-yeDI-r/,"Image IG",,Global,132,45,1,0,0,0,0
17923797924151195,17841422065480149,krystaloptiquetg,"KRYSTAL OPTIQUE 🇹🇬🇧🇯","🫶🏽Ensemble, on peut sauver des vies. 💝

#Krystaloptique #octobrerose  #luttecontrecancerdusein🎀",0,"10/09/2025 08:16",https://www.instagram.com/p/DPl9szyDC_z/,"Image IG",,Global,115,48,1,0,0,0,0
18071962805222203,17841422065480149,krystaloptiquetg,"KRYSTAL OPTIQUE 🇹🇬🇧🇯","Un regard attentif peut sauver une vie.💙💝

Le tien, celui d’une sœur, d’une amie, d’une mère. 

Un partage, un like c’est aussi contribuer à la sensibilisation. 🙏🏾

#Krystaloptique #octobrerose #luttecontrecancerdusein",0,"10/06/2025 05:41",https://www.instagram.com/p/DPd9hqQjDD8/,"Image IG",,Global,136,47,5,0,0,0,0
18016127930788293,17841422065480149,krystaloptiquetg,"KRYSTAL OPTIQUE 🇹🇬🇧🇯","Encore une nouvelle opportunité dans cette lutte pour se rappeler que le dépistage sauve des vies. 😊

Et que la prévention commence par un regard attentif. 🔎

#Krystaloptique #octobrerose #luttecontrecancerdusein",0,"10/01/2025 02:52",https://www.instagram.com/p/DPQySrrDFFC/,"Image IG",,Global,151,59,7,0,0,0,0
18328597039229001,17841422065480149,krystaloptiquetg,"KRYSTAL OPTIQUE 🇹🇬🇧🇯","Ne laisse pas la poussière t’empêcher d’y voir clair ! 😏

🧼 Tous les jeudis, nettoyage gratuit dans nos boutiques. C’est Jeudi Clean, et c’est pour toi 💙

☎️ +228 22229696

📍2550, Boulevard du 13 Janvier Lomé- Togo

#krystalOptique #Opticien #Optique #Lunetterie #Lome",0,"09/18/2025 03:07",https://www.instagram.com/p/DOvVqWZjBkL/,"Image IG",,Global,3547,1737,182,1,0,0,4
18078208270993448,17841422065480149,krystaloptiquetg,"KRYSTAL OPTIQUE 🇹🇬🇧🇯","Une nouvelle page s’écrit mieux quand on la voit clairement. 😉

Bonne rentrée à chacun·e. ✨ 

L’équipe Krystal Optique 😊

#KrystaloptiqueTogo #bonnerentrée2025",0,"09/15/2025 03:32",https://www.instagram.com/p/DOnqH-TjBx1/,"Image IG",,Global,165,48,6,0,0,0,0
18023381696537007,17841422065480149,krystaloptiquetg,"KRYSTAL OPTIQUE 🇹🇬🇧🇯","📚 La rentrée, ce n’est pas que les fournitures scolaires ! 

👀 Avant de remplir le cartable, pensez à faire un petit contrôle de la vue de votre enfant chez un ophtalmologue ! 

Cela peut tout changer 💙

Car de bons résultats scolaires commencent par une bonne vue. 

#KrystalOptique #Rentréescolaire #Visionclaire #Santévisuelleenfant",0,"09/08/2025 04:06",https://www.instagram.com/p/DOVsasUjKRz/,"Image IG",,Global,158,42,3,0,0,0,0
18095220091729158,17841422065480149,krystaloptiquetg,"KRYSTAL OPTIQUE 🇹🇬🇧🇯","Des yeux en pleine forme commencent par une touche de vitamine C ! 🍊✨

Chaque saison son fruit et chaque fruit à son apport bénéfique sur l’œil. 🙂

Savoure l’orange, protège tes yeux ! 

#KrystalOptique #Opticien 
#OptiqueHauteQualité #VerresDePrécision #Fruit #Conseil #Lomé",0,"08/29/2025 07:26",https://www.instagram.com/p/DN8TVYljGCS/,"Image IG",,Global,167,40,0,0,0,0,0
18059056919369544,17841422065480149,krystaloptiquetg,"KRYSTAL OPTIQUE 🇹🇬🇧🇯","Ne laissez pas une mauvaise vue gâcher la réussite de votre enfant à l'école ! 💔⚠️

Il est primordial de contrôler son acuité visuelle avant chaque rentrée scolaire. 

☎️ +228 22229696

#KrystalOptique #Lunetterie #Optique #Enfants #Prévention #RentréeScolaire #SantéVisuelle",0,"08/19/2025 03:02",https://www.instagram.com/p/DNiFMd6M1d7/,"Image IG",,Global,193,41,0,0,0,0,0
17942937441046854,17841422065480149,krystaloptiquetg,"KRYSTAL OPTIQUE 🇹🇬🇧🇯","Bonne fête de l’assomption à toute la communauté chrétienne ! 🙏🏾🎉

#KrystalOptique #Optique #Lunetterie #Assomption #Lome #togo",0,"08/14/2025 11:25",https://www.instagram.com/p/DNWG2L2uaED/,"Image IG",,Global,197,46,2,0,0,0,0
18039758861382793,17841422065480149,krystaloptiquetg,"KRYSTAL OPTIQUE 🇹🇬🇧🇯","L’originalité en toute discrétion. 
Osez une monture de créateur pour changer de style tout en gardant votre sobriété. 

Krystal Optique reste la référence des meilleures marques de montures. 💫

Parce que bien voir, c’est essentiel. Mais bien paraître, c’est un vrai plus. 😉

☎️ +228 22229696

#krystalOptique #Opticien #Optique #Lunetterie #Lome",13,"08/13/2025 09:10",https://www.instagram.com/reel/DNTSMJ6sK8z/,"Reel IG",,Global,174,158,4,0,0,0,0
18014529974759542,17841422065480149,krystaloptiquetg,"KRYSTAL OPTIQUE 🇹🇬🇧🇯","Prenez soin de vos yeux, surtout avec style. 🥰

☎️ +228 22229696

📍2550, Boulevard du 13 Janvier Lomé- Togo

#KrystalOptique #Opticien 
#OptiqueHauteQualité #VerresDePrécision #ÉléganceDuRegard #VisionSublimée #Lomé",0,"08/11/2025 04:51",https://www.instagram.com/p/DNNrUPrR5S9/,"Image IG",,Global,503,322,20,0,0,0,0
17937197244059665,17841445439369634,krystaloptiquebj,"Krystal Optique Benin","- Le diabète peut altérer silencieusement votre vision.
- ⁠Une glycémie mal contrôlée peut provoquer des troubles visuels, voire des complications graves…

🩺 Un suivi régulier chez l’ophtalmologue est essentiel, même en l’absence de symptômes.

Rien est plus agréable qu’une vision claire et saine ! Prenez soin de votre vue. 🥰

☎️ +229 21313201

#krystalOptique #Opticien #Optique #Lunetterie #SantéVisuelle #PréventionDiabète #VueEtBienÊtre #VisionResponsable #Benin",9,"08/08/2025 03:58",https://www.instagram.com/reel/DNF2yBttSeP/,"Reel IG",,Global,133,120,3,0,0,0,0
17861779704451652,17841445439369634,krystaloptiquebj,"Krystal Optique Benin","Les vacances, c’est aussi le bon moment pour prendre soin de la vue de vos enfants. 

Avant la rentrée, offrez-leur un petit check-up.

Montures confortables, verres adaptés… tout est prêt pour les accompagner au mieux pour une prochaine rentrée scolaire sereine et réussie ! ✨

☎️ +229 21313201

#krystalOptique #Opticien #Optique #Lunetterie #Benin",0,"08/04/2025 04:17",https://www.instagram.com/p/DM7l1_4RS6U/,"Image IG",,Global,96,11,2,0,0,0,0
18100436636335661,17841445439369634,krystaloptiquebj,"Krystal Optique Benin","Bonne fête de l’indépendance du Bénin 🇧🇯

En ce 1er août, toute l'équipe de Krystal Optique Bénin souhaite une très belle Fête de l'Indépendance à toute sa clientèle beninoise, une occasion pour lui dire merci pour sa fidélité et sa confiance. 

#66ansindépendance #KrystalOptiqueBenin",0,"08/01/2026 08:43",https://www.instagram.com/p/DbgMCa8lkiU/,"Image IG",,Global,26,16,3,0,0,0,0
17957715630153465,17841445439369634,krystaloptiquebj,"Krystal Optique Benin","Nous fêtons nos 25 ans, et nous les fêtons avec vous ! 💙🥳🥂

À toutes celles et ceux qui nous ont fait confiance depuis 25 ans, nous disons un grand MERCI.🙏🏾

Nous continuons, chaque jour, à defendre votre santé visuelle et à illuminer votre regard, parce que vos yeux ont toujours été notre cristal. 💙

#KrystalOptique #25ans #ÉquipeKrystal #Lomé #Cotonou",6,"07/07/2026 11:32",https://www.instagram.com/reel/DagHdeKDIp_/,"Reel IG",,Global,261,204,8,1,2,0,0
18105313061470338,17841445439369634,krystaloptiquebj,"Krystal Optique Benin","Chaque regard croisé, chaque paire de lunettes ajustée et chaque sourire en boutique a forgé notre histoire et nous vous remercions du fond du cœur. 

25 ans de confiance, ce n'est pas juste un chiffre, c'est une magnifique aventure humaine que nous écrivons ensemble jour après jour à Lomé et Cotonou. 

☺️Bien sûr que nous sommes une équipe, et bien sûr que nous continuerons de défendre votre santé visuelle! 💙

#KrystalOptique #25ans #Lomé #Cotonou",57,"07/02/2026 05:53",https://www.instagram.com/reel/DaSoxfHCQGW/,"Reel IG",,Global,172,145,19,0,1,1,0
18105703946107438,17841445439369634,krystaloptiquebj,"Krystal Optique Benin","Pour célébrer les 25 ans de Krystal Optique, toute l’équipe s'est prêtée au jeu en exécutant cette trend ! 

Regardez plutôt ce moment complice, joyeux et plein de rires 😂, parce que 25 ans d’expertise, c’est aussi 25 ans de convivialité et de proximité.

#KrystalOptique #25ans #ÉquipeKrystal",36,"06/26/2026 07:25",https://www.instagram.com/reel/DaDWbfRCQKx/,"Reel IG",,Global,120,103,6,0,0,0,1
18404589991197367,17841445439369634,krystaloptiquebj,"Krystal Optique Benin","Parce que le plus beau des regards est celui d'une mère. ✨

À toutes les mamans qui nous apprennent à voir le monde avec bienveillance et ambition, nous vous souhaitons une fête mémorable.

Joyeuse Fête des Mères ! ❤️

#KrystalOptique #Fêtedesmères",0,"05/31/2026 03:45",https://www.instagram.com/p/DZAAupUFhZU/,"Image IG",,Global,17,11,2,0,0,0,0
17983201289991787,17841445439369634,krystaloptiquebj,"Krystal Optique Benin","Le saviez-vous ? 👓

Les petits chocs du quotidien ont tendance à déformer vos lunettes qui finissent inévitablement par bouger, glisser ou se déformer. 

C’est exactement pour cela qu’un ajustage et un rééquilibrage réguliers sont essentiels.

Dès que votre monture est déformée, le centre optique de vos verres n'est plus aligné avec vos pupilles. Ce décalage centre optique du verre/ pupille peut entraîner : 

•La fatigue visuelle s'installe 
•inconfort 
•baisse de la clarté visuelle

☎️ +229 21313201
📍 Av Clozel, Place Ganhi (Cotonou - Bénin)

#Cotonou #Bénin #krystalOptique
#Opticien #Optique #Lunetterie",12,"05/29/2026 06:44",https://www.instagram.com/reel/DY7Le7yD26f/,"Reel IG",,Global,203,180,2,0,0,0,0
18362800747233085,17841445439369634,krystaloptiquebj,"Krystal Optique Benin","🐑🌙 En ce jour sacré de la Tabaski, toute l’équipe de Krystal Optique vous souhaite une excellente fête. 

Que ce moment de dévotion, de solidarité et de retrouvailles apporte la paix, la clarté et la joie au cœur de vos foyers.

#KrystalOptique #lunetterie #opticien #Tabaski",0,"05/26/2026 17:01",https://www.instagram.com/p/DY0jy71D0aG/,"Image IG",,Global,24,13,2,0,0,0,0
18122092336711539,17841445439369634,krystaloptiquebj,"Krystal Optique Benin","Le rétinoblastome est un cancer de l'œil rare qui touche les jeunes enfants.

 Un dépistage précoce peut préserver la vue et sauver des vies. 

⚠️ Signes à surveiller : 

• Lueur blanche dans l'œil (surtout sur les photos)

• Yeux croisés ou mal alignés 

• Troubles de la vision

 PARENTS! FAITES EXAMINER RÉGULIÈREMENT LES YEUX DE VOS ENFANTS

 Ensemble, sensibilisons le public et contribuons à protéger la vue des jeunes.

#KrystalOptique #sensibilisation #retinoblastome",0,"05/07/2026 02:49",https://www.instagram.com/p/DYCHJ4KFmmB/,"Image IG",,Global,15,14,0,0,0,0,0
18111165772861423,17841445439369634,krystaloptiquebj,"Krystal Optique Benin","Voyez le monde sous son meilleur jour. 👓

Chaque Jeudi, profitez d'un moment  privilégié pour redonner tout son éclat à votre vision. Nos experts s'occupent de l'entretien de vos lunettes gratuitement.

☎️ +229 21313201

#krystalOptique #Opticien #Optique #Jeudiclean #Lunetterie #Benin",0,"05/06/2026 07:42",https://www.instagram.com/p/DYAD6u6lsbg/,"Image IG",,Global,25,14,1,0,0,0,0
18071076272422934,17841445439369634,krystaloptiquebj,"Krystal Optique Benin","Le travail acharné est la monture de tous les succès. ✨🎊

Krystal Optique, vous souhaite une bonne fête de travail. 

#KrystalOptique #1mai #Fêtedutravail #Opticien",0,"05/01/2026 01:58",https://www.instagram.com/p/DXykj7LlnJE/,"Image IG",,Global,17,12,1,0,0,0,0
17862362658564834,17841445439369634,krystaloptiquebj,"Krystal Optique Benin","Laissez la délicatesse et le raffinement exprimer votre simplicité. 😉

☎️ +229 0121313201

#krystalOptique #Opticien #Optique #Lunetterie #Lome",17,"04/22/2026 10:57",https://www.instagram.com/reel/DXcXCyCDa7c/,"Reel IG",,Global,16,13,1,0,0,0,0
17961548328078828,17841445439369634,krystaloptiquebj,"Krystal Optique Benin","Précision, professionnalisme et performance ✨

Nous ne nous contentons pas de vous proposer des pièces uniques, nous en maîtrisons chaque réglage.👌🏾

☎️ +229 21313201

#krystalOptique #Opticien #Optique #Lunetterie #Benin",13,"04/17/2026 10:09",https://www.instagram.com/reel/DXPZmohFBCu/,"Reel IG",,Global,38,32,4,0,0,0,0
18017187755831343,17841445439369634,krystaloptiquebj,"Krystal Optique Benin","Que ce temps de célébration soit l'occasion de faire éclore votre regard sur le monde.

Bonne fête de Pâques à tous 🎉

#KrystalOptique #Pâques",0,"04/04/2026 12:39",https://www.instagram.com/p/DWuMh_MFruK/,"Image IG",,Global,18,11,0,0,0,0,0
18387269470153803,17841445439369634,krystaloptiquebj,"Krystal Optique Benin","✨ Bon Vendredi saint à tous ! 

À toute la communauté chrétienne, restons unis dans la foi et dans l'espérance. 

#KrystalOptque #Vendredisaint",0,"04/03/2026 10:37",https://www.instagram.com/p/DWrZwsbludI/,"Image IG",,Global,9,8,2,0,0,0,0
17870876712580160,17841445439369634,krystaloptiquebj,"Krystal Optique Benin","👀 L’œil sec, ça concerne tout le monde.

Picotements, brûlures, yeux rouges, vos yeux méritent une attention particulière.

👉 Et si cela persiste, consultez vite votre médecin.

#krystalOptique #vue #Santévisuelle",0,"03/25/2026 05:15",https://www.instagram.com/p/DWTprB3iOD9/,"Image IG",,Global,12,7,3,0,0,0,0
17961050979060340,17841445439369634,krystaloptiquebj,"Krystal Optique Benin","Que la fête du Ramadan vous offre la plus belle des perspectives, celle du bonheur partagé.

Krystal Optique vous souhaite une belle célébration. 🌙

#Krystaloptique #celebration #ramadan",0,"03/19/2026 14:34",https://www.instagram.com/p/DWFM3ifCC83/,"Image IG",,Global,14,9,2,0,0,0,0
18079341641612341,17841445439369634,krystaloptiquebj,"Krystal Optique Benin","La clarté des yeux reflète la clarté des droits.

Krystal Optique rend hommage aux femmes qui éclairent nos vies et portent la lumière de l’avenir.✨

#KrystalOptique #08mars #Journéeinternationaledesdroitsdelafemme",0,"03/08/2026 05:34",https://www.instagram.com/p/DVn6U17CB-5/,"Image IG",,Global,15,11,2,0,0,0,0
18005679497697408,17841445439369634,krystaloptiquebj,"Krystal Optique Benin","La nuit, chaque détail compte pour votre sécurité.

Découvrez les bons gestes pour une conduite sereine, verres adaptés, lunettes propres, correction vérifiée…

Parce que vos yeux méritent la meilleure protection, même dans l’obscurité.

📞 +229 21 31 32 01 
📍 Av Clozel, Place Ganhi (Cotonou - Bénin)

#Cotonou #Bénin #krystalOptique",0,"02/25/2026 10:50",https://www.instagram.com/p/DVMQuLVlh4N/,"Image IG",,Global,11,10,0,0,0,0,0
18115240870530145,17841445439369634,krystaloptiquebj,"Krystal Optique Benin","Tu veux qu’on te regarde autrement ? Commence par changer de monture. 😌

Excellente semaine ! ✨

☎️ +229 21313201

📍Avenue Clozel, Place Ganhi (Cotonou-Benin)

#krystalOptique #Lunetterie #cotonou",0,"10/13/2025 08:30",https://www.instagram.com/p/DPwSae9DJki/,"Image IG",,Global,94,16,2,0,0,0,0
18130082206464551,17841445439369634,krystaloptiquebj,"Krystal Optique Benin","🫶🏽Ensemble, on peut sauver des vies. 💝

#Krystaloptique #octobrerose  #luttecontrecancerdusein🎀",0,"10/10/2025 05:47",https://www.instagram.com/p/DPoRZ62DlqO/,"Image IG",,Global,89,15,0,0,0,0,0
18406092295143954,17841445439369634,krystaloptiquebj,"Krystal Optique Benin","Un regard attentif peut sauver une vie.💙💝

Le tien, celui d’une sœur, d’une amie, d’une mère. 

Un partage, un like c’est aussi contribuer à la sensibilisation. 🙏🏾

#Krystaloptique #octobrerose #luttecontrecancerdusein",0,"10/06/2025 05:43",https://www.instagram.com/p/DPd9zEFDCXJ/,"Image IG",,Global,93,12,1,0,0,0,0
18487359853077655,17841445439369634,krystaloptiquebj,"Krystal Optique Benin","Encore une nouvelle opportunité dans cette lutte pour se rappeler que le dépistage sauve des vies. 😊

Et que la prévention commence par un regard attentif. 🔎

#Krystaloptique #octobrerose #luttecontrecancerdusein",0,"10/01/2025 02:55",https://www.instagram.com/p/DPQyi9QjK8X/,"Image IG",,Global,101,18,0,0,0,0,0
17997099719819227,17841445439369634,krystaloptiquebj,"Krystal Optique Benin","Ne laisse pas la poussière t’empêcher d’y voir clair ! 😏

🧼 Tous les jeudis, nettoyage gratuit dans nos boutiques. C’est Jeudi Clean et c’est pour toi 💙

☎️ +229 21313201

📍Avenue Clozel, Place Ganhi (Cotonou-Benin)

#krystalOptique #Opticien #Optique #Lunetterie #Cotonou",0,"09/18/2025 03:08",https://www.instagram.com/p/DOvVyTOjBtY/,"Image IG",,Global,106,17,3,0,0,0,0
17943275165915843,17841445439369634,krystaloptiquebj,"Krystal Optique Benin","Notre conseil pour cette nouvelle année ? 

Gardez les yeux grands ouverts sur vos objectifs. 👓📘 
Bonne rentrée à toutes et à tous ! 💙 

#KrystaloptiqueBénin #bonnerentrée2025",0,"09/15/2025 03:28",https://www.instagram.com/p/DOnpro5DBI2/,"Image IG",,Global,107,20,3,0,0,0,0
18074186543095997,17841445439369634,krystaloptiquebj,"Krystal Optique Benin","📚 La rentrée, ce n’est pas que les fournitures scolaires ! 

👀 Avant de remplir le cartable, pensez à faire un petit contrôle de la vue de votre enfant chez un ophtalmologue ! 

Cela peut tout changer 💙

Car de bons résultats scolaires commencent par une bonne vue. 

#KrystalOptique #Rentréescolaire #Visionclaire #Santévisuelleenfant",0,"09/08/2025 04:09",https://www.instagram.com/p/DOVswv_jDPL/,"Image IG",,Global,109,17,2,0,0,0,0
18076972195816351,17841445439369634,krystaloptiquebj,"Krystal Optique Benin","Des yeux en pleine forme commencent par une touche de vitamine C ! 🍊✨

Chaque saison son fruit et chaque fruit à son apport bénéfique à l’œil. 🙂

Savoure l’orange, protège tes yeux ! 

#KrystalOptique #Opticien 
#OptiqueHauteQualité #VerresDePrécision #Fruit #Conseil #Cotonou",0,"08/29/2025 07:37",https://www.instagram.com/p/DN8Uo9CDCLV/,"Image IG",,Global,110,18,3,0,0,0,0
18043954829336666,17841445439369634,krystaloptiquebj,"Krystal Optique Benin","Ne laissez pas une mauvaise vue gâcher la réussite de votre enfant à l'école ! 💔⚠️

Il est primordial de contrôler son acuité visuelle avant chaque rentrée scolaire. 

☎️ +229 21313201

#KrystalOptique #Lunetterie #Optique #Enfants #Prévention #RentréeScolaire #SantéVisuelle",0,"08/19/2025 03:04",https://www.instagram.com/p/DNiFfVEsWst/,"Image IG",,Global,125,13,1,0,0,0,0
17991220421820916,17841445439369634,krystaloptiquebj,"Krystal Optique Benin","Bonne fête de l’assomption à toute la communauté chrétienne ! 🙏🏾🎉

#KrystalOptique #Optique #Lunetterie #Assomption #Cotonou #Benin",0,"08/14/2025 11:28",https://www.instagram.com/p/DNWHI2UuOfQ/,"Image IG",,Global,100,13,0,0,0,0,0
18091465978658903,17841468348803396,pressing_du_soleil,Pressing_du_Soleil,"Beaucoup pensent encore que le pressing, c’est uniquement pour les costumes ou les vêtements de luxe… ❌ Faux ! 

En réalité, les pressings s’occupent aussi très bien du linge du quotidien : draps, serviettes, tenues de tous les jours… Une solution simple pour gagner du temps, économiser de l’énergie et profiter d’un linge propre, bien repassé et parfumé sans effort ! 

#EntretienDuLinge #Pressing #MytheVsRéalité #ViePratique #ConseilsMaison",8,"08/04/2025 03:21",https://www.instagram.com/reel/DM7fRT0s5c4/,"Reel IG",,Global,283,229,2,0,0,0,0
18089988376663060,17841468348803396,pressing_du_soleil,Pressing_du_Soleil,"C’est ce sourire qu’il y aura sur ton visage dès que tu nous confieras ton linge sale 😄 
Avec Pressing du Soleil, dites adieu au stress de la lessive !

📍 Un service complet, simple et efficace 
📞 Infoline : ‪+228 96631148‬ 
🛵 Collecte & livraison à domicile disponibles

#PressingDuSoleil #PressingTogo #CollecteLivraison #PressingÀDomicile #LePressingAuKilo #Lomé #TogoBusiness #VieFacile #LingePropre #ServiceClient #PressingProfessionnel",8,"08/01/2025 02:49",https://www.instagram.com/reel/DMzs1pDMeoB/,"Reel IG",,Global,321,257,2,0,0,0,0
17980902066029401,17841468348803396,pressing_du_soleil,Pressing_du_Soleil,"Du temps gagné et des vêtements parfaitement entretenus. 🧺✨

Offrez nos services de pressing à votre ami ou à un proche et laissez-nous prendre soin de ses vêtements.

☎️ +228 96631148 / 91420202

#Pressingdusoleil #pressing #lingepropre",0,"07/09/2026 06:38",https://www.instagram.com/p/DakviLDjgX6/,"Image IG",,Global,7,3,2,0,0,0,0
18404892571144244,17841468348803396,pressing_du_soleil,Pressing_du_Soleil,"Cette semaine encore, laissez-nous vous simplifier la vie ! 🧺

Plus besoin de vous déplacer : nous venons récupérer votre linge et nous vous le rendons propre, frais et impeccablement repassé. 😉

📲 Écrivez-nous dès maintenant pour programmer votre ramassage. On s'occupe du reste ! 👇🏾 

📞 +228 96631148 / 91420202

#Pressingdusoleil #pressing",0,"06/30/2026 03:24",https://www.instagram.com/p/DaNOFdQDjdI/,"Image IG",,Global,11,4,1,0,0,0,0
18136441000603250,17841468348803396,pressing_du_soleil,Pressing_du_Soleil,"Nouvelle semaine…🔥On l’attaque avec qui ? 🧺 

Contactez-nous pour récupérer vos linges 📞 +228 96631148 / 91420202

#Pressingdusoleil #pressing",0,"06/24/2026 01:18",https://www.instagram.com/p/DZ9i7GsDk4D/,"Image IG",,Global,17,10,2,0,0,0,0
18125593015651782,17841468348803396,pressing_du_soleil,Pressing_du_Soleil,"Bonne fête Papa 💝

Tu mérites bien plus que cette journée : tu mérites d’être célébré chaque jour. 🎉

#pressingdusoleil #fatherssday",0,"06/21/2026 02:00",https://www.instagram.com/p/DZ15ZfaDiiw/,"Image IG",,Global,18,11,2,0,0,0,0
18203046250353975,17841468348803396,pressing_du_soleil,Pressing_du_Soleil,"Parce que vos vêtements méritent le meilleur soin. 💛

Nous vous offrons un service rapide, fiable et pratique, directement chez vous. ✨

Contactez-nous dès maintenant ! 📞 +228 96631148 / 91420202

#Pressingdusoleil #pressing",9,"05/13/2026 06:44",https://www.instagram.com/reel/DYR-yBGiR4t/,"Reel IG",,Global,33,14,2,0,0,0,0
18068644667689684,17841468348803396,pressing_du_soleil,Pressing_du_Soleil,"Le Pressing du Soleil s’occupe de tout : ramassage, lavage, repassage et livraison. 🧺✨

Des vêtements propres, frais et impeccables… sans effort.

Contactez-nous dès maintenant ! 📞 +228 96631148 / 91420202

#Pressingdusoleil #pressing",14,"05/04/2026 03:35",https://www.instagram.com/reel/DX6eDpuAT9U/,"Reel IG",,Global,47,36,2,0,0,0,0
18127034950596446,17841468348803396,pressing_du_soleil,Pressing_du_Soleil,"Aujourd’hui, on travaille… à se reposer 😌✨
Bonne fête du travail ! 💼🔥

#Pressingdusoleil #laborday",0,"04/30/2026 10:12",https://www.instagram.com/p/DXw4WcxjFsq/,"Image IG",,Global,23,10,0,0,0,0,0
18101045080965272,17841468348803396,pressing_du_soleil,Pressing_du_Soleil,"Célébrons notre liberté, notre force et notre identité.

Bonne fête de l’indépendance. 🇹🇬💛

#pressingdusoleil #independence",0,"04/27/2026 03:49",https://www.instagram.com/p/DXoeIjnjEch/,"Image IG",,Global,23,9,1,0,0,0,0
18134947633547805,17841468348803396,pressing_du_soleil,Pressing_du_Soleil,"On récupère. On lave. On repasse. On livre. 🧺🚚✨

Un service simple, impeccable et rapide pour vous faire gagner du temps, tout en prenant soin de vos habits. 💫

☎️ +228 96631148 / 91420202

#Pressingdusoleil #pressing",21,"04/20/2026 03:26",https://www.instagram.com/reel/DXWZ650DU4g/,"Reel IG",,Global,46,34,2,0,0,0,0
18105985639755697,17841468348803396,pressing_du_soleil,Pressing_du_Soleil,"En cette nouvelle année, toute l’équipe du Pressing du Soleil vous adresse ses meilleurs vœux de santé, de réussite et de sérénité.

Merci pour la confiance que vous nous accordez au quotidien.
En 2026, nous restons engagés à prendre soin de vos vêtements avec qualité, professionnalisme et rapidité, pour un linge toujours propre, frais et impeccable.

📍Un service complet, simple et efficace 

📞Infoline : +228 96631148

🛵 Collecte & Livraison à domicile disponible 

#PressingDuSoleil #PressingLomé #EntretienTextile #LivraisonÀDomicile #PressingPro #Qualité #LingePropre #ServiceDePressing

Pressing du Soleil, votre linge brille comme le soleil.",0,"01/01/2026 04:17",https://www.instagram.com/p/DS978IOCn6H/,"Image IG",,Global,29,10,5,0,0,0,0
18162784156395824,17841468348803396,pressing_du_soleil,Pressing_du_Soleil,"Je n’ai aucun droit sur cette musique jouer dans cette vidéo…

N’est ce que agréable de débuté cette semaine avec des vêtements ou chemises bien fait de chez le Pressing du Soleil….

#pressing #pressingdusoleil #livraisonadomicile #LivraisonRapide #pressing #pro #pressingpro #PressingProfessionnel #pressingprofessionnel #PressingPro",61,"12/29/2025 00:45",https://www.instagram.com/reel/DS11RBpjFfD/,"Reel IG",,Global,97,91,1,0,0,0,0
17930030715156766,17841468348803396,pressing_du_soleil,Pressing_du_Soleil,"Joyeux Noël de la part de Pressing du Soleil 🎄

Nous souhaitons à tous nos clients un Noël rempli de joie et de bonheur.
Profitez de notre promo spéciale : 15 % de réduction jusqu’au 4 Janvier 2026, pour des tenues impeccables pendant les fêtes.

📍Un service complet, simple et efficace 

📞Infoline : +228 96631148

🛵 Collecte & Livraison à domicile disponible 

#PressingDuSoleil #PressingLomé #EntretienTextile #LivraisonÀDomicile #PressingPro #Qualité #LingePropre #ServiceDePressing

Pressing du Soleil, votre linge brille comme le soleil.",0,"12/25/2025 03:18",https://www.instagram.com/p/DSrzoROim1e/,"Image IG",,Global,23,9,1,0,0,0,0
18186019489352244,17841468348803396,pressing_du_soleil,Pressing_du_Soleil,"Découvrons avec mademoiselle Claudia son opinion qu’elle a eu de son expérience avec le Pressing du Soleil….

📍un service complet, simple et efficace 
📞infoline : +228 96631148
🛵 collecte & livraison à domicile disponibles 

 #pressingdusoleil #pressinglomé #servicedepressing #EntretienTextile #livraisonadomicile #PressingProfessionnel #PressingPro #ServiceDePressing",25,"12/20/2025 03:28",https://www.instagram.com/reel/DSe8z3alEFu/,"Reel IG",,Global,42,36,2,0,0,0,0
18084391015867241,17841468348803396,pressing_du_soleil,Pressing_du_Soleil,"Finit le stress du linge! Avec le Pressing du Soleil , profitez d’un service rapide , propre et livré directement chez vous. 
Collecte à domicile, soin premium et retour impeccable… votre linge mérite le meilleur, sans effort !

📍 𝑈𝑛 𝑠𝑒𝑟𝑣𝑖𝑐𝑒 𝑐𝑜𝑚𝑝𝑙𝑒𝑡, 𝑠𝑖𝑚𝑝𝑙𝑒 𝑒𝑡 𝑒𝑓𝑓𝑖𝑐𝑎𝑐𝑒

📞 𝐼𝑛𝑓𝑜𝑙𝑖𝑛𝑒 : +228 96631148 

🛵 𝐶𝑜𝑙𝑙𝑒𝑐𝑡𝑒 & 𝑙𝑖𝑣𝑟𝑎𝑖𝑠𝑜𝑛 𝑎̀ 𝑑𝑜𝑚𝑖𝑐𝑖𝑙𝑒 𝑑𝑖𝑠𝑝𝑜𝑛𝑖𝑏𝑙𝑒𝑠

#PressingDuSoleil #PressingLomé #EntretienTextile #LivraisonÀDomicile #PressingPro #Qualité #LingePropre #ServiceDePressing",0,"12/15/2025 04:33",https://www.instagram.com/p/DSSMS1ZCtm-/,"Image IG",,Global,18,10,1,0,0,0,0
18072457637456896,17841468348803396,pressing_du_soleil,Pressing_du_Soleil,"Découvrons ensemble l’expérience de Monsieur Morgan avec le Pressing du Soleil… 

Bonne fin de semaine la promo continue toujours jusqu’au 4 Janvier 2026… 15% de réduction 

#Qualité #LingePropre #PressingLomé #LivraisonÀDomicile #PressingDuSoleil #EntretienTextile #PressingPro #LingeImpeccable #ServiceDePressing",48,"12/12/2025 10:37",https://www.instagram.com/reel/DSLHeEHCc5Y/,"Reel IG",,Global,204,176,6,1,0,0,0
18068579966381583,17841468348803396,pressing_du_soleil,Pressing_du_Soleil,"🥳Terminez l’année en beauté (et sans corvée) chez nous au Pressing du Soleil !🥳

Profitez dès maintenant de nos tarifs réduits sur la lessive au kilo, le repassage et même le nettoyage de vos chaussures et sacs.

- Prix cassé (à partir de 450fr). 
- Sacs et chaussures (à partir de 500fr).

Ne vous déplacez plus, on s’occupe de tout 

📍 𝑈𝑛 𝑠𝑒𝑟𝑣𝑖𝑐𝑒 𝑐𝑜𝑚𝑝𝑙𝑒𝑡, 𝑠𝑖𝑚𝑝𝑙𝑒 𝑒𝑡 𝑒𝑓𝑓𝑖𝑐𝑎𝑐𝑒

📞 𝐼𝑛𝑓𝑜𝑙𝑖𝑛𝑒 : +228 96631148 

🛵 𝐶𝑜𝑙𝑙𝑒𝑐𝑡𝑒 & 𝑙𝑖𝑣𝑟𝑎𝑖𝑠𝑜𝑛 𝑎̀ 𝑑𝑜𝑚𝑖𝑐𝑖𝑙𝑒 𝑑𝑖𝑠𝑝𝑜𝑛𝑖𝑏𝑙𝑒𝑠
#PressingDuSoleil #PressingLomé #EntretienTextile #LivraisonÀDomicile #PressingPro #Qualité #LingePropre #ServiceDePressing",0,"12/12/2025 01:28",https://www.instagram.com/p/DSKIrjCCjBL/,"Carrousel IG",,Global,29,9,4,0,0,0,0
18062787704232694,17841468348803396,pressing_du_soleil,Pressing_du_Soleil,"🗣️Alerte Bon Plan…🗣️

Des tarifs à prix réduit !🥳🥳🥳 jusqu’à 15% de réduction 

Nos tarifs baissent mais la qualité reste au top! Profitez dès maintenant de prix encore plus doux chez nous au Pressing du soleil.

📍 𝑈𝑛 𝑠𝑒𝑟𝑣𝑖𝑐𝑒 𝑐𝑜𝑚𝑝𝑙𝑒𝑡, 𝑠𝑖𝑚𝑝𝑙𝑒 𝑒𝑡 𝑒𝑓𝑓𝑖𝑐𝑎𝑐𝑒

📞 𝐼𝑛𝑓𝑜𝑙𝑖𝑛𝑒 : +228 96631148 

🛵 𝐶𝑜𝑙𝑙𝑒𝑐𝑡𝑒 & 𝑙𝑖𝑣𝑟𝑎𝑖𝑠𝑜𝑛 𝑎̀ 𝑑𝑜𝑚𝑖𝑐𝑖𝑙𝑒 𝑑𝑖𝑠𝑝𝑜𝑛𝑖𝑏𝑙𝑒𝑠
#PressingDuSoleil #PressingLomé #EntretienTextile #LivraisonÀDomicile #PressingPro #Qualité #LingePropre #ServiceDePressing",0,"12/11/2025 05:02",https://www.instagram.com/p/DSH8YAAitnF/,"Image IG",,Global,23,7,1,0,0,0,0
18546856867015400,17841468348803396,pressing_du_soleil,Pressing_du_Soleil,"Profitez pleinement des fêtes en famille, on s’occupe de votre linge ! 

Avec le Pressing du soleil, économisez du temps et profitez d’une réduction exceptionnelle de 15% jusqu’au 4 Janvier 2026.

📍 𝑈𝑛 𝑠𝑒𝑟𝑣𝑖𝑐𝑒 𝑐𝑜𝑚𝑝𝑙𝑒𝑡, 𝑠𝑖𝑚𝑝𝑙𝑒 𝑒𝑡 𝑒𝑓𝑓𝑖𝑐𝑎𝑐𝑒

📞 𝐼𝑛𝑓𝑜𝑙𝑖𝑛𝑒 : +228 96631148 

🛵 𝐶𝑜𝑙𝑙𝑒𝑐𝑡𝑒 & 𝑙𝑖𝑣𝑟𝑎𝑖𝑠𝑜𝑛 𝑎̀ 𝑑𝑜𝑚𝑖𝑐𝑖𝑙𝑒 𝑑𝑖𝑠𝑝𝑜𝑛𝑖𝑏𝑙𝑒𝑠

#PressingDuSoleil #PressingLomé #EntretienTextile #LivraisonÀDomicile #PressingPro #Qualité #LingePropre #ServiceDePressing",0,"12/10/2025 01:30",https://www.instagram.com/p/DSE_V-iChS2/,"Image IG",,Global,29,7,3,0,0,0,0
18093082684902718,17841468348803396,pressing_du_soleil,Pressing_du_Soleil,"✨AWUCLEAN est enfin là!✨

Le Pressing du soleil lance son nouveau concept, simple, rapide et économique.

Fini le stress du linge! Nous collectons, lavons, repassons et livrons directement chez vous. 

Essayez AWUCLEAN aujourd’hui et gagnez du temps pour l’essentiel 

📍 𝑈𝑛 𝑠𝑒𝑟𝑣𝑖𝑐𝑒 𝑐𝑜𝑚𝑝𝑙𝑒𝑡, 𝑠𝑖𝑚𝑝𝑙𝑒 𝑒𝑡 𝑒𝑓𝑓𝑖𝑐𝑎𝑐𝑒

📞 𝐼𝑛𝑓𝑜𝑙𝑖𝑛𝑒 : +228 96631148 

🛵 𝐶𝑜𝑙𝑙𝑒𝑐𝑡𝑒 & 𝑙𝑖𝑣𝑟𝑎𝑖𝑠𝑜𝑛 𝑎̀ 𝑑𝑜𝑚𝑖𝑐𝑖𝑙𝑒 𝑑𝑖𝑠𝑝𝑜𝑛𝑖𝑏𝑙𝑒𝑠

#PressingDuSoleil #PressingLomé #EntretienTextile #LivraisonÀDomicile #PressingPro #Qualité #LingePropre #ServiceDePressing",0,"12/08/2025 04:15",https://www.instagram.com/p/DSAItcFiqNR/,"Image IG",,Global,30,8,3,0,0,0,0
18063341687249886,17841468348803396,pressing_du_soleil,Pressing_du_Soleil,"✨ 𝐋𝐚 𝐪𝐮𝐚𝐥𝐢𝐭𝐞́ 𝐪𝐮𝐞 𝐯𝐨𝐮𝐬 𝐫𝐞𝐬𝐬𝐞𝐧𝐭𝐞𝐳, 𝐜’𝐞𝐬𝐭 𝐧𝐨𝐭𝐫𝐞 𝐩𝐫𝐨𝐦𝐞𝐬𝐬𝐞 ! 
Au Pressing du Soleil, nous prenons soin de vos vêtements avec une attention toute particulière. 

👕 Que ce soit votre chemise préférée ou vos draps du dimanche, chaque détail compte.

📍 𝑈𝑛 𝑠𝑒𝑟𝑣𝑖𝑐𝑒 𝑐𝑜𝑚𝑝𝑙𝑒𝑡, 𝑠𝑖𝑚𝑝𝑙𝑒 𝑒𝑡 𝑒𝑓𝑓𝑖𝑐𝑎𝑐𝑒
📞 𝐼𝑛𝑓𝑜𝑙𝑖𝑛𝑒 : ‪‪‪‪‪‪‪+228 96631148‬‬‬‬‬‬‬ 
🛵 𝐶𝑜𝑙𝑙𝑒𝑐𝑡𝑒 & 𝑙𝑖𝑣𝑟𝑎𝑖𝑠𝑜𝑛 𝑎̀ 𝑑𝑜𝑚𝑖𝑐𝑖𝑙𝑒 𝑑𝑖𝑠𝑝𝑜𝑛𝑖𝑏𝑙𝑒𝑠

#PressingDuSoleil #PressingLomé #EntretienTextile #LivraisonÀDomicile #PressingPro #Qualité #LingePropre #ServiceDePressing",14,"08/19/2025 07:05",https://www.instagram.com/reel/DNig9fFxxEP/,"Reel IG",,Global,28,15,0,0,0,0,0
18046560089304465,17841468348803396,pressing_du_soleil,Pressing_du_Soleil,"En ce 15 août, Pressing du Soleil vous souhaite une bonne fête de l’Assomption 
Que cette journée soit remplie de paix, de lumière et de sérénité.

Prenez soin de vous, nous nous occupons de vos vêtements ! 

#Assomption #FêteCatholique #PressingDuSoleil #ServiceÀDomicile #lepressingaukilo",0,"08/14/2025 21:16",https://www.instagram.com/p/DNXKd30MbmU/,"Image IG",,Global,95,12,1,0,0,0,0
18288434125270545,17841468348803396,pressing_du_soleil,Pressing_du_Soleil,"Pourquoi s’épuiser à courir partout pour vos lessives, repassages ou retouches ? 
Chez Pressing du Soleil, tout est réuni pour vous faciliter la vie !

🧺 Lessive 
🧼 Repassage 
🧵 Retouches vêtements 

Le tout avec collecte et livraison à domicile ! 
Faites-nous confiance pour un service rapide, pratique et de qualité.

📍 𝑈𝑛 𝑠𝑒𝑟𝑣𝑖𝑐𝑒 𝑐𝑜𝑚𝑝𝑙𝑒𝑡, 𝑠𝑖𝑚𝑝𝑙𝑒 𝑒𝑡 𝑒𝑓𝑓𝑖𝑐𝑎𝑐𝑒
📞 𝐼𝑛𝑓𝑜𝑙𝑖𝑛𝑒 : ‪‪‪‪‪‪+228 96631148‬‬‬‬‬‬ 
🛵 𝐶𝑜𝑙𝑙𝑒𝑐𝑡𝑒 & 𝑙𝑖𝑣𝑟𝑎𝑖𝑠𝑜𝑛 𝑎̀ 𝑑𝑜𝑚𝑖𝑐𝑖𝑙𝑒 𝑑𝑖𝑠𝑝𝑜𝑛𝑖𝑏𝑙𝑒𝑠

#PressingDuSoleil #PressingAuKilo #ServiceÀDomicile #Repassage #RetoucheVêtement #Lavage #togo",0,"08/13/2025 03:29",https://www.instagram.com/p/DNSrkm-s1HM/,"Image IG",,Global,87,14,3,0,0,0,0
17937385883933812,17841468348803396,pressing_du_soleil,Pressing_du_Soleil,"Vous aussi, vous avez déjà eu droit à ce regard ? 😂😂😂

📍 𝑈𝑛 𝑠𝑒𝑟𝑣𝑖𝑐𝑒 𝑐𝑜𝑚𝑝𝑙𝑒𝑡, 𝑠𝑖𝑚𝑝𝑙𝑒 𝑒𝑡 𝑒𝑓𝑓𝑖𝑐𝑎𝑐𝑒
📞 𝐼𝑛𝑓𝑜𝑙𝑖𝑛𝑒 : ‪‪‪‪+228 96631148‬‬‬‬ 
🛵 𝐶𝑜𝑙𝑙𝑒𝑐𝑡𝑒 & 𝑙𝑖𝑣𝑟𝑎𝑖𝑠𝑜𝑛 𝑎̀ 𝑑𝑜𝑚𝑖𝑐𝑖𝑙𝑒 𝑑𝑖𝑠𝑝𝑜𝑛𝑖𝑏𝑙𝑒𝑠

#PressingDuSoleil #LePressingAuKilo #LessiveFacile #HumourMaison #Togo",8,"08/07/2025 05:36",https://www.instagram.com/reel/DNDc8HcscJ4/,"Reel IG",,Global,129,99,0,0,0,0,0
17890305981182347,17841468348803396,pressing_du_soleil,Pressing_du_Soleil,"Comment parfumer ton linge naturellement ? 

On te donne une  astuce ! 
Si tu en as d’autres, partage-les avec nous en commentaire. 
Et si tu as des questions, n’hésite pas à les poser ! 

#PressingDuSoleil #AstuceMaison #LingeParfumé #ConseilEntretien #LePressingAuKilo",12,"08/06/2025 09:36",https://www.instagram.com/reel/DNBTguFsvVc/,"Reel IG",,Global,308,275,3,1,0,0,0
17941171662148964,17841411124240679,woodinfashiontogo,"Woodin Fashion Togo","Bon week-end la famille ! 💃🏾

La semaine est finie. On relâche la pression. On profite. On s’amuse. Mais toujours avec style. 😉

Tag la personne avec qui tu vas “Go Crazy” ce week-end.😌

#WoodinFashionTogo",20,"03/07/2026 11:42",https://www.instagram.com/reel/DVmGf0wAujK/,"Reel IG",,Global,2913,1691,147,8,0,2,7,,,,,
17955860120934914,17841411124240679,woodinfashiontogo,"Woodin Fashion Togo","L’ambiance est déjà lancée ! 😌🔥

Quand le son est bon, que la vibe est légère, et que le look suit… Ça donne exactement ça.

On valide le mood ou pas ?

#WoodinFashionTogo",27,"03/08/2026 01:42",https://www.instagram.com/reel/DVnl4B0goYP/,"Reel IG",,Global,1190,857,62,4,0,0,1,,,,,
18163263142417672,17841411124240679,woodinfashiontogo,"Woodin Fashion Togo","Nouvelle semaine, nouveau mood. 

Certains commencent la semaine avec le café… D’autres commencent avec une belle chemise Woodin. Parce qu’on ne sait jamais qui on peut croiser un lundi matin. Et vous, vous commencez la semaine comment ?

Passez à la boutique prendre la chemise qui va lancer votre semaine comme il faut.

📍Boutique WOODIN – En face de BIA TOGO
📱 90594255

#WoodinFashionTogo",0,"03/10/2026 02:34",https://www.instagram.com/p/DVsvOQ_gqV1/,"Image IG",,Global,528,335,8,0,0,0,0,,,,,
17904007341382520,17841411124240679,woodinfashiontogo,"Woodin Fashion Togo","Nouvelle semaine, nouveau mood. 

Certains commencent la semaine avec le café… D’autres commencent avec une belle chemise Woodin. Parce qu’on ne sait jamais qui on peut croiser un lundi matin. Et vous, vous commencez la semaine comment ?

Passez à la boutique prendre la chemise qui va lancer votre semaine comme il faut.

📍Boutique WOODIN – En face de BIA TOGO
📱 90594255

#WoodinFashionTogo",0,"03/10/2026 02:34",https://www.instagram.com/p/DVsvau0F9UJ/,"Carrousel IG",,Global,423,253,9,0,0,0,0,,,,,
17878746108399173,17841411124240679,woodinfashiontogo,"Woodin Fashion Togo","Nouvelle semaine, nouveau mood. 

Certains commencent la semaine avec le café… D’autres commencent avec une belle chemise Woodin. Parce qu’on ne sait jamais qui on peut croiser un lundi matin. Et vous, vous commencez la semaine comment ?

Passez à la boutique prendre la chemise qui va lancer votre semaine comme il faut.

📍Boutique WOODIN – En face de BIA TOGO
📱 90594255

#WoodinFashionTogo",0,"03/10/2026 02:35",https://www.instagram.com/p/DVsvdaUgrwS/,"Image IG",,Global,367,265,5,0,0,0,0,,,,,
17986151165954302,17841411124240679,woodinfashiontogo,"Woodin Fashion Togo","Deux hommes, deux styles, mais un point commun: la chemise Woodin.

Parce qu’une bonne chemise, ce n’est pas seulement un vêtement …c’est la première chose que les gens remarquent quand vous arrivez.

Et vous, votre chemise dit quoi sur vous ? 😄 Passez en boutique découvrir nos modèles.

📍Boutique WOODIN – En face de BIA TOGO
📱 90594255

#WoodinFashionTogo",0,"03/11/2026 07:04",https://www.instagram.com/p/DVvzFLogvGp/,"Image IG",,Global,425,303,13,0,0,0,0,,,,,
18049415600713500,17841411124240679,woodinfashiontogo,"Woodin Fashion Togo","Deux hommes, deux styles, mais un point commun: la chemise Woodin.

Parce qu’une bonne chemise, ce n’est pas seulement un vêtement …c’est la première chose que les gens remarquent quand vous arrivez.

Et vous, votre chemise dit quoi sur vous ? 😄 Passez en boutique découvrir nos modèles.

📍Boutique WOODIN – En face de BIA TOGO
📱 90594255

#WoodinFashionTogo",0,"03/11/2026 07:07",https://www.instagram.com/p/DVvzYnUAvwt/,"Image IG",,Global,306,216,4,0,0,0,0,,,,,
17987585360952288,17841411124240679,woodinfashiontogo,"Woodin Fashion Togo","Deux hommes, deux styles, mais un point commun: la chemise Woodin.

Parce qu’une bonne chemise, ce n’est pas seulement un vêtement …c’est la première chose que les gens remarquent quand vous arrivez.

Et vous, votre chemise dit quoi sur vous ? 😄 Passez en boutique découvrir nos modèles.

📍Boutique WOODIN – En face de BIA TOGO
📱 90594255

#WoodinFashionTogo",0,"03/11/2026 07:08",https://www.instagram.com/p/DVvzdcOgoEc/,"Image IG",,Global,376,254,2,0,0,0,0,,,,,
18088418384130715,17841411124240679,woodinfashiontogo,"Woodin Fashion Togo","Deux hommes, deux styles, mais un point commun: la chemise Woodin.

Parce qu’une bonne chemise, ce n’est pas seulement un vêtement …c’est la première chose que les gens remarquent quand vous arrivez.

Et vous, votre chemise dit quoi sur vous ? 😄 Passez en boutique découvrir nos modèles.

📍Boutique WOODIN – En face de BIA TOGO
📱 90594255

#WoodinFashionTogo",0,"03/11/2026 07:08",https://www.instagram.com/p/DVvziPQAjRI/,"Image IG",,Global,524,374,8,1,0,0,0,,,,,
18073088765452573,17841411124240679,woodinfashiontogo,"Woodin Fashion Togo","Deux hommes, deux styles, mais un point commun: la chemise Woodin.

Parce qu’une bonne chemise, ce n’est pas seulement un vêtement …c’est la première chose que les gens remarquent quand vous arrivez.

Et vous, votre chemise dit quoi sur vous ? 😄 Passez en boutique découvrir nos modèles.

📍Boutique WOODIN – En face de BIA TOGO
📱 90594255

#WoodinFashionTogo",0,"03/11/2026 07:09",https://www.instagram.com/p/DVvzmqAAmvN/,"Image IG",,Global,441,281,6,0,0,0,0,,,,,
17953585878095726,17841411124240679,woodinfashiontogo,"Woodin Fashion Togo","Deux hommes, deux styles, mais un point commun: la chemise Woodin.

Parce qu’une bonne chemise, ce n’est pas seulement un vêtement …c’est la première chose que les gens remarquent quand vous arrivez.

Et vous, votre chemise dit quoi sur vous ? 😄 Passez en boutique découvrir nos modèles.

📍Boutique WOODIN – En face de BIA TOGO
📱 90594255

#WoodinFashionTogo",0,"03/11/2026 07:10",https://www.instagram.com/p/DVvztN5gv8V/,"Image IG",,Global,356,243,5,2,0,0,0,,,,,
18052770743711233,17841411124240679,woodinfashiontogo,"Woodin Fashion Togo","Vendredi = on respire un peu. 😄

Le travail continue… mais le style devient plus relax.

DISPONIBLE EN PLUSIEURS COULEURS 

📍Boutique WOODIN – En face de BIA TOGO
📱 90594255

#WoodinFashionTogo",8,"03/13/2026 03:04",https://www.instagram.com/reel/DV0hHRTgkrK/,"Reel IG",,Global,686,474,17,0,0,2,0,,,,,
18114659185631408,17841411124240679,woodinfashiontogo,"Woodin Fashion Togo","Certaines femmes aiment les robes. D’autres préfèrent le pouvoir d’un bon pantalon.

Le pantalon prêt-à-porter Woodin est fait pour les journées où :

✔️ on court entre le travail et les rendez-vous
✔️ on veut rester élégante, mais surtout à l’aise

Parfait pour le bureau, un événement ou même un dîner.

PASSEZ LE SHOPPER !

📍Boutique WOODIN – En face de BIA TOGO
📱 90594255

#WoodinFashionTogo",17,"03/14/2026 07:23",https://www.instagram.com/reel/DV3jlOrgrh5/,"Reel IG",,Global,1492,993,80,2,0,1,0,,,,,
18123052177596424,17841411124240679,woodinfashiontogo,"Woodin Fashion Togo","Il y a les jours où on veut rester simple… et les jours où on veut impressionner sans parler.

La chemise manches longues Woodin, c’est exactement ça.

Messieurs, votre prochaine chemise préférée vous attend en boutique.

📍Boutique WOODIN – En face de BIA TOGO
📱 90594255

#WoodinFashionTogo",22,"03/15/2026 12:33",https://www.instagram.com/reel/DV6rx51Ahd4/,"Reel IG",,Global,553,480,26,0,1,0,0,,,,,
18178146823376099,17841411124240679,woodinfashiontogo,"Woodin Fashion Togo","Le Ramadan arrive… et les belles tenues aussi … 🤭

Pour ceux qui vont coudre en retard voici quelques idées à coudre avec les tissus Woodin … mais qui font toute la différence.

📍Boutique WOODIN – En face de BIA TOGO
📱 90594255

#WoodinFashionTogo",0,"03/18/2026 03:51",https://www.instagram.com/p/DWBeix5F5kp/,"Carrousel IG",,Global,1129,756,28,2,0,1,6,,,,,
17982521231800566,17841411124240679,woodinfashiontogo,"Woodin Fashion Togo","À toute notre communauté musulmane, Woodin vous souhaite une très belle fête de Ramadan. 🌙

Que cette période soit remplie de paix, de partage et de moments précieux avec vos proches.

#WoodinFashionTogo",0,"03/19/2026 12:54",https://www.instagram.com/p/DWFBgeOAjim/,"Image IG",,Global,519,331,2,0,0,0,0,,,,,
18008602565894405,17841411124240679,woodinfashiontogo,"Woodin Fashion Togo","AUJOURD’HUI C’EST SHOPPING DAY !

Vous aimez faire du shopping avec qui ? Taguez votre partenaire shopping 👇🏾

OUVERT JUSQU’À 15:30 LES SAMEDIS.

📍Boutique WOODIN – En face de BIA TOGO
📱 90594255

#WoodinFashionTogo",77,"03/21/2026 03:40",https://www.instagram.com/reel/DWJLX6DgtiF/,"Reel IG",,Global,1089,822,52,3,0,0,1,,,,,
18398764147145533,17841411124240679,woodinfashiontogo,"Woodin Fashion Togo","Pour le travail, une sortie ou un brunch… le pantalon s’adapte à tout quand il est bien cousu avec un tissu bien choisi.

Donc aujourd’hui on vous propose quelques idées que vous pouvez refaire avec les tissus Woodin.

ENREGISTRER POUR NE PAS LE CHERCHER EN VAIN APRÈS.

📍Boutique WOODIN – En face de BIA TOGO
📱 90594255

#WoodinFashionTogo",0,"03/22/2026 08:48",https://www.instagram.com/p/DWMTwtYl9-E/,"Carrousel IG",,Global,1076,595,21,1,0,0,3,,,,,
18384098107095139,17841411124240679,woodinfashiontogo,"Woodin Fashion Togo","Peu importe l’occasion… il y a toujours une tenue Woodin pour les hommes.

Que ce soit une chemise à manches courtes ou longues, un polo, un t-shirt, un bermuda, vous aurez l’embarras du choix.

📍Boutique WOODIN – En face de BIA TOGO
📱 90594255

#WoodinFashionTogo #styleinspo #togo",20,"03/23/2026 06:28",https://www.instagram.com/reel/DWOoWDUAhI9/,"Reel IG",,Global,1262,920,45,3,1,1,1,,,,,
18205983700326553,17841411124240679,woodinfashiontogo,"Woodin Fashion Togo","Mariage – bureau – sortie entre amis – rendez-vous important.

Chers messieurs, si vous manquez souvent d’idées pour vos tenues en tissu, on vous propose quelques-unes de tendance et chic qui vous iront à la perfection. 

PASSEZ JUSTE EN BOUTIQUE POUR SHOPPER UN TISSU SI UN MODÈLE VOUS FAIT DE L’ŒIL. 

📍Boutique WOODIN – En face de BIA TOGO
📱 90594255

#WoodinFashionTogo #menoutfit #menfashion",0,"03/24/2026 03:07",https://www.instagram.com/p/DWQ2OFaFyFx/,"Carrousel IG",,Global,441,245,4,0,0,0,0,,,,,
17951707011114095,17841411124240679,woodinfashiontogo,"Woodin Fashion Togo","Il y a des tenues qui parlent avant même qu’on dise bonjour.

On vous montre qu’on peut être féminine, forte et élégante en même temps.

Aujourd’hui, vous êtes dans quel mood ? Vous êtes plutôt soft girl ou boss lady ?

📍Boutique WOODIN – En face de BIA TOGO
📱 90594255

#WoodinFashionTogo",0,"03/24/2026 03:08",https://www.instagram.com/p/DWQ2T1BgvLw/,"Image IG",,Global,528,338,14,0,0,0,0,,,,,
18001473515729120,17841411124240679,woodinfashiontogo,"Woodin Fashion Togo","Il y a des tenues qui parlent avant même qu’on dise bonjour.

On vous montre qu’on peut être féminine, forte et élégante en même temps.

Aujourd’hui, vous êtes dans quel mood ? Vous êtes plutôt soft girl ou boss lady ?

📍Boutique WOODIN – En face de BIA TOGO
📱 90594255

#WoodinFashionTogo",0,"03/24/2026 03:08",https://www.instagram.com/p/DWQ2YodgvnO/,"Image IG",,Global,485,330,14,1,0,0,1,,,,,
18069034793280515,17841411124240679,woodinfashiontogo,"Woodin Fashion Togo","Il y a des tenues qui parlent avant même qu’on dise bonjour.

On vous montre qu’on peut être féminine, forte et élégante en même temps.

Aujourd’hui, vous êtes dans quel mood ? Vous êtes plutôt soft girl ou boss lady ?

📍Boutique WOODIN – En face de BIA TOGO
📱 90594255

#WoodinFashionTogo",0,"03/24/2026 03:08",https://www.instagram.com/p/DWQ2bNBAoa7/,"Image IG",,Global,384,276,1,0,0,0,0,,,,,
17954877339101192,17841411124240679,woodinfashiontogo,"Woodin Fashion Togo","Il y a des tenues qui parlent avant même qu’on dise bonjour.

On vous montre qu’on peut être féminine, forte et élégante en même temps.

Aujourd’hui, vous êtes dans quel mood ? Vous êtes plutôt soft girl ou boss lady ?

📍Boutique WOODIN – En face de BIA TOGO
📱 90594255

#WoodinFashionTogo",0,"03/24/2026 03:09",https://www.instagram.com/p/DWQ2f7zAneJ/,"Image IG",,Global,327,233,4,0,0,0,0,,,,,
17920487343290637,17841411124240679,woodinfashiontogo,"Woodin Fashion Togo","Il y a des tenues qui parlent avant même qu’on dise bonjour.

On vous montre qu’on peut être féminine, forte et élégante en même temps.

Aujourd’hui, vous êtes dans quel mood ? Vous êtes plutôt soft girl ou boss lady ?

📍Boutique WOODIN – En face de BIA TOGO
📱 90594255

#WoodinFashionTogo",0,"03/24/2026 03:10",https://www.instagram.com/p/DWQ2mvrApc7/,"Image IG",,Global,363,267,2,0,0,0,0,,,,,
18138733306512770,17841411124240679,woodinfashiontogo,"Woodin Fashion Togo","Il y a des tenues qui parlent avant même qu’on dise bonjour.

On vous montre qu’on peut être féminine, forte et élégante en même temps.

Aujourd’hui, vous êtes dans quel mood ? Vous êtes plutôt soft girl ou boss lady ?

📍Boutique WOODIN – En face de BIA TOGO
📱 90594255

#WoodinFashionTogo",0,"03/24/2026 03:10",https://www.instagram.com/p/DWQ2pGgAjJf/,"Image IG",,Global,418,294,6,0,0,0,0,,,,,
18057416924706983,17841411124240679,woodinfashiontogo,"Woodin Fashion Togo","Il y a des tenues qui parlent avant même qu’on dise bonjour.

On vous montre qu’on peut être féminine, forte et élégante en même temps.

Aujourd’hui, vous êtes dans quel mood ? Vous êtes plutôt soft girl ou boss lady ?

📍Boutique WOODIN – En face de BIA TOGO
📱 90594255

#WoodinFashionTogo",0,"03/24/2026 03:11",https://www.instagram.com/p/DWQ2stMggW6/,"Image IG",,Global,454,313,5,0,0,0,0,,,,,
17915952018341106,17841411124240679,woodinfashiontogo,"Woodin Fashion Togo","Il y a des tenues qui parlent avant même qu’on dise bonjour.

On vous montre qu’on peut être féminine, forte et élégante en même temps.

Aujourd’hui, vous êtes dans quel mood ? Vous êtes plutôt soft girl ou boss lady ?

📍Boutique WOODIN – En face de BIA TOGO
📱 90594255

#WoodinFashionTogo",0,"03/24/2026 03:12",https://www.instagram.com/p/DWQ2vqsAsr3/,"Image IG",,Global,560,377,9,0,0,1,0,,,,,
18212373766321865,17841411124240679,woodinfashiontogo,"Woodin Fashion Togo","Il y a des tenues qui parlent avant même qu’on dise bonjour.

On vous montre qu’on peut être féminine, forte et élégante en même temps.

Aujourd’hui, vous êtes dans quel mood ? Vous êtes plutôt soft girl ou boss lady ?

📍Boutique WOODIN – En face de BIA TOGO
📱 90594255

#WoodinFashionTogo",0,"03/24/2026 03:12",https://www.instagram.com/p/DWQ22MMAg1f/,"Image IG",,Global,460,323,3,0,0,0,0,,,,,
17885412897469462,17841411124240679,woodinfashiontogo,"Woodin Fashion Togo","Sais-tu que la chemise Woodin n’est pas faite seulement pour être portée avec un pantalon classique ? 

On peut la porter avec du similicuir comme sur la photo, un jean, un chino, un pantalon à motif ou même un short stylé.

Le secret, c’est de savoir mixer les styles tout en gardant une allure tendance.

Peu importe ton style, tu trouveras TA CHEMISE WOODIN !

📍Boutique WOODIN – En face de BIA TOGO
📱 90594255

#WoodinFashionTogo",0,"03/25/2026 03:32",https://www.instagram.com/p/DWTd2Fkgp1p/,"Image IG",,Global,457,317,9,0,0,0,0,,,,,
18109784554826834,17841411124240679,woodinfashiontogo,"Woodin Fashion Togo","Sais-tu que la chemise Woodin n’est pas faite seulement pour être portée avec un pantalon classique ? 

On peut la porter avec du similicuir comme sur la photo, un jean, un chino, un pantalon à motif ou même un short stylé.

Le secret, c’est de savoir mixer les styles tout en gardant une allure tendance.

Peu importe ton style, tu trouveras TA CHEMISE WOODIN !

📍Boutique WOODIN – En face de BIA TOGO
📱 90594255

#WoodinFashionTogo",0,"03/25/2026 03:32",https://www.instagram.com/p/DWTd6PUgrrO/,"Image IG",,Global,305,229,3,1,0,0,0,,,,,
17866472565601080,17841411124240679,woodinfashiontogo,"Woodin Fashion Togo","Sais-tu que la chemise Woodin n’est pas faite seulement pour être portée avec un pantalon classique ? 

On peut la porter avec du similicuir comme sur la photo, un jean, un chino, un pantalon à motif ou même un short stylé.

Le secret, c’est de savoir mixer les styles tout en gardant une allure tendance.

Peu importe ton style, tu trouveras TA CHEMISE WOODIN !

📍Boutique WOODIN – En face de BIA TOGO
📱 90594255

#WoodinFashionTogo",0,"03/25/2026 03:32",https://www.instagram.com/p/DWTd9B5ghEB/,"Image IG",,Global,379,273,4,0,0,0,0,,,,,
17989555433954886,17841411124240679,woodinfashiontogo,"Woodin Fashion Togo","Sais-tu que la chemise Woodin n’est pas faite seulement pour être portée avec un pantalon classique ? 

On peut la porter avec du similicuir comme sur la photo, un jean, un chino, un pantalon à motif ou même un short stylé.

Le secret, c’est de savoir mixer les styles tout en gardant une allure tendance.

Peu importe ton style, tu trouveras TA CHEMISE WOODIN !

📍Boutique WOODIN – En face de BIA TOGO
📱 90594255

#WoodinFashionTogo",0,"03/25/2026 03:33",https://www.instagram.com/p/DWTeBCngqEv/,"Image IG",,Global,331,210,1,0,0,0,1,,,,,
18169532797405644,17841411124240679,woodinfashiontogo,"Woodin Fashion Togo","Sais-tu que la chemise Woodin n’est pas faite seulement pour être portée avec un pantalon classique ? 

On peut la porter avec du similicuir comme sur la photo, un jean, un chino, un pantalon à motif ou même un short stylé.

Le secret, c’est de savoir mixer les styles tout en gardant une allure tendance.

Peu importe ton style, tu trouveras TA CHEMISE WOODIN !

📍Boutique WOODIN – En face de BIA TOGO
📱 90594255

#WoodinFashionTogo",0,"03/25/2026 03:33",https://www.instagram.com/p/DWTeDq7AvHG/,"Image IG",,Global,452,295,6,0,0,0,0,,,,,
18150793912457201,17841411124240679,woodinfashiontogo,"Woodin Fashion Togo","Sais-tu que la chemise Woodin n’est pas faite seulement pour être portée avec un pantalon classique ? 

On peut la porter avec du similicuir comme sur la photo, un jean, un chino, un pantalon à motif ou même un short stylé.

Le secret, c’est de savoir mixer les styles tout en gardant une allure tendance.

Peu importe ton style, tu trouveras TA CHEMISE WOODIN !

📍Boutique WOODIN – En face de BIA TOGO
📱 90594255

#WoodinFashionTogo",0,"03/25/2026 03:34",https://www.instagram.com/p/DWTeG6mgl5D/,"Image IG",,Global,342,226,4,0,0,0,0,,,,,
18384641083088628,17841407335903072,cavalicci_official,"Cavalicci Joseph Nyaliwou","Les pagnes Woodin, bien plus qu’un simple tissu… une véritable expression de culture, d’élégance et d’identité africaine. 
Chaque motif raconte une histoire, chaque couleur reflète une émotion, et chaque tenue devient une affirmation de style.

Avec Woodin, tu ne t’habilles pas seulement… tu te démarques. 
Que ce soit pour une occasion spéciale ou au quotidien, le pagne Woodin sublime ta personnalité avec modernité et authenticité.

Fais le choix du style qui te ressemble. 

#Woodin #AfricanStyle #ModeAfricaine #EleganceAfricaine #PagneStyle",26,"03/25/2026 14:34",https://www.instagram.com/reel/DWUYLdKDrPE/,"Reel IG",,Global,3156,2237,311,8,4,35,0,,,,,
18062910170345238,17841411124240679,woodinfashiontogo,"Woodin Fashion Togo","Vendredi = mode relax activé. 😌

On lève un peu le pied… mais on ne baisse jamais le niveau du style. Un polo Woodin, un bon pantalon…
et te voilà prêt pour finir la semaine sans stress, mais toujours avec allure.

DISPONIBLE EN PLUSIEURS COULEURS ET DESIGN.

📍 Boutique Woodin – En face de BIA TOGO
📱 90594255

#WoodinFashionTogo",16,"03/27/2026 08:47",https://www.instagram.com/reel/DWZLdF7ArmE/,"Reel IG",,Global,528,381,22,2,1,0,0,,,,,
18350006926239071,17841411124240679,woodinfashiontogo,"Woodin Fashion Togo","Aujourd’hui, on ne regarde pas seulement. On achète. 🤭

Samedi, c’est fait pour ça. Tu passes, tu essaies et tu choisis.

Pas besoin d’attendre un événement spécial pour te faire plaisir. Si la pièce te plaît et qu’elle te va… c’est déjà une bonne raison. 😁

📍Boutique WOODIN – En face de BIA TOGO
📱 90594255

#WoodinFashionTogo",29,"03/28/2026 04:14",https://www.instagram.com/reel/DWbQ-8vAt5_/,"Reel IG",,Global,1496,1049,80,4,1,1,0,,,,,
18081059318086444,17841411124240679,woodinfashiontogo,"Woodin Fashion Togo","Aujourd’hui, on sort notre belle tenue décontractée Woodin… et on va faire la fête, parce que c’est le week-end ! 🥳

BON  DIMANCHE ! 

#WoodinFashionTogo",0,"03/29/2026 07:52",https://www.instagram.com/p/DWeO2AUguBp/,"Image IG",,Global,370,260,3,0,0,0,0,,,,,
18076278470434756,17841411124240679,woodinfashiontogo,"Woodin Fashion Togo","Aujourd’hui, on sort notre belle tenue décontractée Woodin… et on va faire la fête, parce que c’est le week-end ! 🥳

BON  DIMANCHE ! 

#WoodinFashionTogo",0,"03/29/2026 07:53",https://www.instagram.com/p/DWeO8WkArE6/,"Image IG",,Global,363,245,3,0,0,0,0,,,,,
18092334191116242,17841411124240679,woodinfashiontogo,"Woodin Fashion Togo","Aujourd’hui, on sort notre belle tenue décontractée Woodin… et on va faire la fête, parce que c’est le week-end ! 🥳

BON  DIMANCHE ! 

#WoodinFashionTogo",0,"03/29/2026 07:54",https://www.instagram.com/p/DWePC8ygtGn/,"Image IG",,Global,344,256,5,0,0,0,1,,,,,
18015785945832216,17841411124240679,woodinfashiontogo,"Woodin Fashion Togo","Aujourd’hui, on sort notre belle tenue décontractée Woodin… et on va faire la fête, parce que c’est le week-end ! 🥳

BON  DIMANCHE ! 

#WoodinFashionTogo",0,"03/29/2026 07:54",https://www.instagram.com/p/DWePIMyAoAa/,"Image IG",,Global,335,252,8,0,0,0,0,,,,,
18019934213818594,17841411124240679,woodinfashiontogo,"Woodin Fashion Togo","Aujourd’hui, on sort notre belle tenue décontractée Woodin… et on va faire la fête, parce que c’est le week-end ! 🥳

BON  DIMANCHE ! 

#WoodinFashionTogo",0,"03/29/2026 07:55",https://www.instagram.com/p/DWePMFvgpMO/,"Image IG",,Global,362,262,1,0,0,0,0,,,,,
18097855678821031,17841411124240679,woodinfashiontogo,"Woodin Fashion Togo","Aujourd’hui, on sort notre belle tenue décontractée Woodin… et on va faire la fête, parce que c’est le week-end ! 🥳

BON  DIMANCHE ! 

#WoodinFashionTogo",0,"03/29/2026 07:55",https://www.instagram.com/p/DWePPsIAiWl/,"Image IG",,Global,383,256,12,0,0,0,0,,,,,
17966761614022992,17841411124240679,woodinfashiontogo,"Woodin Fashion Togo","Aujourd’hui, on sort notre belle tenue décontractée Woodin… et on va faire la fête, parce que c’est le week-end ! 🥳

BON  DIMANCHE ! 

#WoodinFashionTogo",0,"03/29/2026 07:56",https://www.instagram.com/p/DWePUYcgoh3/,"Image IG",,Global,530,365,13,2,0,0,0,,,,,
18579604180023351,17841411124240679,woodinfashiontogo,"Woodin Fashion Togo","Aujourd’hui, on sort notre belle tenue décontractée Woodin… et on va faire la fête, parce que c’est le week-end ! 🥳

BON  DIMANCHE ! 

#WoodinFashionTogo",0,"03/29/2026 07:57",https://www.instagram.com/p/DWePYwMAki0/,"Image IG",,Global,424,291,2,1,0,0,0,,,,,
17880808446516610,17841411124240679,woodinfashiontogo,"Woodin Fashion Togo","Aujourd’hui, on sort notre belle tenue décontractée Woodin… et on va faire la fête, parce que c’est le week-end ! 🥳

BON  DIMANCHE ! 

#WoodinFashionTogo",0,"03/29/2026 07:57",https://www.instagram.com/p/DWePcJXgtFS/,"Image IG",,Global,469,320,7,2,0,0,1,,,,,
18111428374801202,17841411124240679,woodinfashiontogo,"Woodin Fashion Togo","« Le succès, ce n’est pas toujours faire de grandes choses…
c’est faire les petites choses avec constance. »

Nouvelle semaine … mais surtout la fin du premier trimestre.

Le temps passe vite, mais une chose est sûre mais ce n’est pas le moment de ralentir. Chaque petit effort que tu fais aujourd’hui compte pour la suite. 💪🏾 On continue d’avancer, à son rythme mais avec détermination. 

Bonne semaine à vous. ❤️

#WoodinFashionTogo",0,"03/31/2026 12:03",https://www.instagram.com/p/DWj1ITgggyw/,"Image IG",,Global,349,231,6,0,0,0,0,,,,,
17846794944689461,17841411124240679,woodinfashiontogo,"Woodin Fashion Togo","« Le succès, ce n’est pas toujours faire de grandes choses…
c’est faire les petites choses avec constance. »

Nouvelle semaine … mais surtout la fin du premier trimestre.

Le temps passe vite, mais une chose est sûre mais ce n’est pas le moment de ralentir. Chaque petit effort que tu fais aujourd’hui compte pour la suite. 💪🏾 On continue d’avancer, à son rythme mais avec détermination. 

Bonne semaine à vous. ❤️

#WoodinFashionTogo",0,"03/31/2026 12:03",https://www.instagram.com/p/DWj1NOGl7iW/,"Carrousel IG",,Global,816,449,25,2,0,0,1,,,,,
17900372883407683,17841411124240679,woodinfashiontogo,"Woodin Fashion Togo","« Le succès, ce n’est pas toujours faire de grandes choses…
c’est faire les petites choses avec constance. »

Nouvelle semaine … mais surtout la fin du premier trimestre.

Le temps passe vite, mais une chose est sûre mais ce n’est pas le moment de ralentir. Chaque petit effort que tu fais aujourd’hui compte pour la suite. 💪🏾 On continue d’avancer, à son rythme mais avec détermination. 

Bonne semaine à vous. ❤️

#WoodinFashionTogo",0,"03/31/2026 12:04",https://www.instagram.com/p/DWj1OtNgq4c/,"Image IG",,Global,472,286,11,3,0,0,1,,,,,
18114496768680146,17841411124240679,woodinfashiontogo,"Woodin Fashion Togo","Nouveau mois… nouvelles résolutions (qu’on va vraiment tenir cette fois 😄)

Avril est là ! Nouvelle énergie, nouveau mindset et nouveau style.

Fais en sorte que ce mois soit différent. ❤️

#WoodinFashionTogo",0,"04/01/2026 03:25",https://www.instagram.com/p/DWlet-AAhaU/,"Image IG",,Global,851,479,13,1,0,0,1,,,,,
18094987070282311,17841411124240679,woodinfashiontogo,"Woodin Fashion Togo","Nouveau mois… nouvelles résolutions (qu’on va vraiment tenir cette fois 😄)

Avril est là ! Nouvelle énergie, nouveau mindset et nouveau style.

Fais en sorte que ce mois soit différent. ❤️

#WoodinFashionTogo",0,"04/01/2026 03:26",https://www.instagram.com/p/DWlez0PAod-/,"Image IG",,Global,709,397,12,1,0,0,2,,,,,
17956920519098620,17841411124240679,woodinfashiontogo,"Woodin Fashion Togo","Nouveau mois… nouvelles résolutions (qu’on va vraiment tenir cette fois 😄)

Avril est là ! Nouvelle énergie, nouveau mindset et nouveau style.

Fais en sorte que ce mois soit différent. ❤️

#WoodinFashionTogo",0,"04/01/2026 03:28",https://www.instagram.com/p/DWlfBILAnnX/,"Image IG",,Global,5750,3355,283,7,12,1,6,,,,,
18092718545141569,17841411124240679,woodinfashiontogo,"Woodin Fashion Togo","Qui a déjà son polo Woodin ?

Si tu ne l’as pas, c’est le moment de passer le shopper !

📍 Boutique Woodin – En face de BIA TOGO
📱 90594255

#WoodinFashionTogo",10,"04/04/2026 02:07",https://www.instagram.com/reel/DWtEHpxgoc6/,"Reel IG",,Global,894,699,46,0,0,1,0,,,,,
18059163671431957,17841411124240679,woodinfashiontogo,"Woodin Fashion Togo","Vous n’avez toujours pas trouvé la tenue pour Pâques ? 😅

Pas de panique, on est là ! Passe en boutique découvrir nos chemises prêt-à-porter.

📍 Boutique Woodin – En face de BIA TOGO
📱 90594255

#WoodinFashionTogo",0,"04/04/2026 04:32",https://www.instagram.com/p/DWtUrglAldL/,"Image IG",,Global,588,373,5,0,0,0,0,,,,,
18063098555369309,17841411124240679,woodinfashiontogo,"Woodin Fashion Togo","Et si cette semaine, tu décidais de t’habiller comme la personne que tu veux devenir ? 

Chez Woodin, on ne vend pas juste des vêtements… On te donne ce petit plus qui fait la différence dans ton quotidien.

Bonne semaine à toi !

Reposté de TikTok : KABRENAKA

#WoodinFashionTogo",50,"04/07/2026 09:54",https://www.instagram.com/reel/DW1k7jOAoHz/,"Reel IG",,Global,688,486,20,1,0,0,0,,,,,
18147848062485907,17841411124240679,woodinfashiontogo,"Woodin Fashion Togo","Ce n’est pas juste une robe qu’on porte. C’est une robe qui te donne une posture.

Si tu cherches une pièce qui fait la différence sans trop d’effort, elle est là.

📍Boutique WOODIN – En face de BIA TOGO
📱 90594255

#WoodinFashionTogo",0,"04/08/2026 08:21",https://www.instagram.com/p/DW4CD8hgkqA/,"Image IG",,Global,452,293,5,0,0,0,2,,,,,
18166318672417495,17841411124240679,woodinfashiontogo,"Woodin Fashion Togo","Ce n’est pas juste une robe qu’on porte. C’est une robe qui te donne une posture.

Si tu cherches une pièce qui fait la différence sans trop d’effort, elle est là.

📍Boutique WOODIN – En face de BIA TOGO
📱 90594255

#WoodinFashionTogo",0,"04/08/2026 08:21",https://www.instagram.com/p/DW4CJn2guTx/,"Image IG",,Global,419,280,5,0,0,0,1,,,,,
18103447298509147,17841411124240679,woodinfashiontogo,"Woodin Fashion Togo","Ce n’est pas juste une robe qu’on porte. C’est une robe qui te donne une posture.

Si tu cherches une pièce qui fait la différence sans trop d’effort, elle est là.

📍Boutique WOODIN – En face de BIA TOGO
📱 90594255

#WoodinFashionTogo",0,"04/08/2026 08:22",https://www.instagram.com/p/DW4CMjyguBr/,"Image IG",,Global,657,429,8,1,0,0,0,,,,,
17882950578513937,17841411124240679,woodinfashiontogo,"Woodin Fashion Togo","Ce n’est pas juste une robe qu’on porte. C’est une robe qui te donne une posture.

Si tu cherches une pièce qui fait la différence sans trop d’effort, elle est là.

📍Boutique WOODIN – En face de BIA TOGO
📱 90594255

#WoodinFashionTogo",0,"04/08/2026 08:22",https://www.instagram.com/p/DW4CP7vAqAp/,"Image IG",,Global,553,384,11,0,0,0,0,,,,,
18082089182091178,17841411124240679,woodinfashiontogo,"Woodin Fashion Togo","Ce n’est pas juste une robe qu’on porte. C’est une robe qui te donne une posture.

Si tu cherches une pièce qui fait la différence sans trop d’effort, elle est là.

📍Boutique WOODIN – En face de BIA TOGO
📱 90594255

#WoodinFashionTogo",0,"04/08/2026 08:22",https://www.instagram.com/p/DW4CSKhAnnA/,"Image IG",,Global,436,298,8,0,0,0,0,,,,,
18066928787680457,17841411124240679,woodinfashiontogo,"Woodin Fashion Togo","Ce n’est pas juste une robe qu’on porte. C’est une robe qui te donne une posture.

Si tu cherches une pièce qui fait la différence sans trop d’effort, elle est là.

📍Boutique WOODIN – En face de BIA TOGO
📱 90594255

#WoodinFashionTogo",0,"04/08/2026 08:24",https://www.instagram.com/p/DW4CcbBAr9-/,"Image IG",,Global,461,341,10,0,0,0,3,,,,,
18545929138067572,17841411124240679,woodinfashiontogo,"Woodin Fashion Togo","Ce n’est pas juste une robe qu’on porte. C’est une robe qui te donne une posture.

Si tu cherches une pièce qui fait la différence sans trop d’effort, elle est là.

📍Boutique WOODIN – En face de BIA TOGO
📱 90594255

#WoodinFashionTogo",0,"04/08/2026 08:24",https://www.instagram.com/p/DW4CfHTgmik/,"Image IG",,Global,571,383,12,0,0,0,0,,,,,
18148379059464965,17841411124240679,woodinfashiontogo,"Woodin Fashion Togo","Ce n’est pas juste une robe qu’on porte. C’est une robe qui te donne une posture.

Si tu cherches une pièce qui fait la différence sans trop d’effort, elle est là.

📍Boutique WOODIN – En face de BIA TOGO
📱 90594255

#WoodinFashionTogo",0,"04/08/2026 08:25",https://www.instagram.com/p/DW4Cl49AgaJ/,"Image IG",,Global,600,390,11,0,0,0,1,,,,,
18071711516635960,17841411124240679,woodinfashiontogo,"Woodin Fashion Togo","Ce n’est pas juste une robe qu’on porte. C’est une robe qui te donne une posture.

Si tu cherches une pièce qui fait la différence sans trop d’effort, elle est là.

📍Boutique WOODIN – En face de BIA TOGO
📱 90594255

#WoodinFashionTogo",0,"04/08/2026 08:26",https://www.instagram.com/p/DW4CqHbghAi/,"Image IG",,Global,562,354,14,0,0,0,0,,,,,
18150821239462085,17841411124240679,woodinfashiontogo,"Woodin Fashion Togo","Vous avez aussi remarqué que le temps fait des caprices ces derniers temps ? 🤔

Pas question de perdre ton style pour autant ! Les pulls Woodin sont là pour te garder au chaud tout en restant élégant 😎

Parce que oui… On peut se protéger du froid et être très bien habillé.

📍 Boutique Woodin – En face de BIA TOGO
📱 90594255

#WoodinFashionTogo",0,"04/13/2026 10:09",https://www.instagram.com/p/DXFGcohgq21/,"Image IG",,Global,373,276,0,0,0,0,0,,,,,
18098948516092774,17841411124240679,woodinfashiontogo,"Woodin Fashion Togo","Vous avez aussi remarqué que le temps fait des caprices ces derniers temps ? 🤔

Pas question de perdre ton style pour autant ! Les pulls Woodin sont là pour te garder au chaud tout en restant élégant 😎

Parce que oui… On peut se protéger du froid et être très bien habillé.

📍 Boutique Woodin – En face de BIA TOGO
📱 90594255

#WoodinFashionTogo",0,"04/13/2026 10:10",https://www.instagram.com/p/DXFGjEngtgv/,"Image IG",,Global,335,247,5,0,0,0,0,,,,,
18595282585017554,17841411124240679,woodinfashiontogo,"Woodin Fashion Togo","Vous avez aussi remarqué que le temps fait des caprices ces derniers temps ? 🤔

Pas question de perdre ton style pour autant ! Les pulls Woodin sont là pour te garder au chaud tout en restant élégant 😎

Parce que oui… On peut se protéger du froid et être très bien habillé.

📍 Boutique Woodin – En face de BIA TOGO
📱 90594255

#WoodinFashionTogo",0,"04/13/2026 10:11",https://www.instagram.com/p/DXFGsNuAi13/,"Image IG",,Global,307,218,0,0,0,0,0,,,,,
17883194526535959,17841411124240679,woodinfashiontogo,"Woodin Fashion Togo","Vous avez aussi remarqué que le temps fait des caprices ces derniers temps ? 🤔

Pas question de perdre ton style pour autant ! Les pulls Woodin sont là pour te garder au chaud tout en restant élégant 😎

Parce que oui… On peut se protéger du froid et être très bien habillé.

📍 Boutique Woodin – En face de BIA TOGO
📱 90594255

#WoodinFashionTogo",0,"04/13/2026 10:12",https://www.instagram.com/p/DXFGxi1Ahho/,"Image IG",,Global,322,230,5,0,0,0,0,,,,,
18078737585231149,17841411124240679,woodinfashiontogo,"Woodin Fashion Togo","Vous avez aussi remarqué que le temps fait des caprices ces derniers temps ? 🤔

Pas question de perdre ton style pour autant ! Les pulls Woodin sont là pour te garder au chaud tout en restant élégant 😎

Parce que oui… On peut se protéger du froid et être très bien habillé.

📍 Boutique Woodin – En face de BIA TOGO
📱 90594255

#WoodinFashionTogo",0,"04/13/2026 10:12",https://www.instagram.com/p/DXFG3Ajlzsb/,"Carrousel IG",,Global,582,334,8,0,0,0,0,,,,,
17915481672349906,17841411124240679,woodinfashiontogo,"Woodin Fashion Togo","Vous avez aussi remarqué que le temps fait des caprices ces derniers temps ? 🤔

Pas question de perdre ton style pour autant ! Les pulls Woodin sont là pour te garder au chaud tout en restant élégant 😎

Parce que oui… On peut se protéger du froid et être très bien habillé.

📍 Boutique Woodin – En face de BIA TOGO
📱 90594255

#WoodinFashionTogo",0,"04/13/2026 10:13",https://www.instagram.com/p/DXFG4uGgqct/,"Image IG",,Global,382,240,9,0,0,0,1,,,,,
18073658306241479,17841411124240679,woodinfashiontogo,"Woodin Fashion Togo","TENDRESSE DE WOODIN - NOUVELLE COLLECTION 🤍

Il y a des tissus qu’on porte…
et d’autres qui nous font simplement du bien.

Avec Tendresse de Woodin, découvrez une collection douce, élégante et facile à porter au quotidien. Une collection pensée pour vous accompagner dans vos moments simples, comme dans les plus beaux.

La nouvelle collection est disponible en boutique ! 

📍 Boutique Woodin – En face de BIA TOGO
📱 90594255

#WoodinFashionTogo",0,"04/17/2026 12:24",https://www.instagram.com/p/DXPpDxHgsaT/,"Image IG",,Global,383,233,3,0,0,0,0,,,,,
18097784561038045,17841411124240679,woodinfashiontogo,"Woodin Fashion Togo","Il y a des moments où tu sens que quelque chose de nouveau commence… Et si c’était maintenant ?

La collection Tendresse est enfin là. Des tissus pensés pour accompagner tes plus beaux moments… et ceux que tu n’as pas encore vécus.

C’est le moment de découvrir nos nouveautés !

📍 Boutique Woodin – En face de BIA TOGO
📱 90594255

#WoodinFashionTogo",16,"04/21/2026 04:36",https://www.instagram.com/reel/DXZGtGbgn6n/,"Reel IG",,Global,792,504,24,1,0,0,0,,,,,
18200254735345966,17841411124240679,woodinfashiontogo,"Woodin Fashion Togo","Le rendez-vous est pris !

Retrouvez-nous chaque jeudi à 12H30 en live sur Woodin Fashion Togo. 

Offres exclusives, découverte des motifs de la nouvelle collection « Tendresse de Woodin »… et bien plus encore.

Ne manquez pas ça !

#WoodinFashion #LiveShopping #TendresseDeWoodin",0,"04/22/2026 11:56",https://www.instagram.com/p/DXcd0bogq5z/,"Image IG",,Global,487,313,3,0,0,0,0,,,,,
18094807214153434,17841411124240679,woodinfashiontogo,"Woodin Fashion Togo","En ce jour de célébration nationale, on rend hommage à l’histoire, à la culture et à la fierté de notre belle nation.

Bonne fête de l’Indépendance à tous les Togolais 🇹🇬

#WoodinFashionTogo #FeteDeLIndependance #Togo #FierteNationale #CultureAfricaine",0,"04/27/2026 05:55",https://www.instagram.com/p/DXosheiigWt/,"Image IG",,Global,724,464,18,2,0,0,1,,,,,
17878460571433812,17841411124240679,woodinfashiontogo,"Woodin Fashion Togo","Même quand personne ne remarque vos efforts, continuez.

Les plus belles réussites commencent souvent dans le silence. 

#WoodinFashionTogo",0,"04/28/2026 03:06",https://www.instagram.com/p/DXq9__qgrLG/,"Image IG",,Global,806,516,23,1,0,1,1,,,,,
17875923552597277,17841411124240679,woodinfashiontogo,"Woodin Fashion Togo","Tous ces motifs sont encore disponibles en boutique.

Entre couleurs douces, imprimés élégants et styles qui attirent le regard, il y a forcément un tissu fait pour votre prochaine couture.

Passez en boutique avant la rupture de stock et avant le coup de cœur. 🤭

📍 Boutique Woodin – En face de BIA TOGO
📱 90594255

#WoodinFashionTogo",30,"04/28/2026 11:28",https://www.instagram.com/reel/DXr3Y41AohK/,"Reel IG",,Global,864,595,35,1,0,1,0,,,,,
17867502345672490,17841411124240679,woodinfashiontogo,"Woodin Fashion Togo","Bonne fête à tous ceux qui se lèvent chaque jour pour construire leurs rêves.

Que cette journée vous apporte repos, fierté et encore plus de motivation pour la suite.

Belle fête des travailleurs.

L’équipe Woodin Fashion Togo.

#WoodinFashionTogo",0,"05/01/2026 02:28",https://www.instagram.com/p/DXyn85EAkeL/,"Image IG",,Global,807,513,17,1,0,0,0,,,,,
18049033268738983,17841411124240679,woodinfashiontogo,"Woodin Fashion Togo","On se retrouve en LIVE cette semaine sur notre compte TikTok.

Mardi & jeudi à 12H30… soyez au rendez-vous !

#WoodinFashion #LiveShopping #TendresseDeWoodin",0,"05/05/2026 05:54",https://www.instagram.com/p/DX9Sw9DitKb/,"Image IG",,Global,575,352,5,0,0,0,0,,,,,
18078973376335144,17841411124240679,woodinfashiontogo,"Woodin Fashion Togo","Toute une vie à prendre soin des autres, à aimer sans compter et à être présente même dans le silence …❤️

Et si pour cette fête des mères, vous lui offrez un peu de la tendresse qu’elle donne chaque jour ?

Passez en boutique découvrir la Collection Tendresse et trouvez le cadeau qui lui fera vraiment plaisir.

📍 Boutique Woodin – En face de BIA TOGO
📱 90594255

#WoodinFashionTogo",0,"05/12/2026 11:09",https://www.instagram.com/p/DYP4VaTi6LU/,"Image IG",,Global,719,444,29,3,0,1,1,,,,,
18105197434945816,17841411124240679,woodinfashiontogo,"Woodin Fashion Togo","Parce qu’il y a des amours qu’on ne sait pas toujours mettre en mots…

WOODIN a essayé de le faire pour vous. 🤍 Regardez. Ressentez. Et offrez ce que les mots ne suffisent pas à dire.

📍 Boutique Woodin – En face de BIA TOGO
📱 90594255

#WoodinFashionTogo #TendresseDeWoodin #FeteDesMeres",45,"05/18/2026 13:21",https://www.instagram.com/reel/DYfkM6eiRjv/,"Reel IG",,Global,1125,788,42,0,0,1,0,,,,,
17938801602234007,17841411124240679,woodinfashiontogo,"Woodin Fashion Togo","Elle a tout donné sans jamais rien demander.

Offrez-lui quelque chose qu’elle mettra le dimanche matin en pensant à vous. 🤍

Un tissu WOODIN. Une tenue. Un souvenir porté sur elle. 

✅ TISSU DISPONIBLE EN BOUTIQUE !
📍 Boutique Woodin – En face de BIA TOGO
📱 90594255

#WoodinFashionTogo #TendresseDeWoodin #FeteDesMeres",0,"05/19/2026 03:41",https://www.instagram.com/p/DYhGsDHipfj/,"Image IG",,Global,1527,873,36,2,0,0,8,,,,,
18087202559367061,17841411124240679,woodinfashiontogo,"Woodin Fashion Togo","Aujourd’hui on a une idée cadeau que vous devez offrir aux jeunes mamans smart qui ne sacrifient pas leur style. 🤭

Le polo WOODIN, et peu importe sa couleur préférée, on l’a en boutique. 😎 

Confortable, stylé, parfaitement elle. Ce cadeau-là, elle va le porter et penser à vous à chaque fois. 😄

📍 Boutique Woodin – En face de BIA TOGO
📱 90594255

#WoodinFashionTogo #PretaporterWoodin #FeteDesMeres #PoloWoodin",0,"05/20/2026 04:08",https://www.instagram.com/p/DYjunDsl2AX/,"Carrousel IG",,Global,1064,592,25,0,0,0,3,,,,,
17989156514978335,17841411124240679,woodinfashiontogo,"Woodin Fashion Togo","Demain on est en LIVE sur TikTok et c’est le rendez-vous à ne pas rater !

Jeudi 21 mai à partir de 12H30 sur notre page TikTok WOODIN FASHION TOGO
Au programme : Des idées cadeaux pour maman, nos articles féminins.

Vous cherchez quoi offrir pour la fête des mères ? On vous aide à trouver le cadeau parfait en direct. Shopez depuis chez vous, posez vos questions, on est là pour vous. 

Et si vous n’êtes pas encore abonnés à notre TikTok, c’est le moment ! 👇🏾

✅ https://www.tiktok.com/@woodinfashiontogo?_r=1&_t=ZS-96SLKPymTjQ
🔔 Activez la cloche de notification pour ne rien rater de toutes nos nouveautés.

On vous attend nombreux ! 

#WoodinFashionTogo #WoodinLive #FeteDesMeres #TikTokLive #CadeauMaman",0,"05/20/2026 10:32",https://www.instagram.com/p/DYkaeMhC5KU/,"Image IG",,Global,523,328,7,1,0,0,1,,,,,
17918215860162830,17841411124240679,woodinfashiontogo,"Woodin Fashion Togo","Le parfum générique, 😒 le foulard acheté à la va-vite, 😒 le « j’avais pas le temps » emballé dans un sac plastique. 😒

Souvent elle ne dit rien, mais elle sait. Cette année, faites mieux. Pas forcément plus cher, mais juste plus vrai. Un tissu Woodin choisie avec soin, c’est lui dire : « Je t’ai pensée. Je t’ai vue. Tu mérites ce qu’il y a de beau. »

Il est encore temps. Passez en boutique ou commandez en DM.

📍 Boutique Woodin – En face de BIA TOGO
📱 90594255

#WoodinFashionTogo #IdeeCadeau #FeteDesMeres",0,"05/22/2026 06:34",https://www.instagram.com/p/DYpI4LXiEJY/,"Image IG",,Global,798,471,13,0,1,0,1,,,,,
18119498236673961,17841411124240679,woodinfashiontogo,"Woodin Fashion Togo","À l’occasion de la fête des mères,  Woodin vous gâte ! 🤩🥰

Cette année, nous avons décidé de faire encore mieux ! Pour tout achat à partir de 50.000F, une pochette griffée Woodin vous est offerte.

C’est le moment idéal pour faire plaisir à maman avec l’élégance.

Et si vous ne pouvez pas vous déplacer, notre service de livraison reste disponible pour vous servir ! 🚚

📅 Offre valable jusqu’au samedi 30 mai.

📍 Boutique Woodin – En face de BIA TOGO
📱 90594255

#WoodinFashionTogo #OffreFeteDesMeres #FeteDesMeres",0,"05/23/2026 02:15",https://www.instagram.com/p/DYrP89OiWp4/,"Image IG",,Global,481,314,9,0,0,1,0,,,,,
18104124596067887,17841411124240679,woodinfashiontogo,"Woodin Fashion Togo","En ce jour de Pentecôte, on vous souhaite une fête remplie de grâce, de joie et de paix.

Que ce soit un jour de rassemblement, de douceur, et de beaux souvenirs partagés en famille. 🙏🏾

Joyeuse Pentecôte à toutes et à tous.

#WoodinFashionTogo #Pentecote2026",0,"05/24/2026 03:05",https://www.instagram.com/p/DYt6giAis1k/,"Image IG",,Global,375,238,13,0,0,0,0,,,,,
18100956946844942,17841411124240679,woodinfashiontogo,"Woodin Fashion Togo","C’est ça, la Tabaski. 🥳

Aïd Moubarak à toutes et à tous ! Que cette fête vous apporte joie, paix et abondance. 🌙

#WoodinFashionTogo #Tabaski2026 #AïdMoubarak",25,"05/27/2026 02:06",https://www.instagram.com/reel/DY1iGLwCIxL/,"Reel IG",,Global,479,403,9,2,0,0,0,,,,,
18091139603577222,17841411124240679,woodinfashiontogo,"Woodin Fashion Togo","C’est ça, la Tabaski. 🥳

Aïd Moubarak à toutes et à tous ! Que cette fête vous apporte joie, paix et abondance. 🌙

#WoodinFashionTogo #Tabaski2026 #AïdMoubarak",0,"05/27/2026 02:06",https://www.instagram.com/p/DY1iM-5iOfU/,"Image IG",,Global,514,348,13,0,0,0,0,,,,,
17916062841182750,17841411124240679,woodinfashiontogo,"Woodin Fashion Togo","C’est ça, la Tabaski. 🥳

Aïd Moubarak à toutes et à tous ! Que cette fête vous apporte joie, paix et abondance. 🌙

#WoodinFashionTogo #Tabaski2026 #AïdMoubarak",22,"05/27/2026 02:22",https://www.instagram.com/reel/DY1iUKcC2hX/,"Reel IG",,Global,710,548,28,0,0,0,1,,,,,
18165784630434837,17841411124240679,woodinfashiontogo,"Woodin Fashion Togo","🌙🕌

#WoodinFashionTogo #Tabaski2026 #AïdMoubarak",0,"05/28/2026 03:19",https://www.instagram.com/p/DY4PSNgF__k/,"Carrousel IG",,Global,641,348,16,0,0,0,1,,,,,
17904282921266003,17841411124240679,woodinfashiontogo,"Woodin Fashion Togo","🌙🕌

#WoodinFashionTogo #Tabaski2026 #AïdMoubarak",25,"05/28/2026 03:20",https://www.instagram.com/reel/DY4PWLaCuIJ/,"Reel IG",,Global,631,515,11,2,0,0,1,,,,,
18118984531688475,17841411124240679,woodinfashiontogo,"Woodin Fashion Togo","Vous êtes loin ? Vous avez l’embarras de choix ? Vous voulez qu’elle choisisse elle-même ?

La carte-cadeau Woodin , c’est le cadeau sans fausse note. Elle entre en boutique, elle choisit ce qui lui ressemble, et elle repart avec quelque chose qu’elle a vraiment envie de porter.

✅ DISPONIBLES DE 21.000F à 100.000F EN BOUTIQUE !
📍 Boutique Woodin – En face de BIA TOGO
📱 90594255

#WoodinFashionTogo #CarteCadeauWoodin #FeteDesMeres",0,"05/29/2026 10:24",https://www.instagram.com/p/DY7kvyXCqla/,"Image IG",,Global,438,290,6,0,0,0,0,,,,,
18587650342024437,17841411124240679,woodinfashiontogo,"Woodin Fashion Togo","On a tous grandi avec ces phrases. 🤣 Et on les aime pour ça. ❤️

Dites-nous en commentaire celle qu’on te dis sans arrêt. 

#WoodinFashionTogo #FeteDesMeres",0,"05/29/2026 11:00",https://www.instagram.com/p/DY7o2hNl2b_/,"Carrousel IG",,Global,150791,72639,7392,2724,495,125,758,,,,,
17974862822878510,17841411124240679,woodinfashiontogo,"Woodin Fashion Togo","Saviez-vous que nous avons une offre en boutique pour la fête des mères ? 

Pour tout achat à partir de 50 000 F, une pochette griffée WOODIN vous est offerte. 

Oui. Offerte. Maman le mérite et vous aussi pour y avoir pensé. 😄
L’offre est disponible jusqu’à la veille de la fête des mères. Ne passez pas à côté.

📍 Boutique Woodin – En face de BIA TOGO
📱 90594255

#WoodinFashionTogo #TendresseDeWoodin #FeteDesMeres",0,"05/29/2026 11:14",https://www.instagram.com/p/DY7qgyQl690/,"Carrousel IG",,Global,807,486,9,0,0,0,0,,,,,
17883410388583579,17841411124240679,woodinfashiontogo,"Woodin Fashion Togo","La maman biologique, la marraine qui a veillé, la grande sœur qui a élevé, la grand-mère qui a tout tenu, la maman de cœur. Celle qui n’a pas porté mais qui a tout donné quand même.

Aujourd’hui, Woodin célèbre toutes les formes que peut prendre l’amour d’une maman. Parce que ce qui compte, ce n’est pas le titre. C’est la présence, c’est l’amour, c’est elle.

Dites-le lui. Habillez-la. Fêtez-la. ❤️

#WoodinFashionTogo #ToutesLesMamans #FeteDesMeres",0,"05/30/2026 03:45",https://www.instagram.com/p/DY9b1l4F5Pp/,"Carrousel IG",,Global,2741,1380,95,0,0,0,5,,,,,
18014302883887467,17841411124240679,woodinfashiontogo,"Woodin Fashion Togo","On est allés poser la question dans la rue sur les mamans … et les réponses nous ont touchés. 🎙️

Regardez ce que les gens ont répondu. Peut-être que vous vous reconnaîtrez dans leurs mots. Peut-être que ça vous rappellera quelqu’un.

Bonne fête des mères à toutes les mamans. 

#WoodinFashionTogo #MicroTrottoir #FeteDesMeres2026",191,"05/30/2026 12:10",https://www.instagram.com/reel/DY-VOx8C8Ia/,"Reel IG",,Global,1153,772,69,4,3,6,1,,,,,
18037211825615516,17841411124240679,woodinfashiontogo,"Woodin Fashion Togo","De la part de toute l’équipe Woodin Fashion Togo, nous souhaitons une belle et joyeuse fête des mères à toutes les mamans du monde. 

À celles qui sont là. À celles qu’on a perdues. À celles qu’on porte dans le cœur.

Merci pour tout. 🤍

#WoodinFashionTogo #BonneFeteDesMeres #MamanMerci",0,"05/31/2026 02:36",https://www.instagram.com/p/DY_4rwxigNx/,"Image IG",,Global,637,419,13,1,0,0,0,,,,,
18038550293799631,17841411124240679,woodinfashiontogo,"Woodin Fashion Togo","Juin est là. 

Ce mois-ci, on vous souhaite de la clarté, de l’énergie et de belles surprises.

Avancez avec confiance et habillez-vous bien pendant que vous y êtes. 😉🤍

Bon mois de Juin à toutes et à tous !

#WoodinFashionTogo #BonMoisDeJuin #Motivation",0,"06/03/2026 03:14",https://www.instagram.com/p/DZHrgd7F8B9/,"Carrousel IG",,Global,562,298,9,0,0,0,0,,,,,
17994039974791219,17841411124240679,woodinfashiontogo,"Woodin Fashion Togo","Pour le bureau, il faut être impeccable. Et ça commence par la chemise. 

Le genre de chemise qu’on remarque en réunion, et il te la faut !

📍 Boutique Woodin – En face de BIA TOGO
📱 90594255

#WoodinFashionTogo",0,"06/05/2026 05:02",https://www.instagram.com/p/DZNBe1plzZI/,"Carrousel IG",,Global,732,365,9,1,0,0,0,,,,,
18105818434995410,17841411124240679,woodinfashiontogo,"Woodin Fashion Togo","Vous avez oublié la fête des mères ? On ne vous juge pas. 😅

Mais sachez qu’il n’est jamais trop tard pour faire plaisir à maman.
Un beau tissu woodin, une carte-cadeau, c’est un cadeau qu’elle recevra avec le même sourire, fête des mères ou pas.

Parce que maman mérite d’être gâtée toute l’année. 🤍

📍 Boutique Woodin – En face de BIA TOGO
📱 90594255

#WoodinFashionTogo",25,"06/05/2026 06:17",https://www.instagram.com/reel/DZNJ8fhCKlK/,"Reel IG",,Global,678,555,13,1,0,0,0,,,,,
17886949392394967,17841411124240679,woodinfashiontogo,"Woodin Fashion Togo","Papa mérite parfois qu’on pense à lui avant qu’il ne pense à tout le monde.

Alors cette année, offrez-lui une chemise qui est à la hauteur de ce qu’il est. 🤍

📍 Boutique Woodin – En face de BIA TOGO
📱 90594255

#WoodinFashionTogo #FêteDesPeres CadeauPapa",0,"06/09/2026 05:03",https://www.instagram.com/p/DZXUxqmChD1/,"Carrousel IG",,Global,736,414,14,1,0,0,0,,,,,
18004233761750567,17841411124240679,woodinfashiontogo,"Woodin Fashion Togo","La fête des pères c’est dans 2 semaines exactement. Et si vous n’avez pas encore pensé à ce que vous allez offrir à papa, c’est maintenant qu’il faut commencer à y réfléchir. 😄

Chez Woodin, on a ce qu’il faut pour papa. Venez choisir en boutique ou glissez en DM. On vous aide à trouver ce qui lui ira parfaitement. 

📍 Boutique Woodin – En face de BIA TOGO
📱 90594255

#WoodinFashionTogo #FêteDesPeres #CadeauPapa",0,"06/10/2026 05:10",https://www.instagram.com/p/DZZ6UkMCtHP/,"Image IG",,Global,414,265,10,0,0,0,0,,,,,
18016145177699757,17841411124240679,woodinfashiontogo,"Woodin Fashion Togo","Ce que papa veut vraiment pour la fête des pères, ce n’est pas grande chose. 🤭

La paix, un bon repas, que personne ne lui demande de l’argent ce jour-là. 😂 Mais puisqu’on ne peut pas lui garantir tout ça, on peut au moins lui offrir une belle tenue Woodin pour qu’il soit le plus élégant.

📍 Boutique Woodin – En face de BIA TOGO
📱 90594255

#WoodinFashionTogo #FeteDesPeres #CadeauPapa",0,"06/11/2026 10:34",https://www.instagram.com/p/DZdELYxiSy8/,"Image IG",,Global,817,476,16,1,0,0,0,,,,,
18467185894108751,17841411124240679,woodinfashiontogo,"Woodin Fashion Togo","Les pères nous inspirent, nous guident et nous accompagnent chaque jour. ❤️

Cette année, dites-lui merci avec un cadeau qui reflète toute votre admiration.

Profitez de notre offre spéciale Fête des Pères : 10 000 F CFA de réduction sur l’achat de 2 pièces prêt-à-porter dont 1 polo Du 12 au 20 juin 2026.

📍 BOUTIQUE WOODIN – En face de BIA Togo.
📱 90594255

#WoodinFashionTogo #OffreFeteDesPeres #FeteDesPeres",0,"06/12/2026 04:40",https://www.instagram.com/p/DZfAh1Qi3RW/,"Image IG",,Global,663,401,14,0,0,0,0,,,,,
17879095911669254,17841411124240679,woodinfashiontogo,"Woodin Fashion Togo","Il n’y a rien de plus beau qu’un père et son fils assortis. 

Même tissu. Même énergie. Deux générations, un seul style. On a les tissus parfaits pour créer ces tenues assorties. 🤭

📍 Boutique Woodin – En face de BIA TOGO
📱 90594255

#WoodinFashionTogo #FêteDesPeres #CadeauPapa",0,"06/13/2026 04:20",https://www.instagram.com/p/DZhiy_RiTbJ/,"Image IG",,Global,1127,692,26,2,0,0,0,,,,,
18111689977931671,17841411124240679,woodinfashiontogo,"Woodin Fashion Togo","🚨 C’EST L’OFFRE À NE PAS NÉGLIGER EN CE MOMENT 🚨

Concrètement, vous offrez deux beaux articles à papa et vous économisez 10 000F. C’est le genre d’offre qui ne se refuse pas. 🤭

⏰ L’offre est valable jusqu’à samedi seulement.

📍 Boutique Woodin – En face de BIA TOGO
📱 90594255

#WoodinFashionTogo #FeteDesPeres #CadeauPapa #PromoFeteDesPeres",0,"06/16/2026 05:37",https://www.instagram.com/p/DZpaJYgCPwL/,"Image IG",,Global,630,409,10,1,0,0,1,,,,,
17873596173681318,17841411124240679,woodinfashiontogo,"Woodin Fashion Togo","Calme toute la journée.

Dès que le match commence, la maison s’ambiance. 🕺🏽 On connaît tous un papa comme ça. 😂

Taguez-le en commentaire.

#WoodinFashionTogo",0,"06/16/2026 06:53",https://www.instagram.com/p/DZpi06QiF69/,"Image IG",,Global,447,299,9,0,0,0,0,,,,,
18007870652920217,17841411124240679,woodinfashiontogo,"Woodin Fashion Togo","Pas le temps de passer en boutique cette semaine ? On vient chez vous. 😄
Choisissez le cadeau de papa depuis chez vous, on vous livre directement.

La fête des pères c’est samedi, ne laissez pas le temps décider pour vous. ⏰

Contactez-nous en DM et on s’occupe du reste.

📍 Boutique Woodin – En face de BIA TOGO
📱 90594255

#WoodinFashionTogo #FeteDesPeres #CadeauPapa #LivraisonWoodin",0,"06/17/2026 03:18",https://www.instagram.com/p/DZrvDyeiZVz/,"Image IG",,Global,352,217,7,0,0,0,0,,,,,
17938406346084236,17841411124240679,woodinfashiontogo,"Woodin Fashion Togo","Quand la fratrie s'unit et se met d’accord, vous pouvez lui offrir quelque chose qu’il n’oubliera pas.

Appelez vos frères et sœurs. Mettez-vous d’accord, et passez ensemble en boutique cette semaine. On vous reçoit avec plaisir.

📍 Boutique Woodin – En face de BIA TOGO
📱 90594255

#WoodinFashionTogo FeteDesPeres CadeauPapa PromoFeteDesPeres",0,"06/18/2026 05:06",https://www.instagram.com/p/DZugPtGCOpS/,"Image IG",,Global,562,335,11,1,0,0,1,,,,,
18085069958430311,17841411124240679,woodinfashiontogo,"Woodin Fashion Togo","Dimanche c’est la fête des pères. Et demain l’offre se termine.

2 pièces de prêt-à-porter Woodin dont un polo = 10 000 FCFA de réduction.

Si vous attendiez le bon moment. c’est maintenant. Aujourd’hui. Pas demain soir à la dernière minute. 😄

📍 Boutique Woodin – En face de BIA TOGO
📱 90594255

#WoodinFashionTogo #FêteDesPeres #CadeauPapa #PromoFêteDesPeres",0,"06/19/2026 05:44",https://www.instagram.com/p/DZxJTEnCF0u/,"Image IG",,Global,616,390,12,0,0,0,0,,,,,
18207102433352023,17841411124240679,woodinfashiontogo,"Woodin Fashion Togo","On est allés poser la question dans la rue sur les papas et les réponses nous ont touchés. 🤍

Regardez la vidéo. Peut-être que vous vous reconnaîtrez dans leurs mots. Et si ça vous donne envie de lui faire plaisir ce weekend, on est là. 😄

📍 Boutique Woodin – En face de BIA TOGO
📱90594255

#WoodinFashionTogo #Papa #CadeauPapa #FeteDesPeres",197,"06/21/2026 08:59",https://www.instagram.com/reel/DZ2mL1biyw0/,"Reel IG",,Global,697,490,30,2,0,0,1,,,,,
17894163939515563,17841411124240679,woodinfashiontogo,"Woodin Fashion Togo","Bonne nouvelle pour ceux qui n’ont pas encore eu l’occasion d’en profiter. 
Notre chèque cadeau spécial fête des pères est toujours disponible, mais en très petite quantité, et seulement jusqu’à la fin du mois de juin. 

Contrairement à nos chèques-cadeaux ordinaires qui démarrent à 21 000 FCFA, celui-ci est pensé pour être accessible à tout le monde. Si vous n’avez pas encore eu le vôtre, c’est le moment !

📍 Boutique Woodin – En face de BIA TOGO
📱 90594255

#WoodinFashionTogo #ChequeCadeau",0,"06/23/2026 05:56",https://www.instagram.com/p/DZ7d6BfCmtp/,"Image IG",,Global,612,401,8,1,0,0,0,,,,,
17973549296900171,17841411124240679,woodinfashiontogo,"Woodin Fashion Togo","La fête des pères est passée, mais on a quand même pensé à vous. 🤍

Vous n’avez pas eu le temps de faire un cadeau à papa ? Pas de panique. Nos chèques-cadeaux spéciaux sont encore disponibles en boutique.

Venez les récupérer en boutique; en quantité limitée.

📍 Boutique Woodin – En face de BIA TOGO
📱 90594255

#WoodinFashionTogo #ChequeCadeau",0,"06/25/2026 05:44",https://www.instagram.com/p/DaAmIA9C1rm/,"Image IG",,Global,658,400,15,0,0,0,0,,,,,
18057189749739886,17841411124240679,woodinfashiontogo,"Woodin Fashion Togo","Petit rappel pour ne pas nous rater. 🙃

Voici nos horaires d’ouverture habituelles. Passez nous voir, on a hâte de vous accueillir en boutique !

📍 Boutique Woodin – En face de BIA TOGO
📱 90594255

#WoodinFashionTogo",0,"07/01/2026 04:37",https://www.instagram.com/p/DaP7Ni8CJby/,"Image IG",,Global,1180,634,32,1,1,0,2,,,,,
18081489236218648,17841411124240679,woodinfashiontogo,"Woodin Fashion Togo","Une seule jupe, mille possibilités. 😎

Voici 5 façons de styliser votre jupe en tissu Woodin. Laquelle vous tente le plus ? Dites-le en commentaire. 👇🏾

TISSUS DISPONIBLES EN BOUTIQUE 

📍 Boutique Woodin – En face de BIA TOGO
📱 90594255

#WoodinFashionTogo #OutfitIdea #Outfit",0,"07/03/2026 12:47",https://www.instagram.com/p/DaV87_ZEcgz/,"Carrousel IG",,Global,2153,1073,68,8,3,2,11,,,,,
17865936993633659,17841411124240679,woodinfashiontogo,"Woodin Fashion Togo","Message très important à ne pas oublier. 💁🏾‍♀️

#WoodinFashionTogo #Trending #Newjacking",0,"07/04/2026 03:09",https://www.instagram.com/p/DaXfURKiAYa/,"Image IG",,Global,3395,1933,104,2,3,2,3,,,,,
18078738008663548,17841411124240679,woodinfashiontogo,"Woodin Fashion Togo","Pour celles qui aiment les ensembles qui ont du peps. 🌈

Pantalon-haut assorti ou combinaison complète ? Nos tissus colorés se prêtent à toutes vos envies.

📍 Boutique Woodin – En face de BIA TOGO
📱 90594255

#WoodinFashionTogo",0,"07/08/2026 05:23",https://www.instagram.com/p/DaiCKJmF948/,"Carrousel IG",,Global,1509,898,41,4,0,0,7,,,,,
18166680595445118,17841411124240679,woodinfashiontogo,"Woodin Fashion Togo","Les vacances sont officiellement là. 🎉

Et chez Woodin, on a décidé qu’elles commenceraient en couleur. 
C’est le moment de porter ce qu’on n’ose pas le reste de l’année.

📍 Boutique Woodin – En face de BIA TOGO
📱 90594255

#WoodinFashionTogo",0,"07/10/2026 13:11",https://www.instagram.com/p/DaoBMr1xT7q/,"Image IG",,Global,726,434,18,1,0,0,1,,,,,
18070474886392647,17841411124240679,woodinfashiontogo,"Woodin Fashion Togo","Ce qui est fascinant avec le tissu Woodin, c’est que deux personnes peuvent acheter exactement le même motif et coudre deux tenues complètement différentes.

Une robe longue, une jupe, un ensemble, une combinaison, tout dépend de vous.

Lequel de ces modèles vous inspire ?

📍 Boutique Woodin – En face de BIA TOGO
📱 90594255

#WoodinFashionTogo",0,"07/10/2026 13:12",https://www.instagram.com/p/DaoBYfLEfOG/,"Carrousel IG",,Global,1170,640,25,1,0,0,1,,,,,
18062640194720970,17841411124240679,woodinfashiontogo,"Woodin Fashion Togo","Une nouvelle semaine, un nouveau motif à porter. 🤭

On commence celle-ci avec de l’énergie, de la couleur et de belles choses à vous montrer. Restez connectés, cette semaine on a des choses pour vous. 😌

#WoodinFashionTogo #VibesVacances",0,"07/14/2026 07:47",https://www.instagram.com/p/DaxvXXAjBCy/,"Carrousel IG",,Global,1116,518,34,1,0,0,0,,,,,
17997832517989584,17841411124240679,woodinfashiontogo,"Woodin Fashion Togo","Soyons honnêtes, il y a ceux qui sont déjà à la plage en train de siroter quelque chose de frais.

Et il y a ceux qui lisent ce post depuis leur bureau en faisant semblant de travailler. 😂 Dans quel camp vous êtes ? Dites-le en commentaire.

Dans tous les cas, une belle tenue Woodin s’impose. 😎

📍 Boutique Woodin – En face de BIA TOGO
📱 90594255

#WoodinFashionTogo",0,"07/15/2026 04:07",https://www.instagram.com/p/Daz67g7jIXs/,"Carrousel IG",,Global,1048,507,23,0,0,0,2,,,,,
18235357420315258,17841411124240679,woodinfashiontogo,"Woodin Fashion Togo","On a reçu des t-shirts et on n’en revient pas tellement c’est beau. 😍

Des modèles tendance, des coupes modernes, des couleurs qui parlent d’elles-mêmes. Le genre de t-shirt qu’on met le matin sans réfléchir et qu’on porte toute la journée avec le sourire. 😄

📍 Boutique Woodin – En face de BIA TOGO
📱 90594255

#WoodinFashionTogo",0,"07/24/2026 04:49",https://www.instagram.com/p/DbLK71-F0zl/,"Carrousel IG",,Global,464,217,4,0,0,0,1,,,,,
18057212543765991,17841411124240679,woodinfashiontogo,"Woodin Fashion Togo","On a reçu des t-shirts et on n’en revient pas tellement c’est beau. 😍

Des modèles tendance, des coupes modernes, des couleurs qui parlent d’elles-mêmes. Le genre de t-shirt qu’on met le matin sans réfléchir et qu’on porte toute la journée avec le sourire. 😄

📍 Boutique Woodin – En face de BIA TOGO
📱 90594255

#WoodinFashionTogo",0,"07/24/2026 05:01",https://www.instagram.com/p/DbLMWJAF216/,"Carrousel IG",,Global,454,215,7,0,0,0,1,,,,,
18112038146071895,17841411124240679,woodinfashiontogo,"Woodin Fashion Togo","On a reçu des t-shirts et on n’en revient pas tellement c’est beau. 😍

Des modèles tendance, des coupes modernes, des couleurs qui parlent d’elles-mêmes. Le genre de t-shirt qu’on met le matin sans réfléchir et qu’on porte toute la journée avec le sourire. 😄

📍 Boutique Woodin – En face de BIA TOGO
📱 90594255

#WoodinFashionTogo",0,"07/24/2026 05:02",https://www.instagram.com/p/DbLMd_UF7bA/,"Carrousel IG",,Global,621,285,13,0,0,0,1,,,,,
17999452883991917,17841411124240679,woodinfashiontogo,"Woodin Fashion Togo","3 façons de porter la nouvelle robe prêt-à-porter Woodin

Et vous, vous la porteriez comment ? 

✅ ROBE DISPONIBLE EN BOUTIQUE !
📍 Boutique Woodin – En face de BIA TOGO
📱 90594255

#WoodinFashionTogo",0,"07/30/2026 07:25",https://www.instagram.com/p/Dba5lPOF-6C/,"Carrousel IG",,Global,1130,564,15,0,0,0,1,,,,,
17876191341536115,17841411124240679,woodinfashiontogo,"Woodin Fashion Togo","On va être honnêtes. 🤭

C’est le genre de robe que tu essaies juste pour voir… et tu ne veux plus l’enlever.

C’est fluide, c’est féminin, et surtout… elle ne fait pas déjà vu.

DISPONIBLE EN DIFFÉRENTES TAILLES 

📍Boutique WOODIN – En face de BIA TOGO
📱 90594255

#WoodinFashionTogo",0,"03/05/2026 03:18",https://www.instagram.com/p/DVgDVe-jJ6p/,"Image IG",,Global,406,262,5,2,0,0,0,,,,,
18396369580198817,17841411124240679,woodinfashiontogo,"Woodin Fashion Togo","Vendredi, enfin !

On a survécu à la semaine. 😌 Un peu de fatigue peut-être, mais toujours le sourire.

Que ton week-end commence doucement, avec de bonnes personnes, et un bon look tant qu’à faire. 😉

Bon vendredi la famille. 

#WoodinFashionTogo",13,"03/06/2026 12:53",https://www.instagram.com/reel/DVjp0Argp_J/,"Reel IG",,Global,1446,988,45,8,0,0,4,,,,,
,,,"Woodin Fashion Togo","Il n’y a pas que les tissus qui se sont rafraîchis en boutique. 

Nous avons également de nouvelles chemises Woodin. Classique, cool ou décontracté… il y a forcément la vôtre.

📍Boutique WOODIN – En face de BIA TOGO
📱 90594255

#WoodinFashionTogo",0,"01/14/2026 09:39",https://www.instagram.com/p/DTf_GpTDPYy/,"Image IG",,Global,354,240,5,0,0,0,0,,,18082561523269869,17841411124240679,woodinfashiontogo
,,,"Woodin Fashion Togo","Il n’y a pas que les tissus qui se sont rafraîchis en boutique. 

Nous avons également de nouvelles chemises Woodin. Classique, cool ou décontracté… il y a forcément la vôtre.

📍Boutique WOODIN – En face de BIA TOGO
📱 90594255

#WoodinFashionTogo",0,"01/14/2026 09:38",https://www.instagram.com/p/DTf_DO0jKNj/,"Image IG",,Global,492,296,4,0,0,0,1,,,17878195623374449,17841411124240679,woodinfashiontogo
,,,"Woodin Fashion Togo","On va être honnêtes. 🤭

C’est le genre de robe que tu essaies juste pour voir… et tu ne veux plus l’enlever.

C’est fluide, c’est féminin, et surtout… elle ne fait pas déjà vu.

DISPONIBLE EN DIFFÉRENTES TAILLES 

📍Boutique WOODIN – En face de BIA TOGO
📱 90594255

#WoodinFashionTogo",0,"03/05/2026 03:17",https://www.instagram.com/p/DVgDHqZDGuC/,"Image IG",,Global,445,291,6,0,0,0,0,,,18103183123896658,17841411124240679,woodinfashiontogo
,,,"Woodin Fashion Togo","On va être honnêtes. 🤭

C’est le genre de robe que tu essaies juste pour voir… et tu ne veux plus l’enlever.

C’est fluide, c’est féminin, et surtout… elle ne fait pas déjà vu.

DISPONIBLE EN DIFFÉRENTES TAILLES 

📍Boutique WOODIN – En face de BIA TOGO
📱 90594255

#WoodinFashionTogo",0,"03/05/2026 03:12",https://www.instagram.com/p/DVgCiazDBR2/,"Image IG",,Global,511,322,5,1,0,0,0,,,18097232179765257,17841411124240679,woodinfashiontogo
,,,"Woodin Fashion Togo","Nouveau mois = nouvelle chance de faire mieux que février.

Pas besoin de révolutionner ta vie. Juste faire un peu mieux. Un peu plus. Oser un projet. Oser parler. Oser te montrer.

Et oui, oser aussi porter des choses qui te mettent en valeur. 😉 Que mars soit le mois où tu prends ta place.

📍Boutique WOODIN – En face de BIA TOGO
📱 90594255

#WoodinFashionTogo",0,"03/03/2026 06:44",https://www.instagram.com/p/DVbRQA-jIXE/,"Image IG",,Global,487,326,9,1,0,0,0,,,18120427921595509,17841411124240679,woodinfashiontogo
,,,"Woodin Fashion Togo","Nouveau mois = nouvelle chance de faire mieux que février.

Pas besoin de révolutionner ta vie. Juste faire un peu mieux. Un peu plus. Oser un projet. Oser parler. Oser te montrer.

Et oui, oser aussi porter des choses qui te mettent en valeur. 😉 Que mars soit le mois où tu prends ta place.

📍Boutique WOODIN – En face de BIA TOGO
📱 90594255

#WoodinFashionTogo",0,"03/03/2026 06:43",https://www.instagram.com/p/DVbRLCljE13/,"Image IG",,Global,433,283,9,1,0,0,0,,,18090818425875680,17841411124240679,woodinfashiontogo
,,,"Woodin Fashion Togo","Nouveau mois = nouvelle chance de faire mieux que février.

Pas besoin de révolutionner ta vie. Juste faire un peu mieux. Un peu plus. Oser un projet. Oser parler. Oser te montrer.

Et oui, oser aussi porter des choses qui te mettent en valeur. 😉 Que mars soit le mois où tu prends ta place.

📍Boutique WOODIN – En face de BIA TOGO
📱 90594255

#WoodinFashionTogo",0,"03/03/2026 06:43",https://www.instagram.com/p/DVbRFx9jGm0/,"Image IG",,Global,583,353,10,0,0,0,0,,,17944025310135723,17841411124240679,woodinfashiontogo
,,,"Woodin Fashion Togo","Tu n’as pas besoin de changer ton style pour porter du Woodin.

Que tu sois tendance, street, classique ou minimaliste… Woodin s’adapte à toi.

C’est ça qu’on aime : ce n’est pas le vêtement qui te définit, c’est toi qui le rends unique. Et ça, ça fait toute la différence.

📍Boutique WOODIN – En face de BIA TOGO
📱 90594255

#WoodinFashionTogo",0,"03/03/2026 06:33",https://www.instagram.com/p/DVbP-syjBZm/,"Image IG",,Global,378,252,6,0,0,0,0,,,18069852938219988,17841411124240679,woodinfashiontogo
,,,"Woodin Fashion Togo","Tu n’as pas besoin de changer ton style pour porter du Woodin.

Que tu sois tendance, street, classique ou minimaliste… Woodin s’adapte à toi.

C’est ça qu’on aime : ce n’est pas le vêtement qui te définit, c’est toi qui le rends unique. Et ça, ça fait toute la différence.

📍Boutique WOODIN – En face de BIA TOGO
📱 90594255

#WoodinFashionTogo",0,"03/03/2026 06:31",https://www.instagram.com/p/DVbP1ZojETx/,"Image IG",,Global,326,213,2,0,0,0,0,,,17991499145922203,17841411124240679,woodinfashiontogo
,,,"Woodin Fashion Togo","Tu n’as pas besoin de changer ton style pour porter du Woodin.

Que tu sois tendance, street, classique ou minimaliste… Woodin s’adapte à toi.

C’est ça qu’on aime : ce n’est pas le vêtement qui te définit, c’est toi qui le rends unique. Et ça, ça fait toute la différence.

📍Boutique WOODIN – En face de BIA TOGO
📱 90594255

#WoodinFashionTogo",0,"03/03/2026 06:31",https://www.instagram.com/p/DVbPwXYjKVb/,"Image IG",,Global,505,324,11,0,0,0,0,,,18092686736120700,17841411124240679,woodinfashiontogo
,,,"Woodin Fashion Togo","Tu n’as pas besoin de changer ton style pour porter du Woodin.

Que tu sois tendance, street, classique ou minimaliste… Woodin s’adapte à toi.

C’est ça qu’on aime : ce n’est pas le vêtement qui te définit, c’est toi qui le rends unique. Et ça, ça fait toute la différence.

📍Boutique WOODIN – En face de BIA TOGO
📱 90594255

#WoodinFashionTogo",0,"03/03/2026 06:30",https://www.instagram.com/p/DVbPsjeDLcT/,"Image IG",,Global,509,350,10,1,0,0,0,,,18094682206817781,17841411124240679,woodinfashiontogo
,,,"Woodin Fashion Togo","Tu n’as pas besoin de changer ton style pour porter du Woodin.

Que tu sois tendance, street, classique ou minimaliste… Woodin s’adapte à toi.

C’est ça qu’on aime : ce n’est pas le vêtement qui te définit, c’est toi qui le rends unique. Et ça, ça fait toute la différence.

📍Boutique WOODIN – En face de BIA TOGO
📱 90594255

#WoodinFashionTogo",0,"03/03/2026 06:30",https://www.instagram.com/p/DVbPn39DObx/,"Image IG",,Global,284,201,4,0,0,0,0,,,17908215966182192,17841411124240679,woodinfashiontogo
,,,"Woodin Fashion Togo","Tu n’as pas besoin de changer ton style pour porter du Woodin.

Que tu sois tendance, street, classique ou minimaliste… Woodin s’adapte à toi.

C’est ça qu’on aime : ce n’est pas le vêtement qui te définit, c’est toi qui le rends unique. Et ça, ça fait toute la différence.

📍Boutique WOODIN – En face de BIA TOGO
📱 90594255

#WoodinFashionTogo",0,"03/03/2026 06:29",https://www.instagram.com/p/DVbPlGbDAsY/,"Image IG",,Global,694,454,20,2,0,0,0,,,18069456644639769,17841411124240679,woodinfashiontogo
,,,"Woodin Fashion Togo","Tu n’as pas besoin de changer ton style pour porter du Woodin.

Que tu sois tendance, street, classique ou minimaliste… Woodin s’adapte à toi.

C’est ça qu’on aime : ce n’est pas le vêtement qui te définit, c’est toi qui le rends unique. Et ça, ça fait toute la différence.

📍Boutique WOODIN – En face de BIA TOGO
📱 90594255

#WoodinFashionTogo",0,"03/03/2026 06:28",https://www.instagram.com/p/DVbPflkjI1y/,"Image IG",,Global,255,186,5,0,0,0,0,,,18104213425862455,17841411124240679,woodinfashiontogo
,,,"Woodin Fashion Togo","Tu n’as pas besoin de changer ton style pour porter du Woodin.

Que tu sois tendance, street, classique ou minimaliste… Woodin s’adapte à toi.

C’est ça qu’on aime : ce n’est pas le vêtement qui te définit, c’est toi qui le rends unique. Et ça, ça fait toute la différence.

📍Boutique WOODIN – En face de BIA TOGO
📱 90594255

#WoodinFashionTogo",0,"03/03/2026 06:28",https://www.instagram.com/p/DVbPbkgjLRv/,"Image IG",,Global,306,216,4,0,0,0,0,,,18109764280687245,17841411124240679,woodinfashiontogo
,,,"Woodin Fashion Togo","Tu n’as pas besoin de changer ton style pour porter du Woodin.

Que tu sois tendance, street, classique ou minimaliste… Woodin s’adapte à toi.

C’est ça qu’on aime : ce n’est pas le vêtement qui te définit, c’est toi qui le rends unique. Et ça, ça fait toute la différence.

📍Boutique WOODIN – En face de BIA TOGO
📱 90594255

#WoodinFashionTogo",0,"03/03/2026 06:27",https://www.instagram.com/p/DVbPQNPDAYS/,"Image IG",,Global,247,167,1,0,0,0,0,,,17864649405597924,17841411124240679,woodinfashiontogo
,,,"Woodin Fashion Togo","Regardez Karrick… ce motif lui va super bien, non ? Mesdames, si vous voulez faire plaisir à votre homme, passez en boutique !

On a des tissus parfaits pour toutes les coupes d’hommes. 😏

📍Boutique WOODIN – En face de BIA TOGO
📱 90594255

#WoodinFashionTogo",0,"02/28/2026 05:10",https://www.instagram.com/p/DVTYEUhDJd6/,"Image IG",,Global,359,238,5,0,0,0,0,,,18033820715780369,17841411124240679,woodinfashiontogo
,,,"Woodin Fashion Togo","Regardez Karrick… ce motif lui va super bien, non ? Mesdames, si vous voulez faire plaisir à votre homme, passez en boutique !

On a des tissus parfaits pour toutes les coupes d’hommes. 😏

📍Boutique WOODIN – En face de BIA TOGO
📱 90594255

#WoodinFashionTogo",0,"02/28/2026 05:09",https://www.instagram.com/p/DVTX-tgDEhm/,"Image IG",,Global,260,176,2,0,0,0,0,,,18108125290747891,17841411124240679,woodinfashiontogo
,,,"Woodin Fashion Togo","Regardez Karrick… ce motif lui va super bien, non ? Mesdames, si vous voulez faire plaisir à votre homme, passez en boutique !

On a des tissus parfaits pour toutes les coupes d’hommes. 😏

📍Boutique WOODIN – En face de BIA TOGO
📱 90594255

#WoodinFashionTogo",0,"02/28/2026 05:07",https://www.instagram.com/p/DVTXyXhjOPt/,"Image IG",,Global,328,223,6,1,0,0,0,,,17866074267592028,17841411124240679,woodinfashiontogo
,,,"Woodin Fashion Togo","Regardez Karrick… ce motif lui va super bien, non ? Mesdames, si vous voulez faire plaisir à votre homme, passez en boutique !

On a des tissus parfaits pour toutes les coupes d’hommes. 😏

📍Boutique WOODIN – En face de BIA TOGO
📱 90594255

#WoodinFashionTogo",0,"02/28/2026 05:05",https://www.instagram.com/p/DVTXm36jHUW/,"Image IG",,Global,234,160,2,0,0,0,1,,,18582264775060603,17841411124240679,woodinfashiontogo
,,,"Woodin Fashion Togo","Regardez Karrick… ce motif lui va super bien, non ? Mesdames, si vous voulez faire plaisir à votre homme, passez en boutique !

On a des tissus parfaits pour toutes les coupes d’hommes. 😏

📍Boutique WOODIN – En face de BIA TOGO
📱 90594255

#WoodinFashionTogo",0,"02/28/2026 05:04",https://www.instagram.com/p/DVTXfqsDMX7/,"Image IG",,Global,224,150,3,0,0,0,0,,,18115216636652562,17841411124240679,woodinfashiontogo
,,,"Woodin Fashion Togo","Regardez Karrick… ce motif lui va super bien, non ? Mesdames, si vous voulez faire plaisir à votre homme, passez en boutique !

On a des tissus parfaits pour toutes les coupes d’hommes. 😏

📍Boutique WOODIN – En face de BIA TOGO
📱 90594255

#WoodinFashionTogo",0,"02/28/2026 05:03",https://www.instagram.com/p/DVTXMGzDAX7/,"Image IG",,Global,256,178,9,0,0,0,0,,,17957760752920256,17841411124240679,woodinfashiontogo
,,,"Woodin Fashion Togo","Ce n’est pas un t-shirt comme les autres … 👀

Petit détail différent, coupe originale, design qui change du basique.

C’est le genre de pièce que tu portes et on te demande directement où tu l’as acheté. 😌

Tu oses sortir du classique ou pas ?

📍Boutique WOODIN – En face de BIA TOGO
📱 90594255

#WoodinFashionTogo",0,"02/27/2026 07:43",https://www.instagram.com/p/DVREyjxDDZV/,"Image IG",,Global,227,164,1,0,0,0,0,,,18336882532246033,17841411124240679,woodinfashiontogo
,,,"Woodin Fashion Togo","Ce n’est pas un t-shirt comme les autres … 👀

Petit détail différent, coupe originale, design qui change du basique.

C’est le genre de pièce que tu portes et on te demande directement où tu l’as acheté. 😌

Tu oses sortir du classique ou pas ?

📍Boutique WOODIN – En face de BIA TOGO
📱 90594255

#WoodinFashionTogo",0,"02/27/2026 07:41",https://www.instagram.com/p/DVREk7EDJ9F/,"Image IG",,Global,334,213,12,0,0,0,0,,,17991527012919786,17841411124240679,woodinfashiontogo
,,,"Woodin Fashion Togo","Ce n’est pas un t-shirt comme les autres … 👀

Petit détail différent, coupe originale, design qui change du basique.

C’est le genre de pièce que tu portes et on te demande directement où tu l’as acheté. 😌

Tu oses sortir du classique ou pas ?

📍Boutique WOODIN – En face de BIA TOGO
📱 90594255

#WoodinFashionTogo",0,"02/27/2026 07:40",https://www.instagram.com/p/DVREfN5DFcd/,"Image IG",,Global,239,167,5,1,0,0,0,,,18071364029552983,17841411124240679,woodinfashiontogo
,,,"Woodin Fashion Togo","Ce n’est pas un t-shirt comme les autres … 👀

Petit détail différent, coupe originale, design qui change du basique.

C’est le genre de pièce que tu portes et on te demande directement où tu l’as acheté. 😌

Tu oses sortir du classique ou pas ?

📍Boutique WOODIN – En face de BIA TOGO
📱 90594255

#WoodinFashionTogo",0,"02/27/2026 07:39",https://www.instagram.com/p/DVREWhBjMZE/,"Image IG",,Global,265,183,9,0,0,0,1,,,18001641755707965,17841411124240679,woodinfashiontogo
,,,"Woodin Fashion Togo","Ce n’est pas un t-shirt comme les autres … 👀

Petit détail différent, coupe originale, design qui change du basique.

C’est le genre de pièce que tu portes et on te demande directement où tu l’as acheté. 😌

Tu oses sortir du classique ou pas ?

📍Boutique WOODIN – En face de BIA TOGO
📱 90594255

#WoodinFashionTogo",0,"02/27/2026 07:38",https://www.instagram.com/p/DVRES9jjEBy/,"Image IG",,Global,238,163,3,0,0,0,0,,,17966524595880213,17841411124240679,woodinfashiontogo
,,,"Woodin Fashion Togo","Ce n’est pas un t-shirt comme les autres … 👀

Petit détail différent, coupe originale, design qui change du basique.

C’est le genre de pièce que tu portes et on te demande directement où tu l’as acheté. 😌

Tu oses sortir du classique ou pas ?

📍Boutique WOODIN – En face de BIA TOGO
📱 90594255

#WoodinFashionTogo",0,"02/27/2026 07:38",https://www.instagram.com/p/DVRENscjIPA/,"Image IG",,Global,250,175,6,0,0,0,0,,,17845634115676127,17841411124240679,woodinfashiontogo
,,,"Woodin Fashion Togo","Team Polo ou Team T-shirt ? 😌

Il y a ceux qui aiment le style net et structuré, et ceux qui préfèrent le côté chill mais tout autant stylé.

Dans tous les cas, avec Woodin, tu ne te trompes pas. Selon ton style, tu prends lequel ?

📍Boutique WOODIN – En face de BIA TOGO
📱90594255

#WoodinFashionTogo",0,"02/27/2026 07:36",https://www.instagram.com/p/DVREBDSjB8E/,"Carrousel IG",,Global,761,438,24,0,0,0,0,,,18086342527944020,17841411124240679,woodinfashiontogo
,,,"Woodin Fashion Togo","Team Polo ou Team T-shirt ? 😌

Il y a ceux qui aiment le style net et structuré, et ceux qui préfèrent le côté chill mais tout autant stylé.

Dans tous les cas, avec Woodin, tu ne te trompes pas. Selon ton style, tu prends lequel ?

📍Boutique WOODIN – En face de BIA TOGO
📱90594255

#WoodinFashionTogo",0,"02/27/2026 07:35",https://www.instagram.com/p/DVRD3zpDB4x/,"Image IG",,Global,288,199,7,0,0,0,0,,,18157109341426310,17841411124240679,woodinfashiontogo
,,,"Woodin Fashion Togo","Team Polo ou Team T-shirt ? 😌

Il y a ceux qui aiment le style net et structuré, et ceux qui préfèrent le côté chill mais tout autant stylé.

Dans tous les cas, avec Woodin, tu ne te trompes pas. Selon ton style, tu prends lequel ?

📍Boutique WOODIN – En face de BIA TOGO
📱90594255

#WoodinFashionTogo",0,"02/27/2026 07:34",https://www.instagram.com/p/DVRDzkGjJNO/,"Image IG",,Global,348,244,10,0,0,0,0,,,18072597599169270,17841411124240679,woodinfashiontogo
,,,"Woodin Fashion Togo","Team Polo ou Team T-shirt ? 😌

Il y a ceux qui aiment le style net et structuré, et ceux qui préfèrent le côté chill mais tout autant stylé.

Dans tous les cas, avec Woodin, tu ne te trompes pas. Selon ton style, tu prends lequel ?

📍Boutique WOODIN – En face de BIA TOGO
📱90594255

#WoodinFashionTogo",0,"02/27/2026 07:33",https://www.instagram.com/p/DVRDvbFDBKI/,"Image IG",,Global,414,290,8,0,0,0,0,,,18098271610937694,17841411124240679,woodinfashiontogo
,,,"Woodin Fashion Togo","Team Polo ou Team T-shirt ? 😌

Il y a ceux qui aiment le style net et structuré, et ceux qui préfèrent le côté chill mais tout autant stylé.

Dans tous les cas, avec Woodin, tu ne te trompes pas. Selon ton style, tu prends lequel ?

📍Boutique WOODIN – En face de BIA TOGO
📱90594255

#WoodinFashionTogo",0,"02/27/2026 07:33",https://www.instagram.com/p/DVRDrMXjKGc/,"Image IG",,Global,296,212,6,0,0,0,0,,,18070373195549839,17841411124240679,woodinfashiontogo
,,,"Woodin Fashion Togo","Team Polo ou Team T-shirt ? 😌

Il y a ceux qui aiment le style net et structuré, et ceux qui préfèrent le côté chill mais tout autant stylé.

Dans tous les cas, avec Woodin, tu ne te trompes pas. Selon ton style, tu prends lequel ?

📍Boutique WOODIN – En face de BIA TOGO
📱90594255

#WoodinFashionTogo",0,"02/27/2026 07:32",https://www.instagram.com/p/DVRDmEIjJuU/,"Image IG",,Global,364,240,3,0,0,0,0,,,17847300450691832,17841411124240679,woodinfashiontogo
,,,"Woodin Fashion Togo","On ose le rose ou le violet ? 💜

Ces couleurs de la nouvelle collection donnent un look élégant, moderne, et surtout différent. 

Si tu veux changer un peu du noir et du bleu habituel… c’est le moment. 😉

📍Boutique WOODIN – En face de BIA TOGO
📱 90594255

#WoodinFashionTogo",0,"02/27/2026 07:31",https://www.instagram.com/p/DVRDfv-DL1J/,"Carrousel IG",,Global,531,285,14,1,0,0,0,,,18191561935355162,17841411124240679,woodinfashiontogo
,,,"Woodin Fashion Togo","On ose le rose ou le violet ? 💜

Ces couleurs de la nouvelle collection donnent un look élégant, moderne, et surtout différent. 

Si tu veux changer un peu du noir et du bleu habituel… c’est le moment. 😉

📍Boutique WOODIN – En face de BIA TOGO
📱 90594255

#WoodinFashionTogo",0,"02/27/2026 07:30",https://www.instagram.com/p/DVRDZkAjM5Y/,"Carrousel IG",,Global,744,375,13,0,0,0,1,,,18113486053659215,17841411124240679,woodinfashiontogo
,,,"Woodin Fashion Togo","On ose le rose ou le violet ? 💜

Ces couleurs de la nouvelle collection donnent un look élégant, moderne, et surtout différent. 

Si tu veux changer un peu du noir et du bleu habituel… c’est le moment. 😉

📍Boutique WOODIN – En face de BIA TOGO
📱 90594255

#WoodinFashionTogo",0,"02/27/2026 07:29",https://www.instagram.com/p/DVRDOHADNGM/,"Carrousel IG",,Global,432,233,5,1,0,0,3,,,18082835114007092,17841411124240679,woodinfashiontogo
,,,"Woodin Fashion Togo","Aujourd’hui, on attire les regards. 🤭

Le rouge UNION ne demande pas la permission. Il s’impose naturellement. Ce n’est pas pour les timides 😌

Si tu veux un look qui attire naturellement les regards… tu viens de le trouver. 😏

📍Boutique WOODIN – En face de BIA TOGO
📱 90594255

#WoodinFashionTogo",0,"02/27/2026 07:18",https://www.instagram.com/p/DVRB8UADMAt/,"Carrousel IG",,Global,795,424,17,0,0,0,2,,,18189779254356807,17841411124240679,woodinfashiontogo
,,,"Woodin Fashion Togo","Aujourd’hui, on attire les regards. 🤭

Le rouge UNION ne demande pas la permission. Il s’impose naturellement. Ce n’est pas pour les timides 😌

Si tu veux un look qui attire naturellement les regards… tu viens de le trouver. 😏

📍Boutique WOODIN – En face de BIA TOGO
📱 90594255

#WoodinFashionTogo",0,"02/27/2026 07:16",https://www.instagram.com/p/DVRB0apjLAr/,"Carrousel IG",,Global,1540,846,46,3,0,0,9,,,18155116954447455,17841411124240679,woodinfashiontogo
,,,"Woodin Fashion Togo","Aujourd’hui, on attire les regards. 🤭

Le rouge UNION ne demande pas la permission. Il s’impose naturellement. Ce n’est pas pour les timides 😌

Si tu veux un look qui attire naturellement les regards… tu viens de le trouver. 😏

📍Boutique WOODIN – En face de BIA TOGO
📱 90594255

#WoodinFashionTogo",0,"02/26/2026 06:59",https://www.instagram.com/p/DVOa9_RDKM0/,"Carrousel IG",,Global,1642,831,47,2,0,1,9,,,18005508350696722,17841411124240679,woodinfashiontogo
,,,"Woodin Fashion Togo","On respire. On recommence.

Même si tout n’est pas parfait, fais au moins une chose bien cette semaine : AVANCE.

Et si ton look peut te donner un petit boost de confiance en plus… on ne dit pas non.😉

Belle journée à vous !

#WoodinFashionTogo",0,"02/26/2026 02:11",https://www.instagram.com/p/DVN6Cp4DLsz/,"Image IG",,Global,370,241,6,0,0,0,0,,,18108897976703782,17841411124240679,woodinfashiontogo
,,,"Woodin Fashion Togo","On respire. On recommence.

Même si tout n’est pas parfait, fais au moins une chose bien cette semaine : AVANCE.

Et si ton look peut te donner un petit boost de confiance en plus… on ne dit pas non.😉

Belle journée à vous !

#WoodinFashionTogo",0,"02/26/2026 02:10",https://www.instagram.com/p/DVN56uFjMWM/,"Image IG",,Global,215,150,2,0,0,0,0,,,17904946623362794,17841411124240679,woodinfashiontogo
,,,"Woodin Fashion Togo","On respire. On recommence.

Même si tout n’est pas parfait, fais au moins une chose bien cette semaine : AVANCE.

Et si ton look peut te donner un petit boost de confiance en plus… on ne dit pas non.😉

Belle journée à vous !

#WoodinFashionTogo",0,"02/26/2026 02:07",https://www.instagram.com/p/DVN5mVLDDdZ/,"Image IG",,Global,224,148,2,0,0,0,0,,,18100525048915311,17841411124240679,woodinfashiontogo
,,,"Woodin Fashion Togo","On respire. On recommence.

Même si tout n’est pas parfait, fais au moins une chose bien cette semaine : AVANCE.

Et si ton look peut te donner un petit boost de confiance en plus… on ne dit pas non.😉

Belle journée à vous !

#WoodinFashionTogo",0,"02/26/2026 02:06",https://www.instagram.com/p/DVN5etFjEkX/,"Image IG",,Global,335,227,2,0,0,0,1,,,18072764747155267,17841411124240679,woodinfashiontogo
,,,"Woodin Fashion Togo","On respire. On recommence.

Même si tout n’est pas parfait, fais au moins une chose bien cette semaine : AVANCE.

Et si ton look peut te donner un petit boost de confiance en plus… on ne dit pas non.😉

Belle journée à vous !

#WoodinFashionTogo",0,"02/26/2026 02:06",https://www.instagram.com/p/DVN5bquDMn4/,"Image IG",,Global,200,149,4,0,0,0,0,,,18074458484426064,17841411124240679,woodinfashiontogo
,,,"Woodin Fashion Togo","On respire. On recommence.

Même si tout n’est pas parfait, fais au moins une chose bien cette semaine : AVANCE.

Et si ton look peut te donner un petit boost de confiance en plus… on ne dit pas non.😉

Belle journée à vous !

#WoodinFashionTogo",0,"02/26/2026 02:04",https://www.instagram.com/p/DVN5B8ZDKNj/,"Image IG",,Global,310,191,10,0,0,0,1,,,18083425097262272,17841411124240679,woodinfashiontogo
,,,"Woodin Fashion Togo","Tu es déjà passé voir les nouveautés ? 👀

Les nouveaux t-shirts et polos sont toujours disponibles en boutique… et franchement, ils valent le détour.

Coupe propre - Design travaillé - Confort validé.

Ce sont les genres de pièces faciles à porter, mais qui font toute la différence. Si tu attends le bon moment … c’est maintenant ! 😌

📍Boutique WOODIN – En face de BIA TOGO
📱 90594255

#WoodinFashionTogo",0,"02/25/2026 06:05",https://www.instagram.com/p/DVLwEMeDAmL/,"Image IG",,Global,283,189,3,0,0,0,0,,,17907594921348150,17841411124240679,woodinfashiontogo
,,,"Woodin Fashion Togo","Tu es déjà passé voir les nouveautés ? 👀

Les nouveaux t-shirts et polos sont toujours disponibles en boutique… et franchement, ils valent le détour.

Coupe propre - Design travaillé - Confort validé.

Ce sont les genres de pièces faciles à porter, mais qui font toute la différence. Si tu attends le bon moment … c’est maintenant ! 😌

📍Boutique WOODIN – En face de BIA TOGO
📱 90594255

#WoodinFashionTogo",0,"02/25/2026 06:05",https://www.instagram.com/p/DVLwCOxjH-C/,"Image IG",,Global,237,152,5,0,0,0,0,,,18075386003420616,17841411124240679,woodinfashiontogo
,,,"Woodin Fashion Togo","Tu es déjà passé voir les nouveautés ? 👀

Les nouveaux t-shirts et polos sont toujours disponibles en boutique… et franchement, ils valent le détour.

Coupe propre - Design travaillé - Confort validé.

Ce sont les genres de pièces faciles à porter, mais qui font toute la différence. Si tu attends le bon moment … c’est maintenant ! 😌

📍Boutique WOODIN – En face de BIA TOGO
📱 90594255

#WoodinFashionTogo",0,"02/25/2026 06:04",https://www.instagram.com/p/DVLv8_ijMZF/,"Image IG",,Global,222,146,2,0,0,0,0,,,18129717613535589,17841411124240679,woodinfashiontogo
,,,"Woodin Fashion Togo","Tu es déjà passé voir les nouveautés ? 👀

Les nouveaux t-shirts et polos sont toujours disponibles en boutique… et franchement, ils valent le détour.

Coupe propre - Design travaillé - Confort validé.

Ce sont les genres de pièces faciles à porter, mais qui font toute la différence. Si tu attends le bon moment … c’est maintenant ! 😌

📍Boutique WOODIN – En face de BIA TOGO
📱 90594255

#WoodinFashionTogo",0,"02/25/2026 02:10",https://www.instagram.com/p/DVLVHCPDFBJ/,"Image IG",,Global,265,167,2,0,0,0,0,,,18073793702142868,17841411124240679,woodinfashiontogo
,,,"Woodin Fashion Togo","Tu es déjà passé voir les nouveautés ? 👀

Les nouveaux t-shirts et polos sont toujours disponibles en boutique… et franchement, ils valent le détour.

Coupe propre - Design travaillé - Confort validé.

Ce sont les genres de pièces faciles à porter, mais qui font toute la différence. Si tu attends le bon moment … c’est maintenant ! 😌

📍Boutique WOODIN – En face de BIA TOGO
📱 90594255

#WoodinFashionTogo",0,"02/25/2026 02:09",https://www.instagram.com/p/DVLVDmjjKJu/,"Image IG",,Global,214,122,2,0,0,0,0,,,18017438639823913,17841411124240679,woodinfashiontogo
,,,"Woodin Fashion Togo","Tu es déjà passé voir les nouveautés ? 👀

Les nouveaux t-shirts et polos sont toujours disponibles en boutique… et franchement, ils valent le détour.

Coupe propre - Design travaillé - Confort validé.

Ce sont les genres de pièces faciles à porter, mais qui font toute la différence. Si tu attends le bon moment … c’est maintenant ! 😌

📍Boutique WOODIN – En face de BIA TOGO
📱 90594255

#WoodinFashionTogo",0,"02/25/2026 02:09",https://www.instagram.com/p/DVLU_zfjBNJ/,"Image IG",,Global,270,171,5,0,0,0,0,,,17981233223970818,17841411124240679,woodinfashiontogo
,,,"Woodin Fashion Togo","« Trouver un cadeau pour un homme, c’est compliqué » ou «C’est compliqué de faire un cadeau à un homme qui ne porte pas de fake» …

On connaît tous ces phrases. 🥱 Chez Woodin, on vous facilite la vie.
Des articles homme stylés, de qualité, sans faux pas. Donc oui… plus d’excuses, jeune reine. 😉

Il suffit de passer en boutique.

📍Boutique WOODIN – En face de BIA TOGO
📱90594255

#WoodinFashionTogo",22,"02/24/2026 03:08",https://www.instagram.com/reel/DVI2974DECV/,"Reel IG",,Global,624,453,10,1,0,0,2,,,18085284367958987,17841411124240679,woodinfashiontogo
,,,"Woodin Fashion Togo","Un modèle parfait à réaliser pour aller au service. Et en plus, nous avons aussi le motif pour les amis !

Et si cette couleur ne vous plaît pas, nous avons plusieurs couleurs de ce motif…

Il suffit juste de passer en boutique faire votre choix !

📍Boutique WOODIN – En face de BIA TOGO
📱 90594255

#WoodinFashionTogo",0,"02/24/2026 02:54",https://www.instagram.com/p/DVI1UjTDO0w/,"Image IG",,Global,514,328,11,1,0,0,1,,,18120088873587391,17841411124240679,woodinfashiontogo
,,,"Woodin Fashion Togo","Si tu es une vraie #WoodinAddict,
impossible de passer à côté des tissus de la nouvelle collection. 😌

Et si tu as une maman à qui tu penses que ça irait, envoie-lui cette vidéo.

📍Boutique WOODIN – En face de BIA TOGO
📱 90594255

#WoodinFashionTogo",30,"02/23/2026 04:06",https://www.instagram.com/reel/DVGYvOMDBbg/,"Reel IG",,Global,833,572,15,2,0,1,1,,,18056611346412207,17841411124240679,woodinfashiontogo
,,,"Woodin Fashion Togo","Sortie improvisée, événement spécial, boulot ou fête…

Il y a toujours une pièce qui colle à chaque occasion chez woodin. Ne vous tracassez plus pour vos tenues. 

Passez juste en boutique !

📍Boutique WOODIN – En face de BIA TOGO
📱 90594255

#WoodinFashionTogo",17,"02/20/2026 04:48",https://www.instagram.com/reel/DU-vMybjAaC/,"Reel IG",,Global,1001,682,23,6,0,0,2,,,18029361215793447,17841411124240679,woodinfashiontogo
,,,"Woodin Fashion Togo","Un modèle parfait à réaliser pour aller au service. Et en plus, nous avons aussi le motif pour les amis !

Et si cette couleur ne vous plaît pas, nous avons plusieurs couleurs de ce motif…

Il suffit juste de passer en boutique faire votre choix !

📍Boutique WOODIN – En face de BIA TOGO
📱 90594255

#WoodinFashionTogo",0,"02/19/2026 08:25",https://www.instagram.com/p/DU8jLM5jONp/,"Image IG",,Global,869,788,18,1,1,0,4,,,18085852492943465,17841411124240679,woodinfashiontogo
,,,"Woodin Fashion Togo","Si tu aimes les motifs fleuris et colorés, tu seras servi avec la nouvelle collection UNION DE WOODIN.

 Passe les découvrir !

📍Boutique WOODIN – En face de BIA TOGO
📱 90594255

#WoodinFashionTogo",21,"02/19/2026 02:31",https://www.instagram.com/reel/DU76xcyjJKa/,"Reel IG",,Global,815,615,12,3,0,0,1,,,18065164202298498,17841411124240679,woodinfashiontogo
,,,"Woodin Fashion Togo","On a reçu de nouveaux polos… et franchement, ils sont beaux. 😌

Des designs qu’on ne croise pas partout, bien coupés, bien finis. Si vous aimez porter des pièces un peu rares, ou si vous cherchez un cadeau. vous savez où passer. 😉

📍Boutique WOODIN – En face de BIA TOGO
📱 90594255

#WoodinFashionTogo",0,"02/18/2026 04:30",https://www.instagram.com/p/DU5jmiljMje/,"Image IG",,Global,492,254,22,11,0,0,0,,,18088213040035872,17841411124240679,woodinfashiontogo
,,,"Woodin Fashion Togo","On a reçu de nouveaux polos… et franchement, ils sont beaux. 😌

Des designs qu’on ne croise pas partout, bien coupés, bien finis. Si vous aimez porter des pièces un peu rares, ou si vous cherchez un cadeau. vous savez où passer. 😉

📍Boutique WOODIN – En face de BIA TOGO
📱 90594255

#WoodinFashionTogo",0,"02/18/2026 04:30",https://www.instagram.com/p/DU5jjLVjJ4w/,"Image IG",,Global,552,313,28,0,1,1,0,,,18193567255348694,17841411124240679,woodinfashiontogo
,,,"Woodin Fashion Togo","On a reçu de nouveaux polos… et franchement, ils sont beaux. 😌

Des designs qu’on ne croise pas partout, bien coupés, bien finis. Si vous aimez porter des pièces un peu rares, ou si vous cherchez un cadeau. vous savez où passer. 😉

📍Boutique WOODIN – En face de BIA TOGO
📱 90594255

#WoodinFashionTogo",0,"02/18/2026 04:29",https://www.instagram.com/p/DU5jc9pjFBC/,"Image IG",,Global,368,211,11,0,0,0,0,,,18386262607153808,17841411124240679,woodinfashiontogo
,,,"Woodin Fashion Togo","Agbanyéyé tchoinnn ! 🥳

De nouveaux t-shirts, avec des modèles tendances qui vont avec tout, sont disponibles en boutique. 

Que ce soit pour sortir, travailler ou juste être à l’aise, ils font le job. 😌

Et le meilleur ? Le prix est à 9.500F seulement. Passez faire un tour avant qu’ils ne finissent !

📍 Boutique WOODIN – En face de BIA TOGO
📱 90594255

#WoodinFashionTogo",0,"02/18/2026 04:01",https://www.instagram.com/p/DU5gR6HjITO/,"Image IG",,Global,361,223,11,2,0,0,0,,,18031915280784700,17841411124240679,woodinfashiontogo
,,,"Woodin Fashion Togo","Agbanyéyé tchoinnn ! 🥳

De nouveaux t-shirts, avec des modèles tendances qui vont avec tout, sont disponibles en boutique. 

Que ce soit pour sortir, travailler ou juste être à l’aise, ils font le job. 😌

Et le meilleur ? Le prix est à 9.500F seulement. Passez faire un tour avant qu’ils ne finissent !

📍 Boutique WOODIN – En face de BIA TOGO
📱 90594255

#WoodinFashionTogo",0,"02/18/2026 04:01",https://www.instagram.com/p/DU5gORTDICc/,"Image IG",,Global,390,233,11,0,0,0,0,,,18035552033760264,17841411124240679,woodinfashiontogo
,,,"Woodin Fashion Togo","Agbanyéyé tchoinnn ! 🥳

De nouveaux t-shirts, avec des modèles tendances qui vont avec tout, sont disponibles en boutique. 

Que ce soit pour sortir, travailler ou juste être à l’aise, ils font le job. 😌

Et le meilleur ? Le prix est à 9.500F seulement. Passez faire un tour avant qu’ils ne finissent !

📍 Boutique WOODIN – En face de BIA TOGO
📱 90594255

#WoodinFashionTogo",0,"02/18/2026 03:59",https://www.instagram.com/p/DU5gD2IDEpf/,"Image IG",,Global,308,192,6,0,0,0,0,,,18378758866084406,17841411124240679,woodinfashiontogo
,,,"Woodin Fashion Togo","Pourquoi toujours offrir la même chose ? Cette année, offre du style. Du vrai. Du Woodin.

Il n’est pas encore tard si tu n’as pas pu offrir un cadeau. La Saint Valentin c’est tout le mois. 🤭

📍Boutique WOODIN – En face de BIA TOGO
📱 90594255

#WoodinFashionTogo",0,"02/17/2026 03:29",https://www.instagram.com/p/DU23x_1jDbM/,"Image IG",,Global,460,293,6,0,0,0,0,,,18089708849326711,17841411124240679,woodinfashiontogo
,,,"Woodin Fashion Togo","Pourquoi toujours offrir la même chose ? Cette année, offre du style. Du vrai. Du Woodin.

Il n’est pas encore tard si tu n’as pas pu offrir un cadeau. La Saint Valentin c’est tout le mois. 🤭

📍Boutique WOODIN – En face de BIA TOGO
📱 90594255

#WoodinFashionTogo",0,"02/17/2026 03:26",https://www.instagram.com/p/DU23c4QDCLP/,"Image IG",,Global,351,242,5,0,0,0,0,,,17940426300135289,17841411124240679,woodinfashiontogo
,,,"Woodin Fashion Togo","Pourquoi toujours offrir la même chose ? Cette année, offre du style. Du vrai. Du Woodin.

Il n’est pas encore tard si tu n’as pas pu offrir un cadeau. La Saint Valentin c’est tout le mois. 🤭

📍Boutique WOODIN – En face de BIA TOGO
📱 90594255

#WoodinFashionTogo",0,"02/17/2026 03:25",https://www.instagram.com/p/DU225YJjOuv/,"Image IG",,Global,508,336,14,0,0,0,1,,,18079685006460161,17841411124240679,woodinfashiontogo
,,,"Woodin Fashion Togo","L’amour en couple, entre amis, en famille… et surtout l’amour qu’on se donne chaque jour.

Continuez à semer de l’amour autour de vous.
Nous, on est heureux de faire partie de vos moments.

#WoodinFashionTogo",0,"02/15/2026 01:35",https://www.instagram.com/p/DUxhJ3ajEnL/,"Image IG",,Global,495,354,4,1,0,0,0,,,18056557859692700,17841411124240679,woodinfashiontogo
,,,"Woodin Fashion Togo","L’amour en couple, entre amis, en famille… et surtout l’amour qu’on se donne chaque jour.

Continuez à semer de l’amour autour de vous.
Nous, on est heureux de faire partie de vos moments.

#WoodinFashionTogo",0,"02/15/2026 01:34",https://www.instagram.com/p/DUxhHqmjOIx/,"Image IG",,Global,531,363,11,0,0,0,0,,,17865327186578686,17841411124240679,woodinfashiontogo
,,,"Woodin Fashion Togo","L’amour en couple, entre amis, en famille… et surtout l’amour qu’on se donne chaque jour.

Continuez à semer de l’amour autour de vous.
Nous, on est heureux de faire partie de vos moments.

#WoodinFashionTogo",0,"02/15/2026 01:34",https://www.instagram.com/p/DUxhDQbjKLI/,"Image IG",,Global,283,207,4,0,0,0,0,,,18095752837948135,17841411124240679,woodinfashiontogo
,,,"Woodin Fashion Togo","L’amour en couple, entre amis, en famille… et surtout l’amour qu’on se donne chaque jour.

Continuez à semer de l’amour autour de vous.
Nous, on est heureux de faire partie de vos moments.

#WoodinFashionTogo",0,"02/15/2026 01:33",https://www.instagram.com/p/DUxhAp5DPnW/,"Image IG",,Global,274,185,2,0,0,0,0,,,18114534004725639,17841411124240679,woodinfashiontogo
,,,"Woodin Fashion Togo","L’amour en couple, entre amis, en famille… et surtout l’amour qu’on se donne chaque jour.

Continuez à semer de l’amour autour de vous.
Nous, on est heureux de faire partie de vos moments.

#WoodinFashionTogo",0,"02/15/2026 01:33",https://www.instagram.com/p/DUxg3wTjGST/,"Image IG",,Global,315,222,3,0,0,0,0,,,18015685376817389,17841411124240679,woodinfashiontogo
,,,"Woodin Fashion Togo","L’amour en couple, entre amis, en famille… et surtout l’amour qu’on se donne chaque jour.

Continuez à semer de l’amour autour de vous.
Nous, on est heureux de faire partie de vos moments.

#WoodinFashionTogo",0,"02/15/2026 01:32",https://www.instagram.com/p/DUxg1SwDMEI/,"Image IG",,Global,507,336,8,0,0,0,0,,,18344646154232026,17841411124240679,woodinfashiontogo
,,,"Woodin Fashion Togo","Vous avez encore jusqu’à 15h30 pour éviter tout problème. 🤭

📍Boutique WOODIN – En face de BIA TOGO
📱 90594255

#WoodinFashionTogo",22,"02/14/2026 04:45",https://www.instagram.com/reel/DUvR8dsDJDh/,"Reel IG",,Global,672,459,24,0,0,1,0,,,17869750158457575,17841411124240679,woodinfashiontogo
,,,"Woodin Fashion Togo","Dernier jour, dernier rappel.

Ne laisse pas le temps décider à ta place. Nous sommes ouverts jusqu’à 15h30. T-shirts, polos, robes, jupes ‘c chemises, tissus, cartes cadeaux…

Et surtout l’offre Saint-Valentin est toujours disponible. Passez vite !

 📍Boutique WOODIN – En face de BIA TOGO
📱 90594255

#WoodinFashionTogo",27,"02/14/2026 04:34",https://www.instagram.com/reel/DUvQ0GODDN6/,"Reel IG",,Global,565,426,18,0,0,0,0,,,18065538095554583,17841411124240679,woodinfashiontogo
,,,"Woodin Fashion Togo","Vous n’avez pas de Valentin.e ? Aucun souci. 😄

Chez Woodin, l’offre Saint-Valentin est pour tout le monde. Pour toi, pour un proche, pour te faire plaisir.
Mais ne traîne pas… ça se termine bientôt. 🤭

📍Boutique WOODIN – En face de BIA TOGO
📱 90594255

#WoodinFashionTogo",30,"02/14/2026 02:57",https://www.instagram.com/reel/DUvFtFDjEiV/,"Reel IG",,Global,635,492,12,1,0,1,0,,,17954957010077477,17841411124240679,woodinfashiontogo
,,,"Woodin Fashion Togo","Vous avez envie de faire un duo avec votre moitié ? 

Les tissus duo Woodin sont disponibles. Passez choisir le vôtre avant qu’il ne parte.

📍Boutique WOODIN – En face de BIA TOGO
📱90594255

#WoodinFashionTogo",0,"02/14/2026 02:54",https://www.instagram.com/p/DUvFczLDPQ1/,"Image IG",,Global,793,506,19,2,0,0,0,,,18088606159897139,17841411124240679,woodinfashiontogo
,,,"Woodin Fashion Togo","Vous avez envie de faire un duo avec votre moitié ? 

Les tissus duo Woodin sont disponibles. Passez choisir le vôtre avant qu’il ne parte.

📍Boutique WOODIN – En face de BIA TOGO
📱 90594255

#WoodinFashionTogo",0,"02/13/2026 12:19",https://www.instagram.com/p/DUthGY-DEPG/,"Image IG",,Global,525,353,15,1,0,0,1,,,17993298428868596,17841411124240679,woodinfashiontogo
,,,"Woodin Fashion Togo","Vous avez envie de faire un duo avec votre moitié ? 

Les tissus duo Woodin sont disponibles. Passez choisir le vôtre avant qu’il ne parte.

📍Boutique WOODIN – En face de BIA TOGO
📱 90594255

#WoodinFashionTogo",0,"02/13/2026 12:15",https://www.instagram.com/p/DUtgzpFjAkl/,"Image IG",,Global,417,283,4,0,0,0,0,,,18241304587305628,17841411124240679,woodinfashiontogo
,,,"Woodin Fashion Togo","Vous avez envie de faire un duo avec votre moitié ? 

Les tissus duo Woodin sont disponibles. Passez choisir le vôtre avant qu’il ne parte.

📍Boutique WOODIN – En face de BIA TOGO
📱 90594255

#WoodinFashionTogo",0,"02/13/2026 12:13",https://www.instagram.com/p/DUtghJSjOwX/,"Image IG",,Global,832,555,14,0,0,0,0,,,18093711257006685,17841411124240679,woodinfashiontogo
,,,"Woodin Fashion Togo","Vous avez envie de faire un duo avec votre moitié ? 

Les tissus duo Woodin sont disponibles. Passez choisir le vôtre avant qu’il ne parte.

📍Boutique WOODIN – En face de BIA TOGO
📱 90594255

#WoodinFashionTogo",0,"02/13/2026 12:11",https://www.instagram.com/p/DUtgZoXDFIh/,"Image IG",,Global,467,317,8,0,0,0,0,,,18125320009526606,17841411124240679,woodinfashiontogo
,,,"Woodin Fashion Togo","Vous avez envie de faire un duo avec votre moitié ? 

Les tissus duo Woodin sont disponibles. Passez choisir le vôtre avant qu’il ne parte.

📍Boutique WOODIN – En face de BIA TOGO
📱 90594255

#WoodinFashionTogo",0,"02/13/2026 12:10",https://www.instagram.com/p/DUtgGwljLc6/,"Image IG",,Global,449,280,12,0,0,0,0,,,18207706840322033,17841411124240679,woodinfashiontogo
,,,"Woodin Fashion Togo","On vous écoute en commentaire.

Dans tous les cas, chez Woodin, tu seras satisfaite. Passe en boutique, on s’occupe du reste. 😌

📍Boutique WOODIN – En face de BIA TOGO
📱90594255

#WoodinFashionTogo",0,"02/12/2026 07:15",https://www.instagram.com/p/DUqZr71jKL5/,"Image IG",,Global,348,213,5,0,0,0,0,,,18094345312949186,17841411124240679,woodinfashiontogo
,,,"Woodin Fashion Togo","Elle ne veut pas de chocolat.
Elle ne veut pas de fleurs.
Elle veut des tissus de la nouvelle collection… et une carte cadeau Woodin. 😄

Ne dites pas qu’on ne vous a pas prévenu.

📍Boutique WOODIN – En face de BIA TOGO
📱 90594255

#WoodinFashionTogo",10,"02/12/2026 02:09",https://www.instagram.com/reel/DUp2pxdDGno/,"Reel IG",,Global,1866,1307,30,3,0,0,1,,,17911076370324126,17841411124240679,woodinfashiontogo
,,,"Woodin Fashion Togo","Petit rappel entre nous. 🤭

Les offres Saint-Valentin sont toujours là. La boutique est ouverte, les idées cadeaux aussi.

Passez faire un tour, on s’occupe du reste. ❤️

📍Boutique WOODIN – En face de BIA TOGO
📱90594255

#WoodinFashionTogo",0,"02/11/2026 10:11",https://www.instagram.com/p/DUoJEGdDJBr/,"Image IG",,Global,536,329,8,0,0,0,0,,,18069840845536560,17841411124240679,woodinfashiontogo
,,,"Woodin Fashion Togo","LE MEILLEUR CADEAU POUR FAIRE PLAISIR. ❤️

#WoodinFashionTogo",0,"02/10/2026 01:54",https://www.instagram.com/p/DUkrXReDChR/,"Image IG",,Global,774,480,22,1,0,0,0,,,18111873895711082,17841411124240679,woodinfashiontogo
,,,"Woodin Fashion Togo","Tu cherches un cadeau ? On l’a déjà trouvé pour toi.😌

Avec l’offre Saint-Valentin Woodin,
offrez de l’élégance et une attention qui marque les esprits.

👉🏾 UNIQUEMENT ACCESSIBLE DU 06 AU 14 FÉVRIER

📍Boutique WOODIN – En face de BIA TOGO
📱 90594255

#WoodinFashionTogo #OffreSaintValentin",0,"02/07/2026 03:18",https://www.instagram.com/p/DUdGlU7jKcI/,"Image IG",,Global,2455,9499,14,0,2,0,1,,,18308091892287575,17841411124240679,woodinfashiontogo
,,,"Woodin Fashion Togo","Les fleurs, c’est joli… mais ça fane … 

Une tenue Woodin, ça reste. Si vous voulez offrir quelque chose qui dure dans le temps, vous êtes au bon endroit. 👌🏾

📍Boutique WOODIN – En face de BIA TOGO
📱 90594255

#WoodinFashionTogo",0,"02/07/2026 02:58",https://www.instagram.com/p/DUdETSUjLLn/,"Image IG",,Global,739,483,6,1,0,0,0,,,17928883110193147,17841411124240679,woodinfashiontogo
,,,"Woodin Fashion Togo","S’aimer, ce n’est pas être égoïste.
C’est aussi se faire plaisir, sans culpabiliser.

Si une tenue ou tissu Woodin vous fait de l’œil… écoutez votre cœur. 😌

📍Boutique WOODIN – En face de BIA TOGO
📱 90594255

#WoodinFashionTogo",0,"02/07/2026 02:46",https://www.instagram.com/p/DUdC6tpDHoA/,"Image IG",,Global,403,250,4,0,0,0,0,,,18035627753752447,17841411124240679,woodinfashiontogo
,,,"Woodin Fashion Togo","S’aimer, ce n’est pas être égoïste.
C’est aussi se faire plaisir, sans culpabiliser.

Si une tenue ou tissu Woodin vous fait de l’œil… écoutez votre cœur. 😌

📍Boutique WOODIN – En face de BIA TOGO
📱 90594255

#WoodinFashionTogo",0,"02/07/2026 02:45",https://www.instagram.com/p/DUdC0RKjNUf/,"Image IG",,Global,563,436,9,0,1,0,1,,,17858220648603318,17841411124240679,woodinfashiontogo
,,,"Woodin Fashion Togo","S’aimer, ce n’est pas être égoïste.
C’est aussi se faire plaisir, sans culpabiliser.

Si une tenue ou tissu Woodin vous fait de l’œil… écoutez votre cœur. 😌

📍Boutique WOODIN – En face de BIA TOGO
📱 90594255

#WoodinFashionTogo",0,"02/07/2026 02:43",https://www.instagram.com/p/DUdClA4DNHf/,"Image IG",,Global,411,264,3,0,0,0,1,,,18095277313942549,17841411124240679,woodinfashiontogo
,,,"Woodin Fashion Togo",🤭,0,"02/07/2026 02:39",https://www.instagram.com/p/DUdCG-aDKma/,"Image IG",,Global,864,538,28,0,0,0,0,,,18124114309485318,17841411124240679,woodinfashiontogo
,,,"Woodin Fashion Togo","Faire plaisir à un homme, ce n’est pas si compliqué. 😄

Une belle chemise, un polo, un t-shirt Woodin… Ça marche à tous les coups.

Passez en boutique, on vous montre.

📍Boutique WOODIN – En face de BIA TOGO
📱 90594255

#WoodinFashionTogo",0,"02/05/2026 03:32",https://www.instagram.com/p/DUX-p3ojFkJ/,"Image IG",,Global,604,397,12,0,0,0,0,,,17887726380426256,17841411124240679,woodinfashiontogo
,,,"Woodin Fashion Togo","On va se dire la vérité…

Elle mérite mieux qu’un cadeau de dernière minute. 😌 Une robe, une jupe, un beau tissu Woodin, quelque chose qu’elle pourra porter encore et encore. 

📍Boutique WOODIN – En face de BIA TOGO
📱 90594255

#WoodinFashionTogo",0,"02/04/2026 06:21",https://www.instagram.com/p/DUVtKtfjF7l/,"Image IG",,Global,496,301,13,0,0,0,0,,,18079384589359895,17841411124240679,woodinfashiontogo
,,,"Woodin Fashion Togo","Vous préférez quoi ? 🤔

Qu’on vous surprenne avec un cadeau ou choisir vous-même ce qui vous plaît ?

Dites-nous en commentaire. 🤭

#WoodinFashionTogo #MoisDeLamour",0,"02/03/2026 05:01",https://www.instagram.com/p/DUS_OvGjP8s/,"Image IG",,Global,464,301,10,0,0,0,0,,,18082516922264993,17841411124240679,woodinfashiontogo
,,,"Woodin Fashion Togo","🤭

#WoodinFashionTogo #MoisDeLamour",0,"02/03/2026 05:00",https://www.instagram.com/p/DUS-9A_jBHV/,"Image IG",,Global,691,424,21,0,0,0,0,,,18097586875898522,17841411124240679,woodinfashiontogo
,,,"Woodin Fashion Togo","Vous préférez quoi ? 🤔

Qu’on vous surprenne avec un cadeau ou choisir vous-même ce qui vous plaît ?

Dites-nous en commentaire. 🤭

#WoodinFashionTogo #MoisDeLamour",0,"02/03/2026 04:58",https://www.instagram.com/p/DUS-0YWDIkh/,"Image IG",,Global,601,365,15,0,0,0,0,,,18306953242258111,17841411124240679,woodinfashiontogo
,,,"Woodin Fashion Togo","Bon mois de février à vous ! ❤️

Février, c’est le mois de l’amour sous toutes ses formes. En couple, entre amis, en famille, ou même envers soi-même.

Même si on fait plaisir toute l’année,
c’est encore une bonne excuse pour faire sourire, prendre un peu plus soin des gens qu’on aime
et leur montrer qu’ils comptent vraiment pour nous.

On est prêts pour ce mois plein de belles attentions ! 🤭

#WoodinFashionTogo #MoisDeLamour",0,"02/02/2026 03:40",https://www.instagram.com/p/DUQQlyPDI_O/,"Image IG",,Global,760,478,35,1,1,0,1,,,18119711119519747,17841411124240679,woodinfashiontogo
,,,"Woodin Fashion Togo","Bon mois de février à vous ! ❤️

Février, c’est le mois de l’amour sous toutes ses formes. En couple, entre amis, en famille, ou même envers soi-même.

Même si on fait plaisir toute l’année,
c’est encore une bonne excuse pour faire sourire, prendre un peu plus soin des gens qu’on aime
et leur montrer qu’ils comptent vraiment pour nous.

On est prêts pour ce mois plein de belles attentions ! 🤭

#WoodinFashionTogo #MoisDeLamour",0,"02/02/2026 03:35",https://www.instagram.com/p/DUQPr8cjDJf/,"Image IG",,Global,1562,840,60,1,0,0,2,,,17953153248066172,17841411124240679,woodinfashiontogo
,,,"Woodin Fashion Togo","Bon mois de février à vous ! ❤️

Février, c’est le mois de l’amour sous toutes ses formes. En couple, entre amis, en famille, ou même envers soi-même.

Même si on fait plaisir toute l’année,
c’est encore une bonne excuse pour faire sourire, prendre un peu plus soin des gens qu’on aime
et leur montrer qu’ils comptent vraiment pour nous.

On est prêts pour ce mois plein de belles attentions ! 🤭

#WoodinFashionTogo #MoisDeLamour",0,"02/02/2026 03:26",https://www.instagram.com/p/DUQPeduDM63/,"Image IG",,Global,731,431,26,1,1,0,2,,,17862340374589359,17841411124240679,woodinfashiontogo
,,,"Woodin Fashion Togo","Si vous cherchez une robe décontractée, avec un motif rare qu’on ne voit pas partout… elle est disponible en boutique woodin.

Facile à porter, belle sans en faire trop. 

📍Boutique WOODIN – En face de BIA TOGO
📱 90594255

#WoodinFashionTogo",0,"01/29/2026 03:03",https://www.instagram.com/p/DUF5zDFDGt8/,"Image IG",,Global,558,369,14,0,0,0,2,,,17948709135085815,17841411124240679,woodinfashiontogo
,,,"Woodin Fashion Togo","Si vous cherchez une robe décontractée, avec un motif rare qu’on ne voit pas partout… elle est disponible en boutique woodin.

Facile à porter, belle sans en faire trop. 

📍Boutique WOODIN – En face de BIA TOGO
📱 90594255

#WoodinFashionTogo",0,"01/29/2026 03:02",https://www.instagram.com/p/DUF5nCyjE4s/,"Image IG",,Global,594,378,12,0,0,0,1,,,18173319028376898,17841411124240679,woodinfashiontogo
,,,"Woodin Fashion Togo","Si vous cherchez une robe décontractée, avec un motif rare qu’on ne voit pas partout… elle est disponible en boutique woodin.

Facile à porter, belle sans en faire trop. 

📍Boutique WOODIN – En face de BIA TOGO
📱 90594255

#WoodinFashionTogo",0,"01/29/2026 03:01",https://www.instagram.com/p/DUF5hYGDFVt/,"Image IG",,Global,502,365,22,0,2,0,0,,,18554899414031677,17841411124240679,woodinfashiontogo
,,,"Woodin Fashion Togo","Si vous cherchez une robe décontractée, avec un motif rare qu’on ne voit pas partout… elle est disponible en boutique woodin.

Facile à porter, belle sans en faire trop. 

📍Boutique WOODIN – En face de BIA TOGO
📱 90594255

#WoodinFashionTogo",0,"01/29/2026 03:00",https://www.instagram.com/p/DUF5YR6jFtC/,"Image IG",,Global,588,360,13,3,0,0,0,,,18054963578392700,17841411124240679,woodinfashiontogo
,,,"Woodin Fashion Togo","Si vous cherchez une robe décontractée, avec un motif rare qu’on ne voit pas partout… elle est disponible en boutique woodin.

Facile à porter, belle sans en faire trop. 

📍Boutique WOODIN – En face de BIA TOGO
📱 90594255

#WoodinFashionTogo",0,"01/29/2026 02:59",https://www.instagram.com/p/DUF5SWBDHWq/,"Image IG",,Global,387,247,7,0,0,0,0,,,18562092550007715,17841411124240679,woodinfashiontogo
,,,"Woodin Fashion Togo","Si vous cherchez une robe décontractée, avec un motif rare qu’on ne voit pas partout… elle est disponible en boutique woodin.

Facile à porter, belle sans en faire trop. 

📍Boutique WOODIN – En face de BIA TOGO
📱 90594255

#WoodinFashionTogo",0,"01/29/2026 02:59",https://www.instagram.com/p/DUF5OTzDCYX/,"Image IG",,Global,696,459,16,1,0,0,0,,,17956897260026741,17841411124240679,woodinfashiontogo
,,,"Woodin Fashion Togo","C’est la chemise qui fait la différence dès le premier regard.👌🏽

Portée au bureau, à un événement ou en sortie, elle vous donne ce petit « quelque chose » en plus. 🤭

Woodin, c’est pour ceux qui aiment se démarquer, simplement. 🙂‍↔️

📍Boutique WOODIN – En face de BIA TOGO
📱 90594255

#WoodinFashionTogo",0,"01/22/2026 08:29",https://www.instagram.com/p/DT0djJRDEOx/,"Image IG",,Global,466,284,4,0,0,0,1,,,17934990456012164,17841411124240679,woodinfashiontogo
,,,"Woodin Fashion Togo","La chemise manches longues que vous ne verrez pas partout. 😎

Motifs marquants, coupe propre, style assumé. Si vous aimez être bien habillé sans ressembler à tout le monde, vous savez où passer. 🤭

📍Boutique WOODIN – En face de BIA TOGO
📱 90594255

#WoodinFashionTogo",0,"01/22/2026 08:29",https://www.instagram.com/p/DT0deYmjEmQ/,"Carrousel IG",,Global,734,378,11,0,0,0,2,,,17888541018417784,17841411124240679,woodinfashiontogo
,,,"Woodin Fashion Togo","C’est la chemise qui fait la différence dès le premier regard.👌🏽

Portée au bureau, à un événement ou en sortie, elle vous donne ce petit « quelque chose » en plus. 🤭

Woodin, c’est pour ceux qui aiment se démarquer, simplement. 🙂‍↔️

📍Boutique WOODIN – En face de BIA TOGO
📱 90594255

#WoodinFashionTogo",0,"01/22/2026 08:28",https://www.instagram.com/p/DT0dV0ijGcM/,"Image IG",,Global,641,389,9,0,0,0,0,,,18524123701064815,17841411124240679,woodinfashiontogo
,,,"Woodin Fashion Togo","Nouvelle semaine, nouvelle énergie. 💪🏽

On avance doucement, mais sûrement. On se fait confiance, on prend soin de soi… et on reste stylée, toujours. 😌

Bonne semaine les reines. 🤍

#WoodinFashionTogo",0,"01/20/2026 07:47",https://www.instagram.com/p/DTvPJNejNfT/,"Carrousel IG",,Global,978,546,28,0,0,0,0,,,18159542854408445,17841411124240679,woodinfashiontogo
,,,"Woodin Fashion Togo","Tenue simple, attitude assurée … 😌

Woodin, c’est ce petit détail qui change tout. Parfait pour finir la semaine en beauté. 

#WoodinFashionTogo",18,"01/18/2026 05:43",https://www.instagram.com/reel/DTp3QZ3DFtn/,"Reel IG",,Global,10126,7571,555,34,3,14,22,,,18033370430563118,17841411124240679,woodinfashiontogo
,,,"Woodin Fashion Togo","Quand Woodin rassemble, ça donne du style, du fun et de bonnes ondes.

@_o.r.l.a.n.e___ @le_nouveau_riche @yoursleyn @j_caesaar 

#WoodinFashionTogo",13,"01/17/2026 11:07",https://www.instagram.com/reel/DTn3jfUjOo3/,"Reel IG",,Global,3083,1823,159,7,0,2,4,,,18074395748372328,17841411124240679,woodinfashiontogo
,,,"Woodin Fashion Togo","Vendredi, c’est le jour où tu portes la tenue pour dire : Oui je travaille… mais le week-end arrive. 🤭

Confort, élégance et petit mood de fin de semaine. 💃🏾 Ce pantalon, tu le mérites et c’est disponible en boutique ! 

📍Boutique WOODIN – En face de BIA TOGO
📱 90594255

#WoodinFashionTogo #Fashion #WeekEndStyle",0,"01/16/2026 09:58",https://www.instagram.com/p/DTlK6w0DEQu/,"Image IG",,Global,600,409,10,0,0,0,0,,,17859731940586199,17841411124240679,woodinfashiontogo
,,,"Woodin Fashion Togo","Vendredi, c’est le jour où tu portes la tenue pour dire : Oui je travaille… mais le week-end arrive. 🤭

Confort, élégance et petit mood de fin de semaine. 💃🏾 Ce pantalon, tu le mérites et c’est disponible en boutique ! 

📍Boutique WOODIN – En face de BIA TOGO
📱 90594255

#WoodinFashionTogo #Fashion #WeekEndStyle",0,"01/16/2026 09:56",https://www.instagram.com/p/DTlKofeDDLC/,"Image IG",,Global,495,307,5,0,0,0,0,,,18038359382733668,17841411124240679,woodinfashiontogo
,,,"Woodin Fashion Togo","Vendredi, c’est le jour où tu portes la tenue pour dire : Oui je travaille… mais le week-end arrive. 🤭

Confort, élégance et petit mood de fin de semaine. 💃🏾 Ce pantalon, tu le mérites et c’est disponible en boutique ! 

📍Boutique WOODIN – En face de BIA TOGO
📱 90594255

#WoodinFashionTogo #Fashion #WeekEndStyle",0,"01/16/2026 09:55",https://www.instagram.com/p/DTlKkN9jFdW/,"Image IG",,Global,931,561,27,2,0,0,0,,,17921253057238393,17841411124240679,woodinfashiontogo
,,,"Woodin Fashion Togo","Vendredi, c’est le jour où tu portes la tenue pour dire : Oui je travaille… mais le week-end arrive. 🤭

Confort, élégance et petit mood de fin de semaine. 💃🏾 Ce pantalon, tu le mérites et c’est disponible en boutique ! 

📍Boutique WOODIN – En face de BIA TOGO
📱 90594255

#WoodinFashionTogo #Fashion #WeekEndStyle",0,"01/16/2026 09:54",https://www.instagram.com/p/DTlKfXajJJJ/,"Image IG",,Global,453,300,7,0,0,0,0,,,17865685896552345,17841411124240679,woodinfashiontogo
,,,"Woodin Fashion Togo","Vendredi, c’est le jour où tu portes la tenue pour dire : Oui je travaille… mais le week-end arrive. 🤭

Confort, élégance et petit mood de fin de semaine. 💃🏾 Ce pantalon, tu le mérites et c’est disponible en boutique ! 

📍Boutique WOODIN – En face de BIA TOGO
📱 90594255

#WoodinFashionTogo #Fashion #WeekEndStyle",0,"01/16/2026 09:54",https://www.instagram.com/p/DTlKapjDAbF/,"Image IG",,Global,447,277,5,2,0,0,0,,,18443124835102037,17841411124240679,woodinfashiontogo
,,,"Woodin Fashion Togo","Vendredi, c’est le jour où tu portes la tenue pour dire : Oui je travaille… mais le week-end arrive. 🤭

Confort, élégance et petit mood de fin de semaine. 💃🏾 Ce pantalon, tu le mérites et c’est disponible en boutique ! 

📍Boutique WOODIN – En face de BIA TOGO
📱 90594255

#WoodinFashionTogo #Fashion #WeekEndStyle",0,"01/16/2026 09:53",https://www.instagram.com/p/DTlKWW6DGeZ/,"Image IG",,Global,951,593,15,3,0,0,1,,,17896366881381666,17841411124240679,woodinfashiontogo
,,,"Woodin Fashion Togo","Bureau, sortie, rendez-vous, week-end…

Une chemise Woodin, et vous êtes prêt pour tout. Pas besoin de réfléchir longtemps, elle fait le job.

#WoodinFashionTogo",0,"01/16/2026 09:51",https://www.instagram.com/p/DTlKLH5DJrL/,"Image IG",,Global,316,210,4,0,0,0,0,,,18109455844644123,17841411124240679,woodinfashiontogo
,,,"Woodin Fashion Togo","Bureau, sortie, rendez-vous, week-end…

Une chemise Woodin, et vous êtes prêt pour tout. Pas besoin de réfléchir longtemps, elle fait le job.

#WoodinFashionTogo",0,"01/16/2026 09:51",https://www.instagram.com/p/DTlKIaBDDEl/,"Image IG",,Global,346,231,2,0,0,0,0,,,18072357863370884,17841411124240679,woodinfashiontogo
,,,"Woodin Fashion Togo","Bureau, sortie, rendez-vous, week-end…

Une chemise Woodin, et vous êtes prêt pour tout. Pas besoin de réfléchir longtemps, elle fait le job.

#WoodinFashionTogo",0,"01/16/2026 09:50",https://www.instagram.com/p/DTlKBFuDFXR/,"Image IG",,Global,382,252,5,0,0,0,0,,,17926645320198166,17841411124240679,woodinfashiontogo
,,,"Woodin Fashion Togo","Bureau, sortie, rendez-vous, week-end…

Une chemise Woodin, et vous êtes prêt pour tout. Pas besoin de réfléchir longtemps, elle fait le job.

#WoodinFashionTogo",0,"01/16/2026 09:50",https://www.instagram.com/p/DTlJ9X_jO7v/,"Image IG",,Global,617,383,5,1,0,0,0,,,18311026750255384,17841411124240679,woodinfashiontogo
,,,"Woodin Fashion Togo","Bureau, sortie, rendez-vous, week-end…

Une chemise Woodin, et vous êtes prêt pour tout. Pas besoin de réfléchir longtemps, elle fait le job.

#WoodinFashionTogo",0,"01/16/2026 03:15",https://www.instagram.com/p/DTkcxb0jAbv/,"Image IG",,Global,347,231,4,0,0,0,1,,,17970076332005086,17841411124240679,woodinfashiontogo
,,,"Woodin Fashion Togo","Bureau, sortie, rendez-vous, week-end…

Une chemise Woodin, et vous êtes prêt pour tout. Pas besoin de réfléchir longtemps, elle fait le job.

#WoodinFashionTogo",0,"01/16/2026 03:12",https://www.instagram.com/p/DTkcgnUDALe/,"Image IG",,Global,358,228,8,1,0,0,0,,,18107099062670868,17841411124240679,woodinfashiontogo
,,,"Woodin Fashion Togo","C’est la chemise qui vous fera vous sentir le plus beau.😌

Celle qu’on remarque sans trop en faire. Vous le trouverez uniquement chez Woodin.

📍Boutique WOODIN – En face de BIA TOGO
📱 90594255

#WoodinFashionTogo",0,"01/15/2026 02:15",https://www.instagram.com/p/DThxHmxDOEq/,"Image IG",,Global,696,422,12,1,0,0,0,,,18140702542461695,17841411124240679,woodinfashiontogo
,,,"Woodin Fashion Togo","C’est la chemise qui vous fera vous sentir le plus beau.😌

Celle qu’on remarque sans trop en faire. Vous le trouverez uniquement chez Woodin.

📍Boutique WOODIN – En face de BIA TOGO
📱 90594255

#WoodinFashionTogo",0,"01/15/2026 02:14",https://www.instagram.com/p/DThxDMmjJ4G/,"Image IG",,Global,361,230,4,0,0,0,1,,,18051541631438627,17841411124240679,woodinfashiontogo
,,,"Woodin Fashion Togo","C’est la chemise qui vous fera vous sentir le plus beau.😌

Celle qu’on remarque sans trop en faire. Vous le trouverez uniquement chez Woodin.

📍Boutique WOODIN – En face de BIA TOGO
📱 90594255

#WoodinFashionTogo",0,"01/15/2026 02:14",https://www.instagram.com/p/DThw_NgDHze/,"Image IG",,Global,381,239,8,0,0,0,1,,,18115927795525283,17841411124240679,woodinfashiontogo
,,,"Woodin Fashion Togo","Il n’y a pas que les tissus qui se sont rafraîchis en boutique. 

Nous avons également de nouvelles chemises Woodin. Classique, cool ou décontracté… il y a forcément la vôtre.

📍Boutique WOODIN – En face de BIA TOGO
📱 90594255

#WoodinFashionTogo",0,"01/14/2026 09:39",https://www.instagram.com/p/DTf_KtbDAGS/,"Image IG",,Global,389,254,6,0,0,0,0,,,18147282121395682,17841411124240679,woodinfashiontogo
18084958618931778,17841411124240679,woodinfashiontogo,"Woodin Fashion Togo","Challenge Holidays est terminé et nos gagnantes sont passées en boutique récupérer leurs lots !

Bravo à elles pour leur créativité et leur style 100 % Woodin. 😍

@black_boo26 

#WoodinFashionTogo #WoodinFashion #Challenge #RemiseDeLots #Togo",0,"09/30/2025 04:31",https://www.instagram.com/p/DPOYwA6jGV9/,"Image IG",,Global,1808,567,21,1,0,0,0,,,,,
17864721888555758,17841411124240679,woodinfashiontogo,"Woodin Fashion Togo","Qui a dit que les chemises Woodin, c’était seulement pour les pantalons classiques ? 😏

Jean, basket, attitude… ça passe aussi. Woodin s’adapte à tous les styles, surtout aux plus jeunes. 

📍Boutique WOODIN – En face de BIA TOGO
📱 90594255

#WoodinFashionTogo",0,"01/14/2026 05:32",https://www.instagram.com/p/DTfi8EwDNKH/,"Image IG",,Global,366,227,8,0,0,0,1,,,,,
18076004741459447,17841411124240679,woodinfashiontogo,"Woodin Fashion Togo","Qui a dit que les chemises Woodin, c’était seulement pour les pantalons classiques ? 😏

Jean, basket, attitude… ça passe aussi. Woodin s’adapte à tous les styles, surtout aux plus jeunes. 

📍Boutique WOODIN – En face de BIA TOGO
📱 90594255

#WoodinFashionTogo",0,"01/14/2026 05:31",https://www.instagram.com/p/DTfivM1DEIk/,"Image IG",,Global,452,288,17,0,0,0,0,,,,,
18083131481180039,17841411124240679,woodinfashiontogo,"Woodin Fashion Togo","Qui a dit que les chemises Woodin, c’était seulement pour les pantalons classiques ? 😏

Jean, basket, attitude… ça passe aussi. Woodin s’adapte à tous les styles, surtout aux plus jeunes. 

📍Boutique WOODIN – En face de BIA TOGO
📱 90594255

#WoodinFashionTogo",0,"01/14/2026 05:30",https://www.instagram.com/p/DTfioVwDFAz/,"Image IG",,Global,358,231,7,1,0,0,0,,,,,
18014341202817793,17841411124240679,woodinfashiontogo,"Woodin Fashion Togo","Qui a dit que les chemises Woodin, c’était seulement pour les pantalons classiques ? 😏

Jean, basket, attitude… ça passe aussi. Woodin s’adapte à tous les styles, surtout aux plus jeunes. 

📍Boutique WOODIN – En face de BIA TOGO
📱 90594255

#WoodinFashionTogo",0,"01/14/2026 05:22",https://www.instagram.com/p/DTfhxUsjBIX/,"Image IG",,Global,394,260,5,0,0,0,0,,,,,
18081365998961039,17841411124240679,woodinfashiontogo,"Woodin Fashion Togo","Qui a dit que les chemises Woodin, c’était seulement pour les pantalons classiques ? 😏

Jean, basket, attitude… ça passe aussi. Woodin s’adapte à tous les styles, surtout aux plus jeunes. 

📍Boutique WOODIN – En face de BIA TOGO
📱 90594255

#WoodinFashionTogo",0,"01/14/2026 05:21",https://www.instagram.com/p/DTfhpDhjExM/,"Image IG",,Global,424,284,8,0,0,0,0,,,,,
17880208947451457,17841411124240679,woodinfashiontogo,"Woodin Fashion Togo","Qui a dit que les chemises Woodin, c’était seulement pour les pantalons classiques ? 😏

Jean, basket, attitude… ça passe aussi. Woodin s’adapte à tous les styles, surtout aux plus jeunes. 

📍Boutique WOODIN – En face de BIA TOGO
📱 90594255

#WoodinFashionTogo",0,"01/14/2026 05:21",https://www.instagram.com/p/DTfhlJhjKwj/,"Image IG",,Global,470,293,7,0,0,0,0,,,,,
18097516111919452,17841411124240679,woodinfashiontogo,"Woodin Fashion Togo","Nouvelle année, nouveau mood ! 😎

Pas besoin d’en faire trop… juste un bon tissu, une belle coupe et le sourire.

2026 commence doucement, mais avec style, évidemment. 😉 Si vous cherchez l’inspiration, vous savez où nous trouver.

📍Boutique WOODIN – En face de BIA TOGO
📱 90594255

#WoodinFashionTogo #Fashion #AnkaraStyle",0,"01/10/2026 07:28",https://www.instagram.com/p/DTVc8CwDGGt/,"Image IG",,Global,632,726,15,0,0,0,0,,,,,
17895315708242601,17841411124240679,woodinfashiontogo,"Woodin Fashion Togo","Nouvelle année, nouveau mood ! 😎

Pas besoin d’en faire trop… juste un bon tissu, une belle coupe et le sourire.

2026 commence doucement, mais avec style, évidemment. 😉 Si vous cherchez l’inspiration, vous savez où nous trouver.

📍Boutique WOODIN – En face de BIA TOGO
📱 90594255

#WoodinFashionTogo #Fashion #AnkaraStyle",0,"01/10/2026 07:27",https://www.instagram.com/p/DTVc3mEDOUh/,"Image IG",,Global,562,331,11,0,0,0,1,,,,,
17990577749868131,17841411124240679,woodinfashiontogo,"Woodin Fashion Togo","Nouvelle année, nouveau mood ! 😎

Pas besoin d’en faire trop… juste un bon tissu, une belle coupe et le sourire.

2026 commence doucement, mais avec style, évidemment. 😉 Si vous cherchez l’inspiration, vous savez où nous trouver.

📍Boutique WOODIN – En face de BIA TOGO
📱 90594255

#WoodinFashionTogo #Fashion #AnkaraStyle",0,"01/10/2026 07:25",https://www.instagram.com/p/DTVcp1xjOHK/,"Image IG",,Global,10920,5859,291,14,2,10,12,,,,,
18004665242688063,17841411124240679,woodinfashiontogo,"Woodin Fashion Togo","Nouvelle année, nouveau mood ! 😎

Pas besoin d’en faire trop… juste un bon tissu, une belle coupe et le sourire.

2026 commence doucement, mais avec style, évidemment. 😉 Si vous cherchez l’inspiration, vous savez où nous trouver.

📍Boutique WOODIN – En face de BIA TOGO
📱 90594255

#WoodinFashionTogo #Fashion #AnkaraStyle",0,"01/10/2026 07:24",https://www.instagram.com/p/DTVciY_jJo6/,"Image IG",,Global,1082,2434,38,0,1,0,4,,,,,
18097969390701823,17841411124240679,woodinfashiontogo,"Woodin Fashion Togo","Nouvelle année, nouveau mood ! 😎

Pas besoin d’en faire trop… juste un bon tissu, une belle coupe et le sourire.

2026 commence doucement, mais avec style, évidemment. 😉 Si vous cherchez l’inspiration, vous savez où nous trouver.

📍Boutique WOODIN – En face de BIA TOGO
📱 90594255

#WoodinFashionTogo #Fashion #AnkaraStyle",0,"01/10/2026 07:23",https://www.instagram.com/p/DTVcbInDKry/,"Image IG",,Global,610,403,11,1,1,0,0,,,,,
18006074990683778,17841411124240679,woodinfashiontogo,"Woodin Fashion Togo","Nouvelle année, nouveau mood ! 😎

Pas besoin d’en faire trop… juste un bon tissu, une belle coupe et le sourire.

2026 commence doucement, mais avec style, évidemment. 😉 Si vous cherchez l’inspiration, vous savez où nous trouver.

📍Boutique WOODIN – En face de BIA TOGO
📱 90594255

#WoodinFashionTogo #Fashion #AnkaraStyle",0,"01/10/2026 07:21",https://www.instagram.com/p/DTVcNl2DOBe/,"Image IG",,Global,537,334,13,0,0,0,0,,,,,
18086555021291024,17841411124240679,woodinfashiontogo,"Woodin Fashion Togo","On est de retour ! 🙃

On espère que vous avez bien profité, bien mangé, bien ri… et surtout bien fêté. De notre côté, la boutique est ouverte aujourd’hui.

Si l’envie vous prend de faire le tout premier shopping de l’année, de regarder tranquillement, de vous faire plaisir sans pression… on est là. 😌

Passez quand vous voulez, même juste pour dire bonjour.

📍Boutique WOODIN – En face de BIA TOGO
📱 90594255

#WoodinFashionTogo",0,"01/07/2026 07:31",https://www.instagram.com/p/DTNu5CJDCPa/,"Image IG",,Global,2695,1571,129,1,4,2,2,,,,,
17875193793469729,17841411124240679,woodinfashiontogo,"Woodin Fashion Togo","On est de retour ! 🙃

On espère que vous avez bien profité, bien mangé, bien ri… et surtout bien fêté. De notre côté, la boutique est ouverte aujourd’hui.

Si l’envie vous prend de faire le tout premier shopping de l’année, de regarder tranquillement, de vous faire plaisir sans pression… on est là. 😌

Passez quand vous voulez, même juste pour dire bonjour.

📍Boutique WOODIN – En face de BIA TOGO
📱 90594255

#WoodinFashionTogo",0,"01/07/2026 06:56",https://www.instagram.com/p/DTNq6qGjKbn/,"Image IG",,Global,2946,1646,81,5,4,0,1,,,,,
17872128366501521,17841411124240679,woodinfashiontogo,"Woodin Fashion Togo","On est de retour ! 🙃

On espère que vous avez bien profité, bien mangé, bien ri… et surtout bien fêté. De notre côté, la boutique est ouverte aujourd’hui.

Si l’envie vous prend de faire le tout premier shopping de l’année, de regarder tranquillement, de vous faire plaisir sans pression… on est là. 😌

Passez quand vous voulez, même juste pour dire bonjour.

📍Boutique WOODIN – En face de BIA TOGO
📱 90594255

#WoodinFashionTogo",0,"01/07/2026 06:54",https://www.instagram.com/p/DTNqs5fDDJ9/,"Image IG",,Global,742,474,15,2,0,0,1,,,,,
18094252750940327,17841411124240679,woodinfashiontogo,"Woodin Fashion Togo","On est de retour ! 🙃

On espère que vous avez bien profité, bien mangé, bien ri… et surtout bien fêté. De notre côté, la boutique est ouverte aujourd’hui.

Si l’envie vous prend de faire le tout premier shopping de l’année, de regarder tranquillement, de vous faire plaisir sans pression… on est là. 😌

Passez quand vous voulez, même juste pour dire bonjour.

📍Boutique WOODIN – En face de BIA TOGO
📱 90594255

#WoodinFashionTogo",0,"01/07/2026 06:53",https://www.instagram.com/p/DTNqpe5DNr_/,"Image IG",,Global,2807,1318,103,4,0,0,1,,,,,
18150163492433296,17841411124240679,woodinfashiontogo,"Woodin Fashion Togo","On est de retour ! 🙃

On espère que vous avez bien profité, bien mangé, bien ri… et surtout bien fêté. De notre côté, la boutique est ouverte aujourd’hui.

Si l’envie vous prend de faire le tout premier shopping de l’année, de regarder tranquillement, de vous faire plaisir sans pression… on est là. 😌

Passez quand vous voulez, même juste pour dire bonjour.

📍Boutique WOODIN – En face de BIA TOGO
📱 90594255

#WoodinFashionTogo",0,"01/07/2026 06:51",https://www.instagram.com/p/DTNqZHnjOu7/,"Image IG",,Global,1049,624,29,0,0,0,0,,,,,
18371154337088794,17841411124240679,woodinfashiontogo,"Woodin Fashion Togo","2025 n’a pas été une année simple pour beaucoup d’entre nous. Il y a eu des défis, des déceptions, parfois des pertes, parfois de la fatigue. Des moments où on a douté, où on a eu envie de lâcher.

Mais malgré tout, on est encore là. On a continué. On a appris. On s’est relevés, chacun à sa manière.

Aujourd’hui, on termine l’année avec de la gratitude. Pour ce qu’on a. Pour ce qu’on est devenus. Pour la force qu’on ne savait même pas qu’on avait.

En 2026, on n’entre pas avec la pression d’être parfaits. On entre avec l’envie de faire mieux. D’avancer. De prendre soin de soi et des autres. Et de garder le sourire, même quand ce n’est pas facile.

Bonne année à vous fam. 🤍 Que 2026 soit plus douce, plus lumineuse et pleine de belles choses.

#WoodinFashionTogo #InfiniDeWoodin #BonneAnnee2026 #Lome",24,"12/31/2025 11:04",https://www.instagram.com/reel/DS8FpX5jFNF/,"Reel IG",,Global,3001,1758,132,9,0,0,5,,,,,
18013103705648615,17841411124240679,woodinfashiontogo,"Woodin Fashion Togo","La fin de l’année, ce n’est pas toujours les grandes fêtes et les grandes tenues.

Parfois, c’est juste souffler. Se poser. Être bien, à l’aise, entouré des bonnes personnes. Et ça aussi, c’est un beau moment. 

#WoodinFashionTogo #InfiniDeWoodin #Lome",0,"12/31/2025 06:08",https://www.instagram.com/p/DS7j1_SjL1A/,"Image IG",,Global,848,460,18,0,0,0,1,,,,,
18132567595495969,17841411124240679,woodinfashiontogo,"Woodin Fashion Togo","La fin de l’année, ce n’est pas toujours les grandes fêtes et les grandes tenues.

Parfois, c’est juste souffler. Se poser. Être bien, à l’aise, entouré des bonnes personnes. Et ça aussi, c’est un beau moment. 

#WoodinFashionTogo #InfiniDeWoodin #Lome",0,"12/31/2025 06:04",https://www.instagram.com/p/DS7jdYhjLt5/,"Image IG",,Global,1035,631,16,1,0,0,1,,,,,
18052868594664384,17841411124240679,woodinfashiontogo,"Woodin Fashion Togo","La fin de l’année, ce n’est pas toujours les grandes fêtes et les grandes tenues.

Parfois, c’est juste souffler. Se poser. Être bien, à l’aise, entouré des bonnes personnes. Et ça aussi, c’est un beau moment. 

#WoodinFashionTogo #InfiniDeWoodin #Lome",0,"12/31/2025 06:00",https://www.instagram.com/p/DS7i_LbjLaO/,"Image IG",,Global,1533,875,32,0,0,0,1,,,,,
17998120319853693,17841411124240679,woodinfashiontogo,"Woodin Fashion Togo","On n’oublie pas les femmes ... 😌

Robes, jupes, pièces stylées, tissus … De quoi faire plaisir aux mamans, chéries , sœurs … et aux tatas toujours fraîches. 😎

📍Boutique WOODIN – En face de BIA TOGO
📱 90594255

#WoodinFashionTogo #InfiniDeWoodin #Lome",39,"12/30/2025 08:49",https://www.instagram.com/reel/DS5Pi5hDNeq/,"Reel IG",,Global,1275,903,31,1,0,0,2,,,,,
17850419175614379,17841411124240679,woodinfashiontogo,"Woodin Fashion Togo","La fin de l’année, ce n’est pas toujours les grandes fêtes et les grandes tenues.

Parfois, c’est juste souffler. Se poser. Être bien, à l’aise, entouré des bonnes personnes. Et ça aussi, c’est un beau moment. 

#WoodinFashionTogo #InfiniDeWoodin #Lome",0,"12/30/2025 08:30",https://www.instagram.com/p/DS5PSrzjNzS/,"Image IG",,Global,1094,600,26,2,0,0,1,,,,,
17888436819280225,17841411124240679,woodinfashiontogo,"Woodin Fashion Togo","Pour remercier une équipe, un collaborateur, un partenaire…
offrir Woodin, c’est offrir quelque chose qui a du sens.

Et pour ça nos cartes cadeaux sont disponibles. 

📍Boutique WOODIN – En face de BIA TOGO
📱 90594255

#WoodinFashionTogo #IdeeCadeau #CarteCadeauWoodin #Lome",18,"12/29/2025 04:24",https://www.instagram.com/reel/DS2OYCVDBU0/,"Reel IG",,Global,852,620,18,0,1,0,0,,,,,
18196919302333103,17841411124240679,woodinfashiontogo,"Woodin Fashion Togo","Que vous soyez plutôt simple, élégante, moderne ou audacieuse…

Chez Woodin, il y a toujours un tissu qui vous ressemble. Et ça, on adore. 🥰

#WoodinFashionTogo #InfiniDeWoodin #Lome",0,"12/28/2025 04:00",https://www.instagram.com/p/DSzm207jM2S/,"Carrousel IG",,Global,997,535,23,3,0,0,1,,,,,
18555534562045530,17841411124240679,woodinfashiontogo,"Woodin Fashion Togo","Que vous soyez plutôt simple, élégante, moderne ou audacieuse…

Chez Woodin, il y a toujours un tissu qui vous ressemble. Et ça, on adore. 🥰

#WoodinFashionTogo #InfiniDeWoodin #Lome",0,"12/28/2025 03:59",https://www.instagram.com/p/DSzmw_uDPbS/,"Image IG",,Global,631,342,9,0,0,0,1,,,,,
18119933920559883,17841411124240679,woodinfashiontogo,"Woodin Fashion Togo","Que vous soyez plutôt simple, élégante, moderne ou audacieuse…

Chez Woodin, il y a toujours un tissu qui vous ressemble. Et ça, on adore. 🥰

#WoodinFashionTogo #InfiniDeWoodin #Lome",0,"12/28/2025 03:59",https://www.instagram.com/p/DSzmuMQDMjK/,"Image IG",,Global,719,404,15,1,0,0,0,,,,,
17996546729895053,17841411124240679,woodinfashiontogo,"Woodin Fashion Togo","Que vous soyez plutôt simple, élégante, moderne ou audacieuse…

Chez Woodin, il y a toujours un tissu qui vous ressemble. Et ça, on adore. 🥰

#WoodinFashionTogo #InfiniDeWoodin #Lome",0,"12/28/2025 03:58",https://www.instagram.com/p/DSzmnvxjMj2/,"Image IG",,Global,607,334,12,1,0,0,0,,,,,
17873780205470391,17841411124240679,woodinfashiontogo,"Woodin Fashion Togo","Que vous soyez plutôt simple, élégante, moderne ou audacieuse…

Chez Woodin, il y a toujours un tissu qui vous ressemble. Et ça, on adore. 🥰

#WoodinFashionTogo #InfiniDeWoodin #Lome",0,"12/28/2025 03:57",https://www.instagram.com/p/DSzmjV_DKXF/,"Image IG",,Global,486,262,10,0,0,0,1,,,,,
18051784970678271,17841411124240679,woodinfashiontogo,"Woodin Fashion Togo","Que vous soyez plutôt simple, élégante, moderne ou audacieuse…

Chez Woodin, il y a toujours un tissu qui vous ressemble. Et ça, on adore. 🥰

 📍Boutique WOODIN – En face de BIA TOGO
📱 90594255

#WoodinFashionTogo #InfiniDeWoodin #Lome",0,"12/28/2025 03:54",https://www.instagram.com/p/DSzmMvljFNn/,"Image IG",,Global,850,497,18,0,0,0,0,,,,,
17846379558630720,17841411124240679,woodinfashiontogo,"Woodin Fashion Togo","Si vous hésitez encore pour votre tenue de fête, passez nous voir.

On discute, on regarde ensemble, et on trouve le tissu qu’il vous faut. 

 📍Boutique WOODIN – En face de BIA TOGO
📱 90594255

#WoodinFashionTogo #InfiniDeWoodin #Lome",17,"12/28/2025 02:54",https://www.instagram.com/reel/DSzfRXRDAqH/,"Reel IG",,Global,736,564,13,1,0,0,1,,,,,
17870735193417442,17841411124240679,woodinfashiontogo,"Woodin Fashion Togo","Derniers jours avant les fêtes. 🥳 

Si vous n’avez pas encore récupéré vos cadeaux, c’est maintenant ou jamais. On vous attend en boutique !

 📍Boutique WOODIN – En face de BIA TOGO
📱 90594255

#WoodinFashionTogo #IdeeCadeau #CarteCadeauWoodin #Lome",13,"12/28/2025 02:54",https://www.instagram.com/reel/DSzfPTFDMLG/,"Reel IG",,Global,767,552,28,1,0,0,1,,,,,
18084089633278513,17841411124240679,woodinfashiontogo,"Woodin Fashion Togo","Petit rappel entre nous. 

S’aimer, c’est aussi se faire plaisir sans se justifier. Un tissu, une tenue, un coup de cœur… Si ça vous fait du bien, c’est déjà une bonne raison. ☺️

📍Boutique WOODIN – En face de BIA TOGO
📱 90594255

#WoodinFashionTogo #InfiniDeWoodin #Lome",20,"12/27/2025 04:59",https://www.instagram.com/reel/DSxIsQ3DEyL/,"Reel IG",,Global,545,409,13,2,0,0,0,,,,,
17912633559256897,17841411124240679,woodinfashiontogo,"Woodin Fashion Togo","Les fêtes, ce n’est pas juste les cadeaux.

C’est les photos, les discussions, les éclats de rire… Et de jolies tenues pour accompagner tous ces souvenirs.

#WoodinFashionTogo #InfiniDeWoodin #Lome",0,"12/26/2025 12:55",https://www.instagram.com/p/DSvadv2jLFf/,"Image IG",,Global,2942,1420,134,5,0,0,1,,,,,
17932485741012231,17841411124240679,woodinfashiontogo,"Woodin Fashion Togo","Les fêtes, ce n’est pas juste les cadeaux.

C’est les photos, les discussions, les éclats de rire… Et de jolies tenues pour accompagner tous ces souvenirs.

#WoodinFashionTogo #InfiniDeWoodin #Lome",0,"12/26/2025 12:54",https://www.instagram.com/p/DSvabAZDN63/,"Image IG",,Global,3897,1737,178,7,3,9,2,,,,,
18073509695523778,17841411124240679,woodinfashiontogo,"Woodin Fashion Togo","Les fêtes, ce n’est pas juste les cadeaux.

C’est les photos, les discussions, les éclats de rire… Et de jolies tenues pour accompagner tous ces souvenirs.

#WoodinFashionTogo #InfiniDeWoodin #Lome",0,"12/26/2025 12:54",https://www.instagram.com/p/DSvaY35jH0X/,"Image IG",,Global,821,450,26,3,0,2,0,,,,,
18032705987550696,17841411124240679,woodinfashiontogo,"Woodin Fashion Togo","Les fêtes, ce n’est pas juste les cadeaux.

C’est les photos, les discussions, les éclats de rire… Et de jolies tenues pour accompagner tous ces souvenirs.

#WoodinFashionTogo #InfiniDeWoodin #Lome",0,"12/26/2025 12:54",https://www.instagram.com/p/DSvaUKJDBue/,"Image IG",,Global,2807,1271,134,4,1,4,3,,,,,
18301636204281701,17841411124240679,woodinfashiontogo,"Woodin Fashion Togo","Les fêtes, ce n’est pas juste les cadeaux.

C’est les photos, les discussions, les éclats de rire… Et de jolies tenues pour accompagner tous ces souvenirs.

#WoodinFashionTogo #InfiniDeWoodin #Lome",0,"12/26/2025 12:53",https://www.instagram.com/p/DSvaQ7uDNl7/,"Image IG",,Global,652,348,19,0,0,0,1,,,,,
18093642580907569,17841411124240679,woodinfashiontogo,"Woodin Fashion Togo","Les fêtes, ce n’est pas juste les cadeaux.

C’est les photos, les discussions, les éclats de rire… Et de jolies tenues pour accompagner tous ces souvenirs.

#WoodinFashionTogo #InfiniDeWoodin #Lome",0,"12/26/2025 12:52",https://www.instagram.com/p/DSvaK8yjAbf/,"Image IG",,Global,1935,1011,72,2,1,2,1,,,,,
18067517933153245,17841411124240679,woodinfashiontogo,"Woodin Fashion Togo","Demain, on sort, on se fait beau / belle en Woodin, on rigole, on danse, on profite. 

#WoodinFashionTogo #Party #InfiniDeWoodin #Lome",0,"12/24/2025 04:09",https://www.instagram.com/p/DSpUq7SDNm6/,"Image IG",,Global,1205,591,24,1,0,0,1,,,,,
18085769384104012,17841411124240679,woodinfashiontogo,"Woodin Fashion Togo","Demain, on sort, on se fait beau / belle en Woodin, on rigole, on danse, on profite. 

#WoodinFashionTogo #Party #InfiniDeWoodin #Lome",0,"12/24/2025 04:08",https://www.instagram.com/p/DSpUld3DInh/,"Image IG",,Global,2319,1141,115,5,2,3,2,,,,,
18553725748047209,17841411124240679,woodinfashiontogo,"Woodin Fashion Togo","Demain, on sort, on se fait beau / belle en Woodin, on rigole, on danse, on profite. 

#WoodinFashionTogo #Party #InfiniDeWoodin #Lome",0,"12/24/2025 04:05",https://www.instagram.com/p/DSpUL4YjB1Y/,"Image IG",,Global,1065,573,9,0,1,0,1,,,,,
17905452474317425,17841411124240679,woodinfashiontogo,"Woodin Fashion Togo","Demain, on sort, on se fait beau / belle en Woodin, on rigole, on danse, on profite. 

#WoodinFashionTogo #Party #InfiniDeWoodin #Lome",0,"12/24/2025 03:58",https://www.instagram.com/p/DSpTfd5jPiN/,"Image IG",,Global,860,455,12,0,0,0,2,,,,,
18443470891098890,17841411124240679,woodinfashiontogo,"Woodin Fashion Togo","Demain, on sort, on se fait beau / belle en Woodin, on rigole, on danse, on profite. 

#WoodinFashionTogo #Party #InfiniDeWoodin #Lome",0,"12/24/2025 03:56",https://www.instagram.com/p/DSpTPm2jKX0/,"Image IG",,Global,867,471,13,1,0,0,1,,,,,
17866616136532764,17841411124240679,woodinfashiontogo,"Woodin Fashion Togo","Demain, on sort, on se fait beau / belle en Woodin, on rigole, on danse, on profite. 

#WoodinFashionTogo #Party #InfiniDeWoodin #Lome",0,"12/24/2025 03:56",https://www.instagram.com/p/DSpTNA9DOhu/,"Image IG",,Global,932,504,12,0,0,0,2,,,,,
18071422586615769,17841411124240679,woodinfashiontogo,"Woodin Fashion Togo","Demain, on sort, on se fait beau / belle en Woodin, on rigole, on danse, on profite. 

#WoodinFashionTogo #Party #InfiniDeWoodin #Lome",0,"12/24/2025 03:55",https://www.instagram.com/p/DSpTFNbjBSc/,"Image IG",,Global,1097,609,22,1,0,0,1,,,,,
17943443831960318,17841411124240679,woodinfashiontogo,"Woodin Fashion Togo","Demain, on sort, on se fait beau / belle en Woodin, on rigole, on danse, on profite. 

#WoodinFashionTogo #Party #InfiniDeWoodin #Lome",0,"12/24/2025 03:54",https://www.instagram.com/p/DSpS_FGDBxl/,"Image IG",,Global,9214,4505,142,2,0,1,14,,,,,
17854713408596176,17841411124240679,woodinfashiontogo,"Woodin Fashion Togo","Demain, on sort, on se fait beau / belle en Woodin, on rigole, on danse, on profite. 

#WoodinFashionTogo #Party #InfiniDeWoodin #Lome",0,"12/24/2025 03:53",https://www.instagram.com/p/DSpS6iSDGtk/,"Image IG",,Global,719,379,15,0,0,0,1,,,,,
18080754725180306,17841411124240679,woodinfashiontogo,"Woodin Fashion Togo","Le tonton toujours bien habillé… 🤭

Si c’est vous… ousi vous voulez lui faire plaisir, Woodin a ce qu’il faut. 😌👌🏾

#WoodinFashionTogo #Party #LaFeteAvecWoodin #InfiniDeWoodin #Lome",11,"12/20/2025 10:38",https://www.instagram.com/reel/DSft-AHDMKF/,"Reel IG",,Global,1715,1143,65,9,0,0,1,,,,,
18155530417418375,17841411124240679,woodinfashiontogo,"Woodin Fashion Togo","Les fêtes, c’est les rires, les retrouvailles et les belles tenues.  Et pour ces moments-là, Woodin est toujours dans le coup. 😎

#WoodinFashionTogo #LaFeteAvecWoodin #GoodVibes #InfiniDeWoodin #Lome",31,"12/19/2025 10:52",https://www.instagram.com/reel/DSdKfapjJWC/,"Reel IG",,Global,5148,3140,237,22,1,14,2,,,,,
18098596951659554,17841411124240679,woodinfashiontogo,"Woodin Fashion Togo","Cette personne qui est toujours là pour vous… Une sœur, une amie, une confidente.

Faites-lui plaisir avec un beau motif de la nouvelle collection. Ça sera un cadeau inoubliable. 🥰

📍Boutique WOODIN – En face de BIA TOGO
📱 90594255

#WoodinFashionTogo #Party #InfiniDeWoodin #Lome",17,"12/19/2025 04:49",https://www.instagram.com/reel/DSchOvADCOY/,"Reel IG",,Global,918,692,22,2,0,1,0,,,,,
17920013682213519,17841411124240679,woodinfashiontogo,"Woodin Fashion Togo","Toute l’année, on pense aux autres.
Et si cette fois, on pensait un peu à soi ? 😊

Venez vous offrir un tissu Woodin en cette fin d’année. Vous le méritez.

📍Boutique WOODIN – En face de BIA TOGO
📲 90594255

#WoodinFashionTogo #Party #InfiniDeWoodin #Lome",0,"12/17/2025 04:00",https://www.instagram.com/p/DSXSEEaDIDh/,"Image IG",,Global,1318,671,25,3,0,0,0,,,,,
18011510885804652,17841411124240679,woodinfashiontogo,"Woodin Fashion Togo","Vous avez envie d’être bien habillé.e sans trop en faire ? Avec Woodin, c’est simple. 👌🏾

Des tissus beaux, faciles à adapter à chaque modèle, et toujours stylés.

Venez découvrir !

📍Boutique WOODIN – En face de BIA TOGO
📱 90594255

#WoodinFashionTogo #Party #InfiniDeWoodin #Lome",0,"12/16/2025 08:32",https://www.instagram.com/p/DSVMY2rDHSy/,"Image IG",,Global,980,419,11,0,0,0,1,,,,,
18064427525635574,17841411124240679,woodinfashiontogo,"Woodin Fashion Togo","Vous avez envie d’être bien habillé.e sans trop en faire ? Avec Woodin, c’est simple. 👌🏾

Des tissus beaux, faciles à adapter à chaque modèle, et toujours stylés.

Venez découvrir !

📍Boutique WOODIN – En face de BIA TOGO
📱 90594255

#WoodinFashionTogo #Party #InfiniDeWoodin #Lome",0,"12/16/2025 08:31",https://www.instagram.com/p/DSVMVlijM7A/,"Image IG",,Global,984,431,13,0,0,0,0,,,,,
18133654210489105,17841411124240679,woodinfashiontogo,"Woodin Fashion Togo","Vous avez envie d’être bien habillé.e sans trop en faire ? Avec Woodin, c’est simple. 👌🏾

Des tissus beaux, faciles à adapter à chaque modèle, et toujours stylés.

Venez découvrir !

📍Boutique WOODIN – En face de BIA TOGO
📱 90594255

#WoodinFashionTogo #Party #InfiniDeWoodin #Lome",0,"12/16/2025 08:31",https://www.instagram.com/p/DSVMR2vDM4_/,"Image IG",,Global,700,271,7,0,0,1,0,,,,,
18184313245357297,17841411124240679,woodinfashiontogo,"Woodin Fashion Togo","Cette nouvelle collection va vous donner envie de coudre plein de tenues. 🤭

Que ce soit pour les fêtes, les retrouvailles ou juste pour vous faire plaisir, c’est maintenant qu’il faut choisir. On vous attend en boutique.

📍Boutique WOODIN – En face de BIA TOGO
📱 90594255

#WoodinFashionTogo #Party #InfiniDeWoodin #Lome",19,"12/16/2025 04:47",https://www.instagram.com/reel/DSUypQtDH3o/,"Reel IG",,Global,832,571,21,1,0,2,1,,,,,
18089110801786500,17841411124240679,woodinfashiontogo,"Woodin Fashion Togo","Nouvelle semaine, nouvelles vibes 

L’ambiance est douce et on sent déjà les fêtes arriver. 🥳 Cette semaine, on pense à soi, à ceux qu’on aime et aux moments qu’on va partager.

Et pour ça… Woodin est dans le mood. 😌

👉🏾 Passez en boutique, on commence la semaine en beauté.

📍Boutique WOODIN – En face de BIA TOGO
📱 90594255

#WoodinFashionTogo #Party #InfiniDeWoodin #Lome",0,"12/15/2025 08:05",https://www.instagram.com/p/DSSkmKXjFIg/,"Image IG",,Global,942,481,7,0,0,0,1,,,,,
17980413500941066,17841411124240679,woodinfashiontogo,"Woodin Fashion Togo","C’est le dernier jour ! 
On vous attends sur le stand Woodin.
 
📍PAVILLON OTI
📲 70222222

#WoodinFashionTogo #FoireTogo2000 #Shopping #WoodinFashion #Lome",22,"12/14/2025 08:34",https://www.instagram.com/reel/DSQC8wFjGPG/,"Reel IG",,Global,714,537,18,2,0,0,0,,,,,
18049447115424976,17841411124240679,woodinfashiontogo,"Woodin Fashion Togo","Notre champion a fait un tour sur notre stand. 🙃

Et toi, tu attends quoi ? Passe vite, tu as encore aujourd’hui à dimanche pour profiter. 

📍PAVILLON OTI
📲 70222222

#WoodinFashionTogo #FoireTogo2000 #Shopping #WoodinFashion #Lome",51,"12/13/2025 05:31",https://www.instagram.com/reel/DSNJMSxjFYg/,"Reel IG",,Global,783,551,39,2,0,0,0,,,,,
18193442311334927,17841411124240679,woodinfashiontogo,"Woodin Fashion Togo","Si tu passes à côté de ce flyer sur la foire… ekanwooo. 🤭

On te dit tout ce que tu rates dans cette vidéo ! Suis jusqu’à la fin pour ne rien manquer !

📍PAVILLON OTI
📲 70222222

#WoodinFashionTogo #FoireTogo2000 #Shopping #WoodinFashion #Lome",29,"12/12/2025 01:44",https://www.instagram.com/reel/DSKKcapDKLE/,"Reel IG",,Global,6361,5394,77,0,23,1,2,,,,,
18093959029911412,17841411124240679,woodinfashiontogo,"Woodin Fashion Togo","Tingo gogo tingo ! 🥳

C’est le moment de venir préparer vos tenues de fêtes et de profiter de nos promos exceptionnelles sur la foire. 🤩

Et restez jusqu’à la fin de la vidéo… on vous réserve une petite surprise sur nos polos. 🤭

📍PAVILLON OTI
📲 70222222

#WoodinFashionTogo #FoireTogo2000 #Shopping #WoodinFashion #Lome",53,"12/10/2025 06:08",https://www.instagram.com/reel/DSFQsBnjOnG/,"Reel IG",,Global,3971,3418,87,1,13,0,2,,,,,
18028186889576389,17841411124240679,woodinfashiontogo,"Woodin Fashion Togo","Chaque étagère est remplie de tissus de la nouvelle collection, et ça part déjà vite.

Passez vite faire votre choix avant que certains motifs ne finissent. 🤭

📍Boutique WOODIN – En face de BIA TOGO
📱 90594255

#WoodinFashionTogo #NouvelleCollection #InfiniDeWoodin #Lome",35,"12/10/2025 03:10",https://www.instagram.com/reel/DSFKuj_DGWh/,"Reel IG",,Global,696,506,17,0,0,0,1,,,,,
18036893309518631,17841411124240679,woodinfashiontogo,"Woodin Fashion Togo","Infini de Woodin, ce n’est pas seulement pour les femmes… c’est pour toute une famille.

Des motifs pour maman, papa, tonton, les ados, et même le petit qui ne sait pas encore marcher mais veut déjà être frais. 🥹

Chez Woodin, tout le monde doit shine ensemble.

📍Boutique WOODIN – En face de BIA TOGO
📱 90594255

#WoodinFashionTogo #NouvelleCollection #InfiniDeWoodin #Lome",0,"12/09/2025 05:30",https://www.instagram.com/p/DSC2E8-DHra/,"Image IG",,Global,1751,794,17,1,1,0,0,,,,,
17969301539986632,17841411124240679,woodinfashiontogo,"Woodin Fashion Togo","Vous vous rendez compte… plus que 20 jours avant Noël . 🫢

Si vous n’avez pas encore vos tissus pour vos tenues de fêtes, c’est le moment de passer. On sait tous que nos couturières vont être très occupées pendant cette période… mieux vaut anticiper. 😅

Alors venez choisir vos tissus dès maintenant !

📍Boutique WOODIN – En face de BIA TOGO
📱 90594255

#WoodinFashionTogo #NouvelleCollection #InfiniDeWoodin #Lome",0,"12/06/2025 09:26",https://www.instagram.com/p/DR7ipmEDBwh/,"Carrousel IG",,Global,1893,699,35,1,0,0,1,,,,,
18304251013271204,17841411124240679,woodinfashiontogo,"Woodin Fashion Togo","🚨 ALERTE BON PLAN À LA FOIRE 🚨

Si vous êtes à la foire et que vous tombez sur un flyer Woodin… Ne passez pas devant comme si vous ne l’avez pas vu hein. 😭😂
Attrapez-le ! Gardez-le ! Ramenez-le !

Parce qu’avec ce petit bout de papier magique… –1500 F de réduction direct sur votre achat au stand Woodin.

Oui oui, juste comme ça. Donc si vous le voyez… ne le laissez pas tomber.😌

📍PAVILLON OTI
📲70222222

#WoodinFashionTogo #FoireTogo2000 #Shopping #WoodinFashion #Lome",0,"12/06/2025 09:23",https://www.instagram.com/p/DR7iT3_jPEZ/,"Image IG",,Global,15276,15124,37,1,9,0,2,,,,,
18128359444507409,17841411124240679,woodinfashiontogo,"Woodin Fashion Togo","On doit l’avouer : la nouvelle collection Infini nous a volé le cœur. 😍

Aujourd’hui, on vous partage nos coups de cœur du moment.Préparez-vous… vous risquez de tomber amoureux aussi 😌

 📍Boutique WOODIN – En face de BIA TOGO
📱 90594255

#WoodinFashionTogo #NouvelleCollection #InfiniDeWoodin #Lome",60,"12/05/2025 06:56",https://www.instagram.com/reel/DR4gPAGjCt3/,"Reel IG",,Global,1149,801,30,1,6,2,1,,,,,
18136909564475169,17841411124240679,woodinfashiontogo,"Woodin Fashion Togo","On le sait tous, décembre court plus vite que tout le monde. 

Alors si vous voulez offrir du beau, du coloré, du spécial… c’est maintenant le bon moment pour passer à la boutique et préparer vos cadeaux de fin d’année.

Ne vous laissez pas surprendre par le temps. Venez choisir vos tissus pendant qu’il y a encore du choix… vos proches vont adorer. 🥰

📍Boutique WOODIN – En face de BIA TOGO
📱 90594255

#WoodinFashionTogo #NouvelleCollection #InfiniDeWoodin #Lome",0,"12/04/2025 07:42",https://www.instagram.com/p/DR2NIDijFAe/,"Carrousel IG",,Global,1988,738,19,2,0,0,0,,,,,
18001988948829908,17841411124240679,woodinfashiontogo,"Woodin Fashion Togo","Psssst… la famille 😌

On a un petit top secret pour vous.
Un truc doux, joli, surprenant… et complètement Woodin. 😍

On vous révèle tout dans cette vidéo. 

 📍Boutique WOODIN – En face de BIA TOGO
📱 90594255

#WoodinFashionTogo #NouvelleCollection #InfiniDeWoodin #Lome",66,"12/04/2025 03:06",https://www.instagram.com/reel/DR1tUqZjEh9/,"Reel IG",,Global,968,640,26,1,0,0,2,,,,,
18087077185956145,17841411124240679,woodinfashiontogo,"Woodin Fashion Togo","On vous prépare quelque chose de spécial ! 🤭

À partir de demain et pendant les deux prochaines semaines, on se retrouve en live tous les jeudis, vendredis et samedis à 13h, directement depuis la foire. 😎

Au programme :
✔️ Offres exclusives
✔️ Sélections spéciales de tissus
✔️ Possibilité de vous faire livrer directement (oui oui, depuis le live !)

Alors rendez-vous demain à 13h sur le compte TikTok de Laeticia. On va passer un bon moment ensemble. 🙃

📍PAVILLON OTI

#WoodinFashionTogo #FoireTogo2000 #Shopping #WoodinFashion #Lome",0,"12/03/2025 12:43",https://www.instagram.com/p/DR0KyVBDCg7/,"Image IG",,Global,1123,336,5,0,0,0,0,,,,,
18330784327240499,17841465643409959,laetitia_fyp,Laetitia,"Trop de bon plans ces jours ci 🥳🥳🥳🥳 #bonplan #foiretogo2000 #laetitiafyp",0,"12/03/2025 04:59",https://www.instagram.com/p/DRzVu53AhRt/,"Image IG",,Global,1526,551,36,0,2,0,0,,,,,
18126978277502324,17841411124240679,woodinfashiontogo,"Woodin Fashion Togo","On entre dans la période où les cadeaux se préparent et les soirées se multiplient…

Et devinez quoi ? Chaque moment mérite un Woodin. Avec Infini de Woodin, vous avez le motif parfait pour chaque plan.

🛍️ DISPONIBLE EN BOUTIQUE

 📍Boutique WOODIN – En face de BIA TOGO
📱 90594255

#WoodinFashionTogo #NouvelleCollection #InfiniDeWoodin #Lome",35,"12/03/2025 02:45",https://www.instagram.com/reel/DRzGV15DBvs/,"Reel IG",,Global,1905,1368,93,87,4,4,3,,,,,
18380866471144384,17841411124240679,woodinfashiontogo,"Woodin Fashion Togo","Coucou la famille Woodin ! 

Pour tout le mois de décembre, on a un petit changement d’horaires pour mieux vous accueillir pendant les fêtes. 

👉🏾 Lundi à vendredi : 09h30 à 18h00
👉🏾 Samedi : 09h45 à 17h00

N’hésitez pas à passer nous voir… on sera là, prêt à vous aider à trouver les plus beaux tissus pour briller en décembre. 

On vous attend ! 

📍 Boutique WOODIN – En face de BIA TOGO
📱 90594255

#WoodinFashionTogo #NouvelleCollection #InfiniDeWoodin #Lome",0,"12/02/2025 02:46",https://www.instagram.com/p/DRwhp-vjB4t/,"Image IG",,Global,1288,408,5,0,0,0,0,,,,,
18150138442426845,17841411124240679,woodinfashiontogo,"Woodin Fashion Togo","Infini de Woodin, ce n’est pas seulement pour les femmes… c’est pour toute une famille.

Des motifs pour maman, papa, tonton, les ados, et même le petit qui ne sait pas encore marcher mais veut déjà être frais. 🥹

Chez Woodin, tout le monde doit shine ensemble.

📍Boutique WOODIN – En face de BIA TOGO
📱 90594255

#WoodinFashionTogo #NouvelleCollection #InfiniDeWoodin #Lome",0,"11/27/2025 02:42",https://www.instagram.com/p/DRjpQSJjCrn/,"Image IG",,Global,2431,987,36,83,0,2,0,,,,,
18060960755553449,17841411124240679,woodinfashiontogo,"Woodin Fashion Togo","C’est officiel : Woodin finit l’année en beauté.

Infini de Woodin, c’est la dernière collection de 2025… et franchement, elle mérite un tonnerre d’applaudissements.

Si 2025 t’a fatigué mais que ton drip doit level up en décembre, tu sais où venir. 😉

📍Boutique WOODIN – En face de BIA TOGO
📱 90594255

#WoodinFashionTogo #NouvelleCollection #InfiniDeWoodin #Lome",0,"11/26/2025 07:36",https://www.instagram.com/p/DRhmH-UjDKZ/,"Image IG",,Global,2829,1043,44,6,0,1,2,,,,,
17965502264841189,17841411124240679,woodinfashiontogo,"Woodin Fashion Togo","Infini de Woodin est enfin là ! 🥳

Une collection qui mélange élégance, chaleur et un soupçon de magie… oui, la magie de décembre.

On vous prévient : vous risquez de tomber amoureux d’au moins 3 motifs. On vous avait dit… c’est Infini ! 😌

📍Boutique WOODIN – En face de BIA TOGO
📱 90594255

#WoodinFashionTogo #NouvelleCollection #InfiniDeWoodin #Lome",0,"11/26/2025 02:37",https://www.instagram.com/p/DRhD8OGDAiu/,"Image IG",,Global,2731,1107,37,83,0,1,1,,,,,
18099429067748525,17841411124240679,woodinfashiontogo,"Woodin Fashion Togo","Nouveaux modèles, nouvelle vibe ! 😎

Nos chemises Woodin à manches courtes qui sont arrivé la semaine dernière sont toujours disponibles 

Stylées, colorées, légères, parfaites pour les beaux jours.

Dites-nous : laquelle devient votre nouvelle préférée ? 

📍Boutique WOODIN – En face de BIA TOGO
 📱90594255

#WoodinFashionTogo #MenOutfit #ChemiseWoodin #Lome",6,"11/21/2025 07:01",https://www.instagram.com/reel/DRUp__XDB-z/,"Reel IG",,Global,2350,1422,37,3,6,2,2,,,,,
18197739526324148,17841411124240679,woodinfashiontogo,"Woodin Fashion Togo","Avouez que ça donne …. Daniella a capté tous les regards à l’event… et on comprend pourquoi. 😍

Si tu veux un style à la fois culturel, moderne et 100% assumé, la réponse est simple : Woodin, toujours le bon choix.

Un outfit qui parle avant même que tu n’ouvres la bouche.

@daniela_afua 

#WoodinFashionTogo #OutfitIdea #Togo.",0,"11/20/2025 02:34",https://www.instagram.com/p/DRRmx8WDIIJ/,"Carrousel IG",,Global,3829,1597,80,1,0,1,2,,,,,
18301946308252667,17841411124240679,woodinfashiontogo,"Woodin Fashion Togo","Ceux qui pensent que Woodin c’est « uniquement pour les femmes… »venez qu’on s’explique. 🤭

Chez nous, les hommes aussi ont leur style :

😍 Pièces prêt-à-porter élégantes
😍 Tissus stylés qui matchent parfaitement les looks masculins

Mes messieurs, il est temps de level up vos outfits. On vous attend en boutique cette semaine !

📍Boutique WOODIN – En face de BIA TOGO
📱 90594255

#WoodinFashionTogo #MenOutfit #Togo",14,"11/18/2025 03:27",https://www.instagram.com/reel/DRMjNgcDB7i/,"Reel IG",,Global,914,577,9,0,0,0,0,,,,,
18301338139259674,17841411124240679,woodinfashiontogo,"Woodin Fashion Togo","C’est samedi, et vous savez ce que ça veut dire. 🤭

Petit tour au marché, un stop chez Woodin, et le week-end commence bien. On vous attend de 10h à 15h30, le reste, c’est vous et vos coups de cœur. 😍

📍Boutique WOODIN – En face de BIA TOGO
📱 90594255

#WoodinFashionTogo #ShoppingDay #WeekendMood",24,"11/15/2025 00:45",https://www.instagram.com/reel/DREiPfNjAmh/,"Reel IG",,Global,1074,728,39,4,1,0,1,,,,,
17898590457184467,17841411124240679,woodinfashiontogo,"Woodin Fashion Togo","Les nouveaux t-shirts viennent d’arriver et franchement… on n’était pas prêts. 😮‍💨

Motifs frais, coupes parfaites, tissus doux, bref, c’est du Woodin level.

Venez choisir vite le vôtre.

📍Boutique WOODIN – En face de BIA TOGO
📱 90594255

#WoodinFashionTogo #WoodinTshirt #NouvelleCollection",13,"11/14/2025 01:45",https://www.instagram.com/reel/DRCEWs2jDsa/,"Reel IG",,Global,548,336,13,0,1,0,1,,,,,
18120401923525090,17841411124240679,woodinfashiontogo,"Woodin Fashion Togo","Vous n’avez toujours pas encore vu notre nouvel arrivage ? 😏
Découvrez ces chemises à couper le souffle. 

Passez vite avant qu’il n’y ait plus votre taille. 🤭

📍Boutique WOODIN – En face de BIA TOGO
📱 90594255

#WoodinFashionTogo #NouvelArrivage #ChemiseMood",5,"11/13/2025 08:44",https://www.instagram.com/reel/DRAPdqKDMT1/,"Reel IG",,Global,918,492,14,0,1,0,1,,,,,
18325206979240508,17841411124240679,woodinfashiontogo,"Woodin Fashion Togo","Un grand merci à tous ceux qui continuent de choisir Woodin. ❤️

Merci pour votre fidélité, vos looks incroyables, vos bons mots et votre bonne humeur à chaque passage en boutique. 💃

On ne le dit pas assez : vous êtes les meilleurs ! 

#WoodinFashionTogo",0,"11/05/2025 02:34",https://www.instagram.com/p/DQq-2AEDHq7/,"Image IG",,Global,1389,222,5,0,0,0,0,,,,,
18076465475139276,17841411124240679,woodinfashiontogo,"Woodin Fashion Togo","Pas besoin d’attendre le bon moment.

Fais juste le premier pas, même petit. C’est comme ça que le talent grandit chaque jour.

#WoodinFashionTogo #TalentsTogolais #ConsommerLocal #MadeInTogo",0,"10/31/2025 03:01",https://www.instagram.com/p/DQeDJhbDDKZ/,"Image IG",,Global,1577,294,5,0,0,0,1,,,,,
17842654851609273,17841411124240679,woodinfashiontogo,"Woodin Fashion Togo","La boutique s’est remplie de mots d’amour, d’espoir et de courage. 💕

Chaque message est un geste de soutien à toutes celles qui se battent, à toutes celles qui inspirent.

Passez les lire, ça fait du bien au cœur. 🌸

#WoodinFashionTogo #OctobreRose #SoutenonsLesFemmes",19,"10/30/2025 14:03",https://www.instagram.com/reel/DQcqD7sDGxL/,"Reel IG",,Global,556,406,23,0,0,0,1,,,,,
18113031529604867,17841411124240679,woodinfashiontogo,"Woodin Fashion Togo","REINE OUTFIT 

Reine adore s’habiller en pantalon et chemisier, et elle a ce don de proposer des modèles pas communs.

Chaque détail de ses créations Woodin raconte son style, sa personnalité et sa passion. 😍

Vous aimez aussi les détails de son chemisier ?

 #WoodinFashionTogo #TalentsTogolais #ConsommerLocal #MadeInTogo",0,"10/30/2025 05:25",https://www.instagram.com/p/DQbu2gQDPbH/,"Image IG",,Global,1451,340,7,0,0,0,0,,,,,
17938737432088029,17841411124240679,woodinfashiontogo,"Woodin Fashion Togo","REINE OUTFIT 

Reine adore s’habiller en pantalon et chemisier, et elle a ce don de proposer des modèles pas communs.

Chaque détail de ses créations Woodin raconte son style, sa personnalité et sa passion. 😍

Vous aimez aussi les détails de son chemisier ?

 #WoodinFashionTogo #TalentsTogolais #ConsommerLocal #MadeInTogo",0,"10/30/2025 05:25",https://www.instagram.com/p/DQbuym0DFjy/,"Image IG",,Global,1688,520,14,0,0,0,1,,,,,
18097253749741689,17841411124240679,woodinfashiontogo,"Woodin Fashion Togo","REINE OUTFIT 

Reine adore s’habiller en pantalon et chemisier, et elle a ce don de proposer des modèles pas communs.

Chaque détail de ses créations Woodin raconte son style, sa personnalité et sa passion. 😍

Vous aimez aussi les détails de son chemisier ?

 #WoodinFashionTogo #TalentsTogolais #ConsommerLocal #MadeInTogo",0,"10/30/2025 05:25",https://www.instagram.com/p/DQbuwcIDOxs/,"Carrousel IG",,Global,1706,438,18,0,1,0,0,,,,,
18067799153605856,17841411124240679,woodinfashiontogo,"Woodin Fashion Togo","REINE OUTFIT 

Reine adore s’habiller en pantalon et chemisier, et elle a ce don de proposer des modèles pas communs.

Chaque détail de ses créations Woodin raconte son style, sa personnalité et sa passion. 😍

Vous aimez aussi les détails de son chemisier ?

 #WoodinFashionTogo #TalentsTogolais #ConsommerLocal #MadeInTogo",0,"10/30/2025 05:23",https://www.instagram.com/p/DQbuoXjjDy3/,"Image IG",,Global,1156,235,2,0,0,0,0,,,,,
18085303894942459,17841411124240679,woodinfashiontogo,"Woodin Fashion Togo","REINE OUTFIT 

Reine adore s’habiller en pantalon et chemisier, et elle a ce don de proposer des modèles pas communs.

Chaque détail de ses créations Woodin raconte son style, sa personnalité et sa passion. 😍

Vous aimez aussi les détails de son chemisier ?

 #WoodinFashionTogo #TalentsTogolais #ConsommerLocal #MadeInTogo",0,"10/30/2025 05:21",https://www.instagram.com/p/DQbuYZiDIUi/,"Image IG",,Global,1121,240,4,0,0,0,0,,,,,
18084611077970414,17841411124240679,woodinfashiontogo,"Woodin Fashion Togo","REINE OUTFIT 

Reine adore s’habiller en pantalon et chemisier, et elle a ce don de proposer des modèles pas communs.

Chaque détail de ses créations Woodin raconte son style, sa personnalité et sa passion. 😍

Vous aimez aussi les détails de son chemisier ?

 #WoodinFashionTogo #TalentsTogolais #ConsommerLocal #MadeInTogo",0,"10/30/2025 05:20",https://www.instagram.com/p/DQbuSLoDB6Y/,"Image IG",,Global,1196,306,5,0,0,0,0,,,,,
17903731041275488,17841411124240679,woodinfashiontogo,"Woodin Fashion Togo","Et si on te disait que ces tenues ont été imaginées et réalisées par un talent d’ici ?

Le pagne Woodin prend une autre dimension entre les mains de nos créateurs locaux.

La mode togolaise, ce n’est pas juste du style, c’est une façon de dire « je viens d’ici ».

 #WoodinFashionTogo #TalentsTogolais #ConsommerLocal #MadeInTogo",0,"10/29/2025 04:54",https://www.instagram.com/p/DQZGbuKjEia/,"Carrousel IG",,Global,1922,520,14,0,0,0,1,,,,,
18074962054977485,17841411124240679,woodinfashiontogo,"Woodin Fashion Togo","Ce n’est pas la chance, c’est l’audace.

Chaque grand parcours commence par un simple pas… et une dose de courage. On croit en ces talents togolais qui osent, créent et inspirent. 

Ces talents qui ont osé commencer méritent d’être célébrés. 

#WoodinFashionTogo #TalentsTogolais #ConsommerLocal #MadeInTogo",0,"10/29/2025 04:45",https://www.instagram.com/p/DQZFcYBjEzd/,"Image IG",,Global,1369,435,13,0,0,1,0,,,,,
18124472353450286,17841411124240679,woodinfashiontogo,"Woodin Fashion Togo","Et si on te disait que ces tenues ont été imaginées et réalisées par un talent d’ici ?

Le pagne Woodin prend une autre dimension entre les mains de nos créateurs locaux.

La mode togolaise, ce n’est pas juste du style, c’est une façon de dire « je viens d’ici ».

 #WoodinFashionTogo #TalentsTogolais #ConsommerLocal #MadeInTogo",0,"10/27/2025 04:25",https://www.instagram.com/p/DQT5iw1jADq/,"Carrousel IG",,Global,1908,548,14,0,0,0,0,,,,,
17858568786468839,17841411124240679,woodinfashiontogo,"Woodin Fashion Togo","Quand deux talents locaux se rencontrent, ça donne ça : de la passion, des rires, des échanges et une énergie qui inspire.

Découvrez leurs histoires et leurs parcours dans les interviews disponibles sur notre page.

#WoodinFashionTogo #TalentsTogolais #ConsommerLocal #MadeInTogo U",0,"10/24/2025 11:54",https://www.instagram.com/p/DQM-kVOjNEY/,"Image IG",,Global,1823,676,19,0,0,0,0,,,,,
18106479223721030,17841411124240679,woodinfashiontogo,"Woodin Fashion Togo","Quand deux talents locaux se rencontrent, ça donne ça : de la passion, des rires, des échanges et une énergie qui inspire.

Découvrez leurs histoires et leurs parcours dans les interviews disponibles sur notre page.

#WoodinFashionTogo #TalentsTogolais #ConsommerLocal #MadeInTogo",0,"10/24/2025 11:54",https://www.instagram.com/p/DQM-hEgDHhM/,"Image IG",,Global,1441,428,10,0,0,0,0,,,,,
18132165943426725,17841411124240679,woodinfashiontogo,"Woodin Fashion Togo","Quand deux talents locaux se rencontrent, ça donne ça : de la passion, des rires, des échanges et une énergie qui inspire.

Découvrez leurs histoires et leurs parcours dans les interviews disponibles sur notre page.

#WoodinFashionTogo #TalentsTogolais #ConsommerLocal #MadeInTogo",0,"10/24/2025 11:53",https://www.instagram.com/p/DQM-bFljPa6/,"Image IG",,Global,1662,593,15,0,0,0,0,,,,,
17879971341409197,17841411124240679,woodinfashiontogo,"Woodin Fashion Togo","Dans son atelier, les idées prennent vie.

Reine, c’est cette touche de douceur et de détermination qui rend chaque création spéciale. ☺️

 #WoodinFashionTogo #TalentsTogolais #ConsommerLocal #MadeInTogo",0,"10/24/2025 03:40",https://www.instagram.com/p/DQMGDerjDtM/,"Carrousel IG",,Global,1656,508,18,0,0,0,0,,,,,
18055614692636145,17841411124240679,woodinfashiontogo,"Woodin Fashion Togo","Ce n’est pas la chance, c’est l’audace.

Chaque grand parcours commence par un simple pas… et une dose de courage. On croit en ces talents togolais qui osent, créent et inspirent. 

Ces talents qui ont osé commencer méritent d’être célébrés. 

#WoodinFashionTogo #TalentsTogolais #ConsommerLocal #MadeInTogo",0,"10/23/2025 09:32",https://www.instagram.com/p/DQKJkBzDBcb/,"Image IG",,Global,1326,365,7,0,0,0,2,,,,,
17913200610218019,17841411124240679,woodinfashiontogo,"Woodin Fashion Togo","Reine, c’est la créativité au féminin. 😇

Styliste dans l’âme, elle transforme les tissus en pièces qui racontent une histoire, celle de l’élégance, de la confiance et de la fierté togolaise. 🇹🇬

On lui a posé quelques questions… et elle nous a ouvert les portes de son univers. 

#WoodinFashionTogo #TalentsTogolais #ConsommerLocal #MadeInTogo",165,"10/22/2025 10:50",https://www.instagram.com/reel/DQHtLhKDPbP/,"Reel IG",,Global,1752,1138,67,6,2,1,4,,,,,
18064033907121341,17841411124240679,woodinfashiontogo,"Woodin Fashion Togo","Créatif, inspiré, et toujours avec le bon style. 😎

Hans, c’est la preuve que le talent togolais n’a rien à envier à personne.
Dans son univers, à fond dans ce qu’il aime, avec toujours une touche Woodin pour la prestance.

 #WoodinFashionTogo #TalentsTogolais #ConsommerLocal #MadeInTogo",0,"10/21/2025 11:22",https://www.instagram.com/p/DQFMh4-jOcX/,"Carrousel IG",,Global,2594,769,55,2,1,1,2,,,,,
18061598744618929,17841411124240679,woodinfashiontogo,"Woodin Fashion Togo","Chaque création, chaque idée, chaque projet porté par nos jeunes talents nous rappelle que la créativité africaine est sans limite. 

Découvrez leurs univers et soutenez-les.

 #WoodinFashionTogo #TalentsTogolais #ConsommerLocal #MadeInTogo",0,"10/21/2025 04:55",https://www.instagram.com/p/DQEgLcHjD92/,"Image IG",,Global,1449,448,10,2,0,0,0,,,,,
18056874881235823,17841411124240679,woodinfashiontogo,"Woodin Fashion Togo","Derrière chaque succès local, il y a une histoire de passion et de persévérance.

Hans, jeune créatif passionné de vidéo, incarne l’énergie. Derrière sa caméra, il met en avant les histoires, et cette fois, c’est la sienne qu’on vous partage.

 #WoodinFashionTogo #TalentsTogolais #ConsommerLocal #MadeInTogo",139,"10/18/2025 05:00",https://www.instagram.com/reel/DP8wDbUDLaX/,"Reel IG",,Global,5903,4357,132,11,4,4,7,,,,,
18058365191556274,17841411124240679,woodinfashiontogo,"Woodin Fashion Togo","Octobre, c’est le mois où on met la lumière sur ceux qui font bouger les choses ici au Togo. 🇹🇬

Ces talents qui osent, qui créent, qui inspirent. Ce mois, on les célèbre à notre façon. 🙃

#WoodinFashionTogo #ConsommerLocal #TalentsTogolais #MadeInTogo",0,"10/15/2025 05:26",https://www.instagram.com/p/DP1G-tSDP2R/,"Image IG",,Global,1849,638,34,0,0,0,0,,,,,
18132256000419638,17841411124240679,woodinfashiontogo,"Woodin Fashion Togo","Octobre, c’est le mois où on met la lumière sur ceux qui font bouger les choses ici au Togo. 🇹🇬

Ces talents qui osent, qui créent, qui inspirent. Ce mois, on les célèbre à notre façon. 🙃

#WoodinFashionTogo #ConsommerLocal #TalentsTogolais #MadeInTogo",0,"10/15/2025 05:25",https://www.instagram.com/p/DP1G4sQDF09/,"Image IG",,Global,2216,816,42,2,0,2,2,,,,,
18082096979066388,17841411124240679,woodinfashiontogo,"Woodin Fashion Togo","Octobre, c’est le mois où on met la lumière sur ceux qui font bouger les choses ici au Togo. 🇹🇬

Ces talents qui osent, qui créent, qui inspirent. Ce mois, on les célèbre à notre façon. 🙃

#WoodinFashionTogo #ConsommerLocal #TalentsTogolais #MadeInTogo",0,"10/15/2025 05:25",https://www.instagram.com/p/DP1G1qHjKM3/,"Image IG",,Global,1527,459,23,0,0,2,0,,,,,
18080015140827436,17841411124240679,woodinfashiontogo,"Woodin Fashion Togo","Chic, moderne, légère… la femme Woodin sait mixer élégance et confort. 😎

Nos tissus du moment sont parfaits pour vos pantalons palazzo et vos tailleurs stylés.

📍En face de BIA TOGO au grand marché c de Lomé. 

📱 90594255

#WoodinFashionTogo #WoodinFashion #Lome #Togo",26,"10/13/2025 03:50",https://www.instagram.com/reel/DPvySU6DDvZ/,"Reel IG",,Global,853,642,8,1,0,1,2,,,,,
18087652888936388,17841411124240679,woodinfashiontogo,"Woodin Fashion Togo","Ce combat, c’est celui de toutes les femmes — et de tous ceux qui les aiment. 💕

Continuons de sensibiliser, soutenir et espérer. On porte le rose fièrement pour dire : vous n’êtes pas seules. 

Partagez ce message pour soutenir toutes les femmes courageuses !

#WoodinFashionTogo #OctobreRose #Prevention #Togo",0,"10/11/2025 05:41",https://www.instagram.com/p/DPq1ejvDPcu/,"Image IG",,Global,1656,490,11,1,0,0,0,,,,,
18047244311362692,17841411124240679,woodinfashiontogo,"Woodin Fashion Togo","On ferme à 15H30 aujourd’hui !

Petit rappel avant le week-end : on ferme un peu plus tôt ce samedi. Mais ne vous inquiétez pas , vous avez encore le temps de venir faire votre shopping.

📍En face de BIA TOGO au grand marché c de Lomé. 

📱 90594255

#WoodinFashionTogo #WoodinFashion #Lome #Togo",0,"10/11/2025 05:40",https://www.instagram.com/p/DPq1ZU4DHav/,"Image IG",,Global,1371,338,7,0,0,0,1,,,,,
18060640484138537,17841411124240679,woodinfashiontogo,"Woodin Fashion Togo","Bouger, bien manger, rire souvent et se faire dépister… c’est ça aussi la prévention.

Ce mois-ci, on ne parle pas que de style, mais aussi de santé. Prenez soin de vous, chaque jour compte.

#WoodinFashionTogo #OctobreRose #Prevention #Togo",0,"10/09/2025 08:27",https://www.instagram.com/p/DPl-7vkDGwN/,"Image IG",,Global,1396,333,10,0,0,0,0,,,,,
18056588237230688,17841411124240679,woodinfashiontogo,"Woodin Fashion Togo","Les grandes dames savent : un beau tissu, ça change toute une allure. 😍
Nos motifs du moment sont parfaits pour vos ensembles élégants — jupe pagne, boubou ou tenue de cérémonie.

Passez faire un tour en boutique, il y a de quoi faire tourner des têtes !

📍En face de BIA TOGO au grand marché c de Lomé. 

📱 90594255

#WoodinFashionTogo #WoodinFashion #Lome #Togo",26,"10/09/2025 03:35",https://www.instagram.com/reel/DPldZ_vDOiW/,"Reel IG",,Global,470,328,6,0,0,1,0,,,,,
17861330586439859,17841411124240679,woodinfashiontogo,"Woodin Fashion Togo","Faire son dépistage, c’est pas un moment qu’on attend avec impatience… mais après, quel soulagement. 

C’est un petit geste, pour une grande paix intérieure. Alors prenez ce moment pour vous, pour votre santé.

Et n’oubliez pas d’en parler à une amie aujourd’hui.

#WoodinFashionTogo #OctobreRose #Prevention #Togo",0,"10/08/2025 04:12",https://www.instagram.com/p/DPi89Q7DL4r/,"Image IG",,Global,1510,431,12,1,0,0,0,,,,,
17919691143183340,17841411124240679,woodinfashiontogo,"Woodin Fashion Togo","Nouvelle dose d’énergie. 💪🏾

Toute l’équipe Woodin vous souhaite une semaine pleine de couleurs, de bonne humeur et de belles réussites. Respirez, souriez, et passez nous voir si vous avez besoin d’un petit boost couleur.

On vous attend à la boutique avec le sourire !

📍En face de BIA TOGO au grand marché c de Lomé. 

📱 90594255

#WoodinFashionTogo #WoodinFashion #Lome #Togo",0,"10/08/2025 04:10",https://www.instagram.com/p/DPi8uoSDKnX/,"Image IG",,Global,1707,542,14,0,2,0,1,,,,,
18081555637815902,17841411124240679,woodinfashiontogo,"Woodin Fashion Togo","Un simple bout de tissu peut aussi être un message. 💕
En octobre, on ne parle pas que de mode, on parle aussi d’amour, de courage et de prévention.
Alors aujourd’hui, on porte du rose, pas juste pour le style… mais pour la vie. 🎀

Et si toi aussi, tu mettais une touche de rose aujourd’hui ?

#WoodinFashionTogo #OctobreRose #Prevention #Togo",0,"10/07/2025 07:03",https://www.instagram.com/p/DPgrsYYjKyE/,"Image IG",,Global,1545,489,7,0,0,0,0,,,,,
18028936823526316,17841411124240679,woodinfashiontogo,"Woodin Fashion Togo","Quand tu portes ton Woodin et que tout le monde se retourne pour te regarder… 👑

Ce soir, la reine de la soirée, c’est toi ! 😍

Reposté de @lou_belfee 

#WoodinFashionTogo #WoodinFashion #LaVieEnRose #Togo",9,"10/06/2025 11:52",https://www.instagram.com/reel/DPen_PcjNay/,"Reel IG",,Global,2856,1495,118,0,2,1,2,,,,,
18176215450360265,17841411124240679,woodinfashiontogo,"Woodin Fashion Togo","Ce mois-ci, on veut être l’épaule sur laquelle on peut pleurer, l’ami qui encourage et la famille qui soutient.

Ensemble, soyons la force de ceux qui en ont besoin. 💕

#WoodinFashionTogo #WoodinFashion #OctobreRose #LaVieEnRose #Togo",0,"10/06/2025 11:48",https://www.instagram.com/p/DPenic-DMx0/,"Image IG",,Global,1656,560,3,1,0,0,0,,,,,
17860127871508489,17841411124240679,woodinfashiontogo,"Woodin Fashion Togo","Regardez-moi cette mignonnerie. 😍 Woodin, ce n’est pas que pour les grands !

Viens habiller ton mini-toi avec amour. Que ce soit le rose, le violet, le bleu, le jaune ou encore le rouge, nous avons les tissus qui leur plairont. 😇

📍En face de BIA TOGO, au grand marché de Lomé. 

📱 90594255

#WoodinFashionTogo #WoodinFashion #Lome #Togo",7,"10/03/2025 04:26",https://www.instagram.com/reel/DPWGiGLDEGZ/,"Reel IG",,Global,596,355,14,1,0,0,3,,,,,
18098696773629286,17841411124240679,woodinfashiontogo,"Woodin Fashion Togo","Un petit ruban, mais un grand message : espoir, soutien et amour pour toutes les guerrières. 🎗🎀

Et si on le portait fièrement tous ensemble ?

#WoodinFashionTogo #WoodinFashion #OctobreRose #LaVieEnRose #Togo",0,"10/02/2025 03:45",https://www.instagram.com/p/DPTdEksjOeE/,"Image IG",,Global,1625,411,11,0,0,0,2,,,,,
18080605885962683,17841411124240679,woodinfashiontogo,"Woodin Fashion Togo","Bienvenue octobre !

Un mois tout doux, tout rose, tout inspirant. Qu’il soit rempli de belles nouvelles, de projets qui avancent et de vibes positives.

#WoodinFashionTogo #WoodinFashion #Motivation #Togo",0,"10/01/2025 10:43",https://www.instagram.com/p/DPRoMVJjCMK/,"Image IG",,Global,1732,464,13,1,0,0,0,,,,,
17842531974591499,17841411124240679,woodinfashiontogo,"Woodin Fashion Togo","Octobre, c’est plus qu’un mois. C’est un mouvement.

C’est se rappeler qu’on peut soutenir, aimer et encourager celles qui se battent. Aujourd’hui, toute l’équipe Woodin est unie pour dire : vous n’êtes pas seules. 🩷

#WoodinFashionTogo #WoodinFashion #OctobreRose #LaVieEnRose #Togo",13,"10/01/2025 10:37",https://www.instagram.com/reel/DPRneJHDHQV/,"Reel IG",,Global,2139,1682,76,5,0,1,1,,,,,
18083124235948537,17841411124240679,woodinfashiontogo,"Woodin Fashion Togo","Bienvenue octobre !

Un mois tout doux, tout rose, tout inspirant. Qu’il soit rempli de belles nouvelles, de projets qui avancent et de vibes positives.

#WoodinFashionTogo #WoodinFashion #Motivation #Togo",0,"10/01/2025 02:52",https://www.instagram.com/p/DPQyRSgjFoO/,"Image IG",,Global,1681,430,11,0,0,0,0,,,,,
17981929559879013,17841411124240679,woodinfashiontogo,"Woodin Fashion Togo","C’est parti pour le dernier trimestre de l’année !

Trois mois pour foncer, réaliser vos objectifs et briller de mille feux. 💪🏾 Vous êtes prêts ? Nous, oui !

#WoodinFashionTogo #WoodinFashion #Motivation #Togo",0,"09/30/2025 12:49",https://www.instagram.com/p/DPPR0uBjEwx/,"Image IG",,Global,1685,425,12,0,1,0,1,,,,,
17983085285861591,17841411124240679,woodinfashiontogo,"Woodin Fashion Togo","C’est parti pour le dernier trimestre de l’année !

Trois mois pour foncer, réaliser vos objectifs et briller de mille feux. 💪🏾 Vous êtes prêts ? Nous, oui !

#WoodinFashionTogo #WoodinFashion #Motivation #Togo",0,"09/30/2025 12:49",https://www.instagram.com/p/DPPRxNTjM2y/,"Image IG",,Global,2797,1059,52,1,0,0,3,,,,,
18193496710319132,17841411124240679,woodinfashiontogo,"Woodin Fashion Togo","C’est parti pour le dernier trimestre de l’année !

Trois mois pour foncer, réaliser vos objectifs et briller de mille feux. 💪🏾 Vous êtes prêts ? Nous, oui !

#WoodinFashionTogo #WoodinFashion #Motivation #Togo",0,"09/30/2025 12:49",https://www.instagram.com/p/DPPRuJdjAV-/,"Image IG",,Global,1926,577,33,1,0,0,2,,,,,
17851949256555387,17841411124240679,woodinfashiontogo,"Woodin Fashion Togo","Cette semaine, on voit la vie en rose ! 💕 

Et vous, comment portez-vous le rose en ce moment ? 

Reposté de @mrs_baruani

#WoodinFashionTogo #WoodinFashion #LaVieEnRose #Togo",0,"09/30/2025 07:55",https://www.instagram.com/p/DPOwJfSDIDG/,"Image IG",,Global,2042,635,55,1,1,0,0,,,,,
18082005352769119,17841411124240679,woodinfashiontogo,"Woodin Fashion Togo","Cette semaine, on voit la vie en rose ! 💕 

Et vous, comment portez-vous le rose en ce moment ? 

Reposté de @mrs_baruani

#WoodinFashionTogo #WoodinFashion #LaVieEnRose #Togo",21,"09/30/2025 07:55",https://www.instagram.com/reel/DPOwAv4DAcT/,"Reel IG",,Global,649,567,13,2,0,0,0,,,,,
17973560732936081,17841411124240679,woodinfashiontogo,"Woodin Fashion Togo","Cette semaine, on voit la vie en rose ! 💕 

Et vous, comment portez-vous le rose en ce moment ? 

Reposté de @mrs_baruani

#WoodinFashionTogo #WoodinFashion #LaVieEnRose #Togo",21,"09/30/2025 07:50",https://www.instagram.com/reel/DPOvap2jEmW/,"Reel IG",,Global,382,279,22,1,0,0,1,,,,,
17891978808205051,17841411124240679,woodinfashiontogo,"Woodin Fashion Togo","Cette semaine, on voit la vie en rose ! 💕 

Et vous, comment portez-vous le rose en ce moment ? 

Reposté de @mrs_baruani

#WoodinFashionTogo #WoodinFashion #LaVieEnRose #Togo",0,"09/30/2025 07:48",https://www.instagram.com/p/DPOvVi8jDB3/,"Image IG",,Global,1420,319,22,0,1,0,0,,,,,
18150800191380639,17841411124240679,woodinfashiontogo,"Woodin Fashion Togo","Voici les premiers participants de notre Woodin Holidays Challenge ! Regardez ça ! Le style, la pose, les couleurs… tout est là 😍

Tu as ton coup de cœur ? Like, commente, encourage.

Et si ce n’est pas encore fait : il est temps d’envoyer ta photo.

#WoodinFashionTogo #WoodinStyleChallenge #VacancesEnWoodint",0,"08/03/2025 04:59",https://www.instagram.com/p/DM5F2Flt0DD/,"Carrousel IG",,Global,3454,1238,118,3,0,4,2,,,,,
18397656313186424,17841411124240679,woodinfashiontogo,"Woodin Fashion Togo","Challenge Holidays est terminé et nos gagnantes sont passées en boutique récupérer leurs lots !

Bravo à elles pour leur créativité et leur style 100 % Woodin. 😍

@black_boo26 

#WoodinFashionTogo #WoodinFashion #Challenge #RemiseDeLots #Togo",0,"09/30/2025 04:30",https://www.instagram.com/p/DPOYsnXjG_S/,"Image IG",,Global,2231,760,20,1,0,0,0,,,,,
18011705567794547,17841411124240679,woodinfashiontogo,"Woodin Fashion Togo","Challenge Holidays est terminé et nos gagnantes sont passées en boutique récupérer leurs lots !

Bravo à elles pour leur créativité et leur style 100 % Woodin. 😍

@black_boo26 

#WoodinFashionTogo #WoodinFashion #Challenge #RemiseDeLots #Togo",0,"09/30/2025 04:30",https://www.instagram.com/p/DPOYoxajB2o/,"Image IG",,Global,1515,390,16,2,0,0,0,,,,,
18040193990477994,17841411124240679,woodinfashiontogo,"Woodin Fashion Togo","Challenge Holidays est terminé et nos gagnantes sont passées en boutique récupérer leurs lots !

Bravo à elles pour leur créativité et leur style 100 % Woodin. 😍 

@maria_zonvide 

#WoodinFashionTogo #WoodinFashion #Challenge #RemiseDeLots #Togo",0,"09/30/2025 04:29",https://www.instagram.com/p/DPOYkARDH_4/,"Image IG",,Global,1362,300,8,0,0,0,0,,,,,
18136188664449482,17841411124240679,woodinfashiontogo,"Woodin Fashion Togo","Challenge Holidays est terminé et nos gagnantes sont passées en boutique récupérer leurs lots !

Bravo à elles pour leur créativité et leur style 100 % Woodin. 😍

@maria_zonvide 

#WoodinFashionTogo #WoodinFashion #Challenge #RemiseDeLots #Togo",0,"09/30/2025 04:29",https://www.instagram.com/p/DPOYgTjjA33/,"Image IG",,Global,2157,769,34,0,0,0,0,,,,,
17917722492053709,17841411124240679,woodinfashiontogo,"Woodin Fashion Togo","Challenge Holidays est terminé et nos gagnantes sont passées en boutique récupérer leurs lots !

Bravo à elles pour leur créativité et leur style 100 % Woodin. 😍 

@maria_zonvide 

#WoodinFashionTogo #WoodinFashion #Challenge #RemiseDeLots #Togo",0,"09/30/2025 04:28",https://www.instagram.com/p/DPOYbicDNVt/,"Image IG",,Global,1493,404,13,0,0,0,0,,,,,
18065632103523231,17841411124240679,woodinfashiontogo,"Woodin Fashion Togo","Les chemises de la récente collection font des ravages. 😍

Dites-nous celles qui vous font craquer aujourd’hui  et venez les essayer en boutique. Elles sont encore plus belles en vrai ! 

📍En face de BIA TOGO au grand marché de Lomé. 

📱 90594255

#WoodinFashionTogo #WoodinFashion #ChemiseWoodin #Togo",11,"09/29/2025 09:23",https://www.instagram.com/reel/DPMVW3-DLdC/,"Reel IG",,Global,563,362,14,0,0,0,0,,,,,
18080093536799159,17841411124240679,woodinfashiontogo,"Woodin Fashion Togo","Samedi = jour parfait pour venir choisir vos articles. 🛍️

Nos conseillers sont là pour vous aider à trouver celui qui vous fera dire “wow” 

❗️Passez avant 15h30 et repartez avec vos coups de cœur du jour ! 

📍En face de BIA TOGO au grand marché de Lomé. 

📱 90594255

#WoodinFashionTogo #WoodinFashion #Shopping #Togo",13,"09/27/2025 02:30",https://www.instagram.com/reel/DPGciBuDBd6/,"Reel IG",,Global,551,408,4,0,0,0,1,,,,,
18087416596721289,17841411124240679,woodinfashiontogo,"Woodin Fashion Togo","Aujourd’hui, on clos un grand débat : TEAM BLANC/NOIR ou TEAM COULEURS ?

À vous de trancher… Répondez avec l’emoji qui vous ressemble et passez choisir votre t-shirt préféré en boutique.

#WoodinFashionTogo #WoodinFashion #TShirtWoodin #Togo",8,"09/26/2025 09:58",https://www.instagram.com/reel/DPEq9WTjFMy/,"Reel IG",,Global,754,460,11,1,1,1,1,,,,,
18077344271093751,17841411124240679,woodinfashiontogo,"Woodin Fashion Togo","Il y a des chemises qui changent ton mood en 2 secondes. 😎

Regardez Loïc : de simple gars à Mr. Class en un bouton. On vous attend en boutique pour trouver la vôtre !

@loicleoo 

#WoodinFashionTogo #WoodinFashion #ChemiseWoodin #MenOutfit #Togo",15,"09/25/2025 03:47",https://www.instagram.com/reel/DPBbrB3jMIX/,"Reel IG",,Global,549,429,8,1,0,0,0,,,,,
18025479827724495,17841411124240679,woodinfashiontogo,"Woodin Fashion Togo","Voici la star de la semaine : notre motif en promo !

Imaginez-le en jupe midi, en chemise casual ou même en ensemble chic pour le bureau. 😍

Passez en boutique avant qu’il ne disparaisse des rayons ! 

En face de BIA TOGO au grand marché de Lomé. 

📱 90594255

#WoodinFashionTogo #WoodinFashion #Promo #Togo",0,"09/23/2025 02:31",https://www.instagram.com/p/DO8JcsgjPw3/,"Carrousel IG",,Global,7976,24576,17,0,0,0,1,,,,,
18003144998804382,17841411124240679,woodinfashiontogo,"Woodin Fashion Togo","Lundi n’a pas dit qu’il devait être triste ! 😎

Habillez-vous bien, souriez fort et attaquez cette semaine comme si c’était votre moment. 

#WoodinFashionTogo #WoodinFashion #Motivation #Togo",0,"09/22/2025 08:50",https://www.instagram.com/p/DO6QFl3jIeG/,"Image IG",,Global,1858,474,12,0,0,0,0,,,,,
18081449515760080,17841411124240679,woodinfashiontogo,"Woodin Fashion Togo","Week-end = looks chill mais stylés ✨

#WoodinFashionTogo #WoodinFashion #Lome #Togo",19,"09/21/2025 10:26",https://www.instagram.com/reel/DO32MkvjMG5/,"Reel IG",,Global,496,366,18,0,0,0,0,,,,,
18061177130629705,17841411124240679,woodinfashiontogo,"Woodin Fashion Togo","Qui a dit que vendredi ne devait pas être stylé ? 💃

La robe Woodin de ce vendredi va clairement voler la vedette à votre réunion d’équipe.

#WoodinFashionTogo #WoodinFashion #Lome #Togo",8,"09/19/2025 07:44",https://www.instagram.com/reel/DOyZ2ZejNZf/,"Reel IG",,Global,1182,823,29,0,1,1,2,,,,,
17944033689028205,17841411124240679,woodinfashiontogo,"Woodin Fashion Togo","Petite piqûre de rappel 😉
Cette semaine encore, -10% sur le motif du moment.

Passez avant samedi soir, après ce sera trop tard ! 

#WoodinFashionTogo #WoodinFashion #Lome #Togo",13,"09/17/2025 11:35",https://www.instagram.com/reel/DOtq3L8jIJm/,"Reel IG",,Global,1419,947,26,1,0,0,0,,,,,
18074660557889453,17841411124240679,woodinfashiontogo,"Woodin Fashion Togo","Le cadeau qui fera fondre monsieur ? On l’a trouvé !

Nos chemises manches longues Woodin sont faites pour le style, le confort… et pour faire craquer à coup sûr. 😎

Offre-lui la sienne et fais battre son cœur plus fort. 🫠

#WoodinFashionTogo #WoodinFashion #PretaPorter #ChemiseWoodin #AfricanPrint #Lome #Togo",0,"09/17/2025 09:10",https://www.instagram.com/p/DOtaXB3DCz_/,"Image IG",,Global,1611,309,6,0,0,0,0,,,,,
17916648477180675,17841411124240679,woodinfashiontogo,"Woodin Fashion Togo","Le cadeau qui fera fondre monsieur ? On l’a trouvé !

Nos chemises manches longues Woodin sont faites pour le style, le confort… et pour faire craquer à coup sûr. 😎

Offre-lui la sienne et fais battre son cœur plus fort. 🫠

#WoodinFashionTogo #WoodinFashion #PretaPorter #ChemiseWoodin #AfricanPrint #Lome #Togo",0,"09/17/2025 09:09",https://www.instagram.com/p/DOtaUC4DCy5/,"Image IG",,Global,1438,237,4,0,0,0,0,,,,,
18066238070259923,17841411124240679,woodinfashiontogo,"Woodin Fashion Togo","Le cadeau qui fera fondre monsieur ? On l’a trouvé !

Nos chemises manches longues Woodin sont faites pour le style, le confort… et pour faire craquer à coup sûr. 😎

Offre-lui la sienne et fais battre son cœur plus fort. 🫠

#WoodinFashionTogo #WoodinFashion #PretaPorter #ChemiseWoodin #AfricanPrint #Lome #Togo",0,"09/17/2025 09:08",https://www.instagram.com/p/DOtaJHLjJQz/,"Image IG",,Global,1474,293,5,0,0,0,0,,,,,
17858481924504443,17841411124240679,woodinfashiontogo,"Woodin Fashion Togo","Le cadeau qui fera fondre monsieur ? On l’a trouvé !

Nos chemises manches longues Woodin sont faites pour le style, le confort… et pour faire craquer à coup sûr. 😎

Offre-lui la sienne et fais battre son cœur plus fort. 🫠

#WoodinFashionTogo #WoodinFashion #PretaPorter #ChemiseWoodin #AfricanPrint #Lome #Togo",0,"09/17/2025 09:06",https://www.instagram.com/p/DOtZ4AuDF5H/,"Image IG",,Global,1319,243,4,0,0,0,0,,,,,
18113018890476688,17841411124240679,woodinfashiontogo,"Woodin Fashion Togo","Le cadeau qui fera fondre monsieur ? On l’a trouvé !

Nos chemises manches longues Woodin sont faites pour le style, le confort… et pour faire craquer à coup sûr. 😎

Offre-lui la sienne et fais battre son cœur plus fort. 🫠

#WoodinFashionTogo #WoodinFashion #PretaPorter #ChemiseWoodin #AfricanPrint #Lome #Togo",0,"09/17/2025 07:16",https://www.instagram.com/p/DOtNWHcjHyA/,"Carrousel IG",,Global,1419,265,6,0,0,0,1,,,,,
17896523625295188,17841411124240679,woodinfashiontogo,"Woodin Fashion Togo","Le cadeau qui fera fondre monsieur ? On l’a trouvé !

Nos chemises manches longues Woodin sont faites pour le style, le confort… et pour faire craquer à coup sûr. 😎

Offre-lui la sienne et fais battre son cœur plus fort. 🫠

#WoodinFashionTogo #WoodinFashion #PretaPorter #ChemiseWoodin #AfricanPrint #Lome #Togo",0,"09/17/2025 07:15",https://www.instagram.com/p/DOtNNOijA29/,"Image IG",,Global,1297,250,9,0,0,0,1,,,,,
18078322964102680,17841411124240679,woodinfashiontogo,"Woodin Fashion Togo","Nouveau jour, nouvelle énergie !
Rappelez-vous : même une petite victoire compte.

Aujourd’hui, offrez-vous un cadeau. Et si c’était un article Woodin pour booster votre semaine ? 

On vous attend en boutique. Ça fait toujours du bien de se faire plaisir. 

#WoodinFashionTogo #WoodinFashion #Lome #Togo",0,"09/17/2025 03:26",https://www.instagram.com/p/DOszBvODMUZ/,"Image IG",,Global,1894,607,29,1,0,0,1,,,,,
17924832870103479,17841411124240679,woodinfashiontogo,"Woodin Fashion Togo","Le crush de la semaine est là ! 🤩 

Un motif qui respire la bonne humeur et les looks de rentrée. -10% sur ces tissus toute la semaine… et vous savez ce que ça veut dire : premier arrivé, premier servi !

📍Direction la boutique pour le shopper avant qu’il ne disparaisse - En face de BIA TOGO au grand marché de Lomé. 

📱 90594255

#WoodinFashionTogo #WoodinFashion #Lome #Togo",0,"09/15/2025 08:49",https://www.instagram.com/p/DOoOVXxDFkA/,"Carrousel IG",,Global,1655,422,14,0,0,0,0,,,,,
18081718726931518,17841411124240679,woodinfashiontogo,"Woodin Fashion Togo","Bonne rentrée à tous les parents, élèves et même aux papys et mamies de service !

Courage pour les réveils tôt, les embouteillages devant l’école et les “j’ai oublié mon cahier” du matin. 😆

Toute l’équipe Woodin vous souhaite une très belle rentrée ! 

#WoodinFashionTogo #WoodinFashion #BackToSchool #Rentree #Togo",0,"09/15/2025 04:43",https://www.instagram.com/p/DOnyMxkjBbY/,"Carrousel IG",,Global,2475,776,59,4,0,2,5,,,,,
18067121522337610,17841411124240679,woodinfashiontogo,"Woodin Fashion Togo","Sortie entre amis ? Dîner en amoureux ? Petit événement improvisé ?

On a la tenue parfaite qui suit tous tes plans du week-end. Passe juste en boutique !

#WoodinFashionTogo #WoodinFashion #PretaPorter #AfricanPrint #Lome #togo",0,"09/13/2025 09:42",https://www.instagram.com/p/DOjKzrljC4u/,"Image IG",,Global,1458,377,10,1,0,0,1,,,,,
18091046524776107,17841411124240679,woodinfashiontogo,"Woodin Fashion Togo","Sortie entre amis ? Dîner en amoureux ? Petit événement improvisé ?

On a la tenue parfaite qui suit tous tes plans du week-end. Passe juste en boutique !

#WoodinFashionTogo #WoodinFashion #PretaPorter #AfricanPrint #Lome #togo",0,"09/13/2025 09:41",https://www.instagram.com/p/DOjKwYDjDP1/,"Image IG",,Global,1275,252,5,0,0,0,0,,,,,
17979144464874648,17841411124240679,woodinfashiontogo,"Woodin Fashion Togo","Sortie entre amis ? Dîner en amoureux ? Petit événement improvisé ?

On a la tenue parfaite qui suit tous tes plans du week-end. Passe juste en boutique !

#WoodinFashionTogo #WoodinFashion #PretaPorter #AfricanPrint #Lome #togo",0,"09/13/2025 09:41",https://www.instagram.com/p/DOjKtieDHVg/,"Image IG",,Global,1462,406,6,0,0,0,0,,,,,
18029375543713340,17841411124240679,woodinfashiontogo,"Woodin Fashion Togo","Sortie entre amis ? Dîner en amoureux ? Petit événement improvisé ?

On a la tenue parfaite qui suit tous tes plans du week-end. Passe juste en boutique !

#WoodinFashionTogo #WoodinFashion #PretaPorter #AfricanPrint #Lome #togo",0,"09/13/2025 09:40",https://www.instagram.com/p/DOjKpjwjMAo/,"Image IG",,Global,1201,227,8,0,0,0,1,,,,,
18090306235765966,17841411124240679,woodinfashiontogo,"Woodin Fashion Togo","Sortie entre amis ? Dîner en amoureux ? Petit événement improvisé ?

On a la tenue parfaite qui suit tous tes plans du week-end. Passe juste en boutique !

#WoodinFashionTogo #WoodinFashion #PretaPorter #AfricanPrint #Lome #togo",0,"09/13/2025 09:39",https://www.instagram.com/p/DOjKhvpjJ45/,"Image IG",,Global,1170,193,4,0,0,0,0,,,,,
17961802442823540,17841411124240679,woodinfashiontogo,"Woodin Fashion Togo","Sortie entre amis ? Dîner en amoureux ? Petit événement improvisé ?

On a la tenue parfaite qui suit tous tes plans du week-end. Passe juste en boutique !

#WoodinFashionTogo #WoodinFashion #PretaPorter #AfricanPrint #Lome #togo",0,"09/13/2025 09:38",https://www.instagram.com/p/DOjKbjQjLFu/,"Image IG",,Global,1174,213,4,0,0,0,0,,,,,
18066846905194353,17841411124240679,woodinfashiontogo,"Woodin Fashion Togo","On sait que vous aimez les bons plans.😉

Petit rappel : cette semaine encore, un motif est à -10%. Si vous aviez un crush dessus, c’est le moment d’arrêter de réfléchir et de passer en boutique.

📍En face de BIA TOGO au grand marché de Lomé. 

📱 90594255

#WoodinFashionTogo #WoodinFashion #Promo #Togo",8,"09/12/2025 04:16",https://www.instagram.com/reel/DOgAsb8DLVX/,"Reel IG",,Global,506,363,7,0,0,0,0,,,,,
17937300156074738,17841411124240679,woodinfashiontogo,"Woodin Fashion Togo","Êtes-vous prêtes à voler la vedette au bureau ou au brunch du dimanche ? 😌

Découvre nos ensembles prêts-à-porter féminins disponibles en boutique ! Viens vite essayer, tu vas tomber amoureuse ! 😍 

📍En face de BIA TOGO au grand marché de Lomé. 

📱 90594255

#WoodinFashionTogo #WoodinFashion #PretaPorter #AfricanPrint #Lome #Togo",28,"09/11/2025 11:21",https://www.instagram.com/reel/DOeMkqvDAjT/,"Reel IG",,Global,605,461,17,0,0,0,2,,,,,
18076745840045809,17841411124240679,woodinfashiontogo,"Woodin Fashion Togo","Il y a des tissus qu’on garde précieusement, comme un secret bien gardé. Ceux-là font partie du lot. 

Que ce soit pour une chemise, un pantalon, une robe ou un ensemble, c’est un must have de toute garde-robe.

👉🏾 Disponibles dès maintenant en boutique.

📍En face de BIA TOGO au grand marché de Lomé. 

📱 90594255

#WoodinFashionTogo #WoodinFashion #PretaPorter #Togo",17,"09/11/2025 03:17",https://www.instagram.com/reel/DOdVHcbjA9L/,"Reel IG",,Global,997,662,31,1,1,0,2,,,,,
18147411961407845,17841411124240679,woodinfashiontogo,"Woodin Fashion Togo","Messieurs, c’est votre tour. 😎

Chemises manches courtes, manches longues… des modèles stylés pour le boulot, les sorties et même les rendez-vous sérieux.

Passez les voir, vous risquez de repartir avec plus d’une chemise. 😉

📍En face de BIA TOGO au grand marché de Lomé. 

📱 90594255

#WoodinFashionTogo #WoodinFashion #PretaPorter #Togo",0,"09/10/2025 04:50",https://www.instagram.com/p/DOa7HJBDM0O/,"Carrousel IG",,Global,1477,300,16,1,0,0,0,,,,,
17867801328443028,17841411124240679,woodinfashiontogo,"Woodin Fashion Togo","Messieurs, c’est votre tour. 😎

Chemises manches courtes, manches longues… des modèles stylés pour le boulot, les sorties et même les rendez-vous sérieux.

Passez les voir, vous risquez de repartir avec plus d’une chemise. 😉

📍En face de BIA TOGO au grand marché de Lomé. 

📱 90594255

#WoodinFashionTogo #WoodinFashion #PretaPorter #Togo",0,"09/10/2025 04:48",https://www.instagram.com/p/DOa6z6fDPMN/,"Carrousel IG",,Global,1417,269,14,0,0,1,0,,,,,
17916401595176455,17841411124240679,woodinfashiontogo,"Woodin Fashion Togo","Messieurs, c’est votre tour. 😎

Chemises manches courtes, manches longues… des modèles stylés pour le boulot, les sorties et même les rendez-vous sérieux.

Passez les voir, vous risquez de repartir avec plus d’une chemise. 😉

📍En face de BIA TOGO au grand marché de Lomé. 

📱 90594255

#WoodinFashionTogo #WoodinFashion #PretaPorter #Togo",0,"09/10/2025 04:47",https://www.instagram.com/p/DOa6xFcDMUJ/,"Carrousel IG",,Global,1349,244,8,0,0,0,0,,,,,
18053742239541784,17841411124240679,woodinfashiontogo,"Woodin Fashion Togo","Messieurs, c’est votre tour. 😎

Chemises manches courtes, manches longues… des modèles stylés pour le boulot, les sorties et même les rendez-vous sérieux.

Passez les voir, vous risquez de repartir avec plus d’une chemise. 😉

📍En face de BIA TOGO au grand marché de Lomé. 

📱 90594255

#WoodinFashionTogo #WoodinFashion #PretaPorter #Togo",0,"09/10/2025 04:43",https://www.instagram.com/p/DOa6OV_DGO5/,"Carrousel IG",,Global,1327,251,11,1,0,0,2,,,,,
17948664426033021,17841411124240679,woodinfashiontogo,"Woodin Fashion Togo","De lundi à dimanche, on a tout prévu pour vous, les girls.

Tu as craqué pour quel jour de la semaine ?

TOUTES LES PIÈCES SONT DISPONIBLES EN BOUTIQUE ! 

📍En face de BIA TOGO au grand marché de Lomé. 

📱70222222

#WoodinFashionTogo #WoodinFashion #AfricanPrint #Lome #Togo",8,"09/10/2025 04:40",https://www.instagram.com/reel/DOa511RDI9i/,"Reel IG",,Global,733,500,13,2,1,0,3,,,,,
18060370409611466,17841411124240679,woodinfashiontogo,"Woodin Fashion Togo","Messieurs, c’est votre tour. 😎

Chemises manches courtes, manches longues… des modèles stylés pour le boulot, les sorties et même les rendez-vous sérieux.

Passez les voir, vous risquez de repartir avec plus d’une chemise. 😉

📍En face de BIA TOGO au grand marché de Lomé. 

📱 90594255

#WoodinFashionTogo #WoodinFashion #PretaPorter #Togo",0,"09/10/2025 04:33",https://www.instagram.com/p/DOa5H7ejE8L/,"Carrousel IG",,Global,1230,208,6,4,0,0,0,,,,,
18100808839545201,17841411124240679,woodinfashiontogo,"Woodin Fashion Togo","On a reçu les nouvelles robes et… comment vous dire ? C’est la définition même de « poser sans forcer ». 💃🏾

Des coupes modernes, des tissus colorés, bref, de quoi assurer toutes vos sorties. Venez essayer et trouvez votre coup de cœur en boutique.

📍En face de BIA TOGO au grand marché de Lomé. 

📱 90594255

#WoodinFashionTogo #WoodinFashion #PretaPorter #Togo",25,"09/09/2025 08:27",https://www.instagram.com/reel/DOYu9AQDL_W/,"Reel IG",,Global,413,333,15,2,0,0,2,,,,,
18073631447089867,17841411124240679,woodinfashiontogo,"Woodin Fashion Togo","Chaque semaine a son petit coup de cœur… et voici celui de la nôtre. 😍

Un motif en promo à -10% qui a déjà fait tourner des têtes en boutique. Disponible en plusieurs couleurs.

Passez vite en boutique, ça part toujours plus vite qu’on ne pense.

📍En face de BIA TOGO au grand marché de Lomé. 

📱 90594255

#WoodinFashionTogo #WoodinFashion #Promo #Togo",0,"09/09/2025 04:01",https://www.instagram.com/p/DOYQpxUDEm-/,"Carrousel IG",,Global,2138,632,25,0,0,0,1,,,,,
18079585774777240,17841411124240679,woodinfashiontogo,"Woodin Fashion Togo","Une nouvelle semaine démarre !

Nous ici, on l’attaque avec le sourire et beaucoup de bonne humeur. Et vous, dites-nous : vous commencez la semaine en mode tranquille ou déjà au pas de course ?

📍En face de BIA TOGO au grand marché de Lomé. 

📱 90594255

#WoodinFashionTogo #WoodinFashion #Lome #Togo",17,"09/08/2025 09:49",https://www.instagram.com/reel/DOWTlkKjH4g/,"Reel IG",,Global,1048,716,25,1,0,0,1,,,,,
17972100653935698,17841411124240679,woodinfashiontogo,"Woodin Fashion Togo","Ce t-shirt n’a qu’une mission : te faire remarquer !

Son motif unique attire les regards sans effort. Disponible maintenant, viens le découvrir en vrai !

📍En face de BIA TOGO au grand marché de Lomé. 

📱 70222222

#WoodinFashionTogo #WoodinFashion #PretaPorter #TshirWoodin #AfricanPrint #Lome #Togo",0,"09/06/2025 06:01",https://www.instagram.com/p/DOQv_5kjBaN/,"Carrousel IG",,Global,1295,213,10,0,0,0,0,,,,,
18525269719052667,17841411124240679,woodinfashiontogo,"Woodin Fashion Togo","Ce t-shirt n’a qu’une mission : te faire remarquer !

Son motif unique attire les regards sans effort. Disponible maintenant, viens le découvrir en vrai !

📍En face de BIA TOGO au grand marché de Lomé. 

📱 70222222

#WoodinFashionTogo #WoodinFashion #PretaPorter #TshirWoodin #AfricanPrint #Lome #Togo",0,"09/06/2025 06:00",https://www.instagram.com/p/DOQv2QFjHG5/,"Image IG",,Global,1586,479,14,0,0,1,0,,,,,
18174117169358453,17841411124240679,woodinfashiontogo,"Woodin Fashion Togo","Ce t-shirt n’a qu’une mission : te faire remarquer !

Son motif unique attire les regards sans effort. Disponible maintenant, viens le découvrir en vrai !

📍En face de BIA TOGO au grand marché de Lomé. 

📱 70222222

#WoodinFashionTogo #WoodinFashion #PretaPorter #TshirWoodin #AfricanPrint #Lome #Togo",0,"09/06/2025 05:58",https://www.instagram.com/p/DOQvqoUDN6k/,"Image IG",,Global,1269,265,12,0,0,0,0,,,,,
18281358982277802,17841411124240679,woodinfashiontogo,"Woodin Fashion Togo","La semaine file vite… et les réductions aussi !

Le motif que tu aimes tant est à -10% jusqu’à samedi. Ne laisse pas passer ta chance, viens le prendre avant qu’il ne finisse !

📍En face de BIA TOGO au grand marché de Lomé. 

📱 70222222

#WoodinFashionTogo #WoodinFashion #Promo #AfricanPrint #Lome #Togo",0,"09/05/2025 04:33",https://www.instagram.com/p/DOOBLFrjBwj/,"Carrousel IG",,Global,1597,428,19,0,0,0,0,,,,,
18063471092584372,17841411124240679,woodinfashiontogo,"Woodin Fashion Togo","Ce t-shirt n’a qu’une mission : te faire remarquer !

Son motif unique attire les regards sans effort. Disponible maintenant, viens le découvrir en vrai !

📍En face de BIA TOGO au grand marché de Lomé. 

📱 70222222

#WoodinFashionTogo #WoodinFashion #PretaPorter #TshirWoodin #AfricanPrint #Lome #Togo",0,"09/04/2025 04:30",https://www.instagram.com/p/DOLb86GDFaD/,"Image IG",,Global,1430,443,11,1,0,0,0,,,,,
18058181252383251,17841411124240679,woodinfashiontogo,"Woodin Fashion Togo","En septembre, Woodin gâte tout le monde ! 🥳😎

Chaque semaine, un motif à un prix exceptionnel : 10% de réduction sur le tissu de la semaine. Tu voulais te faire plaisir ? C’est le moment ou jamais ! 🥰

Passe vite en boutique, ton motif coup de cœur y est !

📍En face de BIA TOGO au grand marché de Lomé. 

📱 70222222

#WoodinFashionTogo #WoodinFashion #Promo #AfricanPrint #Lome #Tog",0,"09/02/2025 05:45",https://www.instagram.com/p/DOGbAiRDI4P/,"Carrousel IG",,Global,1506,296,11,0,0,0,1,,,,,
18074035265030663,17841411124240679,woodinfashiontogo,"Woodin Fashion Togo","Ça, c’est la chemise qui te sauve la mise quand il fait chaud, mais que tu veux rester classe. Un must-have pour les vrais beaux gosses. 😌😇

Elle est dispo en boutique… viens la voir, et envoie le plan à ton crew.

📍En face de BIA TOGO au grand marché de Lomé. 

📱 70222222

#WoodinFashionTogo #WoodinFashion #ChemiseWoodin #ModeAfricaine #WoodinMen #AfricanPrint #Lome #Togo",0,"08/30/2025 12:17",https://www.instagram.com/p/DN_Zb-XDODo/,"Image IG",,Global,1295,230,6,0,0,0,1,,,,,
18110737777544957,17841411124240679,woodinfashiontogo,"Woodin Fashion Togo","Ça, c’est la chemise qui te sauve la mise quand il fait chaud, mais que tu veux rester classe. Un must-have pour les vrais beaux gosses. 😌😇

Elle est dispo en boutique… viens la voir, et envoie le plan à ton crew.

📍En face de BIA TOGO au grand marché de Lomé. 

📱 70222222

#WoodinFashionTogo #WoodinFashion #ChemiseWoodin #ModeAfricaine #WoodinMen #AfricanPrint #Lome #Togo",16,"08/30/2025 12:16",https://www.instagram.com/reel/DN_ZTydDB7y/,"Reel IG",,Global,979,693,28,3,0,0,0,,,,,
18088453744775309,17841411124240679,woodinfashiontogo,"Woodin Fashion Togo","Ça, c’est la chemise qui te sauve la mise quand il fait chaud, mais que tu veux rester classe. Un must-have pour les vrais beaux gosses. 😌😇

Elle est dispo en boutique… viens la voir, et envoie le plan à ton crew.

📍En face de BIA TOGO au grand marché de Lomé. 

📱 70222222

#WoodinFashionTogo #WoodinFashion #ChemiseWoodin #ModeAfricaine #WoodinMen #AfricanPrint #Lome #Togo",0,"08/30/2025 12:09",https://www.instagram.com/p/DN_YioRjIBL/,"Image IG",,Global,1305,262,4,0,0,0,0,,,,,
17906340072228108,17841411124240679,woodinfashiontogo,"Woodin Fashion Togo","Ça, c’est la chemise qui te sauve la mise quand il fait chaud, mais que tu veux rester classe. Un must-have pour les vrais beaux gosses. 😌😇

Elle est dispo en boutique… viens la voir, et envoie le plan à ton crew.

📍En face de BIA TOGO au grand marché de Lomé. 

📱 70222222

#WoodinFashionTogo #WoodinFashion #ChemiseWoodin #ModeAfricaine #WoodinMen #AfricanPrint #Lome #Togo",0,"08/30/2025 12:08",https://www.instagram.com/p/DN_Ye0_jMqu/,"Image IG",,Global,1241,226,5,0,0,0,0,,,,,
18096635254651167,17841411124240679,woodinfashiontogo,"Woodin Fashion Togo","Fini le dilemme du matin avec nos t-shirt. Tu enfiles ça, et bim, t’es frai/fraîche ! 😎

👉🏾 C’est adapté à tout le monde !

Découvrez toutes les coupes ici : 👉🏽 https://bit.ly/CHAINE-WHATSAPP-WOODINFASHIONTOGO

📍En face de BIA TOGO au grand marché de Lomé. 

📱 70222222

#WoodinFashionTogo #WoodinFashion #TshirtWoodin #ModeAfricaine #AfricanPrint #Lome #Togo",0,"08/30/2025 03:25",https://www.instagram.com/p/DN-ckPLDAw1/,"Image IG",,Global,1304,306,9,0,0,0,0,,,,,
17892462819182826,17841411124240679,woodinfashiontogo,"Woodin Fashion Togo","Fini le dilemme du matin avec nos t-shirt. Tu enfiles ça, et bim, t’es frai/fraîche ! 😎

👉🏾 C’est adapté à tout le monde !

Découvrez toutes les coupes ici : 👉🏽 https://bit.ly/CHAINE-WHATSAPP-WOODINFASHIONTOGO

📍En face de BIA TOGO au grand marché de Lomé. 

📱 70222222

#WoodinFashionTogo #WoodinFashion #TshirtWoodin #ModeAfricaine #AfricanPrint #Lome #Togo",0,"08/30/2025 03:24",https://www.instagram.com/p/DN-cgGbjByA/,"Image IG",,Global,1170,196,4,0,0,0,0,,,,,
18065809532585068,17841411124240679,woodinfashiontogo,"Woodin Fashion Togo","Fini le dilemme du matin avec nos t-shirt. Tu enfiles ça, et bim, t’es frai/fraîche ! 😎

👉🏾 C’est adapté à tout le monde !

Découvrez toutes les coupes ici : 👉🏽 https://bit.ly/CHAINE-WHATSAPP-WOODINFASHIONTOGO

📍En face de BIA TOGO au grand marché de Lomé. 

📱 70222222

#WoodinFashionTogo #WoodinFashion #TshirtWoodin #ModeAfricaine #AfricanPrint #Lome #Togo",0,"08/30/2025 03:24",https://www.instagram.com/p/DN-ccg5DKd1/,"Image IG",,Global,1413,411,7,0,0,0,0,,,,,
18110639383547757,17841411124240679,woodinfashiontogo,"Woodin Fashion Togo","Il y a des jours comme ça où tu veux juste être de bonne humeur… Cette chemise Woodin fait exactement ce boulot.

Dis à tes amis de passer avec toi en boutique, c’est toujours mieux d’être bien sapés ensemble.

Découvrez toutes les modèles ici : 👉🏽 https://bit.ly/CHAINE-WHATSAPP-WOODINFASHIONTOGO

📍En face de BIA TOGO au grand marché de Lomé. 

📱  70222222

#WoodinFashionTogo #WoodinFashion #ChemiseWoodin #ModeAfricaine #WoodinMen #AfricanPrint #Lome #Togo",0,"08/28/2025 13:37",https://www.instagram.com/p/DN6ZCpcjNr7/,"Image IG",,Global,1398,271,20,0,0,0,0,,,,,
18056690120140670,17841411124240679,woodinfashiontogo,"Woodin Fashion Togo","Il y a des jours comme ça où tu veux juste être de bonne humeur… Cette chemise Woodin fait exactement ce boulot.

Dis à tes amis de passer avec toi en boutique, c’est toujours mieux d’être bien sapés ensemble.

Découvrez toutes les modèles ici : 👉🏽 https://bit.ly/CHAINE-WHATSAPP-WOODINFASHIONTOGO

📍En face de BIA TOGO au grand marché de Lomé. 

📱  70222222

#WoodinFashionTogo #WoodinFashion #ChemiseWoodin #ModeAfricaine #WoodinMen #AfricanPrint #Lome #Togo",8,"08/28/2025 13:36",https://www.instagram.com/reel/DN6Yz96jDY-/,"Reel IG",,Global,799,540,21,0,0,0,0,,,,,
18018577169764828,17841411124240679,woodinfashiontogo,"Woodin Fashion Togo","Il y a des jours comme ça où tu veux juste être de bonne humeur… Cette chemise Woodin fait exactement ce boulot.

Dis à tes amis de passer avec toi en boutique, c’est toujours mieux d’être bien sapés ensemble.

Découvrez toutes les modèles ici : 👉🏽 https://bit.ly/CHAINE-WHATSAPP-WOODINFASHIONTOGO

📍En face de BIA TOGO au grand marché de Lomé. 

📱  70222222

#WoodinFashionTogo #WoodinFashion #ChemiseWoodin #ModeAfricaine #WoodinMen #AfricanPrint #Lome #Togo",0,"08/28/2025 13:21",https://www.instagram.com/p/DN6XQHyjDXq/,"Image IG",,Global,1305,228,5,0,0,0,0,,,,,
17880125238386616,17841411124240679,woodinfashiontogo,"Woodin Fashion Togo","Zoo y a des jours comme ça où tu veux juste être de bonne humeur… Cette chemise Woodin fait exactement ce boulot.

Dis à tes amis de passer avec toi en boutique, c’est toujours mieux d’être bien sapés ensemble.

Découvrez toutes les modèles ici : 👉🏽 https://bit.ly/CHAINE-WHATSAPP-WOODINFASHIONTOGO

📍En face de BIA TOGO au grand marché de Lomé. 

📱 70222222

#WoodinFashionTogo #WoodinFashion #ChemiseWoodin #ModeAfricaine #WoodinMen #AfricanPrint #Lome #Togo",0,"08/28/2025 11:55",https://www.instagram.com/p/DN6NUUgjCyb/,"Image IG",,Global,4256,730,58,3,0,2,1,,,,,
18396550513189700,17841411124240679,woodinfashiontogo,"Woodin Fashion Togo","Zoo y a des jours comme ça où tu veux juste être de bonne humeur… Cette chemise Woodin fait exactement ce boulot.

Dis à tes amis de passer avec toi en boutique, c’est toujours mieux d’être bien sapés ensemble.

Découvrez toutes les modèles ici : 👉🏽 https://bit.ly/CHAINE-WHATSAPP-WOODINFASHIONTOGO

📍En face de BIA TOGO au grand marché de Lomé. 

📱 70222222

#WoodinFashionTogo #WoodinFashion #ChemiseWoodin #ModeAfricaine #WoodinMen #AfricanPrint #Lome #Togo",0,"08/28/2025 11:54",https://www.instagram.com/p/DN6NOp0jGCk/,"Image IG",,Global,1338,235,7,1,0,0,0,,,,,
18042414791342249,17841411124240679,woodinfashiontogo,"Woodin Fashion Togo",,0,"08/28/2025 11:53",https://www.instagram.com/p/DN6NIcHjLPr/,"Image IG",,Global,1375,253,4,0,0,0,0,,,,,
18153682609391885,17841411124240679,woodinfashiontogo,"Woodin Fashion Togo","Quand l’art rencontre la mode… ça donne la collection Cubisme de Woodin ! 😍 Des tissus qui ne passent pas inaperçues.

Viens voir ça en vrai en boutique, et envoie cette vidéo à celle qui adore se démarquer.

📍En face de BIA TOGO au grand marché de Lomé. 

📱 70222222

#WoodinFashionTogo #WoodinFashion #CubismeDeWoodin #ModeAfricaine #AfricanPrint #Lome #Togo",59,"08/28/2025 04:47",https://www.instagram.com/reel/DN5b_AUjPxh/,"Reel IG",,Global,484,391,13,0,0,0,0,,,,,
18078946247294206,17841411124240679,woodinfashiontogo,"Woodin Fashion Togo","On continue avec la dernière vague de vos super looks ! Les participations au challenge sont incroyables. 😍

Viens liker, commenter et soutenir ton préféré.

#WoodinFashionTogo #WoodinStyleChallenge #VacancesEnWoodin",0,"08/28/2025 04:42",https://www.instagram.com/p/DN5b0myjIHy/,"Carrousel IG",,Global,2664,794,43,0,0,12,0,,,,,
17892248424301628,17841411124240679,woodinfashiontogo,"Woodin Fashion Togo","On continue avec la dernière vague de vos super looks ! Les participations au challenge sont incroyables. 😍

Viens liker, commenter et soutenir ton préféré.

#WoodinFashionTogo #WoodinStyleChallenge #VacancesEnWoodin",0,"08/28/2025 04:40",https://www.instagram.com/p/DN5boevDBaF/,"Carrousel IG",,Global,6830,2552,397,11,2,12,1,,,,,
18133545082450727,17841411124240679,woodinfashiontogo,"Woodin Fashion Togo","Les gars, on sait : vous aimez quand ça fait simple, mais stylé. La nouvelle chemise Woodin se porte easy sur un jeans et donne ce petit effet waouh sans effort. 😉

Passe vite en boutique pour choper la tienne … et tag ton pote qui doit vraiment upgrader son style !

📍En face de BIA TOGO au grand marché de Lomé. 

📱 70222222

#WoodinFashionTogo #WoodinFashion #NouvelleCollection #ModeAfricaine #AfricanPrint #Lome #Togo",21,"08/28/2025 04:39",https://www.instagram.com/reel/DN5bRFzjJ3g/,"Reel IG",,Global,396,338,8,0,0,0,0,,,,,
17984117057722356,17841411124240679,woodinfashiontogo,"Woodin Fashion Togo","Elles sont enfin là ! 💃

La nouvelle collection féminine Woodin vient d’arriver en boutique… et c’est une pure merveille. Des motifs qui donnent envie de sortir juste pour se faire admirer. 

Passez vite en boutique avant que tout ne parte… et fais tourner l’info aux copines ! 

📍En face de BIA TOGO au grand marché de Lomé. 

📱 70222222

#WoodinFashionTogo #WoodinFashion #NouvelleCollection #ModeAfricaine #AfricanPrint #Lome #Togo",22,"08/25/2025 11:07",https://www.instagram.com/reel/DNyYNFn2Ikd/,"Reel IG",,Global,580,418,19,1,0,0,1,,,,,
18020409584555141,17841403588955040,loicleoo,"Loïc Léo","Quand la mode rencontre l’héritage. Le pagne, c’est bien plus qu’un tissu, c’est une célébration de la culture et de l’art africain. Laissez-vous emporter par la beauté de ces créations uniques de @woodinfashiontogo . Le créateur
Comment trouvez vous la nouvelle collection ?",45,"08/23/2025 12:00",https://www.instagram.com/reel/DNtWAjQWN0m/,"Reel IG",,Global,5550,3684,409,21,5,55,0,,,,,
18104833333563947,17841411124240679,woodinfashiontogo,"Woodin Fashion Togo","Saviez-vous que le shopping est un antidépresseur naturel ? 🙄

On dit ça, on ne dit rien. La boutique est ouverte jusqu’à 15h00 aujourd’hui. Passe faire un tour et repars avec un sourire plus grand que ton sac d’achats. 😍

📍En face de BIA TOGO au grand marché de Lomé. 

📱 70222222

#WoodinFashionTogo #WoodinFashion #ShoppingDay #ModeAfricaine #AfricanPrint #Lome #Togo",27,"08/23/2025 06:53",https://www.instagram.com/reel/DNsyyjz2Fwp/,"Reel IG",,Global,613,446,21,1,1,0,1,,,,,
18041387831348189,17841411124240679,woodinfashiontogo,"Woodin Fashion Togo","Vous avez été trop nombreux à vouloir tenter votre chance… alors on joue les prolongations !

Encore jusqu’à demain seulement :
dès 12 yards achetés, vous repartez peut-être avec un cadeau Woodin 🎁.

📍 En face de BIA TOGO – Grand marché Lomé

📱 70222222

#WoodinFashionTogo #WoodinFashion #PromoVacances #Offre #ModeAfricaine #AfricanPrint #Lome #Togo",0,"08/21/2025 06:16",https://www.instagram.com/p/DNnk-lqshiV/,"Image IG",,Global,1865,404,7,0,0,0,2,,,,,
18095434417566227,17841411124240679,woodinfashiontogo,"Woodin Fashion Togo","Qui a dit que les chemises c’était seulement pour les grandes occasions ?

Une chemise manches courtes Woodin + un bon jeans = combo parfait pour avoir du style sans se prendre la tête.

Simple, classe… et ça change tout dans le miroir. 😎

📍En face de BIA TOGO au grand marché de Lomé. 

📱 70222222

#WoodinFashionTogo #WoodinFashion #ChemiseWoodin #ModeAfricaine #AfricanPrint #Lome #Togo",22,"08/21/2025 04:39",https://www.instagram.com/reel/DNnZ1TWsc4M/,"Reel IG",,Global,648,476,19,0,0,0,0,,,,,
18293891674302148,17841411124240679,woodinfashiontogo,"Woodin Fashion Togo","Nouvelle semaine, nouveaux looks à tester ! 🙃

On espère que ton lundi a démarré avec plus d’énergie. On t’envoie de la couleur et des ondes positives pour booster ta semaine… et ton style !

Que tes journées soient aussi lumineuses que nos tissus ! 🤭

#WoodinFashionTogo #WoodinFashion #NouvelleSemaine #ModeAfricaine #AfricanPrint #Lome #Togo",0,"08/19/2025 05:44",https://www.instagram.com/p/DNiXwPBsGY6/,"Image IG",,Global,1556,252,8,0,0,0,0,,,,,
18379200088124551,17841411124240679,woodinfashiontogo,"Woodin Fashion Togo","Nouvelle semaine, nouveaux looks à tester ! 🙃

On espère que ton lundi a démarré avec plus d’énergie. On t’envoie de la couleur et des ondes positives pour booster ta semaine… et ton style !

Que tes journées soient aussi lumineuses que nos tissus ! 🤭

#WoodinFashionTogo #WoodinFashion #NouvelleSemaine #ModeAfricaine #AfricanPrint #Lome #Togo",0,"08/19/2025 05:40",https://www.instagram.com/p/DNiXT6dsFvj/,"Image IG",,Global,1644,298,14,1,0,0,0,,,,,
18092187052672688,17841411124240679,woodinfashiontogo,"Woodin Fashion Togo","Nouvelle semaine, nouveaux looks à tester ! 🙃

On espère que ton lundi a démarré avec plus d’énergie. On t’envoie de la couleur et des ondes positives pour booster ta semaine… et ton style !

Que tes journées soient aussi lumineuses que nos tissus ! 🤭

#WoodinFashionTogo #WoodinFashion #NouvelleSemaine #ModeAfricaine #AfricanPrint #Lome #Togo",0,"08/19/2025 05:40",https://www.instagram.com/p/DNiXRqfszzt/,"Image IG",,Global,1693,333,18,0,0,0,0,,,,,
18074874709837829,17841411124240679,woodinfashiontogo,"Woodin Fashion Togo","Nouvelle semaine, nouveaux looks à tester ! 🙃

On espère que ton lundi a démarré avec plus d’énergie. On t’envoie de la couleur et des ondes positives pour booster ta semaine… et ton style !

Que tes journées soient aussi lumineuses que nos tissus ! 🤭

#WoodinFashionTogo #WoodinFashion #NouvelleSemaine #ModeAfricaine #AfricanPrint #Lome #Togo",0,"08/19/2025 05:39",https://www.instagram.com/p/DNiXOEGMe6S/,"Image IG",,Global,1361,221,4,0,0,0,0,,,,,
18049244252257409,17841411124240679,woodinfashiontogo,"Woodin Fashion Togo","Nouvelle semaine, nouveaux looks à tester ! 🙃

On espère que ton lundi a démarré avec plus d’énergie. On t’envoie de la couleur et des ondes positives pour booster ta semaine… et ton style !

Que tes journées soient aussi lumineuses que nos tissus ! 🤭

#WoodinFashionTogo #WoodinFashion #NouvelleSemaine #ModeAfricaine #AfricanPrint #Lome #Togo",0,"08/19/2025 05:39",https://www.instagram.com/p/DNiXKpdseJX/,"Image IG",,Global,1326,218,7,0,0,0,0,,,,,
18069010334133886,17841411124240679,woodinfashiontogo,"Woodin Fashion Togo","Nouvelle semaine, nouveaux looks à tester ! 🙃

On espère que ton lundi a démarré avec plus d’énergie. On t’envoie de la couleur et des ondes positives pour booster ta semaine… et ton style !

Que tes journées soient aussi lumineuses que nos tissus ! 🤭

#WoodinFashionTogo #WoodinFashion #NouvelleSemaine #ModeAfricaine #AfricanPrint #Lome #Togo",0,"08/19/2025 05:39",https://www.instagram.com/p/DNiXIObMmed/,"Image IG",,Global,1366,252,11,0,0,0,0,,,,,
18075658087955290,17841411124240679,woodinfashiontogo,"Woodin Fashion Togo","Il y a des chemises qui te font sentir beau, et puis… il y a cette chemise.
Celle où même ta tante au franc-parler va te dire : Ahhh mon fils, tu es chic aujourd’hui ! 🤭

📍En face de BIA TOGO au grand marché de Lomé. 

📱 70222222

#WoodinFashionTogo #WoodinFashion #ChemiseWoodin #ModeAfricaine #AfricanPrint #Lome #Togo",0,"08/18/2025 10:07",https://www.instagram.com/p/DNgRE-sskz6/,"Image IG",,Global,1377,246,9,0,0,0,1,,,,,
18131849668403135,17841411124240679,woodinfashiontogo,"Woodin Fashion Togo","Il y a des chemises qui te font sentir beau, et puis… il y a cette chemise.
Celle où même ta tante au franc-parler va te dire : Ahhh mon fils, tu es chic aujourd’hui ! 🤭

📍En face de BIA TOGO au grand marché de Lomé. 

📱 70222222

#WoodinFashionTogo #WoodinFashion #ChemiseWoodin #ModeAfricaine #AfricanPrint #Lome #Togo",0,"08/18/2025 10:07",https://www.instagram.com/p/DNgRARkM-mM/,"Image IG",,Global,1382,254,6,0,0,0,0,,,,,
18096692848623698,17841411124240679,woodinfashiontogo,"Woodin Fashion Togo","Il y a des chemises qui te font sentir beau, et puis… il y a cette chemise.
Celle où même ta tante au franc-parler va te dire : Ahhh mon fils, tu es chic aujourd’hui ! 🤭

📍En face de BIA TOGO au grand marché de Lomé. 

📱 70222222

#WoodinFashionTogo #WoodinFashion #ChemiseWoodin #ModeAfricaine #AfricanPrint #Lome #Togo",0,"08/18/2025 10:06",https://www.instagram.com/p/DNgQ8s2sgE2/,"Image IG",,Global,3608,593,37,1,0,1,0,,,,,
18094348324713478,17841411124240679,woodinfashiontogo,"Woodin Fashion Togo","Il y a des chemises qui te font sentir beau, et puis… il y a cette chemise.
Celle où même ta tante au franc-parler va te dire : Ahhh mon fils, tu es chic aujourd’hui ! 🤭

📍En face de BIA TOGO au grand marché de Lomé. 

📱 70222222

#WoodinFashionTogo #WoodinFashion #ChemiseWoodin #ModeAfricaine #AfricanPrint #Lome #Togo",0,"08/18/2025 10:05",https://www.instagram.com/p/DNgQ2jcs9wR/,"Image IG",,Global,1208,199,3,0,0,0,0,,,,,
18517666720052415,17841411124240679,woodinfashiontogo,"Woodin Fashion Togo","Il y a des chemises qui te font sentir beau, et puis… il y a cette chemise.
Celle où même ta tante au franc-parler va te dire : Ahhh mon fils, tu es chic aujourd’hui ! 🤭

📍En face de BIA TOGO au grand marché de Lomé. 

📱 70222222

#WoodinFashionTogo #WoodinFashion #ChemiseWoodin #ModeAfricaine #AfricanPrint #Lome #Togo",0,"08/18/2025 10:04",https://www.instagram.com/p/DNgQvJVshfJ/,"Image IG",,Global,3788,881,49,2,0,8,1,,,,,
18049548497256227,17841411124240679,woodinfashiontogo,"Woodin Fashion Togo","Il y a des chemises qui te font sentir beau, et puis… il y a cette chemise.
Celle où même ta tante au franc-parler va te dire : Ahhh mon fils, tu es chic aujourd’hui ! 🤭

📍En face de BIA TOGO au grand marché de Lomé. 

📱 70222222

#WoodinFashionTogo #WoodinFashion #ChemiseWoodin #ModeAfricaine #AfricanPrint #Lome #Togo",0,"08/18/2025 10:01",https://www.instagram.com/p/DNgQUKnMfBp/,"Image IG",,Global,1149,193,2,0,0,0,0,,,,,
18050792342540403,17841411124240679,woodinfashiontogo,"Woodin Fashion Togo","Il y a des chemises qui te font sentir beau, et puis… il y a cette chemise.
Celle où même ta tante au franc-parler va te dire : Ahhh mon fils, tu es chic aujourd’hui ! 🤭

📍En face de BIA TOGO au grand marché de Lomé. 

📱 70222222

#WoodinFashionTogo #WoodinFashion #ChemiseWoodin #ModeAfricaine #AfricanPrint #Lome #Togo",0,"08/18/2025 10:00",https://www.instagram.com/p/DNgQMzks2Ov/,"Image IG",,Global,1306,268,12,0,0,0,1,,,,,
18175059856342508,17841411124240679,woodinfashiontogo,"Woodin Fashion Togo","Il y a des chemises qui te font sentir beau, et puis… il y a cette chemise.
Celle où même ta tante au franc-parler va te dire : Ahhh mon fils, tu es chic aujourd’hui ! 🤭

📍En face de BIA TOGO au grand marché de Lomé. 

📱 70222222

#WoodinFashionTogo #WoodinFashion #ChemiseWoodin #ModeAfricaine #AfricanPrint #Lome #Togo",0,"08/18/2025 09:59",https://www.instagram.com/p/DNgQIlNsnRW/,"Image IG",,Global,1089,197,4,0,0,0,0,,,,,
18215822527307397,17841411124240679,woodinfashiontogo,"Woodin Fashion Togo","Il y a des chemises qui te font sentir beau, et puis… il y a cette chemise.
Celle où même ta tante au franc-parler va te dire : Ahhh mon fils, tu es chic aujourd’hui ! 🤭

📍En face de BIA TOGO au grand marché de Lomé. 

📱 70222222

#WoodinFashionTogo #WoodinFashion #ChemiseWoodin #ModeAfricaine #AfricanPrint #Lome #Togo",0,"08/18/2025 09:57",https://www.instagram.com/p/DNgP32Ss_1M/,"Image IG",,Global,3675,863,98,2,0,8,0,,,,,
18015879188773983,17841411124240679,woodinfashiontogo,"Woodin Fashion Togo","Une chemise qui donne … 🤩

Après avoir vu Loïc dans nos chemises, vous allez vouloir refaire toute votre garde-robe.

On le sait … 😏

📍En face de BIA TOGO au grand marché de Lomé. 

📱 70222222

#WoodinFashionTogo #WoodinFashion #ChemiseWoodin #ModeAfricaine #AfricanPrint #Lome #Togo",23,"08/16/2025 14:55",https://www.instagram.com/reel/DNbnyrMMscx/,"Reel IG",,Global,2127,1335,124,3,1,4,0,,,,,
18057278084600527,17841411124240679,woodinfashiontogo,"Woodin Fashion Togo","Petit secret entre nous : la chemise en lin, c’est ton meilleur allié quand il fait chaud mais que tu veux quand même rester frais. 😎

En plus avec nos motifs Woodin, tu passes de l’air et des regards admiratifs à la fois.

📍En face de BIA TOGO au grand marché de Lomé. 

📱 70222222

#WoodinFashionTogo #WoodinFashion #ChemiseWoodin #Lin #ChemiseEnLin #ModeAfricaine #AfricanPrint #Lome #Togo",31,"08/15/2025 03:34",https://www.instagram.com/reel/DNX1p8-sDI1/,"Reel IG",,Global,1016,665,31,0,0,3,3,,,,,
17945142390009210,17841411124240679,woodinfashiontogo,"Woodin Fashion Togo","On vous rappelle juste que : 12 yards = 1 chance de gagner un cadeau.
Et comme les bonnes choses ne durent pas, vous avez jusqu’au 20 août.

Venez vite, et amenez vos amis… ça double les chances. 😉

📍En face de BIA TOGO au grand marché de Lomé. 

📱 70222222

#WoodinFashionTogo #WoodinFashion #PromoVacances #Offre #ModeAfricaine #AfricanPrint #Lome #Togo",0,"08/14/2025 11:25",https://www.instagram.com/p/DNWGvrXMYdX/,"Image IG",,Global,2097,731,8,1,1,0,1,,,,,
18098643664592901,17841411124240679,woodinfashiontogo,"Woodin Fashion Togo","On est ouvert aujourd’hui jusqu’à 18H. 🙃

📍En face de BIA TOGO au grand marché de Lomé. 

📱 70222222

#WoodinFashionTogo #WoodinFashion #ChemiseWoodin #ModeAfricaine #AfricanPrint #Lome #Togo",17,"08/14/2025 04:25",https://www.instagram.com/reel/DNVWsdUs5X9/,"Reel IG",,Global,2710,1808,56,5,1,4,2,,,,,
18290465044301840,17841411124240679,woodinfashiontogo,"Woodin Fashion Togo","Y’a ceux qui participent au Challenge Woodin Holidays… et y’a ceux qui disent j’aurais dû le faire.
Vous voulez être dans quelle catégorie ? 👀

Le challenge continue jusqu’au 30 Août ! Vous pouvez encore participer !

#WoodinFashionTogo #WoodinStyleChallenge #VacancesEnWoodin",0,"08/13/2025 04:18",https://www.instagram.com/p/DNSxJQEMlN2/,"Image IG",,Global,3062,1051,75,3,0,1,1,,,,,
18081377476726350,17841411124240679,woodinfashiontogo,"Woodin Fashion Togo","Bon… petite question indiscrète 😏 : qui on va croiser en boutique cette semaine ?

Les vacances sont faites pour les looks qui font tourner les têtes. Passez vite shopper nos nouveautés. Et si vous venez, amenez aussi votre binôme. 🙃

📍BIA TOGO au grand marché de Lomé.

📱 70222222

#WoodinFashionTogo #WoodinFashion #ModeAfricaine #AfricanPrint #Lome #Togo",22,"08/12/2025 05:49",https://www.instagram.com/reel/DNQWlZ1Msaf/,"Reel IG",,Global,1147,763,37,1,0,5,2,,,,,
18017777243562347,17841411124240679,woodinfashiontogo,"Woodin Fashion Togo","On vous a préparé le combo parfait : soleil, tissus, et cadeaux à gagner 🤩

Chez Woodin, on a décidé de vous gâter. On vous sort une offre qu’on ne voit pas deux fois dans l’année : A partir de 12 yards d’achat, tentez de repartir avec un cadeau woodin..

Passez vite en boutique et surtout… faites passer le mot aux amis, cousins et voisins. 😉

📍En face de BIA TOGO au grand marché de Lomé. 

📱 90594255

#WoodinFashionTogo #WoodinFashion #Offre #PromoVacances #ModeAfricaine #AfricanPrint #Lome #Togo",0,"08/11/2025 08:53",https://www.instagram.com/p/DNOG_BZsuN9/,"Image IG",,Global,4618,11829,153,0,0,0,3,,,,,
18282660877260653,17841411124240679,woodinfashiontogo,"Woodin Fashion Togo","LA CHEMISE DU WEEK-END ! 🙃😎

Manche courte, style propre, look validé. ✅

Regarde la vidéo et dis-nous si tu valides le choix de Loïc ! Ou tu aurais pris un autre modèle ? 😉

👉🏾 DISPONIBLE EN BOUTIQUE EN MANCHES LONGUES ÉGALEMENT 

📍En face de BIA TOGO au grand marché de Lomé. 

📱 70222222

#WoodinFashionTogo #WoodinFashion #NouvelleCollection #CubismeDeWoodin #ModeAfricaine #AfricanPrint #Lome #Togo",26,"08/09/2025 13:19",https://www.instagram.com/reel/DNJbwDGsnAj/,"Reel IG",,Global,1768,1098,92,1,0,6,2,,,,,
18519401584063491,17841411124240679,woodinfashiontogo,"Woodin Fashion Togo","Fini les t-shirts basiques qu’on voit partout. Aujourd’hui, on vous propose les t-shirts Woodin prêts pour tous les plans de vacs.

Que ce soit pour un brunch, un date, un chill ou pour le marché, ce t-shirt fait l’affaire. 

Découvrez toutes les coupes ici : 👉🏽 https://bit.ly/CHAINE-WHATSAPP-WOODINFASHIONTOGO

📍En face de BIA TOGO au grand marché de Lomé. 

📱 70222222

#WoodinFashionTogo #WoodinFashion #TShirtWoodin #ModeAfricaine #WoodinMen #AfricanPrint #Lome #Togo",34,"08/08/2025 10:03",https://www.instagram.com/reel/DNGgfzoNvEZ/,"Reel IG",,Global,1736,1100,51,0,1,0,1,,,,,
17873854827401240,17841411124240679,woodinfashiontogo,"Woodin Fashion Togo","Y’a frais… et y’a frais Woodin. 😏
La chemise qui tombe bien, les motifs qui parlent doucement mais fort. Tu ne transpires pas, t’es propre, t’es stylé sans faire le bruyant.

Si tu veux être bien sans trop de tracas, viens essayer. On dit ça on dit rien hein. 🤭

📍En face de BIA TOGO au grand marché de Lomé. 

📱 70222222

#WoodinFashionTogo #WoodinFashion #NouvelleCollection #CubismeDeWoodin #ModeAfricaine #AfricanPrint #Lome #Togo",0,"08/07/2025 08:00",https://www.instagram.com/p/DNDtvc6NVPJ/,"Image IG",,Global,1454,223,6,0,0,0,0,,,,,
18096021910721753,17841411124240679,woodinfashiontogo,"Woodin Fashion Togo","Y’a frais… et y’a frais Woodin. 😏
La chemise qui tombe bien, les motifs qui parlent doucement mais fort. Tu ne transpires pas, t’es propre, t’es stylé sans faire le bruyant.

Si tu veux être bien sans trop de tracas, viens essayer. On dit ça on dit rien hein. 🤭

📍En face de BIA TOGO au grand marché de Lomé. 

📱 70222222

#WoodinFashionTogo #WoodinFashion #NouvelleCollection #CubismeDeWoodin #ModeAfricaine #AfricanPrint #Lome #Togo",0,"08/07/2025 07:59",https://www.instagram.com/p/DNDtqtDNVVN/,"Image IG",,Global,1584,354,19,0,0,0,0,,,,,
17995490327816779,17841411124240679,woodinfashiontogo,"Woodin Fashion Togo","Y’a frais… et y’a frais Woodin. 😏
La chemise qui tombe bien, les motifs qui parlent doucement mais fort. Tu ne transpires pas, t’es propre, t’es stylé sans faire le bruyant.

Si tu veux être bien sans trop de tracas, viens essayer. On dit ça on dit rien hein. 🤭

📍En face de BIA TOGO au grand marché de Lomé. 

📱 70222222

#WoodinFashionTogo #WoodinFashion #NouvelleCollection #CubismeDeWoodin #ModeAfricaine #AfricanPrint #Lome #Togo",0,"08/07/2025 07:59",https://www.instagram.com/p/DNDtn6INfXb/,"Image IG",,Global,1434,250,3,0,0,0,0,,,,,
17934730326022759,17841411124240679,woodinfashiontogo,"Woodin Fashion Togo","Y’a frais… et y’a frais Woodin. 😏
La chemise qui tombe bien, les motifs qui parlent doucement mais fort. Tu ne transpires pas, t’es propre, t’es stylé sans faire le bruyant.

Si tu veux être bien sans trop de tracas, viens essayer. On dit ça on dit rien hein. 🤭

📍En face de BIA TOGO au grand marché de Lomé. 

📱 70222222

#WoodinFashionTogo #WoodinFashion #NouvelleCollection #CubismeDeWoodin #ModeAfricaine #AfricanPrint #Lome #Togo",0,"08/07/2025 07:58",https://www.instagram.com/p/DNDtkzZtJ5C/,"Image IG",,Global,1358,243,7,0,0,0,0,,,,,
17974803644756454,17841411124240679,woodinfashiontogo,"Woodin Fashion Togo","Y’a frais… et y’a frais Woodin. 😏
La chemise qui tombe bien, les motifs qui parlent doucement mais fort. Tu ne transpires pas, t’es propre, t’es stylé sans faire le bruyant.

Si tu veux être bien sans trop de tracas, viens essayer. On dit ça on dit rien hein. 🤭

📍En face de BIA TOGO au grand marché de Lomé. 

📱 70222222

#WoodinFashionTogo #WoodinFashion #NouvelleCollection #CubismeDeWoodin #ModeAfricaine #AfricanPrint #Lome #Togo",0,"08/07/2025 07:58",https://www.instagram.com/p/DNDtiKENGN1/,"Image IG",,Global,1286,236,6,0,0,0,0,,,,,
17997606050807307,17841411124240679,woodinfashiontogo,"Woodin Fashion Togo","Y’a frais… et y’a frais Woodin. 😏
La chemise qui tombe bien, les motifs qui parlent doucement mais fort. Tu ne transpires pas, t’es propre, t’es stylé sans faire le bruyant.

Si tu veux être bien sans trop de tracas, viens essayer. On dit ça on dit rien hein. 🤭

📍En face de BIA TOGO au grand marché de Lomé. 

📱 70222222

#WoodinFashionTogo #WoodinFashion #NouvelleCollection #CubismeDeWoodin #ModeAfricaine #AfricanPrint #Lome #Togo",0,"08/07/2025 07:57",https://www.instagram.com/p/DNDtYtvNSjb/,"Image IG",,Global,1255,228,6,0,0,0,0,,,,,
18052596911403263,17841411124240679,woodinfashiontogo,"Woodin Fashion Togo","Elle arrive avant toi. Elle parle pour toi. Elle annonce ta présence.
Les chemises de la nouvelle collection de prêt-à-porter n’ont pas besoin de trop d’efforts : elles font le job solo.

Tu la mets pour quelle occasion en premier ? Réunion ? Rencard ? Sortie chill ?

📍En face de BIA TOGO au grand marché de Lomé. 

📱 70222222

#WoodinFashionTogo #WoodinFashion #NouvelleCollection #CubismeDeWoodin #ModeAfricaine #AfricanPrint #Lome #Togo",0,"08/06/2025 05:29",https://www.instagram.com/p/DNA3vNHNUtI/,"Carrousel IG",,Global,1775,456,20,1,0,0,1,,,,,
17854862577493745,17841411124240679,woodinfashiontogo,"Woodin Fashion Togo","On connaît ce moment où tu rentres en boutique juste pour regarder … et tu ressors avec 4 tissus. 😅

La nouvelle collection de tissus vient d’arriver, et franchement, ça va être dur de résister.
Des couleurs pleines de vie, des motifs frais.

Passe faire un tour, ton prochain ensemble t’attend peut-être dans un de ces tissus. 

📱70222222

#WoodinFashionTogo #WoodinFashion #NouvelleCollection #ModeAfricaine #AfricanPrint #Lome #Togo",0,"08/05/2025 10:23",https://www.instagram.com/p/DM-0l5Xtxzp/,"Carrousel IG",,Global,2184,640,38,1,0,0,0,,,,,
18075800221795640,17841411124240679,woodinfashiontogo,"Woodin Fashion Togo","On vous avait dit que la nouvelle collection allait secouer un peu, non ?
Motifs différents, coupes propres, couleurs qui osent. Ce ne sont pas juste des chemises, c’est un mood.

Tu prends laquelle pour impressionner sans trop parler ? 😏

📍En face de BIA TOGO au grand marché de Lomé. 

📱 70222222

#WoodinFashionTogo #WoodinFashion #NouvelleCollection #CubismeDeWoodin #ModeAfricaine #AfricanPrint #Lome #Togo",0,"08/05/2025 04:13",https://www.instagram.com/p/DM-KKAANMc7/,"Carrousel IG",,Global,1753,420,17,0,0,0,1,,,,,
18412127035110843,17841411124240679,woodinfashiontogo,"Woodin Fashion Togo","On espère que vous avez bien rechargé vos batteries parce que chez nous, ça démarre fort. 😎

Passez nous voir cette semaine. Mais dites-nous, c’est quoi votre outfit Woodin préféré pour bien commencer le lundi ? 

📍En face de BIA TOGO au grand marché de Lomé. 

📱 70222222

#WoodinFashionTogo #WoodinFashion #NouvelleCollection #CubismeDeWoodin #ModeAfricaine #AfricanPrint #Lome #Togo",0,"08/04/2025 10:31",https://www.instagram.com/p/DM8Qq9-t-Qq/,"Image IG",,Global,1516,287,8,0,0,0,1,,,,,
17916639177148974,17841411124240679,woodinfashiontogo,"Woodin Fashion Togo","On espère que vous avez bien rechargé vos batteries parce que chez nous, ça démarre fort. 😎

Passez nous voir cette semaine. Mais dites-nous, c’est quoi votre outfit Woodin préféré pour bien commencer le lundi ? 

📍En face de BIA TOGO au grand marché de Lomé. 

📱 70222222

#WoodinFashionTogo #WoodinFashion #NouvelleCollection #CubismeDeWoodin #ModeAfricaine #AfricanPrint #Lome #Togo",0,"08/04/2025 10:30",https://www.instagram.com/p/DM8QheutTm3/,"Image IG",,Global,3871,783,80,3,2,10,0,,,,,
18527460370034378,17841411124240679,woodinfashiontogo,"Woodin Fashion Togo","On espère que vous avez bien rechargé vos batteries parce que chez nous, ça démarre fort. 😎

Passez nous voir cette semaine. Mais dites-nous, c’est quoi votre outfit Woodin préféré pour bien commencer le lundi ? 

📍En face de BIA TOGO au grand marché de Lomé. 

📱 70222222

#WoodinFashionTogo #WoodinFashion #NouvelleCollection #CubismeDeWoodin #ModeAfricaine #AfricanPrint #Lome #Togo",0,"08/04/2025 10:25",https://www.instagram.com/p/DM8P9hSNAgy/,"Image IG",,Global,1543,312,17,0,0,0,0,,,,,
17905384425213122,17841411124240679,woodinfashiontogo,"Woodin Fashion Togo","On espère que vous avez bien rechargé vos batteries parce que chez nous, ça démarre fort. 😎

Passez nous voir cette semaine. Mais dites-nous, c’est quoi votre outfit Woodin préféré pour bien commencer le lundi ? 

📍En face de BIA TOGO au grand marché de Lomé. 

📱 70222222

#WoodinFashionTogo #WoodinFashion #NouvelleCollection #CubismeDeWoodin #ModeAfricaine #AfricanPrint #Lome #Togo",0,"08/04/2025 10:23",https://www.instagram.com/p/DM8PyHhteMp/,"Image IG",,Global,3994,917,75,5,0,6,1,,,,,
18086104228695924,17841411124240679,woodinfashiontogo,"Woodin Fashion Togo","On espère que vous avez bien rechargé vos batteries parce que chez nous, ça démarre fort. 😎

Passez nous voir cette semaine. Mais dites-nous, c’est quoi votre outfit Woodin préféré pour bien commencer le lundi ? 

📍En face de BIA TOGO au grand marché de Lomé. 

📱 70222222

#WoodinFashionTogo #WoodinFashion #NouvelleCollection #CubismeDeWoodin #ModeAfricaine #AfricanPrint #Lome #Togo",0,"08/04/2025 10:20",https://www.instagram.com/p/DM8PYVttDeY/,"Image IG",,Global,1520,300,6,1,0,0,0,,,,,
17952630809992612,17841411124240679,woodinfashiontogo,"Woodin Fashion Togo","On espère que vous avez bien rechargé vos batteries parce que chez nous, ça démarre fort. 😎

Passez nous voir cette semaine. Mais dites-nous, c’est quoi votre outfit Woodin préféré pour bien commencer le lundi ? 

📍En face de BIA TOGO au grand marché de Lomé. 

📱 70222222

#WoodinFashionTogo #WoodinFashion #NouvelleCollection #CubismeDeWoodin #ModeAfricaine #AfricanPrint #Lome #Togo",0,"08/04/2025 10:17",https://www.instagram.com/p/DM8PA30tTNr/,"Image IG",,Global,1554,344,20,1,0,0,0,,,,,
18076523735491960,17841411124240679,woodinfashiontogo,"Woodin Fashion Togo","Voici les premiers participants de notre Woodin Holidays Challenge ! Regardez ça ! Le style, la pose, les couleurs… tout est là 😍

Tu as ton coup de cœur ? Like, commente, encourage.

Et si ce n’est pas encore fait : il est temps d’envoyer ta photo.

#WoodinFashionTogo #WoodinStyleChallenge #VacancesEnWoodint",0,"08/03/2025 13:18",https://www.instagram.com/p/DM5-77vs0tH/,"Image IG",,Global,1927,473,25,0,1,1,1,,,,,
18107920186532141,17841411124240679,woodinfashiontogo,"Woodin Fashion Togo","Voici les premiers participants de notre Woodin Holidays Challenge ! Regardez ça ! Le style, la pose, les couleurs… tout est là 😍

Tu as ton coup de cœur ? Like, commente, encourage.

Et si ce n’est pas encore fait : il est temps d’envoyer ta photo.

#WoodinFashionTogo #WoodinStyleChallenge #VacancesEnWoodint",0,"08/03/2025 13:17",https://www.instagram.com/p/DM5-0bBsu9D/,"Carrousel IG",,Global,2323,669,19,0,0,1,1,,,,,
17920193853109604,17841411124240679,woodinfashiontogo,"Woodin Fashion Togo","Voici les premiers participants de notre Woodin Holidays Challenge ! Regardez ça ! Le style, la pose, les couleurs… tout est là 😍

Tu as ton coup de cœur ? Like, commente, encourage.

Et si ce n’est pas encore fait : il est temps d’envoyer ta photo.

#WoodinFashionTogo #WoodinStyleChallenge #VacancesEnWoodint",0,"08/03/2025 13:16",https://www.instagram.com/p/DM5-v-Ns0oZ/,"Carrousel IG",,Global,2639,834,70,12,1,14,1,,,,,
17881106805246348,17841411124240679,woodinfashiontogo,"Woodin Fashion Togo","Voici les premiers participants de notre Woodin Holidays Challenge ! Regardez ça ! Le style, la pose, les couleurs… tout est là 😍

Tu as ton coup de cœur ? Like, commente, encourage.

Et si ce n’est pas encore fait : il est temps d’envoyer ta photo.

#WoodinFashionTogo #WoodinStyleChallenge #VacancesEnWoodint",0,"08/03/2025 13:15",https://www.instagram.com/p/DM5-qg-MIgh/,"Carrousel IG",,Global,2755,873,46,18,0,5,0,,,,,
18060609749583865,17841411124240679,woodinfashiontogo,"Woodin Fashion Togo","Voici les premiers participants de notre Woodin Holidays Challenge ! Regardez ça ! Le style, la pose, les couleurs… tout est là 😍

Tu as ton coup de cœur ? Like, commente, encourage.

Et si ce n’est pas encore fait : il est temps d’envoyer ta photo.

#WoodinFashionTogo #WoodinStyleChallenge #VacancesEnWoodint",0,"08/03/2025 13:15",https://www.instagram.com/p/DM5-lkQsfwP/,"Image IG",,Global,2214,679,45,8,1,11,1,,,,,
