"Identifiant de la publication","ID de la Page","Nom de la page",Titre,Description,"Durée (s)","Heure de publication","Type de légende",Permalien,"Est un crosspostage","Est un partage","Type de publication",Langues,"Libellés personnalisés","Statut du contenu financé","Commentaire des données",Date,Vues,Couverture,"Réactions, commentaires et partages",Réactions,Commentaires,Partages,"Total des clics","Autres clics","Consommation ciblage d’audience correspondante (Photo Click)","Clics sur un lien","Consommation ciblage d’audience correspondante (Video Click)","Vues de Publications organiques","Vues de Publications boostées","Couverture de Publications organiques","Couverture de Publications boostées","Vues de vidéo de 3 secondes","Vues de vidéo d’une minute","Spectateurs de 3 secondes","Spectateurs d’1 minute","Vues de vidéo de 3 secondes de Publications boostées","Vues de vidéo de 3 secondes de Publications organiques","Vues de vidéo d’1 minute de Recommandations","Vues de vidéo d’1 minute de Partages","Vues de vidéo d’1 minute de Followers","Vues de vidéo d’1 minute de Publications boostées","Secondes regardé(e) depuis Recommandations","Secondes regardé(e) depuis Partages","Secondes regardé(e) depuis Followers","Secondes regardé(e) depuis Publications boostées","Secondes moyen(ne) regardé(e) depuis Recommandations","Secondes moyen(ne) regardé(e) depuis Partages","Secondes moyen(ne) regardé(e) depuis Followers","Secondes moyen(ne) regardé(e) depuis Publications boostées","Commentaires négatifs de la part des utilisateurs","Avis négatifs uniques des utilisateurs","Commentaires négatifs des utilisateur(ice)s : Masquer tout","Avis négatifs uniques des utilisateurs : Masquer tout","Secondes regardé(e)","Secondes moyen(ne) regardé(e)","Revenus estimés (USD)","CPM publicitaire (USD)","Impressions publicitaires","Pourcentage du nombre total de vues à un intervalle de 0","Pourcentage du nombre total de vues à un intervalle de 1","Pourcentage du nombre total de vues à un intervalle de 2","Pourcentage du nombre total de vues à un intervalle de 3","Pourcentage du nombre total de vues à un intervalle de 4","Pourcentage du nombre total de vues à un intervalle de 5","Pourcentage du nombre total de vues à un intervalle de 6","Pourcentage du nombre total de vues à un intervalle de 7","Pourcentage du nombre total de vues à un intervalle de 8","Pourcentage du nombre total de vues à un intervalle de 9","Pourcentage du nombre total de vues à un intervalle de 10","Pourcentage du nombre total de vues à un intervalle de 11","Pourcentage du nombre total de vues à un intervalle de 12","Pourcentage du nombre total de vues à un intervalle de 13","Pourcentage du nombre total de vues à un intervalle de 14","Pourcentage du nombre total de vues à un intervalle de 15","Pourcentage du nombre total de vues à un intervalle de 16","Pourcentage du nombre total de vues à un intervalle de 17","Pourcentage du nombre total de vues à un intervalle de 18","Pourcentage du nombre total de vues à un intervalle de 19","Pourcentage du nombre total de vues à un intervalle de 20","Pourcentage du nombre total de vues à un intervalle de 21","Pourcentage du nombre total de vues à un intervalle de 22","Pourcentage du nombre total de vues à un intervalle de 23","Pourcentage du nombre total de vues à un intervalle de 24","Pourcentage du nombre total de vues à un intervalle de 25","Pourcentage du nombre total de vues à un intervalle de 26","Pourcentage du nombre total de vues à un intervalle de 27","Pourcentage du nombre total de vues à un intervalle de 28","Pourcentage du nombre total de vues à un intervalle de 29","Pourcentage du nombre total de vues à un intervalle de 30","Pourcentage du nombre total de vues à un intervalle de 31","Pourcentage du nombre total de vues à un intervalle de 32","Pourcentage du nombre total de vues à un intervalle de 33","Pourcentage du nombre total de vues à un intervalle de 34","Pourcentage du nombre total de vues à un intervalle de 35","Pourcentage du nombre total de vues à un intervalle de 36","Pourcentage du nombre total de vues à un intervalle de 37","Pourcentage du nombre total de vues à un intervalle de 38","Pourcentage du nombre total de vues à un intervalle de 39","Pourcentage du nombre total de vues à un intervalle de 40","Pourcentage des vues de 15 secondes à un intervalle de 0","Pourcentage des vues de 15 secondes à un intervalle de 1","Pourcentage des vues de 15 secondes à un intervalle de 2","Pourcentage des vues de 15 secondes à un intervalle de 3","Pourcentage des vues de 15 secondes à un intervalle de 4","Pourcentage des vues de 15 secondes à un intervalle de 5","Pourcentage des vues de 15 secondes à un intervalle de 6","Pourcentage des vues de 15 secondes à un intervalle de 7","Pourcentage des vues de 15 secondes à un intervalle de 8","Pourcentage des vues de 15 secondes à un intervalle de 9","Pourcentage des vues de 15 secondes à un intervalle de 10","Pourcentage des vues de 15 secondes à un intervalle de 11","Pourcentage des vues de 15 secondes à un intervalle de 12","Pourcentage des vues de 15 secondes à un intervalle de 13","Pourcentage des vues de 15 secondes à un intervalle de 14","Pourcentage des vues de 15 secondes à un intervalle de 15","Pourcentage des vues de 15 secondes à un intervalle de 16","Pourcentage des vues de 15 secondes à un intervalle de 17","Pourcentage des vues de 15 secondes à un intervalle de 18","Pourcentage des vues de 15 secondes à un intervalle de 19","Pourcentage des vues de 15 secondes à un intervalle de 20","Pourcentage des vues de 15 secondes à un intervalle de 21","Pourcentage des vues de 15 secondes à un intervalle de 22","Pourcentage des vues de 15 secondes à un intervalle de 23","Pourcentage des vues de 15 secondes à un intervalle de 24","Pourcentage des vues de 15 secondes à un intervalle de 25","Pourcentage des vues de 15 secondes à un intervalle de 26","Pourcentage des vues de 15 secondes à un intervalle de 27","Pourcentage des vues de 15 secondes à un intervalle de 28","Pourcentage des vues de 15 secondes à un intervalle de 29","Pourcentage des vues de 15 secondes à un intervalle de 30","Pourcentage des vues de 15 secondes à un intervalle de 31","Pourcentage des vues de 15 secondes à un intervalle de 32","Pourcentage des vues de 15 secondes à un intervalle de 33","Pourcentage des vues de 15 secondes à un intervalle de 34","Pourcentage des vues de 15 secondes à un intervalle de 35","Pourcentage des vues de 15 secondes à un intervalle de 36","Pourcentage des vues de 15 secondes à un intervalle de 37","Pourcentage des vues de 15 secondes à un intervalle de 38","Pourcentage des vues de 15 secondes à un intervalle de 39","Pourcentage des vues de 15 secondes à un intervalle de 40","Vues de vidéos de 3 secondes par audience principale (M, 25-34)","Vues de vidéos de 3 secondes par audience principale (M, 35-44)","Vues de vidéos de 3 secondes par audience principale (F, 25-34)","Vues de vidéos de 3 secondes par audience principale (M, 18-24)","Vues de vidéos de 3 secondes par audience principale (F, 35-44)","Vues de vidéos de 3 secondes par audience principale (M, 45-54)","Vues de vidéos de 3 secondes par audience principale (M, 65+)","Vues de vidéos de 3 secondes par audience principale (F, 18-24)","Vues de vidéos de 3 secondes par audience principale (M, 55-64)","Vues de vidéos de 3 secondes par audience principale (F, 45-54)","Vues de vidéos de 3 secondes par audience principale (F, 65+)","Vues de vidéos de 3 secondes par audience principale (F, 55-64)","Vues de vidéos de 3 secondes par pays (Togo (TG))","Vues de vidéos de 3 secondes par pays (Burkina Faso (BF))","Vues de vidéos de 3 secondes par pays (Côte d'Ivoire (CI))","Vues de vidéos de 3 secondes par pays (Benin (BJ))","Vues de vidéos de 3 secondes par pays (France (FR))","Vues de vidéos de 3 secondes par pays (Mali (ML))","Vues de vidéos de 3 secondes par pays (United States (US))","Vues de vidéos de 3 secondes par pays (Senegal (SN))","Vues de vidéos de 3 secondes par pays (Democratic Republic of the Congo (CD))","Vues de vidéos de 3 secondes par pays (Canada (CA))","Vues de vidéos de 3 secondes par pays (Morocco (MA))","Vues de vidéos de 3 secondes par pays (Ghana (GH))","Vues de vidéos de 3 secondes par pays (Gabon (GA))","Vues de vidéos de 3 secondes par pays (Italy (IT))","Vues de vidéos de 3 secondes par pays (Tunisia (TN))","Vues de vidéos de 3 secondes par pays (Guinea (GN))","Vues de vidéos de 3 secondes par pays (Netherlands (NL))","Vues de vidéos de 3 secondes par pays (Spain (ES))","Vues de vidéos de 3 secondes par pays (Chad (TD))","Vues de vidéos de 3 secondes par pays (Mauritania (MR))","Vues de vidéos de 3 secondes par pays (Luxembourg (LU))","Vues de vidéos de 3 secondes par pays (Brazil (BR))","Vues de vidéos de 3 secondes par pays (Russia (RU))","Vues de vidéos de 3 secondes par pays (Niger (NE))","Vues de vidéos de 3 secondes par pays (Cameroon (CM))","Vues de vidéos de 3 secondes par pays (Republic of the Congo (CG))","Vues de vidéos de 3 secondes par pays (Germany (DE))","Vues de vidéos de 3 secondes par pays (Switzerland (CH))","Vues de vidéos de 3 secondes par pays (Botswana (BW))","Vues de vidéos de 3 secondes par pays (Belgium (BE))","Vues de vidéos de 3 secondes par pays (Djibouti (DJ))","Vues de vidéos de 3 secondes par pays (China (CN))","Vues de vidéos de 3 secondes par pays (Oman (OM))","Vues de vidéos de 3 secondes par pays (Central African Republic (CF))","Vues de vidéos de 3 secondes par pays (New Caledonia (NC))","Vues de vidéos de 3 secondes par pays (Algeria (DZ))","Vues de vidéos de 3 secondes par pays (India (IN))","Vues de vidéos de 3 secondes par pays (Lebanon (LB))","Vues de vidéos de 3 secondes par pays (Haiti (HT))","Vues de vidéos de 3 secondes par pays (Nigeria (NG))","Vues de vidéos de 3 secondes par pays (Angola (AO))","Vues de vidéos de 3 secondes par pays (Kenya (KE))","Vues de vidéos de 3 secondes par pays (United Kingdom (GB))","Vues de vidéos de 3 secondes par pays (Madagascar (MG))","Vues de vidéos de 3 secondes par pays (Comoros (KM))","Vues de vidéos de 3 secondes par pays (Equatorial Guinea (GQ))","Vues de vidéos de 3 secondes par pays (Sudan (SD))","Vues de vidéos de 3 secondes par pays (United Arab Emirates (AE))","Vues de vidéos de 3 secondes par pays (The Gambia (GM))","Vues de vidéos de 3 secondes par pays (Rwanda (RW))","Vues de vidéos de 3 secondes par pays (Burundi (BI))","Vues de vidéos de 3 secondes par pays (South Africa (ZA))","Vues de vidéos de 3 secondes par pays (Mayotte (YT))","Vues de vidéos de 3 secondes par pays (Portugal (PT))","Vues de vidéos de 3 secondes par pays (Guinea-Bissau (GW))","Vues de vidéos de 3 secondes par pays (Egypt (EG))","Vues de vidéos de 3 secondes par pays (Réunion (RE))","Vues de vidéos de 3 secondes par pays (Guatemala (GT))","Vues de vidéos de 3 secondes par pays (Mauritius (MU))","Vues de vidéos de 3 secondes par pays (Tanzania (TZ))","Vues de vidéos de 3 secondes par pays (Philippines (PH))","Vues de vidéos de 3 secondes par pays (Sierra Leone (SL))","Vues de vidéos de 3 secondes par pays (Lithuania (LT))","Vues de vidéos de 3 secondes par pays (Kuwait (KW))","Vues de vidéos de 3 secondes par pays (Sweden (SE))","Vues de vidéos de 3 secondes par pays (Thailand (TH))","Vues de vidéos de 3 secondes par pays (Belarus (BY))","Vues de vidéos de 3 secondes par pays (Saudi Arabia (SA))","Vues de vidéos de 3 secondes par pays (Liberia (LR))","Vues de vidéos de 3 secondes par pays (South Sudan (SS))","Vues de vidéos de 3 secondes par pays (Ethiopia (ET))","Vues de vidéos de 3 secondes par pays (Zambia (ZM))","Vues de vidéos de 3 secondes par pays (Guadeloupe (GP))","Vues de vidéos de 3 secondes par pays (Cape Verde (CV))","Vues de vidéos de 3 secondes par pays (French Guiana (GF))","Vues de vidéos de 3 secondes par pays (Seychelles (SC))","Vues de vidéos de 3 secondes par pays (Turkey (TR))","Vues de vidéos de 3 secondes par pays (Martinique (MQ))","Vues de vidéos de 3 secondes par pays (Cambodia (KH))","Vues de vidéos de 3 secondes par pays (Israel (IL))","Vues de vidéos de 3 secondes par pays (Hong Kong (HK))","Vues de vidéos de 3 secondes par pays (Qatar (QA))","Vues de vidéos de 3 secondes par pays (Vietnam (VN))","Vues de vidéos de 3 secondes par pays (Greece (GR))","Vues de vidéos de 3 secondes par pays (South Korea (KR))","Vues de vidéos de 3 secondes par pays (Mozambique (MZ))","Vues de vidéos de 3 secondes par pays (Finland (FI))","Vues de vidéos de 3 secondes par pays (Poland (PL))","Vues de vidéos de 3 secondes par pays (Serbia (RS))","Vues de vidéos de 3 secondes par pays (Peru (PE))","Vues de vidéos de 3 secondes par pays (Mexico (MX))","Vues de vidéos de 3 secondes par pays (Australia (AU))","Vues de vidéos de 3 secondes par pays (Indonesia (ID))","Vues de vidéos de 3 secondes par pays (French Polynesia (PF))","Vues de vidéos de 3 secondes par pays (Bangladesh (BD))","Vues de vidéos de 3 secondes par pays (Uganda (UG))","Vues de vidéos de 3 secondes par pays (Venezuela (VE))","Vues de vidéos de 3 secondes par pays (Libya (LY))","Vues de vidéos de 3 secondes par pays (Pakistan (PK))","Vues de vidéos de 3 secondes par pays (Myanmar (MM))","Vues de vidéos de 3 secondes par pays (Iran (IR))","Vues de vidéos de 3 secondes par pays (Zimbabwe (ZW))","Commentaires négatifs des utilisateur(ice)s : Masquer","Avis négatifs uniques des utilisateurs : Masquer"
1169221431894928,100064212452334,"Dagan Magazine",,,0,"08/05/2025 00:09",N/A,https://www.facebook.com/daganmagazine/posts/pfbid02xEdSEE4vKrYyvssgVKeKNwcxWhSj22iqyrufTswX7FBgJdmtsT9DC1N4wLhMsgwvl,0,0,Photos,,,,,Global,220,157,8,8,0,0,1,,1,,,220,0,157,0,0,0,0,0,0,0,0,0,0,0,0,0,0,0,0,0,0,0,0,0,,,,,,,,,,,,,,,,,,,,,,,,,,,,,,,,,,,,,,,,,,,,,,,,,,,,,,,,,,,,,,,,,,,,,,,,,,,,,,,,,,,,,,,,,,,,,,,,,,,,,,,,,,,,,,,,,,,,,,,,,,,,,,,,,,,,,,,,,,,,,,,,,,,,,,,,,,,,,,,,,,,,,,,,,,,,,,,,,,,,,,,,,,,,,,,,,,,,,,,,,,,,,
1168506791966392,100064212452334,"Dagan Magazine","✨ Commence ta semaine avec sagesse et authenticité.
Les écrans ne doivent pas définir qui tu es. Reste fidèle à toi-même, car ta vraie valeur ne se mesure pas en likes.  

Bonne semaine à tous avec Dagan Magazine !  
#BonneSemaine #Authenticité #DaganMagazine #AblotoBB LOMÉSOS DOCTEUR TVNSIA Vie Assurances TogoClair Optic TogoKrystal OptiqueDr KODOM Serge MichelSuper sageMisstogoKrystel Dicoh",,0,"08/04/2025 03:53",N/A,https://www.facebook.com/daganmagazine/posts/pfbid0KDn4XQPTsR3zNPCKH6HiTwWZ9sjeNFbvBJBt2QCfd1Nga7ocyFiFRp5BAwj8yS3zl,0,0,Photos,,,,,Global,117,80,3,3,0,0,1,,1,,,117,0,80,0,0,0,0,0,0,0,0,0,0,0,0,0,0,0,0,0,0,0,0,0,,,,,,,,,,,,,,,,,,,,,,,,,,,,,,,,,,,,,,,,,,,,,,,,,,,,,,,,,,,,,,,,,,,,,,,,,,,,,,,,,,,,,,,,,,,,,,,,,,,,,,,,,,,,,,,,,,,,,,,,,,,,,,,,,,,,,,,,,,,,,,,,,,,,,,,,,,,,,,,,,,,,,,,,,,,,,,,,,,,,,,,,,,,,,,,,,,,,,,,,,,,,,
1469456738538061,100064212452334,"Dagan Magazine","Tu vois ce petit carré ? Il change tout.

Pas besoin de retenir un lien ou de le chercher. Que ce soit dans la rue, sur une affiche, sur un flyer ou sur ton téléphone, dès que tu vois le QR code Dagan, tu sais quoi faire.

Tu scanne, et tu accèdes instantanément au magazine. C’est aussi simple que ça.

On a pensé à celles qui n’ont pas le temps de chercher, mais qui ont toujours envie de bien lire. Le QR code Dagan, c’est votre raccourci . 

🔗 Et si tu es sur téléphone maintenant : clique directement ici : https://rnfwogki.mychariow.store/

#DaganMagazine #QRCode #NumériqueEtPapier #LaFemmeTogolaise",,0,"07/30/2026 07:36",N/A,https://www.facebook.com/daganmagazine/posts/pfbid06ELWZCUK3hrhWC3LN7PHLB6uHTbnLcvgjBWpqqQTUtYP5USTikMmxj32QaPSZMDvl,0,0,Photos,,,,,Global,273,157,10,9,0,1,11,7,4,,,273,0,157,0,0,0,0,0,0,0,0,0,0,0,0,0,0,0,0,0,0,0,0,0,,,,,,,,,,,,,,,,,,,,,,,,,,,,,,,,,,,,,,,,,,,,,,,,,,,,,,,,,,,,,,,,,,,,,,,,,,,,,,,,,,,,,,,,,,,,,,,,,,,,,,,,,,,,,,,,,,,,,,,,,,,,,,,,,,,,,,,,,,,,,,,,,,,,,,,,,,,,,,,,,,,,,,,,,,,,,,,,,,,,,,,,,,,,,,,,,,,,,,,,,,,,,
1468326941984374,100064212452334,"Dagan Magazine","Tu es dans ton lit ? Dans les transports ? À la pause déjeuner ? Un seul clic et tu as accès à ton magazine !

Des portraits inspirants, des débats qui font réfléchir, des conseils qui changent le quotidien, tout ça t’attend.

👉🏾 Clique sur le lien en bio et accède immédiatement à ton magazine.
🔗 C’est par ici : https://rnfwogki.mychariow.store/

#DaganMagazine #MagazineNumerique #LaFemmeTogolaise",,0,"07/29/2026 02:56",N/A,https://www.facebook.com/daganmagazine/posts/pfbid02843weA9zH9CHBJ8yRcwQQEqP3Ab4baXSLz9Uzvyo4PmxBjJx2UbAqHquvMjzmrZml,0,0,Photos,,,,,Global,366,218,14,12,0,2,9,4,5,,,366,0,218,0,0,0,0,0,0,0,0,0,0,0,0,0,0,0,0,0,0,0,0,0,,,,,,,,,,,,,,,,,,,,,,,,,,,,,,,,,,,,,,,,,,,,,,,,,,,,,,,,,,,,,,,,,,,,,,,,,,,,,,,,,,,,,,,,,,,,,,,,,,,,,,,,,,,,,,,,,,,,,,,,,,,,,,,,,,,,,,,,,,,,,,,,,,,,,,,,,,,,,,,,,,,,,,,,,,,,,,,,,,,,,,,,,,,,,,,,,,,,,,,,,,,,,
1462984095851992,100064212452334,"Dagan Magazine","On a mis du cœur dans chaque page. Et ce numéro, on le sent, il va vous toucher.

En couverture : Elisabeth Ahoéfah Adamah née Afanou, enseignante, formatrice, ancienne internationale de basketball et de handball.
Une femme qui a passé plus de 40 ans à transmettre, à former, à élever les autres. Et en la lisant, vous allez comprendre pourquoi. 💪🏾

👉🏾 Accède dès maintenant à la version numérique : c’est par ici : https://rnfwogki.mychariow.store/
📍 Version papier bientôt disponible dans nos points de vente.

#DaganMagazine #LaFemmeTogolaise #Togo",,0,"07/23/2026 04:26",N/A,https://www.facebook.com/daganmagazine/posts/pfbid0x5ZnMrxtYVDZ1Meom1zHgEiTwkHEsGnY5129rFxkJdzcWrYUoqNQ2Pxizx58dAD1l,0,0,Photos,,,,,Global,506,284,13,13,0,0,8,4,4,,,506,0,284,0,0,0,0,0,0,0,0,0,0,0,0,0,0,0,0,0,0,0,0,0,,,,,,,,,,,,,,,,,,,,,,,,,,,,,,,,,,,,,,,,,,,,,,,,,,,,,,,,,,,,,,,,,,,,,,,,,,,,,,,,,,,,,,,,,,,,,,,,,,,,,,,,,,,,,,,,,,,,,,,,,,,,,,,,,,,,,,,,,,,,,,,,,,,,,,,,,,,,,,,,,,,,,,,,,,,,,,,,,,,,,,,,,,,,,,,,,,,,,,,,,,,,,
1462163472600721,100064212452334,"Dagan Magazine","5 choses qu’on ne dit jamais aux femmes ambitieuses

On les félicite. On les admire. On les observe de loin. Mais on ne leur dit pas tout. Voici ce que personne ne dit vraiment aux femmes qui visent haut.

👈🏾 Swipe 👉🏾

Laquelle de ces vérités tu aurais eu besoin d’entendre plus tôt ? Dis-le nous en commentaire. 

#DaganMagazine #FemmesAmbitieuses #SuccesFeminin #Empowerment",,0,"07/22/2026 04:29",N/A,https://www.facebook.com/daganmagazine/posts/pfbid0zV8r9dsmAGtwqdKdMSkEnSWrprQKNQkePEa6aaTSw6TRoUFADebdzS6N3MF8p4W8l,0,0,Photos,,,,,Global,284,152,8,7,0,1,18,5,13,,,284,0,152,0,0,0,0,0,0,0,0,0,0,0,0,0,0,0,0,0,0,0,0,0,,,,,,,,,,,,,,,,,,,,,,,,,,,,,,,,,,,,,,,,,,,,,,,,,,,,,,,,,,,,,,,,,,,,,,,,,,,,,,,,,,,,,,,,,,,,,,,,,,,,,,,,,,,,,,,,,,,,,,,,,,,,,,,,,,,,,,,,,,,,,,,,,,,,,,,,,,,,,,,,,,,,,,,,,,,,,,,,,,,,,,,,,,,,,,,,,,,,,,,,,,,,,
1457978983019170,100064212452334,"Dagan Magazine","On te regarde de loin et on te dit : « Elle a déjà une maison, elle est déjà mariée et a déjà lancé son business ». Et toi tu te demandes, pourquoi pas moi encore ?

Mais personne ne t’a dit que la vie n’a pas de calendrier officiel. Pas de date limite et de bon ordre à suivre. Ce que tu construis doucement, en silence, avec tes propres forces, 
c’est solide. C’est réel et à toi.

Avancer lentement, ce n’est pas reculer. Évoluer différemment, ce n’est pas échouer. Ton rythme est valide. Ton chemin également. 

C’est un message dont tu avais besoin aujourd’hui ? Partage-le à une femme qui en a besoin elle aussi. 🤍

#DaganMagazine #Motivation #FemmesAfricaines",,0,"07/17/2026 03:54",N/A,https://www.facebook.com/daganmagazine/posts/pfbid027qpWmTdEJTHgboVQvCC8jxMizSZQMq88PbzdyEULYFmouZ3bXuMpQaRZfX9r1p7rl,0,0,Photos,,,,,Global,232,119,7,6,0,1,5,2,3,,,232,0,119,0,0,0,0,0,0,0,0,0,0,0,0,0,0,0,0,0,0,0,0,0,,,,,,,,,,,,,,,,,,,,,,,,,,,,,,,,,,,,,,,,,,,,,,,,,,,,,,,,,,,,,,,,,,,,,,,,,,,,,,,,,,,,,,,,,,,,,,,,,,,,,,,,,,,,,,,,,,,,,,,,,,,,,,,,,,,,,,,,,,,,,,,,,,,,,,,,,,,,,,,,,,,,,,,,,,,,,,,,,,,,,,,,,,,,,,,,,,,,,,,,,,,,,
1457099956440406,100064212452334,"Dagan Magazine","Il est là ! 🥳

Le Dagan Magazine N°041 est disponible, et ce numéro, on l’a fait avec le cœur. 🤍

En couverture, Elisabeth Ahoéfah Adamah née Afanou, une femme, une histoire, une force. Et en la lisant, vous allez comprendre pourquoi. 💪🏾

Dans ce numéro, on parle de vous, de nous, de ce qu’on vit vraiment, de l’amour qui change après l’arrivée d’un bébé, de cette peur silencieuse de prendre des décisions seule. 

Et bien sûr,  le FESMA 2026, Miss Togo 2027, la Lomé Fashion Night… 

Ce numéro est fait pour toi, celle qui doute, celle qui avance, celle qui veut comprendre le monde qui l’entoure.

👉🏾 Accède à la version numérique maintenant en cliquant sur ce lien 🔗 https://rnfwogki.mychariow.store/

📍 Version papier bientôt disponible dans nos points de vente.

Partage ce post à une femme qui mérite de se lire. 🖤

#DaganMagazine #Numero041 #LaFemmeTogolaise #Togo",,0,"07/16/2026 02:39",N/A,https://www.facebook.com/daganmagazine/posts/pfbid0cHL9Z1gTfVPyJD3pwTuqCaNo3fBLG7YqaMqXQffUW5ZRkfLpLSEAjVdDGCbL2TJAl,0,0,Photos,,,,,Global,661,377,18,14,1,3,24,10,12,2,,661,0,377,0,0,0,0,0,0,0,0,0,0,0,0,0,0,0,0,0,0,0,0,0,,,,,,,,,,,,,,,,,,,,,,,,,,,,,,,,,,,,,,,,,,,,,,,,,,,,,,,,,,,,,,,,,,,,,,,,,,,,,,,,,,,,,,,,,,,,,,,,,,,,,,,,,,,,,,,,,,,,,,,,,,,,,,,,,,,,,,,,,,,,,,,,,,,,,,,,,,,,,,,,,,,,,,,,,,,,,,,,,,,,,,,,,,,,,,,,,,,,,,,,,,,,,
1456347613182307,100064212452334,"Dagan Magazine","On te regarde de loin et on te dit : « Elle a déjà une maison, elle est déjà mariée et a déjà lancé son business ». Et toi tu te demandes, pourquoi pas moi encore ?

Mais personne ne t’a dit que la vie n’a pas de calendrier officiel. Pas de date limite et de bon ordre à suivre. Ce que tu construis doucement, en silence, avec tes propres forces, 
c’est solide. C’est réel et à toi.

Avancer lentement, ce n’est pas reculer. Évoluer différemment, ce n’est pas échouer. Ton rythme est valide. Ton chemin également. 

C’est un message dont tu avais besoin aujourd’hui ? Partage-le à une femme qui en a besoin elle aussi. 🤍

#DaganMagazine #Motivation #FemmesAfricaines",,0,"07/15/2026 05:49",N/A,https://www.facebook.com/daganmagazine/posts/pfbid0hPWSHQt9Zi1jaLJVXGRBGM5yY3nxei2YsUy3dQPa3xAsrAW5AHhaQDjKWHeyCnSNl,0,0,Photos,,,,,Global,285,154,7,7,0,0,7,2,5,,,285,0,154,0,0,0,0,0,0,0,0,0,0,0,0,0,0,0,0,0,0,0,0,0,,,,,,,,,,,,,,,,,,,,,,,,,,,,,,,,,,,,,,,,,,,,,,,,,,,,,,,,,,,,,,,,,,,,,,,,,,,,,,,,,,,,,,,,,,,,,,,,,,,,,,,,,,,,,,,,,,,,,,,,,,,,,,,,,,,,,,,,,,,,,,,,,,,,,,,,,,,,,,,,,,,,,,,,,,,,,,,,,,,,,,,,,,,,,,,,,,,,,,,,,,,,,
1453905500093185,100064212452334,"Dagan Magazine","Chaque dimanche matin, la question revient : « Qu’est-ce que je mets ? »

Et derrière ce choix simple, il y a tout un débat. Être belle, se sentir à l’aise, respecter le lieu sans faire parler.

Les textes ne donnent pas de règle précise sur la coupe ou la couleur. Ils parlent de modestie, de sobriété, de respect de l’intérieur autant que de l’extérieur.

Et toi, tu t’habilles comment pour aller à l’église ? Tu ressens cette pression parfois ?

——————————————————————————————

📖 On en parle en profondeur dans le Dagan Magazine N°040 — lien en bio ou en version papier dans vos points de vente. 

#DaganMagazine #TenuesDEglise #ModestFashion #StyleEtFoi",,0,"07/12/2026 07:33",N/A,https://www.facebook.com/daganmagazine/posts/pfbid023iKeH1VUPKTwTtmMzvRjyvBPtyxttW7z3sGvKA2TJRYYLuUHBJawu9oZCL58jGXLl,0,0,Photos,,,,,Global,3433,2044,54,27,2,25,278,120,158,,,3433,0,2044,0,0,0,0,0,0,0,0,0,0,0,0,0,0,0,0,0,0,0,0,0,,,,,,,,,,,,,,,,,,,,,,,,,,,,,,,,,,,,,,,,,,,,,,,,,,,,,,,,,,,,,,,,,,,,,,,,,,,,,,,,,,,,,,,,,,,,,,,,,,,,,,,,,,,,,,,,,,,,,,,,,,,,,,,,,,,,,,,,,,,,,,,,,,,,,,,,,,,,,,,,,,,,,,,,,,,,,,,,,,,,,,,,,,,,,,,,,,,,,,,,,,,,,
1453137116836690,100064212452334,"Dagan Magazine","« Je reste pour les enfants. »

Cette phrase, des milliers de femmes se la murmurent chaque soir. Parce que la société leur a appris que partir, c’est échouer.
Que les enfants ont besoin de voir leurs deux parents sous le même toit, peu importe l’atmosphère qui règne dedans. Mais les enfants sentent.

Alors la question se pose vraiment :
Rester pour les enfants, est-ce les protéger ? Ou leur transmettre sans le vouloir une vision blessée de l’amour et du couple ?

Qu’est-ce que vous en pensez ?

—————————————————

📖 On a creusé ce sujet en profondeur dans le Dagan Magazine N°040, les raisons profondes qui poussent la majorité des femmes à rester, les impacts sur les enfants, et les questions que personne n’ose poser.

👉🏾 Version numérique disponible — lien en bio
📍 Version papier dans nos points de vente

#DaganMagazine #JeRestePourLesEnfants #CoupleEtFamille #DebatDagan",,0,"07/11/2026 08:28",N/A,https://www.facebook.com/daganmagazine/posts/pfbid02zM45nemNsPAs8oM9f8wgHcWGZzSrMrJKsRRBPdcjgQdzydotcDoDmmSb32nYDxZjl,0,0,Photos,,,,,Global,2624,1688,40,23,2,15,52,36,16,,,2624,0,1688,0,0,0,0,0,0,0,0,0,0,0,0,0,0,0,0,0,0,0,0,0,,,,,,,,,,,,,,,,,,,,,,,,,,,,,,,,,,,,,,,,,,,,,,,,,,,,,,,,,,,,,,,,,,,,,,,,,,,,,,,,,,,,,,,,,,,,,,,,,,,,,,,,,,,,,,,,,,,,,,,,,,,,,,,,,,,,,,,,,,,,,,,,,,,,,,,,,,,,,,,,,,,,,,,,,,,,,,,,,,,,,,,,,,,,,,,,,,,,,,,,,,,,,
1452121080271627,100064212452334,"Dagan Magazine","Dédé Evelyne Doe-Bruce Trenou : l’héritière qui a choisi de continuer l’histoire

Certaines femmes naissent dans des familles où le commerce n’est pas un métier. C’est une façon d’être au monde.

Dédé Evelyne Doe-Bruce Trenou est l’une d’elles. Fille unique de Lauria Onissah Doe-Bruce, l’une des grandes figures des Nana Benz de Lomé, ces femmes commerçantes qui ont fait de la capitale togolaise une place incontournable du commerce du tissu en Afrique de l’Ouest, elle a grandi entourée de pagnes, de négociations, de voyages et d’une exigence de haut niveau.

À 12 ans, elle quitte Lomé pour la France. Seule. En bateau. Elle revient des années plus tard avec un diplôme de l’ESLSCA Business School de Paris en poche et une vision nouvelle du commerce.

Mais ce qui frappe le plus chez elle, ce n’est pas le parcours brillant.
C’est la constance. La fidélité. La façon dont elle a choisi, en pleine conscience, de continuer ce que sa mère avait bâti.

« Dans le commerce, la confiance reste essentielle. » Une phrase simple qui dit tout.

Son portrait complet est dans notre dernier numéro — Dagan Magazine N°040.

👉🏾 Disponible en version numérique — lien en bio
📍 Et en version papier dans tous nos points de vente

Ne le manquez pas !

#DaganMagazine #PortraitDeFemme #NanaBenz #FemmesInspirantes",,0,"07/10/2026 02:55",N/A,https://www.facebook.com/daganmagazine/posts/pfbid0YtrvTBGogsUeNDVA2nC13fXAeyA23nGR5KA2SBQCqDWhTXivNJ6cFiqJKgCw7vMNl,0,0,Photos,,,,,Global,117990,70098,783,704,36,43,4220,2683,1537,,,117990,0,70098,0,0,0,0,0,0,0,0,0,0,0,0,0,0,0,0,0,0,0,0,0,,,,,,,,,,,,,,,,,,,,,,,,,,,,,,,,,,,,,,,,,,,,,,,,,,,,,,,,,,,,,,,,,,,,,,,,,,,,,,,,,,,,,,,,,,,,,,,,,,,,,,,,,,,,,,,,,,,,,,,,,,,,,,,,,,,,,,,,,,,,,,,,,,,,,,,,,,,,,,,,,,,,,,,,,,,,,,,,,,,,,,,,,,,,,,,,,,,,,,,,,,,,,
1450665367083865,100064212452334,"Dagan Magazine","Tu en as marre des points noirs ? La solution est peut-être déjà dans ta cuisine. 🙃 Voici 3 masques naturels simples, efficaces, et faits pour nos peaux. 

Petit conseil Dagan : Termine toujours par une bonne hydratation. Une peau nette mais déshydratée produit encore plus de sébum et les points noirs reviennent. 🙅🏾‍♀️

As-tu déjà testé l’une des astuces ? 

Sauvegarde ce post pour ne pas l’oublier au besoin. 

#DaganMagazine #PointsNoirs #Skincare",,0,"07/08/2026 07:37",N/A,https://www.facebook.com/daganmagazine/posts/pfbid0DZvrnEK8k11uNVDdkXAN9PMb6AxXEfAZw8dPgntjrWAAvMkxx2X2XnCkctgm4Uojl,0,0,Photos,,,,,Global,406,243,18,7,0,11,3,1,2,,,406,0,243,0,0,0,0,0,0,0,0,0,0,0,0,0,0,0,0,0,0,0,0,0,,,,,,,,,,,,,,,,,,,,,,,,,,,,,,,,,,,,,,,,,,,,,,,,,,,,,,,,,,,,,,,,,,,,,,,,,,,,,,,,,,,,,,,,,,,,,,,,,,,,,,,,,,,,,,,,,,,,,,,,,,,,,,,,,,,,,,,,,,,,,,,,,,,,,,,,,,,,,,,,,,,,,,,,,,,,,,,,,,,,,,,,,,,,,,,,,,,,,,,,,,,,,
1437337335083335,100064212452334,"Dagan Magazine","Ce week-end, l’équipe Dagan Magazine était présente au Salon de la Beauté et du Bien-Être, à l’Hôtel Sarakawa. 

Et on a profité de l’occasion pour échanger avec vous, vous présenter qui on est, ce qu’on défend, et pourquoi Dagan, c’est bien plus qu’un magazine. 

Merci à toutes les belles rencontres faites sur notre stand. Merci aux organisateurs pour ce bel événement. Et à celles qui ne nous connaissaient pas encore… bienvenue dans la famille Dagan. 😊

👉🏾 Disponible en version numérique et en version papier dans nos points de vente habituels

#DaganMagazine #SalonBeauteBienÊtre #FemmesTogolaises","Ce week-end, l’équipe Dagan Magazine était présente au Salon de la Beauté et du Bien-Être, à l’Hôtel Sarakawa. 

Et on a profité de l’occasion pour échanger avec vous, vous présenter qui on est, ce qu’on défend, et pourquoi Dagan, c’est bien plus qu’un magazine. 

Merci à toutes les belles rencontres faites sur notre stand. Merci aux organisateurs pour ce bel événement. Et à celles qui ne nous connaissaient pas encore… bienvenue dans la famille Dagan. 😊

👉🏾 Disponible en version numérique et en version papier dans nos points de vente habituels

#DaganMagazine #SalonBeauteBienÊtre #FemmesTogolaises",75,"06/23/2026 06:11",N/A,https://www.facebook.com/reel/2404776796711398/,0,0,Vidéos,,,,,Global,314,285,9,7,0,2,2,2,,,,314,0,285,0,124,9,120,9,0,124,0,0,0,0,780.808,23.981,1372.771,0,4.593,2.399,12.83,0,0,0,,,2177.56,7.587,0,0,0,1,1,0.9,0.59,0.39,0.33,0.28,0.26,0.23,0.21,0.21,0.17,0.17,0.16,0.16,0.15,0.14,0.13,0.13,0.13,0.11,0.11,0.1,0.1,0.1,0.1,0.09,0.09,0.09,0.08,0.08,0.07,0.07,0.07,0.07,0.07,0.06,0.06,0.06,0.06,0.06,1,1,1,1,1,1,1,1,1,0.93,0.93,0.75,0.75,0.71,0.71,0.64,0.61,0.57,0.57,0.57,0.5,0.5,0.43,0.43,0.43,0.43,0.39,0.39,0.39,0.36,0.36,0.32,0.32,0.32,0.32,0.32,0.29,0.29,0.29,0.29,0.29,17,22,13,3,19,8,6,7,6,5,6,9,62,1,13,4,23,1,3,1,2,2,1,1,,2,,1,,,,,,,,,,2,1,,,,,,,,2,,,,1,,,,,,,,,1,,,,,,,,,,,,,,,,,,,,,,,,,,,,,,,,,,,,,,,,,,,,,,,,,,,,,,,,
1435030678647334,100064212452334,"Dagan Magazine","The Polygamist débarque sur Netflix et ça fait parler. Une série qui plonge dans la vie de femmes qui partagent un homme ainsi que les rapports de pouvoir dans le couple. 

On veut vos avis chauds, francs, sans filtre. Vous avez regardé ? Qu’est-ce que ça vous a fait comme femme ? Dites-nous tout en commentaire.

Crédit photos & vidéo : Netflix South Africa 

#DaganMagazine #ThePolygamist #DebatDagan #SerieNetflix",,60,"06/20/2026 14:34",N/A,https://www.facebook.com/daganmagazine/posts/pfbid09bAhUkvFG5ECiiyAF5Yuwy6XYmaLeWqLZGJjrABXc4qCB1HRTWvGhohKnuTsdRpGl,1,0,Photos,,,,,Global,230,176,7,5,0,2,6,4,2,,,230,0,176,0,0,2,63,2,0,0,0,0,0,0,282.54,0,845.465,0,6.012,0,10.981,0,0,0,,,,,,,,,,,,,,,,,,,,,,,,,,,,,,,,,,,,,,,,,,,,,,,,,1,1,1,1,1,1,1,1,1,1,1,1,0.81,0.71,0.67,0.67,0.62,0.62,0.52,0.48,0.48,0.43,0.43,0.43,0.43,0.33,0.29,0.29,0.29,0.29,0.29,0.19,0.19,0.19,0.19,0.14,0.14,0.14,0.14,0.1,0.1,,,,,,,,,,,,,,,,,,,,,,,,,,,,,,,,,,,,,,,,,,,,,,,,,,,,,,,,,,,,,,,,,,,,,,,,,,,,,,,,,,,,,,,,,,,,,,,,,,,,,,,,,,,,,,,,,,,,
1432907765526292,100064212452334,"Dagan Magazine","The Polygamist débarque sur Netflix et ça fait parler. Une série qui plonge dans la vie de femmes qui partagent un homme ainsi que les rapports de pouvoir dans le couple. 

On veut vos avis chauds, francs, sans filtre. Vous avez regardé ? Qu’est-ce que ça vous a fait comme femme ? Dites-nous tout en commentaire.

Crédit photos & vidéo : @netflixsa

#DaganMagazine #ThePolygamist #DebatDagan #SerieNetflix",,0,"06/18/2026 03:50",N/A,https://www.facebook.com/daganmagazine/posts/pfbid0LSKyFZaySHmnYXfea1pMupMKj2qm8dXLEMLy776pgAHiTQJtDceqhUkiAKsNCfqNl,0,0,Photos,,,,,Global,1211,731,32,11,0,21,13,9,4,,,1211,0,731,0,0,0,0,0,0,0,0,0,0,0,0,0,0,0,0,0,0,0,0,0,,,,,,,,,,,,,,,,,,,,,,,,,,,,,,,,,,,,,,,,,,,,,,,,,,,,,,,,,,,,,,,,,,,,,,,,,,,,,,,,,,,,,,,,,,,,,,,,,,,,,,,,,,,,,,,,,,,,,,,,,,,,,,,,,,,,,,,,,,,,,,,,,,,,,,,,,,,,,,,,,,,,,,,,,,,,,,,,,,,,,,,,,,,,,,,,,,,,,,,,,,,,,
1428494725967596,100064212452334,"Dagan Magazine","Une magazine qui nous ressemble vraiment et qui nous aide à comprendre qui on est déjà.

C’est pour ça que Dagan Magazine existe. Celui où on parle d’amour, de carrière sans injonction de « girl boss » épuisante, de beauté sans effacer ce qu’on est, de vie, vraie, imparfaite, belle, sans filtre. Ici, on parle à la femme africaine moderne. Celle qui jongle, qui doute, qui se relève.

Notre vision est d’être le média de référence pour toutes les femmes qui veulent se lire, se reconnaître, et grandir ensemble.

Bienvenue chez toi. Abonne-toi, partage, et rejoins les femmes qui lisent Dagan. ☺️

Le dernier numéro est disponible en version numérique et en version papier dans nos points de vente. 

#DaganMagazine #MagazineFeminin #FemmesAfricaines",,0,"06/13/2026 04:25",N/A,https://www.facebook.com/daganmagazine/posts/pfbid024wkCdZ65YBAWpEiQizqsHBQpMFS2Dc38Ym1uA8F4Pir3LsfGqy8bPdpHpu3H5QFAl,0,0,Photos,,,,,Global,600,360,33,11,0,22,8,5,3,,,600,0,360,0,0,0,0,0,0,0,0,0,0,0,0,0,0,0,0,0,0,0,0,0,,,,,,,,,,,,,,,,,,,,,,,,,,,,,,,,,,,,,,,,,,,,,,,,,,,,,,,,,,,,,,,,,,,,,,,,,,,,,,,,,,,,,,,,,,,,,,,,,,,,,,,,,,,,,,,,,,,,,,,,,,,,,,,,,,,,,,,,,,,,,,,,,,,,,,,,,,,,,,,,,,,,,,,,,,,,,,,,,,,,,,,,,,,,,,,,,,,,,,,,,,,,,
1427030872780648,100064212452334,"Dagan Magazine","« Tu attends quoi encore ? T’as quel âge ? »

On connaît toutes cette phrase. Sortie par une tante, une mère, une collègue bien intentionnée.

Et toi, tu en penses quoi ? Tu es Team « l’amour prend le temps qu’il faut » ou Team « à un moment, il faut être pragmatique » ? Donne ton avis en commentaire.

#DaganMagazine #Mariage #Debat #AmoueEtVerite",,0,"06/11/2026 10:29",N/A,https://www.facebook.com/daganmagazine/posts/pfbid02yp39drnHNbfYifzuCEYoHfR5yVxL2MV8F9RUftmVG6BPVYi25UDQnPf8tKEJodnEl,0,0,Photos,,,,,Global,898,544,28,12,0,16,12,7,5,,,898,0,544,0,0,0,0,0,0,0,0,0,0,0,0,0,0,0,0,0,0,0,0,0,,,,,,,,,,,,,,,,,,,,,,,,,,,,,,,,,,,,,,,,,,,,,,,,,,,,,,,,,,,,,,,,,,,,,,,,,,,,,,,,,,,,,,,,,,,,,,,,,,,,,,,,,,,,,,,,,,,,,,,,,,,,,,,,,,,,,,,,,,,,,,,,,,,,,,,,,,,,,,,,,,,,,,,,,,,,,,,,,,,,,,,,,,,,,,,,,,,,,,,,,,,,,
1425001886316880,100064212452334,"Dagan Magazine","J’avais un plan. À 25 ans, le boulot de rêve, à 28 ans, l’amour et 30 ans, la stabilité.

Aujourd’hui j’en ai 30. Et rien ne ressemble à ce que j’avais imaginé. Pas de titre ronflant sur une carte de visite, pas de bague, pas de maison. Juste moi, mon téléphone, et le fil Instagram des autres qui semblent avoir tout réussi.

Alors j’ai commencé à me poser des questions que je n’osais pas dire tout haut : Est-ce que je suis en retard ? Est-ce que j’ai raté quelque chose ? Est-ce que c’est trop tard ?

Si tu t’es déjà posé ces questions… tu n’es pas seule. On est des milliers à les murmurer en silence, le soir, quand le bruit s’arrête.

Et voilà ce qu’on a envie de te dire ce soir : Ce n’est pas parce que ta vie ne ressemble pas au plan que tu t’étais fait qu’elle est ratée. Parce qu’elle est encore en train de s’écrire.

À 30 ans, à 35 ans, à 40 ans, tu n’es pas en retard. Tu es exactement là où ton chemin t’a menée. Et ce chemin, il a encore beaucoup à te donner.

Est-ce que toi aussi tu ressens ça parfois ? Dis-le nous en commentaire, sans filtre, sans honte. On est là, et on se comprend. 🤍

On a parlé de tout ça en profondeur dans notre dernier numéro. 📖
Le magazine est disponible en version numérique et en version papier dans nos points de vente. Cours le chercher, il t’attend. 🖤

#DaganMagazine #VieDesFemmes #TuNEsPasSeule #30ans",,0,"06/09/2026 05:08",N/A,https://www.facebook.com/daganmagazine/posts/pfbid09DYZ7s7yHAomVW1tZk9ft5mExVx5qWheCJvew7f1in32Qo4h6trBVsM96TAoMVial,0,0,Photos,,,,,Global,713,425,25,22,2,1,22,16,6,,,713,0,425,0,0,0,0,0,0,0,0,0,0,0,0,0,0,0,0,0,0,0,0,0,,,,,,,,,,,,,,,,,,,,,,,,,,,,,,,,,,,,,,,,,,,,,,,,,,,,,,,,,,,,,,,,,,,,,,,,,,,,,,,,,,,,,,,,,,,,,,,,,,,,,,,,,,,,,,,,,,,,,,,,,,,,,,,,,,,,,,,,,,,,,,,,,,,,,,,,,,,,,,,,,,,,,,,,,,,,,,,,,,,,,,,,,,,,,,,,,,,,,,,,,,,,,
1369486435201759,100064212452334,"Dagan Magazine","✨ En ce jour de Pâques, symbole de renouveau, d’espérance et de lumière,
que la joie, la paix et l’amour remplissent vos cœurs.
Que cette fête vous rappelle la force qui sommeille en vous,
la grâce qui vous élève, et les nouveaux départs qui s’offrent à vous.
🌸 Joyeuses Pâques à vous et à vos proches ! 🌸
@krystaloptiquebj",,0,"04/05/2026 06:44",N/A,https://www.facebook.com/daganmagazine/posts/pfbid02x6SNX2TphYuJbkjzXKCvcueMdrtCYV4wiu2BU1Dj6SikTio5wammZVKqasXAMkZAl,0,0,Photos,,,,,Global,225,133,8,7,0,1,0,,,,,225,0,133,0,0,0,0,0,0,0,0,0,0,0,0,0,0,0,0,0,0,0,0,0,,,,,,,,,,,,,,,,,,,,,,,,,,,,,,,,,,,,,,,,,,,,,,,,,,,,,,,,,,,,,,,,,,,,,,,,,,,,,,,,,,,,,,,,,,,,,,,,,,,,,,,,,,,,,,,,,,,,,,,,,,,,,,,,,,,,,,,,,,,,,,,,,,,,,,,,,,,,,,,,,,,,,,,,,,,,,,,,,,,,,,,,,,,,,,,,,,,,,,,,,,,,,
1369484525201950,100064212452334,"Dagan Magazine","✨ En ce jour de Pâques, symbole de renouveau, d’espérance et de lumière,
que la joie, la paix et l’amour remplissent vos cœurs.
Que cette fête vous rappelle la force qui sommeille en vous,
la grâce qui vous élève, et les nouveaux départs qui s’offrent à vous.
🌸 Joyeuses Pâques à vous et à vos proches ! 🌸
BB LOMÉ SOS DOCTEUR TV Clair Optic Togo Krystal Optique Dr KODOM Serge Michel NSIA Vie Assurances Togo Fimo228 - Festival international de la Mode au Togo El Doria Hotel New Africdesign Tvt SONGO MONEY Audrey Beauty Nickel de Bruxelles Officiel Nico le Sage Krystel Dicoh",,0,"04/05/2026 06:41",N/A,https://www.facebook.com/daganmagazine/posts/pfbid0soYr1bxiDXN7cUw1VGe7ix7EvJGpnBqpg1WfJy7jRpCry7KM8jzEqNRjd99bdq4Cl,0,0,Photos,,,,,Global,292,166,10,8,1,1,11,7,4,,,292,0,166,0,0,0,0,0,0,0,0,0,0,0,0,0,0,0,0,0,0,0,0,0,,,,,,,,,,,,,,,,,,,,,,,,,,,,,,,,,,,,,,,,,,,,,,,,,,,,,,,,,,,,,,,,,,,,,,,,,,,,,,,,,,,,,,,,,,,,,,,,,,,,,,,,,,,,,,,,,,,,,,,,,,,,,,,,,,,,,,,,,,,,,,,,,,,,,,,,,,,,,,,,,,,,,,,,,,,,,,,,,,,,,,,,,,,,,,,,,,,,,,,,,,,,,
1356169996533403,100064212452334,"Dagan Magazine","✨🌙 Ramadan Kareem à toute la communauté Dagan 🌙✨
En ce mois sacré de partage, de foi et de solidarité, toute l’équipe de DAGAN Magazine – La Femme Togolaise vous souhaite paix, santé et bénédictions infinies.
Que chaque jour du Ramadan illumine vos cœurs, renforce votre foi et rapproche les familles dans l’amour et la générosité. 🤲🏾💛
🌟 Restons unis, solidaires et bienveillants les uns envers les autres.
Ramadan Mubarak à toutes et à tous !
#RamadanKareem #DaganMagazine #CommunautéDagan #Paix #Partage Solidarité",,0,"03/20/2026 14:42",N/A,https://www.facebook.com/daganmagazine/posts/pfbid02eXj79mwCi27B3LZrLNyKAairJmmzHY1VN8Fy5nmp1Vi61w6QYarmK3axU4FBS3stl,0,0,Photos,,,,,Global,124,81,0,0,0,0,0,,,,,124,0,81,0,0,0,0,0,0,0,0,0,0,0,0,0,0,0,0,0,0,0,0,0,,,,,,,,,,,,,,,,,,,,,,,,,,,,,,,,,,,,,,,,,,,,,,,,,,,,,,,,,,,,,,,,,,,,,,,,,,,,,,,,,,,,,,,,,,,,,,,,,,,,,,,,,,,,,,,,,,,,,,,,,,,,,,,,,,,,,,,,,,,,,,,,,,,,,,,,,,,,,,,,,,,,,,,,,,,,,,,,,,,,,,,,,,,,,,,,,,,,,,,,,,,,,
1356168483200221,100064212452334,"Dagan Magazine","✨🌙 Ramadan Kareem à toute la communauté Dagan 🌙✨
En ce mois sacré de partage, de foi et de solidarité, toute l’équipe de DAGAN Magazine  La Femme Togolaise vous souhaite paix, santé et bénédictions infinies.
Que chaque jour du Ramadan illumine vos cœurs, renforce votre foi et rapproche les familles dans l’amour et la générosité. 🤲🏾💛
🌟 Restons unis, solidaires et bienveillants les uns envers les autres.
Ramadan Mubarak à toutes et à tous !
BB LOMÉ SOS DOCTEUR TV Clair Optic Togo Dr KODOM Serge Michel Krystal Optique NSIA Vie Assurances Togo Fimo228 - Festival international de la Mode au Togo Krystel Dicoh 
#RamadanKareem #DaganMagazine #CommunautéDagan #Paix #Partage #Solidarité",,0,"03/20/2026 14:39",N/A,https://www.facebook.com/daganmagazine/posts/pfbid033X5ANurXLA34ydxLGB8w3zwXA4wb59s4cwArdj2mE4y3aCZmrDBBXTrotesnpXCXl,0,0,Photos,,,,,Global,150,103,4,3,0,1,2,1,1,,,150,0,103,0,0,0,0,0,0,0,0,0,0,0,0,0,0,0,0,0,0,0,0,0,,,,,,,,,,,,,,,,,,,,,,,,,,,,,,,,,,,,,,,,,,,,,,,,,,,,,,,,,,,,,,,,,,,,,,,,,,,,,,,,,,,,,,,,,,,,,,,,,,,,,,,,,,,,,,,,,,,,,,,,,,,,,,,,,,,,,,,,,,,,,,,,,,,,,,,,,,,,,,,,,,,,,,,,,,,,,,,,,,,,,,,,,,,,,,,,,,,,,,,,,,,,,
1353038316846571,100064212452334,"Dagan Magazine","Dagan Magazine est avec Krystal Optique Benin et 5.",,0,"03/16/2026 20:00",N/A,https://www.facebook.com/daganmagazine/posts/pfbid033BR2ufeC4oemfXiaJgFFbc5HbdNSvDxis6E63mPupkARFmNNDQyBGivZyQDPXbUMl,0,0,Photos,,,,,Global,153,109,3,2,0,1,2,1,1,,,153,0,109,0,0,0,0,0,0,0,0,0,0,0,0,0,0,0,0,0,0,0,0,0,,,,,,,,,,,,,,,,,,,,,,,,,,,,,,,,,,,,,,,,,,,,,,,,,,,,,,,,,,,,,,,,,,,,,,,,,,,,,,,,,,,,,,,,,,,,,,,,,,,,,,,,,,,,,,,,,,,,,,,,,,,,,,,,,,,,,,,,,,,,,,,,,,,,,,,,,,,,,,,,,,,,,,,,,,,,,,,,,,,,,,,,,,,,,,,,,,,,,,,,,,,,,
1353034833513586,100064212452334,"Dagan Magazine","La rubrique  santé a la page28 di 39ème de  Dagan Magazine 
BB LOMÉ Clair Optic Togo SOS DOCTEUR TV Dr KODOM Serge Michel Krystal Optique Misstogo NSIA Vie Assurances Togo El Doria Hotel New Africdesign Tvt Super sage Krystel Dicoh",,0,"03/16/2026 19:54",N/A,https://www.facebook.com/daganmagazine/posts/pfbid0yMq1ESYXzmE7ZnCq4bUJu7fTvSLht7RD9yLRW4eVt1REaufp8AZFAbR4mN89w5SQl,0,0,Photos,,,,,Global,159,97,1,1,0,0,4,3,1,,,159,0,97,0,0,0,0,0,0,0,0,0,0,0,0,0,0,0,0,0,0,0,0,0,,,,,,,,,,,,,,,,,,,,,,,,,,,,,,,,,,,,,,,,,,,,,,,,,,,,,,,,,,,,,,,,,,,,,,,,,,,,,,,,,,,,,,,,,,,,,,,,,,,,,,,,,,,,,,,,,,,,,,,,,,,,,,,,,,,,,,,,,,,,,,,,,,,,,,,,,,,,,,,,,,,,,,,,,,,,,,,,,,,,,,,,,,,,,,,,,,,,,,,,,,,,,
1345913837559019,100064212452334,"Dagan Magazine","En ce 8 mars, Journée Internationale des Femmes, Dagan Magazine célèbre la force, la résilience et l’éclat de toutes les femmes.
À travers le numéro 39, nous rendons hommage à ces femmes inspirantes, nos DAGANS, qui chaque jour font battre le cœur de l’Afrique et du monde par leur courage, leur travail et leur détermination.
Que cette journée soit un moment de reconnaissance pour toutes celles qui bâtissent, élèvent, inspirent et transforment nos sociétés.
Bonne fête à toutes les femmes !
Continuons ensemble à valoriser leur voix, leur talent et leur impact.

#8Mars #JourneeInternationaleDesFemmes #DaganMagazine #LaFemmeTogolaise",,0,"03/07/2026 18:20",N/A,https://www.facebook.com/daganmagazine/posts/pfbid0UxcVpqWwEh9vw5wu3icfKXvrGfpAqsb8SxjsPxzBVdE1Cfa2yJ2aPF7kfjEXCkgMl,0,0,Photos,,,,,Global,149,99,2,2,0,0,3,2,1,,,149,0,99,0,0,0,0,0,0,0,0,0,0,0,0,0,0,0,0,0,0,0,0,0,,,,,,,,,,,,,,,,,,,,,,,,,,,,,,,,,,,,,,,,,,,,,,,,,,,,,,,,,,,,,,,,,,,,,,,,,,,,,,,,,,,,,,,,,,,,,,,,,,,,,,,,,,,,,,,,,,,,,,,,,,,,,,,,,,,,,,,,,,,,,,,,,,,,,,,,,,,,,,,,,,,,,,,,,,,,,,,,,,,,,,,,,,,,,,,,,,,,,,,,,,,,,
1345910860892650,100064212452334,"Dagan Magazine","En ce 8 mars, Journée Internationale des Femmes, Dagan Magazine célèbre la force, la résilience et l’éclat de toutes les femmes.
À travers le numéro 39, nous rendons hommage à ces femmes inspirantes, nos DAGANS, qui chaque jour font battre le cœur de l’Afrique et du monde par leur courage, leur travail et leur détermination.
Que cette journée soit un moment de reconnaissance pour toutes celles qui bâtissent, élèvent, inspirent et transforment nos sociétés.
Bonne fête à toutes les femmes !
Continuons ensemble à valoriser leur voix, leur talent et leur impact.
BB LOMÉ Clair Optic Togo SOS DOCTEUR TV Krystal Optique Dr KODOM Serge Michel New Africdesign Tvt NSIA Vie Assurances Togo Misstogo El Doria Hotel Super sage Ecobank Togo Audrey Beauty Nickel de Bruxelles Officiel Krystel Dicoh 
#8Mars #JourneeInternationaleDesFemmes #DaganMagazine #LaFemmeTogolaise",,0,"03/07/2026 18:14",N/A,https://www.facebook.com/daganmagazine/posts/pfbid0MawoKxLPuFnofEMuuAJYyz5v6nHniesp3sTmhy94bCpBbmfh76p85PNT9SsNBX9dl,0,0,Photos,,,,,Global,315,216,4,4,0,0,2,2,,,,315,0,216,0,0,0,0,0,0,0,0,0,0,0,0,0,0,0,0,0,0,0,0,0,,,,,,,,,,,,,,,,,,,,,,,,,,,,,,,,,,,,,,,,,,,,,,,,,,,,,,,,,,,,,,,,,,,,,,,,,,,,,,,,,,,,,,,,,,,,,,,,,,,,,,,,,,,,,,,,,,,,,,,,,,,,,,,,,,,,,,,,,,,,,,,,,,,,,,,,,,,,,,,,,,,,,,,,,,,,,,,,,,,,,,,,,,,,,,,,,,,,,,,,,,,,,
1343421917808211,100064212452334,"Dagan Magazine","""la Woman""
 ",,0,"03/04/2026 11:00",N/A,https://www.facebook.com/daganmagazine/posts/pfbid02jsEC28rVhuX4SRXVKGjR462ZQmPHXNfWMhxxTXgZLg3MJviWjBva5X8mtPP858Kel,0,0,Liens,,,,,Global,99,66,0,0,0,0,0,,,,,99,0,66,0,0,0,0,0,0,0,0,0,0,0,0,0,0,0,0,0,0,0,0,0,,,,,,,,,,,,,,,,,,,,,,,,,,,,,,,,,,,,,,,,,,,,,,,,,,,,,,,,,,,,,,,,,,,,,,,,,,,,,,,,,,,,,,,,,,,,,,,,,,,,,,,,,,,,,,,,,,,,,,,,,,,,,,,,,,,,,,,,,,,,,,,,,,,,,,,,,,,,,,,,,,,,,,,,,,,,,,,,,,,,,,,,,,,,,,,,,,,,,,,,,,,,,
1342451274571942,100064212452334,"Dagan Magazine","""Nigérians""
 ",,0,"03/03/2026 04:54",N/A,https://www.facebook.com/daganmagazine/posts/pfbid0fDb7ujg19vMhyZ2jEJxjtAuNKUf9VPn6ecb1r9kH9gn4dvU2fKYnW486yLzbr1UYl,0,0,Liens,,,,,Global,153,101,2,1,0,1,0,,,,,153,0,101,0,0,0,0,0,0,0,0,0,0,0,0,0,0,0,0,0,0,0,0,0,,,,,,,,,,,,,,,,,,,,,,,,,,,,,,,,,,,,,,,,,,,,,,,,,,,,,,,,,,,,,,,,,,,,,,,,,,,,,,,,,,,,,,,,,,,,,,,,,,,,,,,,,,,,,,,,,,,,,,,,,,,,,,,,,,,,,,,,,,,,,,,,,,,,,,,,,,,,,,,,,,,,,,,,,,,,,,,,,,,,,,,,,,,,,,,,,,,,,,,,,,,,,
1341728587977544,100064212452334,"Dagan Magazine","https://daganmag.com/les-reine-et-duchesses-2025-des-sciences-technologies-connues/#:~:text=des%20Sciences%20%26%20Technologies-,connues,-par%20Team%20Dagan",,0,"03/02/2026 06:50",N/A,https://www.facebook.com/daganmagazine/posts/pfbid02NLX5bbaJtS34hYiYCy2Z65Y16HtetiC49kBnfMKQiUs8Zwg7ZxVpeb2mwMG3ie6El,0,0,Liens,,,,,Global,186,114,7,6,0,1,2,,,2,,186,0,114,0,0,0,0,0,0,0,0,0,0,0,0,0,0,0,0,0,0,0,0,0,,,,,,,,,,,,,,,,,,,,,,,,,,,,,,,,,,,,,,,,,,,,,,,,,,,,,,,,,,,,,,,,,,,,,,,,,,,,,,,,,,,,,,,,,,,,,,,,,,,,,,,,,,,,,,,,,,,,,,,,,,,,,,,,,,,,,,,,,,,,,,,,,,,,,,,,,,,,,,,,,,,,,,,,,,,,,,,,,,,,,,,,,,,,,,,,,,,,,,,,,,,,,
1339539484863121,100064212452334,"Dagan Magazine","Une soirée exceptionnelle dédiée au leadership féminin, à l’ambition et à l’équilibre entre carrière et famille.

Rendez-vous le dimanche 08 mars 2026 de 17h à 21h à l’El Doria Hotel pour un moment d’inspiration, de partage et d’élégance avec Mme Krystel A. Dicoh, fondatrice de Dagan Magazine.

Au programme :
🎤 Conférence inspirante
🎶 Musique live
🥂 Brunch & cocktail dînatoire
Parce que chaque femme porte en elle une vision, une force et un destin à accomplir.
Réservez dès maintenant et venez célébrer l’excellence au féminin.",,0,"02/27/2026 16:34",N/A,https://www.facebook.com/daganmagazine/posts/pfbid0G1gdfHxbmYXsKPdm7HK7qFCTEqyem3JZqQ4mjwCQtCDedSF7Acss1dHnmJ31f2tGl,0,0,Photos,,,,,Global,172,109,2,2,0,0,4,1,3,,,172,0,109,0,0,0,0,0,0,0,0,0,0,0,0,0,0,0,0,0,0,0,0,0,,,,,,,,,,,,,,,,,,,,,,,,,,,,,,,,,,,,,,,,,,,,,,,,,,,,,,,,,,,,,,,,,,,,,,,,,,,,,,,,,,,,,,,,,,,,,,,,,,,,,,,,,,,,,,,,,,,,,,,,,,,,,,,,,,,,,,,,,,,,,,,,,,,,,,,,,,,,,,,,,,,,,,,,,,,,,,,,,,,,,,,,,,,,,,,,,,,,,,,,,,,,,
1339533658197037,100064212452334,"Dagan Magazine","Une soirée exceptionnelle dédiée au leadership féminin, à l’ambition et à l’équilibre entre carrière et famille.
Rendez-vous le dimanche 08 mars 2026 de 17h à 21h à l’El Doria Hotel pour un moment d’inspiration, de partage et d’élégance avec Mme Krystel A. Dicoh, fondatrice de Dagan Magazine.

Au programme :
🎤 Conférence inspirante
🎶 Musique live
🥂 Brunch & cocktail dînatoire

Parce que chaque femme porte en elle une vision, une force et un destin à accomplir.
Réservez dès maintenant et venez célébrer l’excellence au féminin. 
BB LOMÉ Clair Optic Togo Krystal Optique SOS DOCTEUR TV El Doria Hotel Fimo228 - Festival international de la Mode au Togo NSIA Vie Assurances Togo Super sage Krystel Dicoh",,0,"02/27/2026 16:24",N/A,https://www.facebook.com/daganmagazine/posts/pfbid02UXAaAPmHVYNJRWykpjW1grC8JK2wT472ZSn7wciLgpZ3cSmjpfEgNgkkwNvVBCEul,0,0,Photos,,,,,Global,1021,700,7,7,0,0,8,3,5,,,1021,0,700,0,0,0,0,0,0,0,0,0,0,0,0,0,0,0,0,0,0,0,0,0,,,,,,,,,,,,,,,,,,,,,,,,,,,,,,,,,,,,,,,,,,,,,,,,,,,,,,,,,,,,,,,,,,,,,,,,,,,,,,,,,,,,,,,,,,,,,,,,,,,,,,,,,,,,,,,,,,,,,,,,,,,,,,,,,,,,,,,,,,,,,,,,,,,,,,,,,,,,,,,,,,,,,,,,,,,,,,,,,,,,,,,,,,,,,,,,,,,,,,,,,,,,,
1335912928559110,100064212452334,"Dagan Magazine",,,0,"02/23/2026 13:20",N/A,https://www.facebook.com/daganmagazine/posts/pfbid0361zeo62Z7qGJeXuTrapP2WZW2BVmoJqeE82tPq16QK7kTpR4kvkg3Dkg67sQ7Umal,0,0,Photos,,,,,Global,286,182,8,6,1,1,1,1,,,,286,0,182,0,0,0,0,0,0,0,0,0,0,0,0,0,0,0,0,0,0,0,0,0,,,,,,,,,,,,,,,,,,,,,,,,,,,,,,,,,,,,,,,,,,,,,,,,,,,,,,,,,,,,,,,,,,,,,,,,,,,,,,,,,,,,,,,,,,,,,,,,,,,,,,,,,,,,,,,,,,,,,,,,,,,,,,,,,,,,,,,,,,,,,,,,,,,,,,,,,,,,,,,,,,,,,,,,,,,,,,,,,,,,,,,,,,,,,,,,,,,,,,,,,,,,,
1335910215226048,100064212452334,"Dagan Magazine","Le magazine 100% féminin  disponible dans  les kiosques.
BB LOMÉ Clair Optic Togo Krystal Optique SOS DOCTEUR TV Dr KODOM Serge Michel Super sage Misstogo New Africdesign Tvt NSIA Vie Assurances Togo Krystel Dicoh",,0,"02/23/2026 13:15",N/A,https://www.facebook.com/daganmagazine/posts/pfbid02dSGvJno3V8uFxtEV6XK3M1RS4EMad6jnyHNaCNcgcuK9H8VhtjDrKFkWsxWyPwWbl,0,0,Photos,,,,,Global,368,248,2,2,0,0,9,4,5,,,368,0,248,0,0,0,0,0,0,0,0,0,0,0,0,0,0,0,0,0,0,0,0,0,,,,,,,,,,,,,,,,,,,,,,,,,,,,,,,,,,,,,,,,,,,,,,,,,,,,,,,,,,,,,,,,,,,,,,,,,,,,,,,,,,,,,,,,,,,,,,,,,,,,,,,,,,,,,,,,,,,,,,,,,,,,,,,,,,,,,,,,,,,,,,,,,,,,,,,,,,,,,,,,,,,,,,,,,,,,,,,,,,,,,,,,,,,,,,,,,,,,,,,,,,,,,
1331677662315970,100064212452334,"Dagan Magazine","Dans le N°39 de Dagan Magazine, rubrique Bien-être (page 14), nous vous invitons à découvrir “Bien commencer et terminer sa journée : l’art d’un quotidien apaisé.”
Parce que chaque femme mérite des journées équilibrées, productives et sereines, cet article vous propose des clés simples et efficaces pour instaurer des rituels qui transforment votre quotidien. 🌿
Prenez un moment pour vous… et laissez la douceur guider vos journées.
📖 À lire et à partager autour de vous !
BB LOMÉ Clair Optic Togo Dr KODOM Serge Michel SOS DOCTEUR TV Krystal Optique NSIA Vie Assurances Togo New Africdesign Tvt Super sage Krystel Dicoh 
#DaganMagazine #BienÊtre #FemmeTogolaise",,0,"02/18/2026 14:19",N/A,https://www.facebook.com/daganmagazine/posts/pfbid0NZQaEjXssHkYq7oFyiVjccQwirpUJb7Hu9GsW4JYE3F6iYniQw4K5n3LbftGex1zl,0,0,Photos,,,,,Global,147,96,4,4,0,0,0,,,,,147,0,96,0,0,0,0,0,0,0,0,0,0,0,0,0,0,0,0,0,0,0,0,0,,,,,,,,,,,,,,,,,,,,,,,,,,,,,,,,,,,,,,,,,,,,,,,,,,,,,,,,,,,,,,,,,,,,,,,,,,,,,,,,,,,,,,,,,,,,,,,,,,,,,,,,,,,,,,,,,,,,,,,,,,,,,,,,,,,,,,,,,,,,,,,,,,,,,,,,,,,,,,,,,,,,,,,,,,,,,,,,,,,,,,,,,,,,,,,,,,,,,,,,,,,,,
1324130439737359,100064212452334,"Dagan Magazine",,,0,"02/09/2026 22:46",N/A,https://www.facebook.com/daganmagazine/posts/pfbid02jsfW7iEVaYvhqN5ryoz7cuTgZkNmPFh4wm5554zLX9Shmd21de4J6sw4AG7eEtxbl,0,0,Photos,,,,,Global,216,142,5,4,0,1,3,1,2,,,216,0,142,0,0,0,0,0,0,0,0,0,0,0,0,0,0,0,0,0,0,0,0,0,,,,,,,,,,,,,,,,,,,,,,,,,,,,,,,,,,,,,,,,,,,,,,,,,,,,,,,,,,,,,,,,,,,,,,,,,,,,,,,,,,,,,,,,,,,,,,,,,,,,,,,,,,,,,,,,,,,,,,,,,,,,,,,,,,,,,,,,,,,,,,,,,,,,,,,,,,,,,,,,,,,,,,,,,,,,,,,,,,,,,,,,,,,,,,,,,,,,,,,,,,,,,
1324128269737576,100064212452334,"Dagan Magazine","Belle semaine de l'amour.",,0,"02/09/2026 22:42",N/A,https://www.facebook.com/daganmagazine/posts/pfbid0kXtZ16vsnFRmDPBvAtYYChXC972QajRtNourZgb2FSGNvh6k1QqPQhTukg3C3i4sl,0,0,Photos,,,,,Global,480,320,8,6,1,1,9,5,4,,,480,0,320,0,0,0,0,0,0,0,0,0,0,0,0,0,0,0,0,0,0,0,0,0,,,,,,,,,,,,,,,,,,,,,,,,,,,,,,,,,,,,,,,,,,,,,,,,,,,,,,,,,,,,,,,,,,,,,,,,,,,,,,,,,,,,,,,,,,,,,,,,,,,,,,,,,,,,,,,,,,,,,,,,,,,,,,,,,,,,,,,,,,,,,,,,,,,,,,,,,,,,,,,,,,,,,,,,,,,,,,,,,,,,,,,,,,,,,,,,,,,,,,,,,,,,,
1320717226745347,100064212452334,"Dagan Magazine","Beauté, confiance et simplicité 
Créer son petit coin beauté, c’est s’offrir chaque jour un moment rien qu’à soi 💄🪞
Dans le Dagan Magazine N°39, la rubrique Beauté vous dévoile les essentiels pour aménager un espace beauté pratique, inspirant et à votre image.
📖 À découvrir en page 8
Parce que la beauté commence par le soin que l’on se porte 💖
BB LOMÉ SOS DOCTEUR TV Dr KODOM Serge Michel Clair Optic Togo Krystal Optique Misstogo New Africdesign Tvt SONGO MONEY Maison 8PM Fimo228 - Festival international de la Mode au Togo Krystel Dicoh 
#DaganMagazine #FemmeTogolaise #BeautéAuNaturel #CoinBeauté #Dagan39",,0,"02/06/2026 05:58",N/A,https://www.facebook.com/daganmagazine/posts/pfbid0ow1jXgayeZPeetGkaVLb1k4izqkUVLZeFjKkJHzh8cgrCNkCMfr47yQcvjfx2mzCl,0,0,Photos,,,,,Global,252,153,5,4,0,1,3,1,2,,,252,0,153,0,0,0,0,0,0,0,0,0,0,0,0,0,0,0,0,0,0,0,0,0,,,,,,,,,,,,,,,,,,,,,,,,,,,,,,,,,,,,,,,,,,,,,,,,,,,,,,,,,,,,,,,,,,,,,,,,,,,,,,,,,,,,,,,,,,,,,,,,,,,,,,,,,,,,,,,,,,,,,,,,,,,,,,,,,,,,,,,,,,,,,,,,,,,,,,,,,,,,,,,,,,,,,,,,,,,,,,,,,,,,,,,,,,,,,,,,,,,,,,,,,,,,,
1318079443675792,100064212452334,"Dagan Magazine","S’habiller avec ses rondeurs, c’est s’aimer sans compromis.
Dans le DAGAN Magazine N°39, rubrique Mode (page 6), découvrez des astuces simples et stylées pour sublimer chaque silhouette, assumer ses formes et rayonner avec élégance.
Parce que la mode n’a pas de taille, elle a du style 💃🏾✨
📖 DAGAN Magazine – La Femme Togolaise
BB LOMÉ Krystal Optique Clair Optic Togo Misstogo SOS DOCTEUR TV Dr KODOM Serge Michel New Africdesign Tvt Super sage Krystel Dicoh 
#DaganMagazine #SublimerSesRondeurs #ModeInclusive #nceEnSoi #FemmeTogolaise",,0,"02/03/2026 07:13",N/A,https://www.facebook.com/daganmagazine/posts/pfbid02iciGQL53Rs7gstbiM89VF4tExEyxFKymYQhNmoDgXKDP3itEEEsSvgBp1xFwoREpl,0,0,Photos,,,,,Global,257,172,6,5,0,1,2,,2,,,257,0,172,0,0,0,0,0,0,0,0,0,0,0,0,0,0,0,0,0,0,0,0,0,,,,,,,,,,,,,,,,,,,,,,,,,,,,,,,,,,,,,,,,,,,,,,,,,,,,,,,,,,,,,,,,,,,,,,,,,,,,,,,,,,,,,,,,,,,,,,,,,,,,,,,,,,,,,,,,,,,,,,,,,,,,,,,,,,,,,,,,,,,,,,,,,,,,,,,,,,,,,,,,,,,,,,,,,,,,,,,,,,,,,,,,,,,,,,,,,,,,,,,,,,,,,
1318077400342663,100064212452334,"Dagan Magazine","S’habiller avec ses rondeurs, c’est s’aimer sans compromis.
Dans le DAGAN Magazine N°39, rubrique Mode (page 6), découvrez des astuces simples et stylées pour sublimer chaque silhouette, assumer ses formes et rayonner avec élégance.
Parce que la mode n’a pas de taille, elle a du style 💃🏾✨
📖 DAGAN Magazine – La Femme Togolaise
BB LOMÉ Krystal Optique Clair Optic Togo Misstogo SOS DOCTEUR TV Dr KODOM Serge Michel New Africdesign Tvt Super sage Krystel Dicoh 
#DaganMagazine #SublimerSesRondeurs #ModeInclusive #nceEnSoi #FemmeTogolaise",,0,"02/03/2026 07:11",N/A,https://www.facebook.com/daganmagazine/posts/pfbid02j2QnUJr8tLBGhovLubaGz6cdMvjV5g24aaEkSoEB1yGmqTTjrEv1k9uHQTb4R84El,0,0,Photos,,,,,Global,272,181,5,5,0,0,2,1,1,,,272,0,181,0,0,0,0,0,0,0,0,0,0,0,0,0,0,0,0,0,0,0,0,0,,,,,,,,,,,,,,,,,,,,,,,,,,,,,,,,,,,,,,,,,,,,,,,,,,,,,,,,,,,,,,,,,,,,,,,,,,,,,,,,,,,,,,,,,,,,,,,,,,,,,,,,,,,,,,,,,,,,,,,,,,,,,,,,,,,,,,,,,,,,,,,,,,,,,,,,,,,,,,,,,,,,,,,,,,,,,,,,,,,,,,,,,,,,,,,,,,,,,,,,,,,,,
1317131390437264,100064212452334,"Dagan Magazine",,,0,"02/02/2026 03:29",N/A,https://www.facebook.com/daganmagazine/posts/pfbid0KtDihyhEVaT2N2GBYxUSUJ7u7WP3X972ADzz7YLu5tSkzAbyptRAGiFoR1FFVgwAl,0,0,Photos,,,,,Global,106,79,1,1,0,0,4,1,3,,,106,0,79,0,0,0,0,0,0,0,0,0,0,0,0,0,0,0,0,0,0,0,0,0,,,,,,,,,,,,,,,,,,,,,,,,,,,,,,,,,,,,,,,,,,,,,,,,,,,,,,,,,,,,,,,,,,,,,,,,,,,,,,,,,,,,,,,,,,,,,,,,,,,,,,,,,,,,,,,,,,,,,,,,,,,,,,,,,,,,,,,,,,,,,,,,,,,,,,,,,,,,,,,,,,,,,,,,,,,,,,,,,,,,,,,,,,,,,,,,,,,,,,,,,,,,,
1317130780437325,100064212452334,"Dagan Magazine","Bon mois de février à  nous tous
BB LOMÉ Dr KODOM Serge Michel Clair Optic Togo SOS DOCTEUR TV Krystal Optique Misstogo Super sage New Africdesign Tvt Krystel Dicoh",,0,"02/02/2026 03:28",N/A,https://www.facebook.com/daganmagazine/posts/pfbid03AYTMFmDfR7fLGnQiwxrsFNkBeEZP9RBMayHHi9pu8pMwNReRgwDYP3co9GdHiAMl,0,0,Photos,,,,,Global,144,98,2,1,0,1,2,1,1,,,144,0,98,0,0,0,0,0,0,0,0,0,0,0,0,0,0,0,0,0,0,0,0,0,,,,,,,,,,,,,,,,,,,,,,,,,,,,,,,,,,,,,,,,,,,,,,,,,,,,,,,,,,,,,,,,,,,,,,,,,,,,,,,,,,,,,,,,,,,,,,,,,,,,,,,,,,,,,,,,,,,,,,,,,,,,,,,,,,,,,,,,,,,,,,,,,,,,,,,,,,,,,,,,,,,,,,,,,,,,,,,,,,,,,,,,,,,,,,,,,,,,,,,,,,,,,
1317129333770803,100064212452334,"Dagan Magazine","Bon début de semaine à tous 
#lafemmetogolaise #numéro39",,0,"02/02/2026 03:25",N/A,https://www.facebook.com/daganmagazine/posts/pfbid0G54y6LiWhrFDFoRrYnYFFUER45Mqtn98MigjoUDNR8xorA5Jt5YGb5Lc7hTFzxmkl,0,0,Photos,,,,,Global,345,231,11,10,0,1,4,1,3,,,345,0,231,0,0,0,0,0,0,0,0,0,0,0,0,0,0,0,0,0,0,0,0,0,,,,,,,,,,,,,,,,,,,,,,,,,,,,,,,,,,,,,,,,,,,,,,,,,,,,,,,,,,,,,,,,,,,,,,,,,,,,,,,,,,,,,,,,,,,,,,,,,,,,,,,,,,,,,,,,,,,,,,,,,,,,,,,,,,,,,,,,,,,,,,,,,,,,,,,,,,,,,,,,,,,,,,,,,,,,,,,,,,,,,,,,,,,,,,,,,,,,,,,,,,,,,
1313924360757967,100064212452334,"Dagan Magazine","✨ DAGAN MAGAZINE – N°39 ✨
Le 39ᵉ numéro de Dagan Magazine est enfin là !
Une édition riche, engagée et profondément ancrée dans la réalité de la femme togolaise et africaine.
Au sommaire :
Mode, beauté, bien-être, société, traditions, santé, success stories, actus, culture…
Des sujets vrais, des voix fortes, des parcours inspirants et des réflexions qui interpellent.
À travers chaque page, Dagan célèbre la femme dans toute sa diversité, son courage, son intelligence et son influence au quotidien.
📖 À lire, à partager, à garder.
📍 Disponible dès maintenant.
#DaganMagazine #Numéro39 #LaFemmeTogolaise #VoixDeFemmes #Inspiration Culture Société",,0,"01/29/2026 04:37",N/A,https://www.facebook.com/daganmagazine/posts/pfbid0zkKJMonSCnsZTgHpixhunRNaYirohEsBmeGBN3Fwi66MJVE8Fzw9mu4UWNT55ybdl,0,0,Photos,,,,,Global,200,137,4,3,0,1,4,3,1,,,200,0,137,0,0,0,0,0,0,0,0,0,0,0,0,0,0,0,0,0,0,0,0,0,,,,,,,,,,,,,,,,,,,,,,,,,,,,,,,,,,,,,,,,,,,,,,,,,,,,,,,,,,,,,,,,,,,,,,,,,,,,,,,,,,,,,,,,,,,,,,,,,,,,,,,,,,,,,,,,,,,,,,,,,,,,,,,,,,,,,,,,,,,,,,,,,,,,,,,,,,,,,,,,,,,,,,,,,,,,,,,,,,,,,,,,,,,,,,,,,,,,,,,,,,,,,
1313916607425409,100064212452334,"Dagan Magazine","✨ DAGAN MAGAZINE – N°39 ✨
Le 39ᵉ numéro de Dagan Magazine est enfin là !
Une édition riche, engagée et profondément ancrée dans la réalité de la femme togolaise et africaine.

Au sommaire :

Mode, beauté, bien-être, société, traditions, santé, success stories, actus, culture…
Des sujets vrais, des voix fortes, des parcours inspirants et des réflexions qui interpellent.
À travers chaque page, Dagan célèbre la femme dans toute sa diversité, son courage, son intelligence et son influence au quotidien.

📖 À lire, à partager, à garder.
📍 Disponible dès maintenant.
BB LOMÉ Clair Optic Togo SOS DOCTEUR TV Dr KODOM Serge Michel Krystal Optique SONGO MONEY Super sage Misstogo New Africdesign Tvt Krystel Dicoh 
#DaganMagazine #Numéro39 #LaFemmeTogolaise #VoixDeFemmes #Inspiration #Culture #Société",,0,"01/29/2026 04:26",N/A,https://www.facebook.com/daganmagazine/posts/pfbid0LV4KpdTLeFhequ5wkAZkSrK6w6LcsVf3ArbFV7XeHsDDmmUimPcvtK97uacma8aml,0,0,Photos,,,,,Global,155,105,4,4,0,0,3,1,2,,,155,0,105,0,0,0,0,0,0,0,0,0,0,0,0,0,0,0,0,0,0,0,0,0,,,,,,,,,,,,,,,,,,,,,,,,,,,,,,,,,,,,,,,,,,,,,,,,,,,,,,,,,,,,,,,,,,,,,,,,,,,,,,,,,,,,,,,,,,,,,,,,,,,,,,,,,,,,,,,,,,,,,,,,,,,,,,,,,,,,,,,,,,,,,,,,,,,,,,,,,,,,,,,,,,,,,,,,,,,,,,,,,,,,,,,,,,,,,,,,,,,,,,,,,,,,,
1311988644284872,100064212452334,"Dagan Magazine","Chères lectrices et chers lecteurs,

Nous tenons, avant tout propos, à vous présenter nos excuses pour la sortie tardive de ce premier numéro de l'année, pour des raisons indépendantes de notre volonté.

Pour notre 39ème numéro, nous mettons à l'honneur Dagan Hélène FIAGAN, première femme inspectrice des douanes au Togo, symbole de force et de détermination. Son parcours illustre comment tracer sa route avec dignité et conviction.

Vous découvrirez un dossier santé sur les cardiopathies, une exploration des rituels dans notre rubrique tradition, une réflexion sur le civisme, et une approche douce de la mode pour l'acceptation de soi. Nous célébrons également la 30ème édition de l'élection Miss Togo, donnant la parole à une jeunesse en quête de repères.

Nous vous remercions sincèrement pour votre fidélité et votre confiance. Nous sommes impatients de vous faire découvrir ce numéro riche en contenus inspirants et informatifs. Plongez dans les pages de Dagan Magazine pour explorer des histoires captivantes, des réflexions profondes et des conseils pratiques. Votre lecture est notre plus belle récompense.",,0,"01/26/2026 22:33",N/A,https://www.facebook.com/daganmagazine/posts/pfbid025saynhp54dzxE1BEmaJ4SGoSE5XkFoKFnCiznX8wRJ8XomihmzGpwZwDwJWhjshdl,0,0,Photos,,,,,Global,256,172,6,4,1,1,2,2,,,,256,0,172,0,0,0,0,0,0,0,0,0,0,0,0,0,0,0,0,0,0,0,0,0,,,,,,,,,,,,,,,,,,,,,,,,,,,,,,,,,,,,,,,,,,,,,,,,,,,,,,,,,,,,,,,,,,,,,,,,,,,,,,,,,,,,,,,,,,,,,,,,,,,,,,,,,,,,,,,,,,,,,,,,,,,,,,,,,,,,,,,,,,,,,,,,,,,,,,,,,,,,,,,,,,,,,,,,,,,,,,,,,,,,,,,,,,,,,,,,,,,,,,,,,,,,,
1311986587618411,100064212452334,"Dagan Magazine","Chères lectrices et chers lecteurs,

Nous tenons, avant tout propos, à vous présenter nos excuses pour la sortie tardive de ce premier numéro de l'année, pour des raisons indépendantes de notre volonté.

Pour notre 39ème numéro, nous mettons à l'honneur Dagan Hélène FIAGAN, première femme inspectrice des douanes au Togo, symbole de force et de détermination. Son parcours illustre comment tracer sa route avec dignité et conviction.

Vous découvrirez un dossier santé sur les cardiopathies, une exploration des rituels dans notre rubrique tradition, une réflexion sur le civisme, et une approche douce de la mode pour l'acceptation de soi. Nous célébrons également la 30ème édition de l'élection Miss Togo, donnant la parole à une jeunesse en quête de repères.

Nous vous remercions sincèrement pour votre fidélité et votre confiance. Nous sommes impatients de vous faire découvrir ce numéro riche en contenus inspirants et informatifs. Plongez dans les pages de Dagan Magazine pour explorer des histoires captivantes, des réflexions profondes et des conseils pratiques. Votre lecture est notre plus belle récompense.
BB LOMÉ Clair Optic Togo SOS DOCTEUR TV Dr KODOM Serge Michel SONGO MONEY Super sage Krystal Optique Krystel Dicoh",,0,"01/26/2026 22:29",N/A,https://www.facebook.com/daganmagazine/posts/pfbid025eGBek6TxxDryVZACdGmS8hKRi2wkiRoBL4xbuhUHQBjBUe9H55z26G4X6ohVnUjl,0,0,Photos,,,,,Global,518,314,7,7,0,0,22,9,13,,,518,0,314,0,0,0,0,0,0,0,0,0,0,0,0,0,0,0,0,0,0,0,0,0,,,,,,,,,,,,,,,,,,,,,,,,,,,,,,,,,,,,,,,,,,,,,,,,,,,,,,,,,,,,,,,,,,,,,,,,,,,,,,,,,,,,,,,,,,,,,,,,,,,,,,,,,,,,,,,,,,,,,,,,,,,,,,,,,,,,,,,,,,,,,,,,,,,,,,,,,,,,,,,,,,,,,,,,,,,,,,,,,,,,,,,,,,,,,,,,,,,,,,,,,,,,,
1311642594319477,100064212452334,"Dagan Magazine","Dagan Magazine a changé sa photo de couverture.",,0,"01/26/2026 12:12",N/A,https://www.facebook.com/photo.php?fbid=1311642594319477&set=a.448628193954259&type=3,0,0,Photos,,,,,Global,46,34,6,5,0,1,0,,,,,46,0,34,0,0,0,0,0,0,0,0,0,0,0,0,0,0,0,0,0,0,0,0,0,,,,,,,,,,,,,,,,,,,,,,,,,,,,,,,,,,,,,,,,,,,,,,,,,,,,,,,,,,,,,,,,,,,,,,,,,,,,,,,,,,,,,,,,,,,,,,,,,,,,,,,,,,,,,,,,,,,,,,,,,,,,,,,,,,,,,,,,,,,,,,,,,,,,,,,,,,,,,,,,,,,,,,,,,,,,,,,,,,,,,,,,,,,,,,,,,,,,,,,,,,,,,
1311641560986247,100064212452334,"Dagan Magazine","Dagan Magazine a changé sa photo de profil.",,0,"01/26/2026 12:11",N/A,https://www.facebook.com/photo.php?fbid=1311641560986247&set=a.448628190620926&type=3,0,0,Photos,,,,,Global,118,94,3,3,0,0,1,1,,,,118,0,94,0,0,0,0,0,0,0,0,0,0,0,0,0,0,0,0,0,0,0,0,0,,,,,,,,,,,,,,,,,,,,,,,,,,,,,,,,,,,,,,,,,,,,,,,,,,,,,,,,,,,,,,,,,,,,,,,,,,,,,,,,,,,,,,,,,,,,,,,,,,,,,,,,,,,,,,,,,,,,,,,,,,,,,,,,,,,,,,,,,,,,,,,,,,,,,,,,,,,,,,,,,,,,,,,,,,,,,,,,,,,,,,,,,,,,,,,,,,,,,,,,,,,,,
1292163996267337,100064212452334,"Dagan Magazine",,,0,"01/01/2026 10:55",N/A,https://www.facebook.com/daganmagazine/posts/pfbid0onH2Lhr7DYbGQ5jCcaK7cvWcoZg9UKwLHgXbfRYyxmq6xXtx7y4mvS8HNY9WzBTSl,0,0,Photos,,,,,Global,184,121,3,3,0,0,0,,,,,184,0,121,0,0,0,0,0,0,0,0,0,0,0,0,0,0,0,0,0,0,0,0,0,,,,,,,,,,,,,,,,,,,,,,,,,,,,,,,,,,,,,,,,,,,,,,,,,,,,,,,,,,,,,,,,,,,,,,,,,,,,,,,,,,,,,,,,,,,,,,,,,,,,,,,,,,,,,,,,,,,,,,,,,,,,,,,,,,,,,,,,,,,,,,,,,,,,,,,,,,,,,,,,,,,,,,,,,,,,,,,,,,,,,,,,,,,,,,,,,,,,,,,,,,,,,
1292162832934120,100064212452334,"Dagan Magazine",,,0,"01/01/2026 10:52",N/A,https://www.facebook.com/daganmagazine/posts/pfbid0DvnfThpzDpjrrtFyx4A96nAULp5jtPMaVaiWgdMCsuKpXJhGDy6Auru4C1Z4APScl,0,0,Photos,,,,,Global,179,124,3,3,0,0,0,,,,,179,0,124,0,0,0,0,0,0,0,0,0,0,0,0,0,0,0,0,0,0,0,0,0,,,,,,,,,,,,,,,,,,,,,,,,,,,,,,,,,,,,,,,,,,,,,,,,,,,,,,,,,,,,,,,,,,,,,,,,,,,,,,,,,,,,,,,,,,,,,,,,,,,,,,,,,,,,,,,,,,,,,,,,,,,,,,,,,,,,,,,,,,,,,,,,,,,,,,,,,,,,,,,,,,,,,,,,,,,,,,,,,,,,,,,,,,,,,,,,,,,,,,,,,,,,,
1291053279711742,100064212452334,"Dagan Magazine","Repose en paix Dagan",,0,"12/31/2025 04:28",N/A,https://www.facebook.com/daganmagazine/posts/pfbid02t2YZ6VsjFwKRQRBehbszbLz5NcxuJEvjypq2RuTzWRfq5jEaKHzMpxP3RCHXLhhMl,0,0,Photos,,,,,Global,29122,17236,271,225,35,11,1912,611,1301,,,29122,0,17236,0,0,0,0,0,0,0,0,0,0,0,0,0,0,0,0,0,0,0,0,0,,,,,,,,,,,,,,,,,,,,,,,,,,,,,,,,,,,,,,,,,,,,,,,,,,,,,,,,,,,,,,,,,,,,,,,,,,,,,,,,,,,,,,,,,,,,,,,,,,,,,,,,,,,,,,,,,,,,,,,,,,,,,,,,,,,,,,,,,,,,,,,,,,,,,,,,,,,,,,,,,,,,,,,,,,,,,,,,,,,,,,,,,,,,,,,,,,,,,,,,,,,,,
1291008239716246,100064212452334,"Dagan Magazine","C’est avec une profonde émotion que nous rendons hommage à Rita Télè Mensah Amendah, figure inspirante et femme d’exception, qui a marqué de son empreinte la couverture du 11ᵉ numéro de Dagan Magazine.
Professeure de français, animatrice radiophonique engagée et fervente militante pour les droits des femmes, elle laisse derrière elle un héritage fort, une parole libre et une source d’inspiration pour les générations présentes et futures.
En ces moments de grande tristesse, Dagan Magazine La Femme Togolaise adresse ses sincères condoléances à sa famille, à ses proches et à tous ceux qui ont eu le privilège de croiser son chemin.

🕊️ Repose en paix, chère Dagan.
Ton combat et ta voix continueront de vivre.
BB LOMÉClair Optic TogoSOS DOCTEUR TVKrystal OptiqueDr KODOM Serge MichelSuper sageKrystel Dicoh",,0,"12/31/2025 03:13",N/A,https://www.facebook.com/daganmagazine/posts/pfbid02ziTapNhCq6MHdZAyZmaNQLNSP8tVpd7iw7wNXeZC6zkAm75iZBLEYLvSCQJzb2hsl,0,0,Photos,,,,,Global,2121,1388,22,19,3,0,55,18,37,,,2121,0,1388,0,0,0,0,0,0,0,0,0,0,0,0,0,0,0,0,0,0,0,0,0,,,,,,,,,,,,,,,,,,,,,,,,,,,,,,,,,,,,,,,,,,,,,,,,,,,,,,,,,,,,,,,,,,,,,,,,,,,,,,,,,,,,,,,,,,,,,,,,,,,,,,,,,,,,,,,,,,,,,,,,,,,,,,,,,,,,,,,,,,,,,,,,,,,,,,,,,,,,,,,,,,,,,,,,,,,,,,,,,,,,,,,,,,,,,,,,,,,,,,,,,,,,,
1286648066818930,100064212452334,"Dagan Magazine","🎄✨ Joyeux Noël à toutes et à tous !
Que la magie de cette fête illumine vos cœurs et ceux de vos proches.
DAGAN Magazine",,0,"12/25/2025 00:23",N/A,https://www.facebook.com/daganmagazine/posts/pfbid0B6kiVJDVov8cKDkek9oszkBJU8uBY8odKjqDokCY3UZbZXSjvTYH4hh3oKvEuAZal,0,0,Photos,,,,,Global,173,126,7,6,1,0,5,3,2,,,173,0,126,0,0,0,0,0,0,0,0,0,0,0,0,0,0,0,0,0,0,0,0,0,,,,,,,,,,,,,,,,,,,,,,,,,,,,,,,,,,,,,,,,,,,,,,,,,,,,,,,,,,,,,,,,,,,,,,,,,,,,,,,,,,,,,,,,,,,,,,,,,,,,,,,,,,,,,,,,,,,,,,,,,,,,,,,,,,,,,,,,,,,,,,,,,,,,,,,,,,,,,,,,,,,,,,,,,,,,,,,,,,,,,,,,,,,,,,,,,,,,,,,,,,,,,
1286646713485732,100064212452334,"Dagan Magazine","🎄✨ Joyeux Noël à toutes et à tous !
Que la magie de cette fête illumine vos cœurs et ceux de vos proches.
DAGAN Magazine.
BB LOMÉClair Optic TogoSOS DOCTEUR TVKrystal OptiqueDr KODOM Serge MichelMisstogoSuper sageKrystel Dicoh",,0,"12/25/2025 00:20",N/A,https://www.facebook.com/daganmagazine/posts/pfbid02z66Guej9qubMd9US6U2Fctm1GHQzqGb3NVDzvXDhDzuE6xSq8LwWULm1QR9RpfTMl,0,0,Photos,,,,,Global,187,135,5,4,1,0,6,4,2,,,187,0,135,0,0,0,0,0,0,0,0,0,0,0,0,0,0,0,0,0,0,0,0,0,,,,,,,,,,,,,,,,,,,,,,,,,,,,,,,,,,,,,,,,,,,,,,,,,,,,,,,,,,,,,,,,,,,,,,,,,,,,,,,,,,,,,,,,,,,,,,,,,,,,,,,,,,,,,,,,,,,,,,,,,,,,,,,,,,,,,,,,,,,,,,,,,,,,,,,,,,,,,,,,,,,,,,,,,,,,,,,,,,,,,,,,,,,,,,,,,,,,,,,,,,,,,
1270167051800365,100064212452334,"Dagan Magazine","✨ Que sont-elles devenues ? 👑

Elles ont porté la couronne, charmé le public et marqué l’histoire du concours Miss Togo. Mais après les projecteurs, quelles routes ont-elles empruntées ? 🎓💼💍
Dans ce numéro N°38 du magazine DAGAN,nous revenons sur le parcours inspirant de nos anciennes reines de beauté. Entre entrepreneuriat, carrières internationales, engagements sociaux et vies de famille, découvre ce qu’elles sont devenues, pages 18 à 24.",,0,"12/03/2025 02:33",N/A,https://www.facebook.com/daganmagazine/posts/pfbid02Hwd68a2L5JTP1S3VEjJuKyqdPQ8Lr8SVeERPJKeB2cAz5snxqgShaZ8mrun3oYM5l,0,0,Photos,,,,,Global,349,229,5,4,0,1,4,2,2,,,349,0,229,0,0,0,0,0,0,0,0,0,0,0,0,0,0,0,0,0,0,0,0,0,,,,,,,,,,,,,,,,,,,,,,,,,,,,,,,,,,,,,,,,,,,,,,,,,,,,,,,,,,,,,,,,,,,,,,,,,,,,,,,,,,,,,,,,,,,,,,,,,,,,,,,,,,,,,,,,,,,,,,,,,,,,,,,,,,,,,,,,,,,,,,,,,,,,,,,,,,,,,,,,,,,,,,,,,,,,,,,,,,,,,,,,,,,,,,,,,,,,,,,,,,,,,
1270160791800991,100064212452334,"Dagan Magazine","✨ Que sont-elles devenues ? 👑

Elles ont porté la couronne, charmé le public et marqué l’histoire du concours Miss Togo. Mais après les projecteurs, quelles routes ont-elles empruntées ? 🎓💼💍
Dans ce numéro N°38 du magazine DAGAN,nous revenons sur le parcours inspirant de nos anciennes reines de beauté. Entre entrepreneuriat, carrières internationales, engagements sociaux et vies de famille, découvre ce qu’elles sont devenues, pages 18 à 24.
BB LOMÉClair Optic TogoSOS DOCTEUR TVKrystal OptiqueDr KODOM Serge MichelMisstogoSuper sageFimo228 - Festival international de la Mode au TogoKrystel Dicoh
#MissTogo #DaganMagazine #FemmesInspirantes #BeautéEngagée #ReinesDevenir",,0,"12/03/2025 02:21",N/A,https://www.facebook.com/daganmagazine/posts/pfbid02gYoL5oNW5d9sfY7PNtoa5EgCkADmApF2BiToaFoq5tB21wYLFeNxJeZXJZgpXW3jl,0,0,Photos,,,,,Global,791,495,12,11,0,1,30,17,13,,,791,0,495,0,0,0,0,0,0,0,0,0,0,0,0,0,0,0,0,0,0,0,1,1,,,,,,,,,,,,,,,,,,,,,,,,,,,,,,,,,,,,,,,,,,,,,,,,,,,,,,,,,,,,,,,,,,,,,,,,,,,,,,,,,,,,,,,,,,,,,,,,,,,,,,,,,,,,,,,,,,,,,,,,,,,,,,,,,,,,,,,,,,,,,,,,,,,,,,,,,,,,,,,,,,,,,,,,,,,,,,,,,,,,,,,,,,,,,,,,,,,,,,,,,,,,1,1
1268624075287996,100064212452334,"Dagan Magazine","Les meilleurs moments de Dagan magazine à la 14 eme édition du forum international des femmes entreprenantes dynamiques FIED Faso 2025.
BB LOMÉClair Optic TogoSOS DOCTEUR TVKrystal OptiqueDr KODOM Serge MichelSuper sageMisstogoKrystel Dicoh",,0,"12/01/2025 00:54",N/A,https://www.facebook.com/daganmagazine/posts/pfbid0K2CfPA2TJPXeucD3UxKTtH2yjAcViLx8zifj6hRAMzazsFZjVJNozkM7KMR4n94xl,0,0,Photos,,,,,Global,1053,546,18,15,1,2,85,26,59,,,1053,0,546,0,0,0,0,0,0,0,0,0,0,0,0,0,0,0,0,0,0,0,0,0,,,,,,,,,,,,,,,,,,,,,,,,,,,,,,,,,,,,,,,,,,,,,,,,,,,,,,,,,,,,,,,,,,,,,,,,,,,,,,,,,,,,,,,,,,,,,,,,,,,,,,,,,,,,,,,,,,,,,,,,,,,,,,,,,,,,,,,,,,,,,,,,,,,,,,,,,,,,,,,,,,,,,,,,,,,,,,,,,,,,,,,,,,,,,,,,,,,,,,,,,,,,,
1266397365510667,100064212452334,"Dagan Magazine","DAGAN Magazine au coeur du FIED Faso 2025",,0,"11/28/2025 00:32",N/A,https://www.facebook.com/daganmagazine/posts/pfbid02Fn97HhqHNvK93UsokFeVjcv6Wzs2HSpQaSn7zrK4YJTC4EFZppHMazQqrmEcuu9Tl,0,0,Photos,,,,,Global,538,324,8,7,0,1,25,8,17,,,538,0,324,0,0,0,0,0,0,0,0,0,0,0,0,0,0,0,0,0,0,0,0,0,,,,,,,,,,,,,,,,,,,,,,,,,,,,,,,,,,,,,,,,,,,,,,,,,,,,,,,,,,,,,,,,,,,,,,,,,,,,,,,,,,,,,,,,,,,,,,,,,,,,,,,,,,,,,,,,,,,,,,,,,,,,,,,,,,,,,,,,,,,,,,,,,,,,,,,,,,,,,,,,,,,,,,,,,,,,,,,,,,,,,,,,,,,,,,,,,,,,,,,,,,,,,
1266395622177508,100064212452334,"Dagan Magazine","DAGAN Magazine au cœur de la 14eme édition du forum international des femmes entreprenantes dynamiques FIED Faso 2025
BB LOMÉClair Optic TogoSOS DOCTEUR TVKrystal OptiqueDr KODOM Serge MichelNSIA Vie Assurances TogoSuper sageMisstogoKrystel Dicoh",,0,"11/28/2025 00:29",N/A,https://www.facebook.com/daganmagazine/posts/pfbid0SGmb8PsScbvCugumMnsTNfFUDpEBjCyBGqXvZpKXZipXXeL1dV86L3ZWuGpp4RJal,0,0,Photos,,,,,Global,1032,619,8,8,0,0,78,19,59,,,1032,0,619,0,0,0,0,0,0,0,0,0,0,0,0,0,0,0,0,0,0,0,0,0,,,,,,,,,,,,,,,,,,,,,,,,,,,,,,,,,,,,,,,,,,,,,,,,,,,,,,,,,,,,,,,,,,,,,,,,,,,,,,,,,,,,,,,,,,,,,,,,,,,,,,,,,,,,,,,,,,,,,,,,,,,,,,,,,,,,,,,,,,,,,,,,,,,,,,,,,,,,,,,,,,,,,,,,,,,,,,,,,,,,,,,,,,,,,,,,,,,,,,,,,,,,,
1265307545619649,100064212452334,"Dagan Magazine","En direct du Burkina Faso le forum international des femmes entreprenante dynamique  FIED Faso 2025.",,0,"11/26/2025 13:19",N/A,https://www.facebook.com/daganmagazine/posts/pfbid0nTPjQnsfok4AYnTYa6bvN1XNbiu4TuYhMTB8qKSkzbHitJ52s1UWPFJMgijPrR9yl,0,0,Photos,,,,,Global,964,533,16,12,2,2,63,25,38,,,964,0,533,0,0,0,0,0,0,0,0,0,0,0,0,0,0,0,0,0,0,0,0,0,,,,,,,,,,,,,,,,,,,,,,,,,,,,,,,,,,,,,,,,,,,,,,,,,,,,,,,,,,,,,,,,,,,,,,,,,,,,,,,,,,,,,,,,,,,,,,,,,,,,,,,,,,,,,,,,,,,,,,,,,,,,,,,,,,,,,,,,,,,,,,,,,,,,,,,,,,,,,,,,,,,,,,,,,,,,,,,,,,,,,,,,,,,,,,,,,,,,,,,,,,,,,
1264885365661867,100064212452334,"Dagan Magazine","Nous sommes à la 14 eme édition du forum international des femmes entrepreneurs dynamiques FIED Faso 2025.
BB LOMÉ @FIED Clair Optic TogoSOS DOCTEUR TVKrystal OptiqueDr KODOM Serge MichelKrystel Dicoh",,0,"11/26/2025 01:02",N/A,https://www.facebook.com/daganmagazine/posts/pfbid0usMRWhGNoFEH8C4GxgMKgVtHwd4tVCGFUdYkiYkhC3FaquXKfFe7mB6jimGdJ5egl,0,0,Photos,,,,,Global,282,190,4,2,1,1,1,1,,,,282,0,190,0,0,0,0,0,0,0,0,0,0,0,0,0,0,0,0,0,0,0,0,0,,,,,,,,,,,,,,,,,,,,,,,,,,,,,,,,,,,,,,,,,,,,,,,,,,,,,,,,,,,,,,,,,,,,,,,,,,,,,,,,,,,,,,,,,,,,,,,,,,,,,,,,,,,,,,,,,,,,,,,,,,,,,,,,,,,,,,,,,,,,,,,,,,,,,,,,,,,,,,,,,,,,,,,,,,,,,,,,,,,,,,,,,,,,,,,,,,,,,,,,,,,,,
1258986956251708,100064212452334,"Dagan Magazine",,,0,"11/18/2025 13:29",N/A,https://www.facebook.com/daganmagazine/posts/pfbid0KSzXHAMJ3ToHD2dpwQPaVk25Y4wG4gqDBuvBzPuFJfrrjcXceG4y7ioTNuC1TWFbl,0,0,Photos,,,,,Global,258,181,3,2,0,1,0,,,,,258,0,181,0,0,0,0,0,0,0,0,0,0,0,0,0,0,0,0,0,0,0,0,0,,,,,,,,,,,,,,,,,,,,,,,,,,,,,,,,,,,,,,,,,,,,,,,,,,,,,,,,,,,,,,,,,,,,,,,,,,,,,,,,,,,,,,,,,,,,,,,,,,,,,,,,,,,,,,,,,,,,,,,,,,,,,,,,,,,,,,,,,,,,,,,,,,,,,,,,,,,,,,,,,,,,,,,,,,,,,,,,,,,,,,,,,,,,,,,,,,,,,,,,,,,,,
1258971806253223,100064212452334,"Dagan Magazine","Nous avons l’immense plaisir de vous annoncer la participation de DAGAN La Femme Togolaise en tant qu’exposant officiel à la 14e édition du Forum International des Femmes Entreprenantes et Dynamiques (FIED), qui se tiendra du 25 au 30 novembre 2025 à Ouagadougou, Burkina Faso.🇧🇫 
BB LOMÉClair Optic TogoSOS DOCTEUR TVDr KODOM Serge MichelKrystal OptiqueSuper sageMisstogoKrystel Dicoh",,0,"11/18/2025 12:54",N/A,https://www.facebook.com/daganmagazine/posts/pfbid0RbZe8sZTAovsxr8XuzGKNGCRdwogNXyKDjMhTXLjcwdnpq8sRG1ezeemNVdqvKx9l,0,0,Photos,,,,,Global,380,249,12,9,2,1,9,5,4,,,380,0,249,0,0,0,0,0,0,0,0,0,0,0,0,0,0,0,0,0,0,0,0,0,,,,,,,,,,,,,,,,,,,,,,,,,,,,,,,,,,,,,,,,,,,,,,,,,,,,,,,,,,,,,,,,,,,,,,,,,,,,,,,,,,,,,,,,,,,,,,,,,,,,,,,,,,,,,,,,,,,,,,,,,,,,,,,,,,,,,,,,,,,,,,,,,,,,,,,,,,,,,,,,,,,,,,,,,,,,,,,,,,,,,,,,,,,,,,,,,,,,,,,,,,,,,
1255256163291454,100064212452334,"Dagan Magazine",,,0,"11/13/2025 21:13",N/A,https://www.facebook.com/daganmagazine/posts/pfbid0STFfsrKojig4ixDNV3f13moqh18To3hCoZj1oXhvZNUPtpmK75CKK8hRbRpmotvTl,0,0,Photos,,,,,Global,178,128,3,3,0,0,0,,,,,178,0,128,0,0,0,0,0,0,0,0,0,0,0,0,0,0,0,0,0,0,0,0,0,,,,,,,,,,,,,,,,,,,,,,,,,,,,,,,,,,,,,,,,,,,,,,,,,,,,,,,,,,,,,,,,,,,,,,,,,,,,,,,,,,,,,,,,,,,,,,,,,,,,,,,,,,,,,,,,,,,,,,,,,,,,,,,,,,,,,,,,,,,,,,,,,,,,,,,,,,,,,,,,,,,,,,,,,,,,,,,,,,,,,,,,,,,,,,,,,,,,,,,,,,,,,
1254648660018871,100064212452334,"Dagan Magazine","Bon jeudi à tous.
BB LOMÉSOS DOCTEUR TVClair Optic TogoDr KODOM Serge MichelNSIA Vie Assurances TogoKrystal Optique",,0,"11/13/2025 02:46",N/A,https://www.facebook.com/daganmagazine/posts/pfbid0smh94vVSbNnG7orUkDJ5tybhgLc41551WSSNTf2yiJbF8rWfjaMssj6HL2B7rMxwl,0,0,Photos,,,,,Global,263,181,6,5,0,1,0,,,,,263,0,181,0,0,0,0,0,0,0,0,0,0,0,0,0,0,0,0,0,0,0,0,0,,,,,,,,,,,,,,,,,,,,,,,,,,,,,,,,,,,,,,,,,,,,,,,,,,,,,,,,,,,,,,,,,,,,,,,,,,,,,,,,,,,,,,,,,,,,,,,,,,,,,,,,,,,,,,,,,,,,,,,,,,,,,,,,,,,,,,,,,,,,,,,,,,,,,,,,,,,,,,,,,,,,,,,,,,,,,,,,,,,,,,,,,,,,,,,,,,,,,,,,,,,,,
1252677976882606,100064212452334,"Dagan Magazine","Dagan Magazine N°38:  
""Dénoncer un Harcèlement Sexuel ou se Taire ?""

Un sujet délicat qui traite du choix entre le silence imposé par la peur et le courage de parler pour se faire justice, tout en préservant sa dignité.
À lire en page 16-17, dans la Rubrique Conseil de Dagan.  
Un article essentiel pour mieux comprendre, s’informer et agir.",,0,"11/10/2025 22:19",N/A,https://www.facebook.com/daganmagazine/posts/pfbid02T7hF9y6K6BiV5TyHiUc7ZN9mx8aLTzcWkohZAFV3JggDPMJPoXN9cMaftuH7phzyl,0,0,Photos,,,,,Global,91,68,1,1,0,0,4,2,2,,,91,0,68,0,0,0,0,0,0,0,0,0,0,0,0,0,0,0,0,0,0,0,0,0,,,,,,,,,,,,,,,,,,,,,,,,,,,,,,,,,,,,,,,,,,,,,,,,,,,,,,,,,,,,,,,,,,,,,,,,,,,,,,,,,,,,,,,,,,,,,,,,,,,,,,,,,,,,,,,,,,,,,,,,,,,,,,,,,,,,,,,,,,,,,,,,,,,,,,,,,,,,,,,,,,,,,,,,,,,,,,,,,,,,,,,,,,,,,,,,,,,,,,,,,,,,,
1252672520216485,100064212452334,"Dagan Magazine","Dagan Magazine N°38:  
""Dénoncer un Harcèlement Sexuel ou se Taire ?""

Un sujet délicat qui traite du choix entre le silence imposé par la peur et le courage de parler pour se faire justice, tout en préservant sa dignité.
À lire en page 16-17, dans la Rubrique Conseil de Dagan.  
Un article essentiel pour mieux comprendre, s’informer et agir.
BB LOMÉClair Optic TogoSOS DOCTEUR TVDr KODOM Serge MichelKrystal OptiqueMisstogoKrystel Dicoh",,0,"11/10/2025 22:10",N/A,https://www.facebook.com/daganmagazine/posts/pfbid0dHDF1C3urvYTarQ9CpFACfZLnNHyoVTZzJUnMGPHu4JsrdsKy872szejFtoXn2Tcl,0,0,Photos,,,,,Global,175,129,5,4,0,1,3,1,2,,,175,0,129,0,0,0,0,0,0,0,0,0,0,0,0,0,0,0,0,0,0,0,0,0,,,,,,,,,,,,,,,,,,,,,,,,,,,,,,,,,,,,,,,,,,,,,,,,,,,,,,,,,,,,,,,,,,,,,,,,,,,,,,,,,,,,,,,,,,,,,,,,,,,,,,,,,,,,,,,,,,,,,,,,,,,,,,,,,,,,,,,,,,,,,,,,,,,,,,,,,,,,,,,,,,,,,,,,,,,,,,,,,,,,,,,,,,,,,,,,,,,,,,,,,,,,,
1249317510551986,100064212452334,"Dagan Magazine",,,0,"11/07/2025 05:51",N/A,https://www.facebook.com/daganmagazine/posts/pfbid0wivbaKgPEtHvMA6wWRWSQA8BDqQYS8p7ZLdRPci71HEv961C7SUa9htCkHMB5pqal,0,0,Photos,,,,,Global,239,164,5,4,0,1,5,2,3,,,239,0,164,0,0,0,0,0,0,0,0,0,0,0,0,0,0,0,0,0,0,0,0,0,,,,,,,,,,,,,,,,,,,,,,,,,,,,,,,,,,,,,,,,,,,,,,,,,,,,,,,,,,,,,,,,,,,,,,,,,,,,,,,,,,,,,,,,,,,,,,,,,,,,,,,,,,,,,,,,,,,,,,,,,,,,,,,,,,,,,,,,,,,,,,,,,,,,,,,,,,,,,,,,,,,,,,,,,,,,,,,,,,,,,,,,,,,,,,,,,,,,,,,,,,,,,
1249275627222841,100064212452334,"Dagan Magazine","Magazine DAGAN (La Femme Togolaise), édition N°38, mettant en lumière un sujet essentiel :  
""Comment profiter pleinement de sa retraite ?""

À découvrir en page 14-15 dans la rubrique Bien-Être.
Un guide inspirant pour vivre sa retraite avec joie, sérénité et épanouissement ✨
BB LOMÉClair Optic TogoSOS DOCTEUR TVKrystal OptiqueDr KODOM Serge MichelSuper sageKrystel Dicohicoh",,0,"11/07/2025 04:52",N/A,https://www.facebook.com/daganmagazine/posts/pfbid02j779w2JSohViE9xi7oH26fa3sYtiqT6zckBk1oDGMoaJaX3iaVUUzP42cjZt5Pzql,0,0,Photos,,,,,Global,270,166,5,4,0,1,4,2,2,,,270,0,166,0,0,0,0,0,0,0,0,0,0,0,0,0,0,0,0,0,0,0,0,0,,,,,,,,,,,,,,,,,,,,,,,,,,,,,,,,,,,,,,,,,,,,,,,,,,,,,,,,,,,,,,,,,,,,,,,,,,,,,,,,,,,,,,,,,,,,,,,,,,,,,,,,,,,,,,,,,,,,,,,,,,,,,,,,,,,,,,,,,,,,,,,,,,,,,,,,,,,,,,,,,,,,,,,,,,,,,,,,,,,,,,,,,,,,,,,,,,,,,,,,,,,,,
1245951724221898,100064212452334,"Dagan Magazine",,,0,"11/03/2025 06:45",N/A,https://www.facebook.com/daganmagazine/posts/pfbid0DJXiNRFp1DxGg43fRZLiyLzH5tvgxvRG6GE4j2DXLzmD8mUGH6hjXC1AtbiQ4zwrl,0,0,Photos,,,,,Global,2131,1478,8,7,0,1,13,9,4,,,2131,0,1478,0,0,0,0,0,0,0,0,0,0,0,0,0,0,0,0,0,0,0,0,0,,,,,,,,,,,,,,,,,,,,,,,,,,,,,,,,,,,,,,,,,,,,,,,,,,,,,,,,,,,,,,,,,,,,,,,,,,,,,,,,,,,,,,,,,,,,,,,,,,,,,,,,,,,,,,,,,,,,,,,,,,,,,,,,,,,,,,,,,,,,,,,,,,,,,,,,,,,,,,,,,,,,,,,,,,,,,,,,,,,,,,,,,,,,,,,,,,,,,,,,,,,,,
1245929634224107,100064212452334,"Dagan Magazine","Le magazine DAGAN La Femme Togolaise,mettant en avant la Rubrique Couple dans le numéro 38,pages 12-13.
Le thème abordé est : Ce qu’il ne faut plus faire quand on se marie ! une invitation à mieux vivre son mariage en identifiant les erreurs à éviter.  BB LOMÉClair Optic TogoNSIA Vie Assurances TogoKrystal OptiqueSOS DOCTEUR TVDr KODOM Serge MichelMisstogoSuper sage",,0,"11/03/2025 06:16",N/A,https://www.facebook.com/daganmagazine/posts/pfbid02NCf231EY3gs2hkjdxmi37tMvP2bfpx1AtddmgpaVu5NQgtMY8Gb1LaHwoAS64mWRl,0,0,Photos,,,,,Global,668,449,13,12,0,1,5,3,2,,,668,0,449,0,0,0,0,0,0,0,0,0,0,0,0,0,0,0,0,0,0,0,0,0,,,,,,,,,,,,,,,,,,,,,,,,,,,,,,,,,,,,,,,,,,,,,,,,,,,,,,,,,,,,,,,,,,,,,,,,,,,,,,,,,,,,,,,,,,,,,,,,,,,,,,,,,,,,,,,,,,,,,,,,,,,,,,,,,,,,,,,,,,,,,,,,,,,,,,,,,,,,,,,,,,,,,,,,,,,,,,,,,,,,,,,,,,,,,,,,,,,,,,,,,,,,,
1241365131347224,100064212452334,"Dagan Magazine","La rubrique Beauté du magazine Dagan N°38 (page8) consacrée à la routine de beauté à adopter le jour du mariage.
On y rappelle l’importance d’un visage éclatant pour la mariée, avec des conseils pratiques pour éviter les erreurs et rester radieuse toute la journée.
chaque détail compte le jour J, surtout côté maquillage.😉
BB LOMÉClair Optic TogoKrystal OptiqueDr KODOM Serge MichelMisstogoNico le SageNew Africdesign TvtNSIA Vie Assurances TogoKrystel Dicoh",,0,"10/29/2025 01:40",N/A,https://www.facebook.com/daganmagazine/posts/pfbid0oi1xyZmoAyyzAcZy6W76LfhUnLi2EjFDC6QSuSxwwFNiHXgBpha8FX6K44UkQ1pXl,0,0,Photos,,,,,Global,245,174,8,6,1,1,8,6,2,,,245,0,174,0,0,0,0,0,0,0,0,0,0,0,0,0,0,0,0,0,0,0,0,0,,,,,,,,,,,,,,,,,,,,,,,,,,,,,,,,,,,,,,,,,,,,,,,,,,,,,,,,,,,,,,,,,,,,,,,,,,,,,,,,,,,,,,,,,,,,,,,,,,,,,,,,,,,,,,,,,,,,,,,,,,,,,,,,,,,,,,,,,,,,,,,,,,,,,,,,,,,,,,,,,,,,,,,,,,,,,,,,,,,,,,,,,,,,,,,,,,,,,,,,,,,,,
1239986704818400,100064212452334,"Dagan Magazine",,,0,"10/27/2025 09:54",N/A,https://www.facebook.com/daganmagazine/posts/pfbid028NKRauQ8Wp3RtHnRwDT4HtFAuBnFHuoBRCFkaSGrWPz4AFEj2TCYUPiZYQVqmRPl,0,0,Photos,,,,,Global,341,237,8,6,1,1,5,4,1,,,341,0,237,0,0,0,0,0,0,0,0,0,0,0,0,0,0,0,0,0,0,0,0,0,,,,,,,,,,,,,,,,,,,,,,,,,,,,,,,,,,,,,,,,,,,,,,,,,,,,,,,,,,,,,,,,,,,,,,,,,,,,,,,,,,,,,,,,,,,,,,,,,,,,,,,,,,,,,,,,,,,,,,,,,,,,,,,,,,,,,,,,,,,,,,,,,,,,,,,,,,,,,,,,,,,,,,,,,,,,,,,,,,,,,,,,,,,,,,,,,,,,,,,,,,,,,
1239749888175415,100064212452334,"Dagan Magazine","Bonne semaine de bonheur à tous 
BB LOMÉClair Optic TogoSOS DOCTEUR TVNSIA Vie Assurances TogoDr KODOM Serge MichelKrystal OptiqueMisstogoSuper sageKrystel Dicoh",,0,"10/27/2025 04:15",N/A,https://www.facebook.com/daganmagazine/posts/pfbid02BxLQFKc7hREftWDCHmqqdKXwbzdCKGpDRE94XC1eGc2YJtx2uEkN1k2WsdBJc9pRl,0,0,Photos,,,,,Global,432,305,10,8,1,1,9,6,3,,,432,0,305,0,0,0,0,0,0,0,0,0,0,0,0,0,0,0,0,0,0,0,0,0,,,,,,,,,,,,,,,,,,,,,,,,,,,,,,,,,,,,,,,,,,,,,,,,,,,,,,,,,,,,,,,,,,,,,,,,,,,,,,,,,,,,,,,,,,,,,,,,,,,,,,,,,,,,,,,,,,,,,,,,,,,,,,,,,,,,,,,,,,,,,,,,,,,,,,,,,,,,,,,,,,,,,,,,,,,,,,,,,,,,,,,,,,,,,,,,,,,,,,,,,,,,,
1234603682023369,100064212452334,"Dagan Magazine","Dans le 38ème numéro DAGAN Magazine La Femme Togolaise met en avant les femmes et hommes qui redéfinissent la mode à travers l’inclusion.
Une démarche innovante et humaine, où la couture devient un outil d’autonomie, d’expression et de dignité pour les personnes en situation de handicap.
Une belle illustration de la créativité togolaise au service de la diversité et de la solidarité. 💡🇹🇬
📖 À lire dans la rubrique Mode, pages 6 et 7.",,0,"10/21/2025 08:30",N/A,https://www.facebook.com/daganmagazine/posts/pfbid02uv5k3msgQzVvftQ4XR6o5iTwvJNY2m2vbfGXgiVmD4Z9av1WmfnHXsbfZLz8Ndfql,0,0,Photos,,,,,Global,117,86,2,2,0,0,0,,,,,117,0,86,0,0,0,0,0,0,0,0,0,0,0,0,0,0,0,0,0,0,0,0,0,,,,,,,,,,,,,,,,,,,,,,,,,,,,,,,,,,,,,,,,,,,,,,,,,,,,,,,,,,,,,,,,,,,,,,,,,,,,,,,,,,,,,,,,,,,,,,,,,,,,,,,,,,,,,,,,,,,,,,,,,,,,,,,,,,,,,,,,,,,,,,,,,,,,,,,,,,,,,,,,,,,,,,,,,,,,,,,,,,,,,,,,,,,,,,,,,,,,,,,,,,,,,
1234601535356917,100064212452334,"Dagan Magazine","🧵 Mode inclusive : quand la couture s’adapte au handicap.

Dans le 38ème numéro DAGAN Magazine La Femme Togolaise met en avant les femmes et hommes qui redéfinissent la mode à travers l’inclusion.
Une démarche innovante et humaine, où la couture devient un outil d’autonomie, d’expression et de dignité pour les personnes en situation de handicap.
Une belle illustration de la créativité togolaise au service de la diversité et de la solidarité. 💡🇹🇬
📖 À lire dans la rubrique Mode, pages 6 et 7.
Clair Optic Togo BB LOMÉ Krystal Optique SOS DOCTEUR TV NSIA Vie Assurances Togo Misstogo Dr KODOM Serge Michel Super sage Nico le Sage #DaganMagazine",,0,"10/21/2025 08:28",N/A,https://www.facebook.com/daganmagazine/posts/pfbid0EH6pfQD4u9UzMX5U4QW9GtV73fKf9ouW5uJ8VSB5vy3G9PYbPdpKZ8fzSo2sqDE1l,0,0,Photos,,,,,Global,254,164,7,6,1,0,1,,1,,,254,0,164,0,0,0,0,0,0,0,0,0,0,0,0,0,0,0,0,0,0,0,0,0,,,,,,,,,,,,,,,,,,,,,,,,,,,,,,,,,,,,,,,,,,,,,,,,,,,,,,,,,,,,,,,,,,,,,,,,,,,,,,,,,,,,,,,,,,,,,,,,,,,,,,,,,,,,,,,,,,,,,,,,,,,,,,,,,,,,,,,,,,,,,,,,,,,,,,,,,,,,,,,,,,,,,,,,,,,,,,,,,,,,,,,,,,,,,,,,,,,,,,,,,,,,,
1234352598715144,100064212452334,"Dagan Magazine",,,0,"10/21/2025 02:21",N/A,https://www.facebook.com/daganmagazine/posts/pfbid0BwgRz6LXihw3s616KWeY3LVxecy19kVjg3v2kaDwYR8LKnzj63DkBeoxFwrYb16Fl,0,0,Photos,,,,,Global,183,129,3,3,0,0,3,1,2,,,183,0,129,0,0,0,0,0,0,0,0,0,0,0,0,0,0,0,0,0,0,0,0,0,,,,,,,,,,,,,,,,,,,,,,,,,,,,,,,,,,,,,,,,,,,,,,,,,,,,,,,,,,,,,,,,,,,,,,,,,,,,,,,,,,,,,,,,,,,,,,,,,,,,,,,,,,,,,,,,,,,,,,,,,,,,,,,,,,,,,,,,,,,,,,,,,,,,,,,,,,,,,,,,,,,,,,,,,,,,,,,,,,,,,,,,,,,,,,,,,,,,,,,,,,,,,
1233982068752197,100064212452334,"Dagan Magazine",,,0,"10/20/2025 15:11",N/A,https://www.facebook.com/daganmagazine/posts/pfbid02Uz96HDYWxj5nXm8mTKJAqGAVBDg82cmtgAGcdvVzzudmUNn7A8oTbn4gjfa8tVejl,0,0,Photos,,,,,Global,374,233,7,5,1,1,5,4,1,,,374,0,233,0,0,0,0,0,0,0,0,0,0,0,0,0,0,0,0,0,0,0,0,0,,,,,,,,,,,,,,,,,,,,,,,,,,,,,,,,,,,,,,,,,,,,,,,,,,,,,,,,,,,,,,,,,,,,,,,,,,,,,,,,,,,,,,,,,,,,,,,,,,,,,,,,,,,,,,,,,,,,,,,,,,,,,,,,,,,,,,,,,,,,,,,,,,,,,,,,,,,,,,,,,,,,,,,,,,,,,,,,,,,,,,,,,,,,,,,,,,,,,,,,,,,,,
1230007202483017,100064212452334,"Dagan Magazine",,,0,"10/16/2025 02:26",N/A,https://www.facebook.com/daganmagazine/posts/pfbid02auAmfoAcyAp1gMnT3mQCZg7ZnNz9jN8cvFgu4yCuWNUcLowwhSN8SV1WaTvMcMyZl,0,0,Photos,,,,,Global,165,123,2,2,0,0,3,2,1,,,165,0,123,0,0,0,0,0,0,0,0,0,0,0,0,0,0,0,0,0,0,0,0,0,,,,,,,,,,,,,,,,,,,,,,,,,,,,,,,,,,,,,,,,,,,,,,,,,,,,,,,,,,,,,,,,,,,,,,,,,,,,,,,,,,,,,,,,,,,,,,,,,,,,,,,,,,,,,,,,,,,,,,,,,,,,,,,,,,,,,,,,,,,,,,,,,,,,,,,,,,,,,,,,,,,,,,,,,,,,,,,,,,,,,,,,,,,,,,,,,,,,,,,,,,,,,
1229475792536158,100064212452334,"Dagan Magazine","Le sommaire du 38eme numéro de Dagan magazine.
BB LOMÉSOS DOCTEUR TVClair Optic TogoKrystal OptiqueDr KODOM Serge MichelSuper sageKrystel Dicoh",,0,"10/15/2025 10:29",N/A,https://www.facebook.com/daganmagazine/posts/pfbid02kC7yoxnQUaG34Qpiy3Ex9uFSwSxNiVoXxmfvEipdkNS7SvyrVKQzVyRMuX7jN5NEl,0,0,Photos,,,,,Global,388,248,13,11,1,1,8,5,3,,,388,0,248,0,0,0,0,0,0,0,0,0,0,0,0,0,0,0,0,0,0,0,0,0,,,,,,,,,,,,,,,,,,,,,,,,,,,,,,,,,,,,,,,,,,,,,,,,,,,,,,,,,,,,,,,,,,,,,,,,,,,,,,,,,,,,,,,,,,,,,,,,,,,,,,,,,,,,,,,,,,,,,,,,,,,,,,,,,,,,,,,,,,,,,,,,,,,,,,,,,,,,,,,,,,,,,,,,,,,,,,,,,,,,,,,,,,,,,,,,,,,,,,,,,,,,,
1228389852644752,100064212452334,"Dagan Magazine","Dagan Magazine est avec Comité National Miss Togo et 6.",,0,"10/14/2025 05:15",N/A,https://www.facebook.com/daganmagazine/posts/pfbid02ubWvyKZzbFEJTNv3nzmkd818HuvGuQzb8kW3AF9BAyj5iuUjMXNgg3ckPgLepqsXl,0,0,Photos,,,,,Global,281,174,9,7,1,1,8,4,4,,,281,0,174,0,0,0,0,0,0,0,0,0,0,0,0,0,0,0,0,0,0,0,0,0,,,,,,,,,,,,,,,,,,,,,,,,,,,,,,,,,,,,,,,,,,,,,,,,,,,,,,,,,,,,,,,,,,,,,,,,,,,,,,,,,,,,,,,,,,,,,,,,,,,,,,,,,,,,,,,,,,,,,,,,,,,,,,,,,,,,,,,,,,,,,,,,,,,,,,,,,,,,,,,,,,,,,,,,,,,,,,,,,,,,,,,,,,,,,,,,,,,,,,,,,,,,,
1228387845978286,100064212452334,"Dagan Magazine","Dagan 38 est la parution du dernier numéro de l’année 2025, réalisé en collaboration avec le Comité Miss Togo à l’occasion du 30e anniversaire du concours. Deux parutions mettront à l'honneur trente anciennes reines de beauté à travers le thème « Qu’êtes-vous devenue ? ».
Ce 38 eme numéro revient aussi sur plusieurs événements culturels marquants de l’année, comme le FESMA et les Awougnon Awards, tout en maintenant les rubriques habituelles sur la santé, la vie de femme, et les questions sociales mariage, retraite, harcèlement, etc.
Enfin, la Directrice de publication remercie les anciennes Miss et le président du Comité Miss Togo, Gaspard Baka, pour leur collaboration, et adresse ses vœux de fin d’année aux lecteurs.
BB LOMÉSOS DOCTEUR TVDr KODOM Serge MichelMisstogoKrystal OptiqueSuper sageClair Optic TogoKrystel Dicoh
#DaganMagazine",,0,"10/14/2025 05:11",N/A,https://www.facebook.com/daganmagazine/posts/pfbid0b2QZRJ5goez4a2dWZtwgUVWKWBuxorFJm8PbRJwir8cR18SzFR5z5h2L5AaUq7Gl,0,0,Photos,,,,,Global,320,206,12,11,0,1,4,2,2,,,320,0,206,0,0,0,0,0,0,0,0,0,0,0,0,0,0,0,0,0,0,0,0,0,,,,,,,,,,,,,,,,,,,,,,,,,,,,,,,,,,,,,,,,,,,,,,,,,,,,,,,,,,,,,,,,,,,,,,,,,,,,,,,,,,,,,,,,,,,,,,,,,,,,,,,,,,,,,,,,,,,,,,,,,,,,,,,,,,,,,,,,,,,,,,,,,,,,,,,,,,,,,,,,,,,,,,,,,,,,,,,,,,,,,,,,,,,,,,,,,,,,,,,,,,,,,
1228374565979614,100064212452334,"Dagan Magazine","Dagan Magazine a changé sa photo de couverture.",,0,"10/14/2025 04:52",N/A,https://www.facebook.com/photo.php?fbid=1228374565979614&set=a.448628193954259&type=3,0,0,Photos,,,,,Global,23,21,7,5,1,1,1,1,,,,23,0,21,0,0,0,0,0,0,0,0,0,0,0,0,0,0,0,0,0,0,0,0,0,,,,,,,,,,,,,,,,,,,,,,,,,,,,,,,,,,,,,,,,,,,,,,,,,,,,,,,,,,,,,,,,,,,,,,,,,,,,,,,,,,,,,,,,,,,,,,,,,,,,,,,,,,,,,,,,,,,,,,,,,,,,,,,,,,,,,,,,,,,,,,,,,,,,,,,,,,,,,,,,,,,,,,,,,,,,,,,,,,,,,,,,,,,,,,,,,,,,,,,,,,,,,
1228354472648290,100064212452334,"Dagan Magazine","Dagan Magazine a une nouvelle photo.",,0,"10/14/2025 04:19",N/A,https://www.facebook.com/photo.php?fbid=1228354472648290&set=a.448628190620926&type=3,0,0,Photos,,,,,Global,195,139,6,5,0,1,0,,,,,195,0,139,0,0,0,0,0,0,0,0,0,0,0,0,0,0,0,0,0,0,0,0,0,,,,,,,,,,,,,,,,,,,,,,,,,,,,,,,,,,,,,,,,,,,,,,,,,,,,,,,,,,,,,,,,,,,,,,,,,,,,,,,,,,,,,,,,,,,,,,,,,,,,,,,,,,,,,,,,,,,,,,,,,,,,,,,,,,,,,,,,,,,,,,,,,,,,,,,,,,,,,,,,,,,,,,,,,,,,,,,,,,,,,,,,,,,,,,,,,,,,,,,,,,,,,
1225654839584920,100064212452334,"Dagan Magazine","*Le Togo au Mondial du Pain 2025 : une première historique !*

Pour la première fois, le *Togo* participera à l’un des concours de boulangerie les plus prestigieux au monde : le *Mondial du Pain* , qui se tiendra à *Nantes (France* ) du *19 au 23 octobre 2025* .

Le pays sera fièrement représenté par 👨🏽‍🍳 *Marcel WONA* , 👨🏽‍🍳 *Michel LOGOSSOU* et 🧑🏽‍🍳 *Akouvi MONKPLA* , une équipe talentueuse qui défendra nos couleurs avec des créations audacieuses à base de _sorgho_ , _manioc_ , _cacao_ et _patate douce_ . 

✨ Un savoir-faire togolais unique, prêt à conquérir les papilles du monde entier !

📲 Contactez l'équipe : *90 90 88 85 / 96 28 26 28*

#MondialDuPain #2025 #Togo #Boulangerie #SaveursDuTogo",,0,"10/11/2025 01:12",N/A,https://www.facebook.com/daganmagazine/posts/pfbid02xzK7MHxmfzZHxqsHrTVRQoaetQ9tUzwiJog77gfDHNaZvvtCx53XciF1f76mWq3Tl,0,0,Photos,,,,,Global,432,307,4,2,1,1,7,5,2,,,432,0,307,0,0,0,0,0,0,0,0,0,0,0,0,0,0,0,0,0,0,0,0,0,,,,,,,,,,,,,,,,,,,,,,,,,,,,,,,,,,,,,,,,,,,,,,,,,,,,,,,,,,,,,,,,,,,,,,,,,,,,,,,,,,,,,,,,,,,,,,,,,,,,,,,,,,,,,,,,,,,,,,,,,,,,,,,,,,,,,,,,,,,,,,,,,,,,,,,,,,,,,,,,,,,,,,,,,,,,,,,,,,,,,,,,,,,,,,,,,,,,,,,,,,,,,
1225651919585212,100064212452334,"Dagan Magazine","*Le Togo au Mondial du Pain 2025 : une première historique !*

Pour la première fois, le *Togo* participera à l’un des concours de boulangerie les plus prestigieux au monde : le *Mondial du Pain* , qui se tiendra à *Nantes (France* ) du *19 au 23 octobre 2025* .

Le pays sera fièrement représenté par 👨🏽‍🍳 *Marcel WONA* , 👨🏽‍🍳 *Michel LOGOSSOU* et 🧑🏽‍🍳 *Akouvi MONKPLA* , une équipe talentueuse qui défendra nos couleurs avec des créations audacieuses à base de _sorgho_ , _manioc_ , _cacao_ et _patate douce_ . 

✨ Un savoir-faire togolais unique, prêt à conquérir les papilles du monde entier !

📲 Contactez l'équipe : *90 90 88 85 / 96 28 26 28*

#MondialDuPain #2025 #Togo #Boulangerie #SaveursDuTogo",,0,"10/11/2025 01:08",N/A,https://www.facebook.com/daganmagazine/posts/pfbid02ex5dWyEwjbnQ3W8BDfh5kEDejNVW6L2UQCzdL4G3Zu23PC5vSqVNpudnZbQgU4TVl,0,0,Photos,,,,,Global,418,272,10,6,3,1,6,5,1,,,418,0,272,0,0,0,0,0,0,0,0,0,0,0,0,0,0,0,0,0,0,0,0,0,,,,,,,,,,,,,,,,,,,,,,,,,,,,,,,,,,,,,,,,,,,,,,,,,,,,,,,,,,,,,,,,,,,,,,,,,,,,,,,,,,,,,,,,,,,,,,,,,,,,,,,,,,,,,,,,,,,,,,,,,,,,,,,,,,,,,,,,,,,,,,,,,,,,,,,,,,,,,,,,,,,,,,,,,,,,,,,,,,,,,,,,,,,,,,,,,,,,,,,,,,,,,
1217628227054248,100064212452334,"Dagan Magazine","Le magazine Dagan rend hommage avec émotion à Ahlìnba Kékéli Florence Barrigah, née Kuaovi, figure emblématique du 14ᵉ numéro. Femme de courage et d'élégance, elle restera un symbole de dignité pour la jeune génération. Dagan Magazine exprime sa profonde tristesse face à son décès et présente ses sincères condoléances à sa famille et à ses proches.

Repose en paix, chère Dagan.",,0,"10/02/2025 13:21",N/A,https://www.facebook.com/daganmagazine/posts/pfbid0pQRccZ2QfqSq42u5ZvPVLbkexSJHFkVtBtQ5hoze3Ab27YRPJ8Do9AA9b3F8ET8Tl,0,0,Photos,,,,,Global,376,252,9,7,1,1,9,3,6,,,376,0,252,0,0,0,0,0,0,0,0,0,0,0,0,0,0,0,0,0,0,0,0,0,,,,,,,,,,,,,,,,,,,,,,,,,,,,,,,,,,,,,,,,,,,,,,,,,,,,,,,,,,,,,,,,,,,,,,,,,,,,,,,,,,,,,,,,,,,,,,,,,,,,,,,,,,,,,,,,,,,,,,,,,,,,,,,,,,,,,,,,,,,,,,,,,,,,,,,,,,,,,,,,,,,,,,,,,,,,,,,,,,,,,,,,,,,,,,,,,,,,,,,,,,,,,
1217530383730699,100064212452334,"Dagan Magazine","Le magazine Dagan rend hommage avec émotion à Ahlinba Kékéli Florence Barrigah,née Kuaovi, figure emblématique du 14ᵉ numéro. Femme de courage et d'élégance, elle restera un symbole de dignité pour la jeune génération. Dagan Magazine exprime sa profonde tristesse face à son décès et présente ses sincères condoléances à sa famille et à ses proches.

Repose en paix, chère Dagan.",,0,"10/02/2025 10:42",N/A,https://www.facebook.com/daganmagazine/posts/pfbid0KBV3V9YCNWfLmTtg88ChQcsYsop6vEQdDZgkGKYFL9PZ7QzFwHbtkwEhj7AXVLZ9l,0,0,Photos,,,,,Global,541,360,11,10,0,1,22,7,15,,,541,0,360,0,0,0,0,0,0,0,0,0,0,0,0,0,0,0,0,0,0,0,0,0,,,,,,,,,,,,,,,,,,,,,,,,,,,,,,,,,,,,,,,,,,,,,,,,,,,,,,,,,,,,,,,,,,,,,,,,,,,,,,,,,,,,,,,,,,,,,,,,,,,,,,,,,,,,,,,,,,,,,,,,,,,,,,,,,,,,,,,,,,,,,,,,,,,,,,,,,,,,,,,,,,,,,,,,,,,,,,,,,,,,,,,,,,,,,,,,,,,,,,,,,,,,,
1217245793759158,100064212452334,"Dagan Magazine","Un nouveau mois, de nouvelles opportunités, une nouvelle énergie.  
Que chaque jour d’octobre vous apporte paix, courage et inspiration.  
Bon mois à tous avec Dagan Magazine !
BB LOMÉSOS DOCTEUR TVNSIA Vie Assurances TogoClair Optic TogoKrystal OptiqueDr KODOM Serge MichelSuper sageNew Africdesign TvtMisstogoEcobank TogoKrystel Dicoh",,0,"10/02/2025 04:13",N/A,https://www.facebook.com/daganmagazine/posts/pfbid02ko4vJpJHZ3ipo6anuY9ZpuGJvxpdQfWwCGvsUmz6gWhRrkeAX496Nxn82GUKdnZEl,0,0,Photos,,,,,Global,172,119,8,6,1,1,3,2,1,,,172,0,119,0,0,0,0,0,0,0,0,0,0,0,0,0,0,0,0,0,0,0,0,0,,,,,,,,,,,,,,,,,,,,,,,,,,,,,,,,,,,,,,,,,,,,,,,,,,,,,,,,,,,,,,,,,,,,,,,,,,,,,,,,,,,,,,,,,,,,,,,,,,,,,,,,,,,,,,,,,,,,,,,,,,,,,,,,,,,,,,,,,,,,,,,,,,,,,,,,,,,,,,,,,,,,,,,,,,,,,,,,,,,,,,,,,,,,,,,,,,,,,,,,,,,,,
1214678720682532,100064212452334,"Dagan Magazine","Dagan Magazine est avec NSIA Assurances Togo et 6.",,0,"09/29/2025 07:19",N/A,https://www.facebook.com/daganmagazine/posts/pfbid0nhGB2Xj3i8XNiSs2Mtb2TtyeEi7ozBx1oaJRtY9acWKW1i1CLwSiM9bETcowF56Rl,0,0,Photos,,,,,Global,289,204,7,6,0,1,3,1,2,,,289,0,204,0,0,0,0,0,0,0,0,0,0,0,0,0,0,0,0,0,0,0,0,0,,,,,,,,,,,,,,,,,,,,,,,,,,,,,,,,,,,,,,,,,,,,,,,,,,,,,,,,,,,,,,,,,,,,,,,,,,,,,,,,,,,,,,,,,,,,,,,,,,,,,,,,,,,,,,,,,,,,,,,,,,,,,,,,,,,,,,,,,,,,,,,,,,,,,,,,,,,,,,,,,,,,,,,,,,,,,,,,,,,,,,,,,,,,,,,,,,,,,,,,,,,,,
1214676750682729,100064212452334,"Dagan Magazine","Commence ta semaine avec sagesse et espoir. Comme le dit Massan M'WONUDÉO alias «Abloto>> La patience paie toujours. Chaque défi forge le succès.Peu importe les épreuves du moment, garde confiance. Chaque pas compte vers ton accomplissement. Bonne semaine avec DAGAN Magazine !
BB LOMÉSOS DOCTEUR TVNSIA Vie Assurances TogoClair Optic TogoDr KODOM Serge MichelSuper sageNew Africdesign TvtLight RadioKrystal OptiqueKrystel Dicoh",,0,"09/29/2025 07:16",N/A,https://www.facebook.com/daganmagazine/posts/pfbid025jcaquiXJ3sgXwR2KcJMfMsyHsWui97rxQEgdcEsuxFke3MihntgGycFS9ugFmdTl,0,0,Photos,,,,,Global,111,77,2,2,0,0,0,,,,,111,0,77,0,0,0,0,0,0,0,0,0,0,0,0,0,0,0,0,0,0,0,0,0,,,,,,,,,,,,,,,,,,,,,,,,,,,,,,,,,,,,,,,,,,,,,,,,,,,,,,,,,,,,,,,,,,,,,,,,,,,,,,,,,,,,,,,,,,,,,,,,,,,,,,,,,,,,,,,,,,,,,,,,,,,,,,,,,,,,,,,,,,,,,,,,,,,,,,,,,,,,,,,,,,,,,,,,,,,,,,,,,,,,,,,,,,,,,,,,,,,,,,,,,,,,,
1211433954340342,100064212452334,"Dagan Magazine","Dagan Magazine est avec NSIA Assurances Togo et 4.",,0,"09/25/2025 11:19",N/A,https://www.facebook.com/daganmagazine/posts/pfbid0YtRcMbtopKNs7Wm14jVVFSzUQBFRwXaZDHxngCKixt8eLyiiG4JATJCJdXijNMGrl,0,0,Photos,,,,,Global,86,66,3,3,0,0,0,,,,,86,0,66,0,0,0,0,0,0,0,0,0,0,0,0,0,0,0,0,0,0,0,0,0,,,,,,,,,,,,,,,,,,,,,,,,,,,,,,,,,,,,,,,,,,,,,,,,,,,,,,,,,,,,,,,,,,,,,,,,,,,,,,,,,,,,,,,,,,,,,,,,,,,,,,,,,,,,,,,,,,,,,,,,,,,,,,,,,,,,,,,,,,,,,,,,,,,,,,,,,,,,,,,,,,,,,,,,,,,,,,,,,,,,,,,,,,,,,,,,,,,,,,,,,,,,,
1211415117675559,100064212452334,"Dagan Magazine","💜 L’amour a-t-il une date de naissance ou d’expiration ?
Quand deux cœurs se rencontrent, peu importe leur âge. Mais que pense la société des relations amoureuses avec une grande différence d’âge ?
Dans votre rubrique HISTOIRE DE FEMME,Dagan Magazine vous invite à explorer ce sujet souvent jugé, rarement compris.
📖 À lire en page 46 du 37e numéro.
DAGAN, la voix de la femme Togolaise.
BB LOMÉNSIA Vie Assurances TogoSOS DOCTEUR TVClair Optic TogoKrystal OptiqueDr KODOM Serge MichelLight RadioNico le SageAudrey BeautyEcobank TogoKrystel Dicoh",,0,"09/25/2025 10:47",N/A,https://www.facebook.com/daganmagazine/posts/pfbid02pvnTZfwbKetRE1ssvXUnZf3xbtwFynEbYLECbKqKcfRL8P6PsGAmT3MZ9935MGxRl,0,0,Photos,,,,,Global,174,112,8,5,2,1,3,2,1,,,174,0,112,0,0,0,0,0,0,0,0,0,0,0,0,0,0,0,0,0,0,0,0,0,,,,,,,,,,,,,,,,,,,,,,,,,,,,,,,,,,,,,,,,,,,,,,,,,,,,,,,,,,,,,,,,,,,,,,,,,,,,,,,,,,,,,,,,,,,,,,,,,,,,,,,,,,,,,,,,,,,,,,,,,,,,,,,,,,,,,,,,,,,,,,,,,,,,,,,,,,,,,,,,,,,,,,,,,,,,,,,,,,,,,,,,,,,,,,,,,,,,,,,,,,,,,
1208822781268126,100064212452334,"Dagan Magazine","Dagan Magazine est avec NSIA Assurances Togo et 4.",,0,"09/22/2025 08:39",N/A,https://www.facebook.com/daganmagazine/posts/pfbid02AWa5dsiye6yDB8eo6CTNcneSmn2Q7MmTeVg4mJved3DEWymnXZn529e1h1kA89B3l,0,0,Photos,,,,,Global,242,164,7,7,0,0,0,,,,,242,0,164,0,0,0,0,0,0,0,0,0,0,0,0,0,0,0,0,0,0,0,0,0,,,,,,,,,,,,,,,,,,,,,,,,,,,,,,,,,,,,,,,,,,,,,,,,,,,,,,,,,,,,,,,,,,,,,,,,,,,,,,,,,,,,,,,,,,,,,,,,,,,,,,,,,,,,,,,,,,,,,,,,,,,,,,,,,,,,,,,,,,,,,,,,,,,,,,,,,,,,,,,,,,,,,,,,,,,,,,,,,,,,,,,,,,,,,,,,,,,,,,,,,,,,,
1208818287935242,100064212452334,"Dagan Magazine","Commence ta semaine avec fierté et assurance !
Peu importe ton métier, ta valeur ne se mesure pas à ce que tu fais, mais à la passion, la dignité et l'intégrité que tu y mets.  
Comme Massan M’WONUDÉO dite «Abloto», sois fière de ton parcours.  
Crois en toi, et avance avec la tête haute.

#BonneSemaineAvecDagan #FiertéDuMétier #DaganMagazine
BB LOMÉNSIA Vie Assurances TogoClair Optic TogoSOS DOCTEUR TVKrystal OptiqueDr KODOM Serge MichelSuper sageKrystel Dicoh",,0,"09/22/2025 08:32",N/A,https://www.facebook.com/daganmagazine/posts/pfbid0NRyrCxDCjn1KysrMDKXqjYhdeqSbQqDGrMsKipfNPVF3ZXgAovCaTVNi8w1Y1NjUl,0,0,Photos,,,,,Global,120,86,4,4,0,0,0,,,,,120,0,86,0,0,0,0,0,0,0,0,0,0,0,0,0,0,0,0,0,0,0,0,0,,,,,,,,,,,,,,,,,,,,,,,,,,,,,,,,,,,,,,,,,,,,,,,,,,,,,,,,,,,,,,,,,,,,,,,,,,,,,,,,,,,,,,,,,,,,,,,,,,,,,,,,,,,,,,,,,,,,,,,,,,,,,,,,,,,,,,,,,,,,,,,,,,,,,,,,,,,,,,,,,,,,,,,,,,,,,,,,,,,,,,,,,,,,,,,,,,,,,,,,,,,,,
1205225764961161,100064212452334,"Dagan Magazine","Dagan Magazine est avec NSIA Assurances Togo et 6.",,0,"09/18/2025 07:01",N/A,https://www.facebook.com/daganmagazine/posts/pfbid02dgN2gw9yFBZgscKx2icuqRxhFwgu4uEWDqFgVGN1iweiYQ3Vf1q7Sf7hxgy6ShG3l,0,0,Photos,,,,,Global,143,105,2,2,0,0,0,,,,,143,0,105,0,0,0,0,0,0,0,0,0,0,0,0,0,0,0,0,0,0,0,0,0,,,,,,,,,,,,,,,,,,,,,,,,,,,,,,,,,,,,,,,,,,,,,,,,,,,,,,,,,,,,,,,,,,,,,,,,,,,,,,,,,,,,,,,,,,,,,,,,,,,,,,,,,,,,,,,,,,,,,,,,,,,,,,,,,,,,,,,,,,,,,,,,,,,,,,,,,,,,,,,,,,,,,,,,,,,,,,,,,,,,,,,,,,,,,,,,,,,,,,,,,,,,,
1205222168294854,100064212452334,"Dagan Magazine","Dans un monde où l’image prévaut, faut-il toujours paraître fort?  
Admettre ses faiblesses, ce n’est pas être faible, c’est être vrai. 💬  
Et toi, tu choisis la sincérité ou le masque de la force ?  
Un débat à découvrir dans la rubrique DAGAN-DAVI du 37e numéro de Dagan Magazine, page 26.
BB LOMÉSOS DOCTEUR TVNSIA Vie Assurances TogoClair Optic TogoKrystal OptiqueDr KODOM Serge MichelSuper sageNew Africdesign TvtLight RadioEcobank TogoFimo228 - Festival international de la Mode au TogoKrystel Dicoh",,0,"09/18/2025 06:56",N/A,https://www.facebook.com/daganmagazine/posts/pfbid0Y2QXbYavnS9xtir7P6ExtBUjNRKjXTWMAsSAcVdne9bcBuS7Gn8hD5dRpAdGkgyMl,0,0,Photos,,,,,Global,110,80,2,2,0,0,0,,,,,110,0,80,0,0,0,0,0,0,0,0,0,0,0,0,0,0,0,0,0,0,0,0,0,,,,,,,,,,,,,,,,,,,,,,,,,,,,,,,,,,,,,,,,,,,,,,,,,,,,,,,,,,,,,,,,,,,,,,,,,,,,,,,,,,,,,,,,,,,,,,,,,,,,,,,,,,,,,,,,,,,,,,,,,,,,,,,,,,,,,,,,,,,,,,,,,,,,,,,,,,,,,,,,,,,,,,,,,,,,,,,,,,,,,,,,,,,,,,,,,,,,,,,,,,,,,
1204222201728184,100064212452334,"Dagan Magazine","Dans la vie comme dans les combats, la véritable force commence par la connaissance de soi. 💪🏾  
Davi, souviens-toi : connaître ton adversaire, c’est stratégique… mais te connaître toi-même, c’est la clé de la victoire !  
Une leçon de sagesse signée Gbodjidè, avec Dagan Magazine.",,0,"09/17/2025 02:32",N/A,https://www.facebook.com/daganmagazine/posts/pfbid02WuCxbL7K7WWyPQp3LvczvFA96jKjXGLcacHSdiRHTqLhptxiRWt7kHgX8dUejjJkl,0,0,Photos,,,,,Global,207,145,6,5,1,0,1,1,,,,207,0,145,0,0,0,0,0,0,0,0,0,0,0,0,0,0,0,0,0,0,0,0,0,,,,,,,,,,,,,,,,,,,,,,,,,,,,,,,,,,,,,,,,,,,,,,,,,,,,,,,,,,,,,,,,,,,,,,,,,,,,,,,,,,,,,,,,,,,,,,,,,,,,,,,,,,,,,,,,,,,,,,,,,,,,,,,,,,,,,,,,,,,,,,,,,,,,,,,,,,,,,,,,,,,,,,,,,,,,,,,,,,,,,,,,,,,,,,,,,,,,,,,,,,,,,
1204212578395813,100064212452334,"Dagan Magazine","Dans la vie comme dans les combats, la véritable force commence par la connaissance de soi. 💪🏾  
Davi, souviens-toi : connaître ton adversaire, c’est stratégique… mais te connaître toi-même, c’est la clé de la victoire !  
Une leçon de sagesse signée Gbodjidè, avec Dagan Magazine.
BB LOMÉNSIA Vie Assurances TogoSOS DOCTEUR TVClair Optic TogoKrystelKrystal OptiqueDr KODOM Serge MichelSuper sageNew Africdesign TvtAudrey BeautyLight Radio",,0,"09/17/2025 02:15",N/A,https://www.facebook.com/daganmagazine/posts/pfbid0Fga9fpt3JTB5YU5gt5MKLCdPHFc3zskzgaUJZmuSEy7YxSM8FPSSq7rzanEh2LQXl,0,0,Photos,,,,,Global,84,60,4,4,0,0,0,,,,,84,0,60,0,0,0,0,0,0,0,0,0,0,0,0,0,0,0,0,0,0,0,0,0,,,,,,,,,,,,,,,,,,,,,,,,,,,,,,,,,,,,,,,,,,,,,,,,,,,,,,,,,,,,,,,,,,,,,,,,,,,,,,,,,,,,,,,,,,,,,,,,,,,,,,,,,,,,,,,,,,,,,,,,,,,,,,,,,,,,,,,,,,,,,,,,,,,,,,,,,,,,,,,,,,,,,,,,,,,,,,,,,,,,,,,,,,,,,,,,,,,,,,,,,,,,,
1202679785215759,100064212452334,"Dagan Magazine","📚 Bonne rentrée scolaire à tous !
Que cette nouvelle année soit remplie de courage, de persévérance et de réussites.  
DAGAN Magazine vous accompagne avec fierté sur le chemin du savoir.  
✨ *Fructueuse année scolaire à tous !",,0,"09/15/2025 06:20",N/A,https://www.facebook.com/daganmagazine/posts/pfbid0udvLs15CSwhbqf5RoZpomuX37YSJqNT9jLX583RBNZf5GrobXYbpL9MHMP2VKz4vl,0,0,Photos,,,,,Global,91,65,2,2,0,0,0,,,,,91,0,65,0,0,0,0,0,0,0,0,0,0,0,0,0,0,0,0,0,0,0,0,0,,,,,,,,,,,,,,,,,,,,,,,,,,,,,,,,,,,,,,,,,,,,,,,,,,,,,,,,,,,,,,,,,,,,,,,,,,,,,,,,,,,,,,,,,,,,,,,,,,,,,,,,,,,,,,,,,,,,,,,,,,,,,,,,,,,,,,,,,,,,,,,,,,,,,,,,,,,,,,,,,,,,,,,,,,,,,,,,,,,,,,,,,,,,,,,,,,,,,,,,,,,,,
1202669451883459,100064212452334,"Dagan Magazine","📚 Bonne rentrée scolaire à tous !
Que cette nouvelle année soit remplie de courage, de persévérance et de réussites.  
DAGAN Magazine vous accompagne avec fierté sur le chemin du savoir.  
✨ Fructueuse année scolaire à tous !
BB LOMÉClair Optic TogoSOS DOCTEUR TVNSIA Vie Assurances TogoKrystal OptiqueDr KODOM Serge MichelNew Africdesign TvtNico le SageEcobank TogoLight RadioKrystel Dicoh",,0,"09/15/2025 06:09",N/A,https://www.facebook.com/daganmagazine/posts/pfbid02E3hL89gQPGH4w27EdmGQNXrVs5QiMjofSWbY6xpSRFY2zjHRfP9pWNWxNsqdWm1l,0,0,Photos,,,,,Global,108,75,5,4,0,1,2,1,1,,,108,0,75,0,0,0,0,0,0,0,0,0,0,0,0,0,0,0,0,0,0,0,0,0,,,,,,,,,,,,,,,,,,,,,,,,,,,,,,,,,,,,,,,,,,,,,,,,,,,,,,,,,,,,,,,,,,,,,,,,,,,,,,,,,,,,,,,,,,,,,,,,,,,,,,,,,,,,,,,,,,,,,,,,,,,,,,,,,,,,,,,,,,,,,,,,,,,,,,,,,,,,,,,,,,,,,,,,,,,,,,,,,,,,,,,,,,,,,,,,,,,,,,,,,,,,,
1202630145220723,100064212452334,"Dagan Magazine","Chaque semaine, une parole de sagesse pour éclairer notre chemin.  
Jeune fille, garde ta dignité : elle est ton plus grand trésor.  
Merci à Massan M’WONUDÉO dite Abloto pour ce rappel plein de valeur.",,0,"09/15/2025 05:11",N/A,https://www.facebook.com/daganmagazine/posts/pfbid021qDpHn9inNe43hBePMVnpnbWiTcWNBfJtEmUiKpgXPYxb7YfBh69Aw2XqYVZwsgXl,0,0,Photos,,,,,Global,128,97,4,4,0,0,0,,,,,128,0,97,0,0,0,0,0,0,0,0,0,0,0,0,0,0,0,0,0,0,0,0,0,,,,,,,,,,,,,,,,,,,,,,,,,,,,,,,,,,,,,,,,,,,,,,,,,,,,,,,,,,,,,,,,,,,,,,,,,,,,,,,,,,,,,,,,,,,,,,,,,,,,,,,,,,,,,,,,,,,,,,,,,,,,,,,,,,,,,,,,,,,,,,,,,,,,,,,,,,,,,,,,,,,,,,,,,,,,,,,,,,,,,,,,,,,,,,,,,,,,,,,,,,,,,
1202626661887738,100064212452334,"Dagan Magazine","Chaque semaine, une parole de sagesse pour éclairer notre chemin.  
Jeune fille, garde ta dignité : elle est ton plus grand trésor.  
Merci à  DAGAN Massan M’WONUDÉO dite Abloto pour ce rappel plein de valeur.
BB LOMÉClair Optic TogoSOS DOCTEUR TVNSIA Vie Assurances TogoDr KODOM Serge MichelKrystal OptiqueSuper sageMisstogoNew Africdesign TvtEcobank TogoNico le SageFimo228 - Festival international de la Mode au TogoAudrey BeautyGrey global sarlKrystel Dicoh",,0,"09/15/2025 05:06",N/A,https://www.facebook.com/daganmagazine/posts/pfbid02YcojiARmnZx22dRtfqSYbEA7b3SRRvzzkc49YgjmxRyJFJRwxQHHbxg1oMW3hMwol,0,0,Photos,,,,,Global,264,162,9,7,1,1,4,3,1,,,264,0,162,0,0,0,0,0,0,0,0,0,0,0,0,0,0,0,0,0,0,0,0,0,,,,,,,,,,,,,,,,,,,,,,,,,,,,,,,,,,,,,,,,,,,,,,,,,,,,,,,,,,,,,,,,,,,,,,,,,,,,,,,,,,,,,,,,,,,,,,,,,,,,,,,,,,,,,,,,,,,,,,,,,,,,,,,,,,,,,,,,,,,,,,,,,,,,,,,,,,,,,,,,,,,,,,,,,,,,,,,,,,,,,,,,,,,,,,,,,,,,,,,,,,,,,
1198576092292795,100064212452334,"Dagan Magazine",,,0,"09/10/2025 08:48",N/A,https://www.facebook.com/daganmagazine/posts/pfbid02wWh8fdtZfwVd1KBQyzJkSxgJLAQh1HGDLhhHVcM2xwQ7YEb3QogLu3zQUmCjgGH6l,0,0,Photos,,,,,Global,118,86,3,2,0,1,3,1,2,,,118,0,86,0,0,0,0,0,0,0,0,0,0,0,0,0,0,0,0,0,0,0,0,0,,,,,,,,,,,,,,,,,,,,,,,,,,,,,,,,,,,,,,,,,,,,,,,,,,,,,,,,,,,,,,,,,,,,,,,,,,,,,,,,,,,,,,,,,,,,,,,,,,,,,,,,,,,,,,,,,,,,,,,,,,,,,,,,,,,,,,,,,,,,,,,,,,,,,,,,,,,,,,,,,,,,,,,,,,,,,,,,,,,,,,,,,,,,,,,,,,,,,,,,,,,,,
1198573608959710,100064212452334,"Dagan Magazine","La rubrique ""DAGAN MAG TRADITION""du 37e numéro de DAGAN MAGAZINE,page 42. Elle aborde le thème de :
« L’interrogatoire des morts : entre croyance, tradition et quête de vérité »
Cela fait référence à une pratique traditionnelle présente dans certaines cultures africaines, notamment au Togo, où l’on cherche à connaître la vérité autour d’un décès à travers des rites spirituels ou mystiques. C’est à la fois un sujet de foi, de culture et de justice communautaire.
BB LOMÉSOS DOCTEUR TVNSIA Vie Assurances TogoClair Optic TogoKrystal OptiqueDr KODOM Serge MichelSuper sageNew Africdesign TvtEcobank GroupAudrey BeautyLight RadioFimo228 - Festival international de la Mode au TogoGrey global sarlNico le SageEcobank Togo",,0,"09/10/2025 08:45",N/A,https://www.facebook.com/daganmagazine/posts/pfbid0p2oSpRb2rUR1a4DuJMFJmZuK3nFbpo1RKEwGJHEqZH2JbiL4RsZoPHppUCSvieqVl,0,0,Photos,,,,,Global,164,109,4,4,0,0,2,,2,,,164,0,109,0,0,0,0,0,0,0,0,0,0,0,0,0,0,0,0,0,0,0,0,0,,,,,,,,,,,,,,,,,,,,,,,,,,,,,,,,,,,,,,,,,,,,,,,,,,,,,,,,,,,,,,,,,,,,,,,,,,,,,,,,,,,,,,,,,,,,,,,,,,,,,,,,,,,,,,,,,,,,,,,,,,,,,,,,,,,,,,,,,,,,,,,,,,,,,,,,,,,,,,,,,,,,,,,,,,,,,,,,,,,,,,,,,,,,,,,,,,,,,,,,,,,,,
1196894959127575,100064212452334,"Dagan Magazine",,,0,"09/08/2025 06:12",N/A,https://www.facebook.com/daganmagazine/posts/pfbid02mwaSSEw2vvA1VC66ScVeB42EPfyB3vmzkpmdmobg3x9sKMMEpnhPGDNb5Ee5rKY9l,0,0,Photos,,,,,Global,345,245,4,4,0,0,10,4,6,,,345,0,245,0,0,0,0,0,0,0,0,0,0,0,0,0,0,0,0,0,0,0,0,0,,,,,,,,,,,,,,,,,,,,,,,,,,,,,,,,,,,,,,,,,,,,,,,,,,,,,,,,,,,,,,,,,,,,,,,,,,,,,,,,,,,,,,,,,,,,,,,,,,,,,,,,,,,,,,,,,,,,,,,,,,,,,,,,,,,,,,,,,,,,,,,,,,,,,,,,,,,,,,,,,,,,,,,,,,,,,,,,,,,,,,,,,,,,,,,,,,,,,,,,,,,,,
1196811169135954,100064212452334,"Dagan Magazine","La Dagan souriante, en tenue traditionnelle, nommée Massan M'WONUDÉO,dite « Abloto », en pleine activité culinaire. Elle est mise en valeur par le magazine DAGAN (La Femme Togolaise) dans le cadre de sa rubrique « Bonne Semaine».
La citation mise en avant est inspirante :
« Ce n’est pas la grandeur de la tâche qui fatigue, mais le manque de passion. »
Elle souligne l’importance de la passion dans le travail quotidien, surtout dans les métiers manuels ou artisanaux, souvent portés par des femmes de valeur. C’est un hommage à l’engagement, à la résilience et au travail fait avec le cœur.
BB LOMÉSOS DOCTEUR TVNSIA Vie Assurances TogoClair Optic TogoKrystal OptiqueDr KODOM Serge MichelSuper sageNew Africdesign TvtMisstogoKrystel Dicoh #37emenumero #5ansdaganmag #DaganMagazine",,0,"09/08/2025 03:51",N/A,https://www.facebook.com/daganmagazine/posts/pfbid02dUtxvtYjc9uX8cNcXEbGGPM7kZJHV1Vs2ohNnfJCGQjpfWmq7A9GZacjuoEs1f6pl,0,0,Photos,,,,,Global,236,146,2,2,0,0,1,1,,,,236,0,146,0,0,0,0,0,0,0,0,0,0,0,0,0,0,0,0,0,0,0,0,0,,,,,,,,,,,,,,,,,,,,,,,,,,,,,,,,,,,,,,,,,,,,,,,,,,,,,,,,,,,,,,,,,,,,,,,,,,,,,,,,,,,,,,,,,,,,,,,,,,,,,,,,,,,,,,,,,,,,,,,,,,,,,,,,,,,,,,,,,,,,,,,,,,,,,,,,,,,,,,,,,,,,,,,,,,,,,,,,,,,,,,,,,,,,,,,,,,,,,,,,,,,,,
1191206119696459,100064212452334,"Dagan Magazine","DAGAN MAG CIVISME tirée du 37ᵉ numéro de DAGAN MAGAZINE,à la page 35.  
Le thème abordé est :  
Infractions et sanctions au Togo : Ce que vous devez savoir, avec une question centrale :  
Qu’est-ce qu’une infraction ?
L’objectif de la rubrique est de sensibiliser les citoyens togolais sur leurs devoirs, les comportements interdits par la loi, et les conséquences qui en découlent. Une démarche d'éducation civique essentielle pour promouvoir la responsabilité individuelle et collective dans la société.",,0,"09/01/2025 05:53",N/A,https://www.facebook.com/daganmagazine/posts/pfbid02ktRKVyvLt6LsDnWXaNej8kpw4Moyei9Gh9eFv8i8TJp5yCMLfjyD9jkAnGRBj3Tfl,0,0,Photos,,,,,Global,121,87,4,2,1,1,1,1,,,,121,0,87,0,0,0,0,0,0,0,0,0,0,0,0,0,0,0,0,0,0,0,0,0,,,,,,,,,,,,,,,,,,,,,,,,,,,,,,,,,,,,,,,,,,,,,,,,,,,,,,,,,,,,,,,,,,,,,,,,,,,,,,,,,,,,,,,,,,,,,,,,,,,,,,,,,,,,,,,,,,,,,,,,,,,,,,,,,,,,,,,,,,,,,,,,,,,,,,,,,,,,,,,,,,,,,,,,,,,,,,,,,,,,,,,,,,,,,,,,,,,,,,,,,,,,,
1191202193030185,100064212452334,"Dagan Magazine","DAGAN MAG CIVISME tirée du 37ᵉ numéro de DAGAN MAGAZINE,à la page 35.  
Le thème abordé est :  
Infractions et sanctions au Togo : Ce que vous devez savoir,avec une question centrale :  
Qu’est-ce qu’une infraction ?
L’objectif de la rubrique est de sensibiliser les citoyens togolais sur leurs devoirs, les comportements interdits par la loi, et les conséquences qui en découlent. Une démarche d'éducation civique essentielle pour promouvoir la responsabilité individuelle et collective dans la société.
BB LOMÉNSIA Vie Assurances TogoSOS DOCTEUR TVClair Optic TogoKrystal OptiqueDr KODOM Serge MichelSuper sageNew Africdesign TvtMisstogoKrystel Dicoh",,0,"09/01/2025 05:47",N/A,https://www.facebook.com/daganmagazine/posts/pfbid0Y9qFdKubujF5jT1ZHzaB7jeYFtM6Xohk7HCmoTL8qQEQAyR35nN9KCbvjWPKuXtpl,0,0,Photos,,,,,Global,182,127,4,3,0,1,0,,,,,182,0,127,0,0,0,0,0,0,0,0,0,0,0,0,0,0,0,0,0,0,0,0,0,,,,,,,,,,,,,,,,,,,,,,,,,,,,,,,,,,,,,,,,,,,,,,,,,,,,,,,,,,,,,,,,,,,,,,,,,,,,,,,,,,,,,,,,,,,,,,,,,,,,,,,,,,,,,,,,,,,,,,,,,,,,,,,,,,,,,,,,,,,,,,,,,,,,,,,,,,,,,,,,,,,,,,,,,,,,,,,,,,,,,,,,,,,,,,,,,,,,,,,,,,,,,
1188063783344026,100064212452334,"Dagan Magazine",,,0,"08/28/2025 05:46",N/A,https://www.facebook.com/daganmagazine/posts/pfbid02bAnZQn6Pj8VqifwmKZfpgcc4tgkUK9cqnELK1BrvundRc6g9PbMnayH9RuYN9EJKl,0,1,Photos,,,,,Global,370,211,11,10,0,1,61,30,31,,,370,0,211,0,0,0,0,0,0,0,0,0,0,0,0,0,0,0,0,0,0,0,0,0,,,,,,,,,,,,,,,,,,,,,,,,,,,,,,,,,,,,,,,,,,,,,,,,,,,,,,,,,,,,,,,,,,,,,,,,,,,,,,,,,,,,,,,,,,,,,,,,,,,,,,,,,,,,,,,,,,,,,,,,,,,,,,,,,,,,,,,,,,,,,,,,,,,,,,,,,,,,,,,,,,,,,,,,,,,,,,,,,,,,,,,,,,,,,,,,,,,,,,,,,,,,,
1185777050239366,100064212452334,"Dagan Magazine","Une femme souriante, authentique, symbole de sagesse populaire. Le message de Massan M’WOUNUDÉO dite Abloto est fort :  
« Le vrai pouvoir, c’est d’élever les autres. Engageons-nous et agissons, car le changement commence avec chacun de nous. »
Dagan Magazine met encore une fois à l’honneur les femmes qui bâtissent la société au quotidien, dans sa 37e édition
Parfait pour souhaiter une bonne semaine avec un message d’engagement et de solidarité. 
#37emenumero #5ansdaganmag #DaganMagazine BB LOMÉ NSIA Vie Assurances Togo SOS DOCTEUR TV Clair Optic Togo Krystel Dicoh",,0,"08/25/2025 09:08",N/A,https://www.facebook.com/daganmagazine/posts/pfbid037cPMDJtngNzKLgYGVDUSdkt2w1GJQ9uSwJZx1bytXaP595Z3AUZr9wfm5mtq3Ejfl,0,0,Photos,,,,,Global,205,151,3,2,0,1,0,,,,,205,0,151,0,0,0,0,0,0,0,0,0,0,0,0,0,0,0,0,0,0,0,0,0,,,,,,,,,,,,,,,,,,,,,,,,,,,,,,,,,,,,,,,,,,,,,,,,,,,,,,,,,,,,,,,,,,,,,,,,,,,,,,,,,,,,,,,,,,,,,,,,,,,,,,,,,,,,,,,,,,,,,,,,,,,,,,,,,,,,,,,,,,,,,,,,,,,,,,,,,,,,,,,,,,,,,,,,,,,,,,,,,,,,,,,,,,,,,,,,,,,,,,,,,,,,,
1185749616908776,100064212452334,"Dagan Magazine",,,0,"08/25/2025 08:28",N/A,https://www.facebook.com/daganmagazine/posts/pfbid02mRmCvutZV8YNXbCrSSjgvhrdZNJ5y1Zx7oEBFY6t3XyGMKdSSkTJUyKnX7CVB5Vpl,0,0,Photos,,,,,Global,304,183,10,8,0,2,8,4,4,,,304,0,183,0,0,0,0,0,0,0,0,0,0,0,0,0,0,0,0,0,0,0,0,0,,,,,,,,,,,,,,,,,,,,,,,,,,,,,,,,,,,,,,,,,,,,,,,,,,,,,,,,,,,,,,,,,,,,,,,,,,,,,,,,,,,,,,,,,,,,,,,,,,,,,,,,,,,,,,,,,,,,,,,,,,,,,,,,,,,,,,,,,,,,,,,,,,,,,,,,,,,,,,,,,,,,,,,,,,,,,,,,,,,,,,,,,,,,,,,,,,,,,,,,,,,,,
1181475924002812,100064212452334,"Dagan Magazine","Travailler à domicile, c’est bien… mais garder l’équilibre, c’est mieux ! 💻🧘🏾‍♀️ Découvrez nos astuces dans la rubrique Bien-Être du 37ème numéro de Dagan Magazine. Page 14 📖✨",,0,"08/20/2025 02:34",N/A,https://www.facebook.com/daganmagazine/posts/pfbid0fJ4pc3cmDaWiWeD2VEcJQWJPSrABFUALnqfbsGbFA8bACv8or7dyDdELqG8niYwql,0,0,Photos,,,,,Global,82,55,1,1,0,0,0,,,,,82,0,55,0,0,0,0,0,0,0,0,0,0,0,0,0,0,0,0,0,0,0,0,0,,,,,,,,,,,,,,,,,,,,,,,,,,,,,,,,,,,,,,,,,,,,,,,,,,,,,,,,,,,,,,,,,,,,,,,,,,,,,,,,,,,,,,,,,,,,,,,,,,,,,,,,,,,,,,,,,,,,,,,,,,,,,,,,,,,,,,,,,,,,,,,,,,,,,,,,,,,,,,,,,,,,,,,,,,,,,,,,,,,,,,,,,,,,,,,,,,,,,,,,,,,,,
1181468614003543,100064212452334,"Dagan Magazine","Travailler à domicile, c’est bien… mais garder l’équilibre, c’est mieux ! 💻🧘🏾‍♀️ Découvrez nos astuces dans la rubrique Bien-Être du 37ème numéro de Dagan Magazine. Page 14 📖✨
#37emenumero #DaganMagazine #5ansdaganmag BB LOMÉ NSIA Vie Assurances Togo SOS DOCTEUR TV Clair Optic Togo Krystal Optique Dr KODOM Serge Michel Super sage Krystel Dicoh",,0,"08/20/2025 02:20",N/A,https://www.facebook.com/daganmagazine/posts/pfbid0256HwWGAH9CWLTvtyJPmdfdvxuHBdhVRjPzpRdmKSqMkLqa5B9NuZYeW2VbnCeM7l,0,0,Photos,,,,,Global,96,67,4,4,0,0,0,,,,,96,0,67,0,0,0,0,0,0,0,0,0,0,0,0,0,0,0,0,0,0,0,0,0,,,,,,,,,,,,,,,,,,,,,,,,,,,,,,,,,,,,,,,,,,,,,,,,,,,,,,,,,,,,,,,,,,,,,,,,,,,,,,,,,,,,,,,,,,,,,,,,,,,,,,,,,,,,,,,,,,,,,,,,,,,,,,,,,,,,,,,,,,,,,,,,,,,,,,,,,,,,,,,,,,,,,,,,,,,,,,,,,,,,,,,,,,,,,,,,,,,,,,,,,,,,,
1180327924117612,100064212452334,"Dagan Magazine",,,0,"08/18/2025 14:54",N/A,https://www.facebook.com/daganmagazine/posts/pfbid02uV5Bx8QByocYZuWaC6FeZRCgkNesS7ndGQUCjHUU93MdAUH3GrGDwF4upZXGiJfAl,0,0,Photos,,,,,Global,175,128,3,3,0,0,3,2,1,,,175,0,128,0,0,0,0,0,0,0,0,0,0,0,0,0,0,0,0,0,0,0,0,0,,,,,,,,,,,,,,,,,,,,,,,,,,,,,,,,,,,,,,,,,,,,,,,,,,,,,,,,,,,,,,,,,,,,,,,,,,,,,,,,,,,,,,,,,,,,,,,,,,,,,,,,,,,,,,,,,,,,,,,,,,,,,,,,,,,,,,,,,,,,,,,,,,,,,,,,,,,,,,,,,,,,,,,,,,,,,,,,,,,,,,,,,,,,,,,,,,,,,,,,,,,,,
1180327157451022,100064212452334,"Dagan Magazine",,,0,"08/18/2025 14:53",N/A,https://www.facebook.com/daganmagazine/posts/pfbid0AnBvr5Yupwr1dNf3VQL8L6DdDhBmaNeoYK5UknKBBGAUJjZvnMFME42kight1r3Tl,0,0,Photos,,,,,Global,258,174,6,6,0,0,1,,1,,,258,0,174,0,0,0,0,0,0,0,0,0,0,0,0,0,0,0,0,0,0,0,0,0,,,,,,,,,,,,,,,,,,,,,,,,,,,,,,,,,,,,,,,,,,,,,,,,,,,,,,,,,,,,,,,,,,,,,,,,,,,,,,,,,,,,,,,,,,,,,,,,,,,,,,,,,,,,,,,,,,,,,,,,,,,,,,,,,,,,,,,,,,,,,,,,,,,,,,,,,,,,,,,,,,,,,,,,,,,,,,,,,,,,,,,,,,,,,,,,,,,,,,,,,,,,,
1177394681077603,100064212452334,"Dagan Magazine","En ce 15 août, jour de l’Assomption,
je souhaite une belle fête à chacun et chacune d’entre vous.  
Que cette journée soit remplie de paix, de lumière et de sérénité.  
Pensées particulières à toutes les Marie et à ceux qui célèbrent aujourd’hui.  

Bonne fête de l’Assomption * 🌾🙏
BB LOMÉ NSIA Vie Assurances Togo SOS DOCTEUR TV Dr KODOM Serge Michel Super sage Clair Optic Togo Krystal Optique Krystel Dicoh #37emenumero #DaganMagazine",,0,"08/15/2025 02:49",N/A,https://www.facebook.com/daganmagazine/posts/pfbid0UXPJQ2AznMS8gb2ZKH3ZeSUN7Wepv92cFzgfewcCnu1suxcxP4obe3eCsiCs9cj2l,0,0,Photos,,,,,Global,170,108,8,7,0,1,2,1,1,,,170,0,108,0,0,0,0,0,0,0,0,0,0,0,0,0,0,0,0,0,0,0,0,0,,,,,,,,,,,,,,,,,,,,,,,,,,,,,,,,,,,,,,,,,,,,,,,,,,,,,,,,,,,,,,,,,,,,,,,,,,,,,,,,,,,,,,,,,,,,,,,,,,,,,,,,,,,,,,,,,,,,,,,,,,,,,,,,,,,,,,,,,,,,,,,,,,,,,,,,,,,,,,,,,,,,,,,,,,,,,,,,,,,,,,,,,,,,,,,,,,,,,,,,,,,,,
1177392967744441,100064212452334,"Dagan Magazine","Dagan Magazine est avec NSIA Assurances Togo et 4.",,0,"08/15/2025 02:47",N/A,https://www.facebook.com/daganmagazine/posts/pfbid035HcxqDYu51SkEojvCyXJB8piD8Vknsg9LPSFo47kYHCrXNgccXP32KY7LeLFqkLfl,0,0,Photos,,,,,Global,91,65,2,2,0,0,0,,,,,91,0,65,0,0,0,0,0,0,0,0,0,0,0,0,0,0,0,0,0,0,0,0,0,,,,,,,,,,,,,,,,,,,,,,,,,,,,,,,,,,,,,,,,,,,,,,,,,,,,,,,,,,,,,,,,,,,,,,,,,,,,,,,,,,,,,,,,,,,,,,,,,,,,,,,,,,,,,,,,,,,,,,,,,,,,,,,,,,,,,,,,,,,,,,,,,,,,,,,,,,,,,,,,,,,,,,,,,,,,,,,,,,,,,,,,,,,,,,,,,,,,,,,,,,,,,
1174391511377920,100064212452334,"Dagan Magazine",,,0,"08/11/2025 09:33",N/A,https://www.facebook.com/daganmagazine/posts/pfbid02no3rHHU3KeCNdBbjTYQmxsVf97DxJ5gioZGhBfefbb4wc6FGXpCwQFMfMWvMGBLTl,0,0,Photos,,,,,Global,113,82,1,1,0,0,0,,,,,113,0,82,0,0,0,0,0,0,0,0,0,0,0,0,0,0,0,0,0,0,0,0,0,,,,,,,,,,,,,,,,,,,,,,,,,,,,,,,,,,,,,,,,,,,,,,,,,,,,,,,,,,,,,,,,,,,,,,,,,,,,,,,,,,,,,,,,,,,,,,,,,,,,,,,,,,,,,,,,,,,,,,,,,,,,,,,,,,,,,,,,,,,,,,,,,,,,,,,,,,,,,,,,,,,,,,,,,,,,,,,,,,,,,,,,,,,,,,,,,,,,,,,,,,,,,
1174186508065087,100064212452334,"Dagan Magazine","La vie privée est un trésor à préserver.
Massan M’WONUDÉO, dite « Abloto », nous rappelle avec sagesse que protéger son intimité, c’est garder le contrôle sur sa liberté.  

Une pensée inspirante à méditer pour bien commencer la semaine, avec Dagan Magazine – N°37.BB LOMÉSOS DOCTEUR TVNSIA Vie Assurances TogoClair Optic TogoKrystal OptiqueDr KODOM Serge MichelSuper sageMisstogoNew Africdesign TvtSONGO MONEYKrystel Dicoh
#37emenumero #DaganMagazine",,0,"08/11/2025 04:15",N/A,https://www.facebook.com/daganmagazine/posts/pfbid02Z2BFdXwYTdLdHKsnqcJNGkpZ5oxPshA3wXGPxEnatLnZYQmXXxHbbiLwq2CNU4jdl,0,0,Photos,,,,,Global,138,94,4,4,0,0,0,,,,,138,0,94,0,0,0,0,0,0,0,0,0,0,0,0,0,0,0,0,0,0,0,0,0,,,,,,,,,,,,,,,,,,,,,,,,,,,,,,,,,,,,,,,,,,,,,,,,,,,,,,,,,,,,,,,,,,,,,,,,,,,,,,,,,,,,,,,,,,,,,,,,,,,,,,,,,,,,,,,,,,,,,,,,,,,,,,,,,,,,,,,,,,,,,,,,,,,,,,,,,,,,,,,,,,,,,,,,,,,,,,,,,,,,,,,,,,,,,,,,,,,,,,,,,,,,,
1174149868068751,100064212452334,"Dagan Magazine","Quand le cœur veut protéger mais que la conscience réclame la vérité… le choix devient un dilemme.  

Découvrez cette réflexion dans la rubrique Conseils de Dagan du 37e numéro de Dagan Magazine,page 16.BB LOMÉSOS DOCTEUR TVNSIA Vie Assurances TogoClair Optic TogoDr KODOM Serge MichelKrystal OptiqueSuper sageMisstogoNew Africdesign TvtDagan MagazineKrystel Dicoh",,0,"08/11/2025 03:16",N/A,https://www.facebook.com/daganmagazine/posts/pfbid0U797R2d2geqN3PxBTdCNkTeZCDktAsc8QdKQf1mJZYt3kgxhaLLXeQ7Knyjh1VJcl,0,0,Photos,,,,,Global,71,53,1,1,0,0,0,,,,,71,0,53,0,0,0,0,0,0,0,0,0,0,0,0,0,0,0,0,0,0,0,0,0,,,,,,,,,,,,,,,,,,,,,,,,,,,,,,,,,,,,,,,,,,,,,,,,,,,,,,,,,,,,,,,,,,,,,,,,,,,,,,,,,,,,,,,,,,,,,,,,,,,,,,,,,,,,,,,,,,,,,,,,,,,,,,,,,,,,,,,,,,,,,,,,,,,,,,,,,,,,,,,,,,,,,,,,,,,,,,,,,,,,,,,,,,,,,,,,,,,,,,,,,,,,,
1173301588153579,100064212452334,"Dagan Magazine","Entre tradition et modernité, je savoure chaque instant avec gratitude. Merci à Dagan Magazine pour cette belle lumière mise sur nos racines. 🙏🏾✨",,0,"08/10/2025 01:47",N/A,https://www.facebook.com/daganmagazine/posts/pfbid0a9GVFYfPCTXcJLJbM5LvG19b5frGMxwsBpRzLfDK7jHHFikoTSNiHmvybJW3A88Nl,0,0,Photos,,,,,Global,139,100,4,4,0,0,6,2,4,,,139,0,100,0,0,0,0,0,0,0,0,0,0,0,0,0,0,0,0,0,0,0,0,0,,,,,,,,,,,,,,,,,,,,,,,,,,,,,,,,,,,,,,,,,,,,,,,,,,,,,,,,,,,,,,,,,,,,,,,,,,,,,,,,,,,,,,,,,,,,,,,,,,,,,,,,,,,,,,,,,,,,,,,,,,,,,,,,,,,,,,,,,,,,,,,,,,,,,,,,,,,,,,,,,,,,,,,,,,,,,,,,,,,,,,,,,,,,,,,,,,,,,,,,,,,,,
1173298364820568,100064212452334,"Dagan Magazine","Entre tradition et modernité, je savoure chaque instant avec gratitude. Merci à Dagan Magazine pour cette belle lumière mise sur nos racines. 🙏🏾
BB LOMÉ NSIA Vie Assurances Togo SOS DOCTEUR TV Krystal Optique Dr KODOM Serge Michel Misstogo Clair Optic Togo Super sage New Africdesign Tvt Krystel Dicoh #DaganMagazine #37emenumero",,0,"08/10/2025 01:41",N/A,https://www.facebook.com/daganmagazine/posts/pfbid02RG856LgJeUogXzpXakrguazX6Mi15r4coZcPm3oN3wGYthYC62eg8kdzPXHDHwwdl,0,0,Photos,,,,,Global,357,243,9,7,0,2,7,1,6,,,357,0,243,0,0,0,0,0,0,0,0,0,0,0,0,0,0,0,0,0,0,0,0,0,,,,,,,,,,,,,,,,,,,,,,,,,,,,,,,,,,,,,,,,,,,,,,,,,,,,,,,,,,,,,,,,,,,,,,,,,,,,,,,,,,,,,,,,,,,,,,,,,,,,,,,,,,,,,,,,,,,,,,,,,,,,,,,,,,,,,,,,,,,,,,,,,,,,,,,,,,,,,,,,,,,,,,,,,,,,,,,,,,,,,,,,,,,,,,,,,,,,,,,,,,,,,
1256044179869412,100063915262618,Sodigaztg,"Avoue… tu cuisines jamais en silence. 🌚

Toujours une chanson pour te donner le rythme, non ? Nous on s’est fait une playlist qui donne envie de danser avec la louche à la main.

Et toi, c’est quel son qui t’accompagne aux fourneaux ?

#Sodigaz #Gaz #SodigazTogo #GazTogo",,0,"09/04/2025 04:41",N/A,https://www.facebook.com/sodigaztogo/posts/pfbid0aJDv5QC1AV41nfzfe1TvWdsErZMQcskLw9mSqVUuiCa7vSVanqvrFgQUr6vmdvrwl,0,0,Photos,,,,,Global,379,238,10,8,0,2,4,2,2,,,379,0,238,0,0,0,0,0,0,0,0,0,0,0,0,0,0,0,0,0,0,0,0,0,,,,,,,,,,,,,,,,,,,,,,,,,,,,,,,,,,,,,,,,,,,,,,,,,,,,,,,,,,,,,,,,,,,,,,,,,,,,,,,,,,,,,,,,,,,,,,,,,,,,,,,,,,,,,,,,,,,,,,,,,,,,,,,,,,,,,,,,,,,,,,,,,,,,,,,,,,,,,,,,,,,,,,,,,,,,,,,,,,,,,,,,,,,,,,,,,,,,,,,,,,
1255246366615860,100063915262618,Sodigaztg,"Dis-nous la vérité : c’est quoi le plat que tu dois manger au moins une fois par semaine pour te sentir togolais ?

#Sodigaz #Gaz #SodigazTogo #GazTogo",,0,"09/03/2025 05:03",N/A,https://www.facebook.com/sodigaztogo/posts/pfbid0sGCuiCiHwB8dZyZbP4X4KTS5KStTkXJh4B7i4DYAZ3GETw9RWa5dU4iJNKR5YwbPl,0,0,Photos,,,,,Global,2419,1539,53,20,14,19,64,37,27,,,2419,0,1539,0,0,0,0,0,0,0,0,0,0,0,0,0,0,0,0,0,0,0,0,0,,,,,,,,,,,,,,,,,,,,,,,,,,,,,,,,,,,,,,,,,,,,,,,,,,,,,,,,,,,,,,,,,,,,,,,,,,,,,,,,,,,,,,,,,,,,,,,,,,,,,,,,,,,,,,,,,,,,,,,,,,,,,,,,,,,,,,,,,,,,,,,,,,,,,,,,,,,,,,,,,,,,,,,,,,,,,,,,,,,,,,,,,,,,,,,,,,,,,,,,,,
1537595205047640,100063915262618,Sodigaztg,"Raconte-nous ta PIRE expérience en cuisine… 🤭

Sauce brûlée, riz collé au fond de la marmite, gaz qui finit en pleine préparation… 🙈 On veut tout savoir, les détails les plus gênants surtout !

#SodigazTogo",,0,"07/25/2026 05:41",N/A,https://www.facebook.com/sodigaztogo/posts/pfbid0HtZpKMRuMQ2E131Vni3xmckrjvW2ZEbpWpqPDAs267EmDiruRhSut6iDmQKMgi9Sl,0,0,Photos,,,,,Global,733,411,8,7,0,1,7,3,4,,,733,0,411,0,0,0,0,0,0,0,0,0,0,0,0,0,0,0,0,0,0,0,0,0,,,,,,,,,,,,,,,,,,,,,,,,,,,,,,,,,,,,,,,,,,,,,,,,,,,,,,,,,,,,,,,,,,,,,,,,,,,,,,,,,,,,,,,,,,,,,,,,,,,,,,,,,,,,,,,,,,,,,,,,,,,,,,,,,,,,,,,,,,,,,,,,,,,,,,,,,,,,,,,,,,,,,,,,,,,,,,,,,,,,,,,,,,,,,,,,,,,,,,,,,,
1535669881906839,100063915262618,Sodigaztg,"On se retrouve toute suite  à 15H sur TikTok !

Conseils sécurité + petite surprise promo… tu ne voudrais pas rater ça. Viens avec tes questions, on répond en direct.

📍 TikTok Sodigaz, chaque jeudi à 15H pile

Abonnez-vous et activez  la cloche pour ne rien rater. À demain ! 

#SodigazTogo #TikTokLive","On se retrouve toute suite  à 15H sur TikTok !

Conseils sécurité + petite surprise promo… tu ne voudrais pas rater ça. Viens avec tes questions, on répond en direct.

📍 TikTok Sodigaz, chaque jeudi à 15H pile

Abonnez-vous et activez  la cloche pour ne rien rater. À demain ! 

#SodigazTogo #TikTokLive",10,"07/23/2026 02:54",mixed,https://www.facebook.com/reel/1024040753927934/,0,0,Vidéos,,,,,Global,275,259,2,2,0,0,2,2,,,,275,0,259,0,100,0,96,0,0,100,0,0,0,0,414.751,0,651.754,0,4.276,0,4.901,0,0,0,,,1066.505,4.636,0,0,0,1,1,1,1,1,0.85,0.75,0.65,0.5,0.38,0.31,0.26,0.22,,,,,,,,,,,,,,,,,,,,,,,,,,,,,1,1,1,1,1,1,1,1,1,1,1,1,0.92,,,,,,,,,,,,,,,,,,,,,,,,,,,,,,,,,,,,,,,,,,,,,,,,,,,,,,,,,,,,,,,,,,,,,,,,,,,,,,,,,,,,,,,,,,,,,,,,,,,,,,,,,,,,,,,,,,,,,,,,,,,,,,,,,,,,,,,,,,,,,
1534862438654250,100063915262618,Sodigaztg,"Dernier jour demain !

Notre offre spéciale Evala prend fin, et après ça, c’est fini fini. Si tu n’as pas encore fait tes réserves, c’est le moment ou jamais.

NOS DIFFERENTS POINTS DE VENTE :
• OASIS Kara
• MATATA
• PMI
• ISOTECK
• MALIM Université

📞 Contactez-nous au 90 22 54 56 pour plus d’infos.

#SodigazTogo #Evala2026 #Promo",,0,"07/22/2026 04:22",N/A,https://www.facebook.com/sodigaztogo/posts/pfbid02oFG2igxrHmUzTai6fhevRM5V1AGpXqWZZWX9DTLYzPZ5XPvmK4bxBBNEturLvK34l,0,0,Photos,,,,,Global,826,440,6,5,0,1,73,31,42,,,826,0,440,0,0,0,0,0,0,0,0,0,0,0,0,0,0,0,0,0,0,0,0,0,,,,,,,,,,,,,,,,,,,,,,,,,,,,,,,,,,,,,,,,,,,,,,,,,,,,,,,,,,,,,,,,,,,,,,,,,,,,,,,,,,,,,,,,,,,,,,,,,,,,,,,,,,,,,,,,,,,,,,,,,,,,,,,,,,,,,,,,,,,,,,,,,,,,,,,,,,,,,,,,,,,,,,,,,,,,,,,,,,,,,,,,,,,,,,,,,,,,,,,,,,
1534050472068780,100063915262618,Sodigaztg,"13 700F et hop, ton pack complet de 3Kg est à toi !

Notre offre exceptionnelle à l’occasion de l’Evala est disponible uniquement à Kara, ne traîne pas trop !

NOS DIFFERENTS POINTS DE VENTE :
• OASIS Kara
• MATATA
• PMI
• ISOTECK
• MALIM Université

📞 Contactez-nous au 90 22 54 56 pour plus d’infos.

#SodigazTogo #Promo",,0,"07/21/2026 05:00",N/A,https://www.facebook.com/sodigaztogo/posts/pfbid02B39epd3saj4QcKAHED6JA2LXYenymSQRFDto1mGS28XrBjWWEPBUqdP7qPu3Hny4l,0,0,Photos,,,,,Global,2929,1728,16,12,3,1,94,61,33,,,2929,0,1728,0,0,0,0,0,0,0,0,0,0,0,0,0,0,0,0,0,0,0,0,0,,,,,,,,,,,,,,,,,,,,,,,,,,,,,,,,,,,,,,,,,,,,,,,,,,,,,,,,,,,,,,,,,,,,,,,,,,,,,,,,,,,,,,,,,,,,,,,,,,,,,,,,,,,,,,,,,,,,,,,,,,,,,,,,,,,,,,,,,,,,,,,,,,,,,,,,,,,,,,,,,,,,,,,,,,,,,,,,,,,,,,,,,,,,,,,,,,,,,,,,,,
1529006709239823,100063915262618,Sodigaztg,"Qui dit Evala, dit Sodigaz partout où bat le cœur de la fête !

Nos équipes sont directement sur le terrain, au niveau des arènes et sites de festivités, pour être aussi proches de vous que possible.

Jusqu’au 23 Juillet 2026 retrouvez-nous sur les sites Evala pour profiter de nos offres sur nos packs complets de gaz.

AUTRES POINTS DE VENTE :
• OASIS Kara
• MATATA
• PMI
• ISOTECK
• MALIM Université

📞 Contactez-nous au 90 22 54 56 pour plus d’infos.

#SodigazTogo",,0,"07/15/2026 05:56",N/A,https://www.facebook.com/sodigaztogo/posts/pfbid02PzqrfatdYw8QJNZPGgnAMLrBT6yWnHmYqHJAPnthuQNw7TtgDxmtfsQGgRyp4B7vl,0,0,Photos,,,,,Global,686,420,7,6,0,1,12,5,7,,,686,0,420,0,0,0,0,0,0,0,0,0,0,0,0,0,0,0,0,0,0,0,0,0,,,,,,,,,,,,,,,,,,,,,,,,,,,,,,,,,,,,,,,,,,,,,,,,,,,,,,,,,,,,,,,,,,,,,,,,,,,,,,,,,,,,,,,,,,,,,,,,,,,,,,,,,,,,,,,,,,,,,,,,,,,,,,,,,,,,,,,,,,,,,,,,,,,,,,,,,,,,,,,,,,,,,,,,,,,,,,,,,,,,,,,,,,,,,,,,,,,,,,,,,,
1528274615979699,100063915262618,Sodigaztg,"Qui dit Evala, dit fête, tradition… et bonnes affaires chez Sodigaz ! 🥳

Comme chaque année, on célèbre avec vous : réductions sur nos packs 3Kg, 6Kg et 12Kg, le temps des festivités.

Du 10 au 23 Juillet 2026, retrouvez nos offres à Kara :
• OASIS Kara
• MATATA
• PMI
• ISOTECK
• MALIM Université

Les stocks promo ne durent jamais assez longtemps pendant Evala… on vous aura prévenu. 😉

📞 Contactez-nous au 90 22 54 56 pour plus d’infos.

#SodigazTogo #Kara #Promo #Evala",,0,"07/14/2026 09:58",N/A,https://www.facebook.com/sodigaztogo/posts/pfbid0wwbMyqEEw4W8TX2FX6UoveUR38FE86cWhoGvA5AFmFxhrutEtXnjTvCdpFtNh9NBl,0,1,Liens,,,,,Global,44050,23898,73,56,16,1,1187,569,77,541,,4410,39640,2552,21847,0,0,0,0,0,0,0,0,0,0,0,0,0,0,0,0,0,0,0,0,,,,,,,,,,,,,,,,,,,,,,,,,,,,,,,,,,,,,,,,,,,,,,,,,,,,,,,,,,,,,,,,,,,,,,,,,,,,,,,,,,,,,,,,,,,,,,,,,,,,,,,,,,,,,,,,,,,,,,,,,,,,,,,,,,,,,,,,,,,,,,,,,,,,,,,,,,,,,,,,,,,,,,,,,,,,,,,,,,,,,,,,,,,,,,,,,,,,,,,,,,
1528191765987984,100063915262618,Sodigaztg,"On démarre la semaine avec le sourire et une seule mission : vous accompagner au quotidien, comme toujours.

Belle semaine à toute la famille Sodigaz !

#SodigazTogo","On démarre la semaine avec le sourire et une seule mission : vous accompagner au quotidien, comme toujours.

Belle semaine à toute la famille Sodigaz !

#SodigazTogo",15,"07/14/2026 07:58",N/A,https://www.facebook.com/reel/1340682200983437/,0,0,Vidéos,,,,,Global,581,664,10,10,0,0,5,5,,,,581,0,664,0,210,0,207,0,0,210,0,0,0,0,1700.53,0,953.963,0,4.987,0,5.782,0,0,0,,,2654.493,5.246,0,0,0,1,1,1,0.99,0.94,0.77,0.67,0.62,0.6,0.55,0.51,0.41,0.38,0.33,0.27,0.22,0.2,,,,,,,,,,,,,,,,,,,,,,,,,1,1,1,1,1,1,1,1,1,1,1,1,1,1,1,1,0.95,,,,,,,,,,,,,,,,,,,,,,,,,45,35,34,10,29,17,8,10,1,10,5,3,105,15,29,7,6,1,1,3,2,2,3,,1,2,,1,,,3,1,,,1,1,14,4,,,,3,,,,,,,,,,,,,,,,,,,,,,,,,,,2,1,1,1,,,,,,,,,,,,,,,,,,,,,,,,,,,,,,,,,,,,,,,,,
1523120069828487,100063915262618,Sodigaztg,"En pleine cuisson et plus de gaz ? Pas de panique. 

Avec Gozem, faites-vous livrer votre bouteille Sodigaz directement où vous êtes sans bouger, sans stresser.

Que vous soyez en plein milieu de la cuisson, à la maison sans moyen de déplacement, ou juste pressé ? La solution est à un clic. 📱

Le gaz qui vient à vous, quand vous en avez vraiment besoin.

📲 Ouvrez l’application Gozem et commandez dès maintenant.

📞 Contactez-nous au 90 22 54 56 pour plus d’infos.

#SodigazTogo #LivraisonGozem","En pleine cuisson et plus de gaz ? Pas de panique. 

Avec Gozem, faites-vous livrer votre bouteille Sodigaz directement où vous êtes sans bouger, sans stresser.

Que vous soyez en plein milieu de la cuisson, à la maison sans moyen de déplacement, ou juste pressé ? La solution est à un clic. 📱

Le gaz qui vient à vous, quand vous en avez vraiment besoin.

📲 Ouvrez l’application Gozem et commandez dès maintenant.

📞 Contactez-nous au 90 22 54 56 pour plus d’infos.

#SodigazTogo #LivraisonGozem",87,"07/08/2026 08:43",auto,https://www.facebook.com/reel/2031333854171880/,0,0,Vidéos,,,,,Global,238,244,9,8,0,1,8,8,,,,238,0,244,0,99,18,98,18,0,99,0,0,0,0,389.453,66.486,2225.981,0,6.086,13.298,14.645,0,0,0,,,2681.92,12.135,0,0,0,0.98,0.98,0.81,0.6,0.49,0.41,0.41,0.39,0.33,0.26,0.24,0.24,0.25,0.25,0.24,0.24,0.23,0.22,0.23,0.22,0.21,0.21,0.21,0.2,0.2,0.2,0.19,0.18,0.18,0.18,0.19,0.19,0.18,0.17,0.17,0.17,0.17,0.17,0.15,0.14,0.09,0.98,0.98,0.98,0.98,1,0.98,0.98,0.98,0.83,0.65,0.6,0.6,0.6,0.6,0.58,0.58,0.55,0.55,0.58,0.55,0.53,0.53,0.53,0.5,0.5,0.5,0.48,0.45,0.45,0.45,0.48,0.48,0.45,0.43,0.43,0.43,0.43,0.43,0.38,0.35,0.23,,,,,,,,,,,,,,,,,,,,,,,,,,,,,,,,,,,,,,,,,,,,,,,,,,,,,,,,,,,,,,,,,,,,,,,,,,,,,,,,,,,,,,,,,,,,,,,,,,,,,,,,,,,,,,,,,
1518527760287718,100063915262618,Sodigaztg,"On leur a donné le micro et on leur a dit : « Dites tout ce que vous n’avez jamais osé dire au boss. »

Et… ils ne se sont pas retenus. 😂
Regardez la vidéo et taguez votre collègue qui aurait des choses à dire aussi. 🤭

#SodigazTogo #Humour","On leur a donné le micro et on leur a dit : « Dites tout ce que vous n’avez jamais osé dire au boss. »

Et… ils ne se sont pas retenus. 😂
Regardez la vidéo et taguez votre collègue qui aurait des choses à dire aussi. 🤭

#SodigazTogo #Humour",18,"07/03/2026 07:19",N/A,https://www.facebook.com/reel/1055134480177477/,0,0,Vidéos,,,,,Global,476,329,8,6,2,0,16,16,,,,466,0,329,0,206,0,185,0,0,206,0,0,0,0,567.791,0,2576.153,0,6.106,0,9.267,0,0,0,,,3143.944,8.474,0,0,0,1,1,1,1,0.84,0.74,0.64,0.58,0.52,0.47,0.44,0.43,0.39,0.37,0.36,0.33,0.25,0.21,0.2,0.18,0.17,,,,,,,,,,,,,,,,,,,,,1,1,1,1,1,1,1,1,1,1,1,1,1,1,1,1,1,1,0.98,0.9,0.86,,,,,,,,,,,,,,,,,,,,,60,36,34,9,29,6,12,3,3,7,4,1,156,10,10,3,2,5,1,1,3,6,,,1,,,,,,,,,,,1,4,2,,,,,,,,,,,,,,,,,,1,,,,,,,,,,,,,,,,,,,,,,,,,,,,,,,,,,,,,,,,,,,,,,,,,,,,,,,,,
1516573157149845,100063915262618,Sodigaztg,"Petit foyer, grande famille, restaurant ou activité professionnelle, chez Sodigaz, on a le format qui vous correspond. 👇🏾

3 Kg, pour les petits foyers et l’usage occasionnel;
6 Kg, pour un usage quotidien classique;
12,5 Kg, pour les familles nombreuses et une consommation régulière;
50 Kg, pour les restaurants, hôtels et professionnels.

📞 Contactez-nous au 90 22 54 56 pour plus d’infos.

👉🏾 TROUVEZ LE VÔTRE DANS LES STATIONS ZENER ET EN LIVRAISON VIA GOZEM

#SodigazTogo #Gaz #RestaurantLome #GazTogo","Petit foyer, grande famille, restaurant ou activité professionnelle, chez Sodigaz, on a le format qui vous correspond. 👇🏾

3 Kg, pour les petits foyers et l’usage occasionnel;
6 Kg, pour un usage quotidien classique;
12,5 Kg, pour les familles nombreuses et une consommation régulière;
50 Kg, pour les restaurants, hôtels et professionnels.

📞 Contactez-nous au 90 22 54 56 pour plus d’infos.

👉🏾 TROUVEZ LE VÔTRE DANS LES STATIONS ZENER ET EN LIVRAISON VIA GOZEM

#SodigazTogo #Gaz #RestaurantLome #GazTogo",10,"07/01/2026 05:52",mixed,https://www.facebook.com/reel/2150477498854520/,0,0,Vidéos,,,,,Global,1304,857,18,17,0,1,10,10,,,,1297,0,857,0,511,0,463,0,0,511,0,0,0,0,2824.604,205.565,3162.515,0,5.922,7.089,7.338,0,0,0,,,6192.684,6.609,0,0,0,1,1,1,1,0.88,0.78,0.71,0.65,0.6,0.56,0.53,0.51,0.48,,,,,,,,,,,,,,,,,,,,,,,,,,,,,1,1,1,1,1,1,1,1,1,1,1,1,0.98,,,,,,,,,,,,,,,,,,,,,,,,,,,,,142,117,61,17,55,31,23,10,12,7,8,11,340,46,49,10,8,8,6,4,1,5,1,3,2,1,,2,,1,,,,1,,3,7,1,2,,,3,,1,,1,1,,,1,,,,,,,,1,,,,,,,,,,,,,,,,,,,,,,,,,,,,,,,,,,,,,,,,,,1,1,,,,,,,,,,,,
1515670267240134,100063915262618,Sodigaztg,"Le 30 du mois : 
« Bonjour Madame, vous avez bien dormi ? »
« Vous voulez que je vous prenne un café ? »
« Vous êtes resplendissante aujourd’hui ! »

Soudainement tout le monde l’aime beaucoup et on sait tous pourquoi… 🤭🤣

Taguez la comptable de votre boîte en commentaire.

#SodigazTogo #FinDuMois #Humour","Le 30 du mois : 
« Bonjour Madame, vous avez bien dormi ? »
« Vous voulez que je vous prenne un café ? »
« Vous êtes resplendissante aujourd’hui ! »

Soudainement tout le monde l’aime beaucoup et on sait tous pourquoi… 🤭🤣

Taguez la comptable de votre boîte en commentaire.

#SodigazTogo #FinDuMois #Humour",51,"06/30/2026 06:24",N/A,https://www.facebook.com/reel/3120784421465602/,0,0,Vidéos,,,,,Global,300,177,5,5,0,0,2,2,,,,300,0,177,0,87,0,65,0,0,87,0,0,0,0,620.211,0,1397.79,0,7.297,0,9.257,0,0,0,,,2018.001,8.55,0,0,0,1,1,1,0.75,0.64,0.57,0.53,0.39,0.37,0.36,0.34,0.31,0.3,0.26,0.25,0.25,0.25,0.24,0.24,0.25,0.24,0.23,0.22,0.21,0.2,0.18,0.2,0.17,0.16,0.16,0.16,0.15,0.15,0.16,0.16,0.15,0.15,0.11,0.08,0.07,0.07,1,1,1,1,1,1,1,1,1,1,1,1,1,0.88,0.85,0.85,0.85,0.81,0.81,0.81,0.77,0.77,0.73,0.69,0.65,0.62,0.62,0.58,0.54,0.54,0.54,0.5,0.5,0.5,0.5,0.5,0.5,0.38,0.27,0.23,0.23,,,,,,,,,,,,,,,,,,,,,,,,,,,,,,,,,,,,,,,,,,,,,,,,,,,,,,,,,,,,,,,,,,,,,,,,,,,,,,,,,,,,,,,,,,,,,,,,,,,,,,,,,,,,,,,,,
1507500368057124,100063915262618,Sodigaztg,"Ce sont ces petits moments qu’on n’oublie jamais.

Le dimanche matin où papa allumait le barbecue dans la cour. L’odeur de la viande qui grille. Vous à ses côtés, à le regarder faire avec les yeux grands ouverts.

Il ne disait pas grand chose. Mais il était là. Et ça, ça voulait tout dire. 🤍
Ces moments-là, on les garde. On les chérit. Et un jour, on les transmet à nos propres enfants, parce que c’est comme ça que l’amour d’un père voyage à travers le temps.

De toute l’équipe Sodigaz Togo, bonne fête des pères à tous les papas. 

#SodigazTogo #BonneFeteDesPeres",,0,"06/21/2026 05:45",N/A,https://www.facebook.com/sodigaztogo/posts/pfbid02cSB8eyGwbNHaxzx3WT5x9wEkaWCsY2R7vNrt8RpstexSPo4dfuQk4KTfj3oD3HGml,0,0,Photos,,,,,Global,679,429,12,10,0,2,13,6,7,,,679,0,429,0,0,0,0,0,0,0,0,0,0,0,0,0,0,0,0,0,0,0,0,0,,,,,,,,,,,,,,,,,,,,,,,,,,,,,,,,,,,,,,,,,,,,,,,,,,,,,,,,,,,,,,,,,,,,,,,,,,,,,,,,,,,,,,,,,,,,,,,,,,,,,,,,,,,,,,,,,,,,,,,,,,,,,,,,,,,,,,,,,,,,,,,,,,,,,,,,,,,,,,,,,,,,,,,,,,,,,,,,,,,,,,,,,,,,,,,,,,,,,,,,,,
1506925018114659,100063915262618,Sodigaztg,"On sent déjà la fin du mois arriver dans nos locaux … 🤣

Taguez quelqu’un qui se reconnaît ici. 🤭

#SodigazTogo #Humour","On sent déjà la fin du mois arriver dans nos locaux … 🤣

Taguez quelqu’un qui se reconnaît ici. 🤭

#SodigazTogo #Humour",10,"06/20/2026 14:25",N/A,https://www.facebook.com/reel/1414155780488224/,0,0,Vidéos,,,,,Global,830,585,12,9,1,2,17,17,,,,826,0,585,0,394,0,368,0,0,394,0,0,0,0,1061.353,1.089,2893.63,0,4.575,1.089,7.041,0,0,0,,,3956.072,6.142,0,0,0,1,1,1,1,0.92,0.84,0.75,0.65,0.57,0.37,0.28,0.25,0.21,,,,,,,,,,,,,,,,,,,,,,,,,,,,,1,1,1,1,1,1,1,1,1,1,1,1,0.92,,,,,,,,,,,,,,,,,,,,,,,,,,,,,123,80,50,24,41,19,17,12,2,10,6,5,282,13,12,6,13,8,14,5,15,4,,,2,,1,3,,1,2,,,,1,3,2,,1,1,,,,,,,,,,,,2,1,1,1,,,,,,,,,,,,,,,,,,,,,,,,,,,,,,,,,,,,,,,,,,,,,,,,,,,,,,,,,,
1503043385169489,100063915262618,Sodigaztg,"Sodigaz Togo pose ses valises à Agoè Assiyéyé ! 🎉

Et on ne vient pas les mains vides. 😄 Pendant 3 jours, la population du quartier peut profiter d’offres exceptionnelles sur nos packs complets directement sur place. C’est rare, c’est limité, ne laissez pas passer ça. Des packs complets à prix imbattables.

⏰ Disponible pendant 3 jours seulement
📍 Agoè Assiyéyé, on est là pour vous. Partagez massivement à vos voisins, vos proches, votre famille du quartier. 🙏🏾

📞 Contactez-nous au 90 22 54 56 pour plus d’infos.

#SodigazTogo #Gaz #Promo #GazTogo",,0,"06/16/2026 09:56",N/A,https://www.facebook.com/sodigaztogo/posts/pfbid0pghQekUpzmj9AszLNVYEk9m6iDGceLBtFKJKxyEFHNuGKuLKQL44WZCwLZjNpW33l,0,0,Photos,,,,,Global,1757,1031,32,27,2,3,43,26,17,,,1757,0,1031,0,0,0,0,0,0,0,0,0,0,0,0,0,0,0,0,0,0,0,0,0,,,,,,,,,,,,,,,,,,,,,,,,,,,,,,,,,,,,,,,,,,,,,,,,,,,,,,,,,,,,,,,,,,,,,,,,,,,,,,,,,,,,,,,,,,,,,,,,,,,,,,,,,,,,,,,,,,,,,,,,,,,,,,,,,,,,,,,,,,,,,,,,,,,,,,,,,,,,,,,,,,,,,,,,,,,,,,,,,,,,,,,,,,,,,,,,,,,,,,,,,,
1497359939071167,100063915262618,Sodigaztg,"Vous ne savez pas quel format choisir ? On vous explique tout.

Chez Sodigaz, on a pensé à tout le monde, du petit foyer à la grande famille, du studio à la gargote du quartier.

Suivez la vidéo pour découvrir nos différents formats et trouver celui qui est fait pour vous. 

📞 Contactez-nous au 90 22 54 56 pour plus d’infos.

👉🏾 DISPONIBLE DANS LES STATIONS ZENER ET EN LIVRAISON VIA GOZEM

#Sodigaz #Gaz #SodigazTogo #GazTogo","Vous ne savez pas quel format choisir ? On vous explique tout.

Chez Sodigaz, on a pensé à tout le monde, du petit foyer à la grande famille, du studio à la gargote du quartier.

Suivez la vidéo pour découvrir nos différents formats et trouver celui qui est fait pour vous. 

📞 Contactez-nous au 90 22 54 56 pour plus d’infos.

👉🏾 DISPONIBLE DANS LES STATIONS ZENER ET EN LIVRAISON VIA GOZEM

#Sodigaz #Gaz #SodigazTogo #GazTogo",35,"06/10/2026 04:57",auto,https://www.facebook.com/reel/1537510991383300/,0,0,Vidéos,,,,,Global,13521,30375,66,62,3,1,5642,370,,4965,307,537,12950,20651,29927,8685,0,7561,0,8413,272,0,0,0,0,1466.903,0,1985.726,108363.203,6.087,0,8.106,9.01,0,0,,,111815.832,8.935,0,0,0,0.99,0.99,0.99,0.99,0.99,0.92,0.83,0.72,0.64,0.59,0.55,0.54,0.45,0.34,0.29,0.25,0.22,0.2,0.19,0.17,0.16,0.16,0.15,0.15,0.14,0.13,0.13,0.12,0.11,0.11,0.1,0.1,0.1,0.1,0.09,0.09,0.08,0.07,0.06,0.05,0.04,0.99,0.99,0.99,0.99,0.99,1,1,1,1,1,1,1,1,1,1,1,0.97,0.9,0.84,0.79,0.76,0.73,0.7,0.67,0.63,0.6,0.56,0.54,0.52,0.5,0.48,0.45,0.42,0.38,0.31,0.27,0.23,,,,,2013,1877,676,737,554,1068,400,279,505,250,149,144,8582,15,28,12,10,3,3,1,4,1,,1,3,,2,2,,,1,,,,,2,2,,2,,,,,1,,,,,1,,1,,,,1,1,,,,,,,,3,1,,,,,,,,,,,,,,,,,,,,,,,,,,,,,,,,,1,1,,,,,,,,,,,,,,
1496412105832617,100063915262618,Sodigaztg,"C’est officiel. On a une offre pour vous et elle est trop belle pour passer à côté. 🥳

À l’occasion du LPG Day, profitez du kit complet Sodigaz 3kg à seulement 14 000 FCFA. Disponible dans toutes les Oasis Sodigaz jusqu’au 13 juin 2026.

Si vous pensiez à passer à Sodigaz, c’est le moment. Partagez à vos proches, ils nous remercieront. 🙏🏾

📞 Contactez-nous au 90 22 54 56 pour plus d’infos.

👉🏾 DISPONIBLE DANS LES STATIONS ZENER ET EN LIVRAISON VIA GOZEM

#Sodigaz #Gaz #SodigazTogo #Promo #LPGDAY",,0,"06/09/2026 04:23",N/A,https://www.facebook.com/sodigaztogo/posts/pfbid06jAjchip8qafQGhgdwSxz9yA1NjXokriuDaddgmostQutG2AFz1sqYRZTUEUdFf2l,0,0,Photos,,,,,Global,1704,1013,25,20,2,3,46,30,16,,,1704,0,1013,0,0,0,0,0,0,0,0,0,0,0,0,0,0,0,0,0,0,0,0,0,,,,,,,,,,,,,,,,,,,,,,,,,,,,,,,,,,,,,,,,,,,,,,,,,,,,,,,,,,,,,,,,,,,,,,,,,,,,,,,,,,,,,,,,,,,,,,,,,,,,,,,,,,,,,,,,,,,,,,,,,,,,,,,,,,,,,,,,,,,,,,,,,,,,,,,,,,,,,,,,,,,,,,,,,,,,,,,,,,,,,,,,,,,,,,,,,,,,,,,,,,
1494929825980845,100063915262618,Sodigaztg,"Aujourd’hui, 7 juin, c’est le World LPG Day.

Partout dans le monde, des entreprises, des gouvernements et des familles célèbrent une énergie qui change concrètement des vies.

Au Togo, nous sommes fiers d’en faire partie.
Depuis plusieurs années, Zener investit dans le développement des infrastructures GPL sur l’ensemble de la chaîne de valeur de l’approvisionnement à la distribution finale afin de garantir un accès sécurisé et abordable aux ménages, aux professionnels et aux industriels togolais.

Derrière chaque bouteille de gaz, il y a une famille qui cuisine sans fumée, un enfant qui respire mieux, une femme qui gagne du temps, un arbre qui reste debout.

Aujourd’hui, nos équipes terrain, nos Oasis et nos revendeurs agréés ont marqué cette journée ensemble, parce que l’énergie propre n’est pas une
promesse. C’est déjà une réalité que nous construisons chaque jour au Togo. 🧡🔥

Bonne célébration du World LPG Day à tous nos clients, partenaires et collaborateurs.

#WorldLPGDay #LPGDay #Zener #ÉnergieAfrique #GazButane #TransitionÉnergétique #Togo #Lo",,0,"06/07/2026 11:23",N/A,https://www.facebook.com/sodigaztogo/posts/pfbid02QsBthnBdh3Qpp6NT7P4TnD2EibRuVkK1tpVnoL2jMq2osm6PT4FYDSY4zyDyQYPol,0,0,Photos,,,,,Global,398,270,8,5,1,2,6,3,3,,,398,0,270,0,0,0,0,0,0,0,0,0,0,0,0,0,0,0,0,0,0,0,0,0,,,,,,,,,,,,,,,,,,,,,,,,,,,,,,,,,,,,,,,,,,,,,,,,,,,,,,,,,,,,,,,,,,,,,,,,,,,,,,,,,,,,,,,,,,,,,,,,,,,,,,,,,,,,,,,,,,,,,,,,,,,,,,,,,,,,,,,,,,,,,,,,,,,,,,,,,,,,,,,,,,,,,,,,,,,,,,,,,,,,,,,,,,,,,,,,,,,,,,,,,,
1494919315981896,100063915262618,Sodigaztg,"Lorsque nous choisissons une énergie pour cuisiner, nous choisissons aussi l’environnement dans lequel notre famille vit.

Moins de fumée, moins de bois consommé, plus de confort au quotidien. Le gaz n’est pas seulement pratique.

Il contribue aussi à améliorer les conditions de vie de nombreuses familles.

#SodigazTogo #LPGDay #GazPourTous #LPGDay2026",,0,"06/07/2026 11:07",N/A,https://www.facebook.com/sodigaztogo/posts/pfbid02mQ1tEuTGUGs92o7Z6BCJBePMf1Cr5U6d4Z8UaHnCEwoR8bYQumTUMDhQXvDTj4Wel,0,0,Photos,,,,,Global,1196,699,15,8,4,3,50,24,26,,,1196,0,699,0,0,0,0,0,0,0,0,0,0,0,0,0,0,0,0,0,0,0,0,0,,,,,,,,,,,,,,,,,,,,,,,,,,,,,,,,,,,,,,,,,,,,,,,,,,,,,,,,,,,,,,,,,,,,,,,,,,,,,,,,,,,,,,,,,,,,,,,,,,,,,,,,,,,,,,,,,,,,,,,,,,,,,,,,,,,,,,,,,,,,,,,,,,,,,,,,,,,,,,,,,,,,,,,,,,,,,,,,,,,,,,,,,,,,,,,,,,,,,,,,,,
1492803649526796,100063915262618,Sodigaztg,"Zener s'invite dans vos marchés ! 🥳

Aujourd’hui, vendredi 5 juin 2026, l’équipe Zener lance sa grande tournée « Activation Marché »et dépose ses bagages au marché de Tsévié ! 

C’est l'occasion idéale de découvrir tous les avantages d'une cuisine moderne, rapide et totalement propre pour toute la famille.

📍Au programme 

- Des offres promotionnelles exceptionnelles sur vos bouteilles de gaz préférées SODIGAZ et ÉNORA 
- Des conseils pratiques pour cuisiner en toute sécurité et maîtriser votre consommation.
- Une équipe dynamique sur place pour répondre avec joie à toutes vos questions.

⚠️ Les stocks sont limités sur le stand, premiers arrivés, premiers servis !☺️

#Zener #ActivationMarché #Tsévié #Enora #Sodigaz #ÉnergiePropre #Togo",,0,"06/05/2026 06:29",N/A,https://www.facebook.com/sodigaztogo/posts/pfbid02gc5MZt1jvqK5FdEppz6AhM4LPww6CZgamhvXz3EyESqw7p4fTmuDpzF3aMn45i2Vl,0,0,Photos,,,,,Global,566,350,10,8,0,2,15,7,8,,,566,0,350,0,0,0,0,0,0,0,0,0,0,0,0,0,0,0,0,0,0,0,0,0,,,,,,,,,,,,,,,,,,,,,,,,,,,,,,,,,,,,,,,,,,,,,,,,,,,,,,,,,,,,,,,,,,,,,,,,,,,,,,,,,,,,,,,,,,,,,,,,,,,,,,,,,,,,,,,,,,,,,,,,,,,,,,,,,,,,,,,,,,,,,,,,,,,,,,,,,,,,,,,,,,,,,,,,,,,,,,,,,,,,,,,,,,,,,,,,,,,,,,,,,,
1491813779625783,100063915262618,Sodigaztg,"Saviez-vous ce qu’est le LPG Day ? 🤔 Avez-vous déjà entendu parler de cette journée ?

Chaque 7 juin, le monde célèbre le LPG Day, une journée dédiée au gaz de pétrole liquéfié (GPL), une énergie qui aide des millions de familles à cuisiner plus proprement, plus rapidement et avec plus de confort.

À cette occasion, nous vous invitons à un live spécial pour découvrir pourquoi cette journée est importante, en apprendre davantage sur le gaz et échanger avec nous dans une ambiance conviviale. Et ce n’est pas tout !

Des packs complets de gaz 3 kg seront à gagner en direct pour les participants les plus attentifs.

📅 Aujourd’hui 
⏰ 15H
📍 En direct sur notre page TikTok : https://www.tiktok.com/@sodigaztg?_r=1&_t=ZS-96vj9rc52Rh

Rejoignez-nous !

#SodigazTogo #LPGDay #GazPourTous #LPGDay2026","Saviez-vous ce qu’est le LPG Day ? 🤔 Avez-vous déjà entendu parler de cette journée ?

Chaque 7 juin, le monde célèbre le LPG Day, une journée dédiée au gaz de pétrole liquéfié (GPL), une énergie qui aide des millions de familles à cuisiner plus proprement, plus rapidement et avec plus de confort.

À cette occasion, nous vous invitons à un live spécial pour découvrir pourquoi cette journée est importante, en apprendre davantage sur le gaz et échanger avec nous dans une ambiance conviviale. Et ce n’est pas tout !

Des packs complets de gaz 3 kg seront à gagner en direct pour les participants les plus attentifs.

📅 Aujourd’hui 
⏰ 15H
📍 En direct sur notre page TikTok : https://www.tiktok.com/@sodigaztg?_r=1&_t=ZS-96vj9rc52Rh

Rejoignez-nous !

#SodigazTogo #LPGDay #GazPourTous #LPGDay2026",41,"06/04/2026 06:04",N/A,https://www.facebook.com/reel/837846889398932/,0,0,Vidéos,,,,,Global,573,553,9,9,0,0,10,10,,,,573,0,553,0,273,0,273,0,0,273,0,0,0,0,2225.489,0,3227.565,0,8.182,0,13.562,0,0,0,,,5453.054,10.692,0,0,0,1,1,1,1,0.86,0.78,0.75,0.68,0.64,0.6,0.56,0.53,0.5,0.49,0.47,0.47,0.44,0.41,0.4,0.38,0.37,0.37,0.35,0.34,0.33,0.33,0.32,0.31,0.3,0.27,0.26,0.24,0.24,0.22,0.21,0.2,0.19,0.18,0.18,0.17,0.14,1,1,1,1,1,1,1,1,1,1,1,1,1,1,1,1,0.95,0.89,0.86,0.81,0.79,0.79,0.76,0.73,0.72,0.7,0.68,0.67,0.65,0.58,0.56,0.52,0.51,0.47,0.46,0.43,0.42,0.39,0.38,0.36,0.29,68,61,43,9,28,20,11,4,8,8,8,4,166,10,29,7,7,1,6,4,1,5,4,1,2,1,,,,1,4,,,,,2,7,,1,,,,,,1,,,1,4,,,2,,,,,,,,,,,,1,,,,2,,,,,,,,,,,,1,,,,,,,,,2,,,,,,,,,,,,,,,,,,,,,,,,
1487881430019018,100063915262618,Sodigaztg,"🤣 Elles sont toutes ainsi, mais malgré tout on les adore, on les aime d’un amour incommensurable. 💙

De toute l’équipe Sodigaz Togo, bonne fête des mères à toutes les mamans. 💙

#SodigazTogo #FeteDesMeres2026 #MamanMerci","🤣 Elles sont toutes ainsi, mais malgré tout on les adore, on les aime d’un amour incommensurable. 💙

De toute l’équipe Sodigaz Togo, bonne fête des mères à toutes les mamans. 💙

#SodigazTogo #FeteDesMeres2026 #MamanMerci",37,"05/31/2026 04:33",N/A,https://www.facebook.com/reel/821038650833777/,0,0,Vidéos,,,,,Global,282,246,7,7,0,0,2,2,,,,282,0,246,0,98,0,97,0,0,98,0,0,0,0,488.411,0,1312.032,0,4.037,0,10.093,0,0,0,,,1800.443,7.173,0,0,0,0.99,1,1,1,0.89,0.8,0.73,0.68,0.65,0.56,0.53,0.52,0.51,0.5,0.48,0.44,0.43,0.41,0.39,0.37,0.35,0.35,0.35,0.35,0.35,0.35,0.31,0.28,0.27,0.26,0.26,0.24,0.22,0.21,0.2,0.16,0.13,0.11,0.08,0.08,0.07,1,1,1,1,1,1,1,1,1,1,1,1,1,1,1,1,1,0.98,0.93,0.88,0.83,0.83,0.83,0.83,0.83,0.83,0.73,0.66,0.63,0.61,0.61,0.59,0.54,0.51,0.49,0.39,0.32,0.27,0.2,0.2,0.17,,,,,,,,,,,,,,,,,,,,,,,,,,,,,,,,,,,,,,,,,,,,,,,,,,,,,,,,,,,,,,,,,,,,,,,,,,,,,,,,,,,,,,,,,,,,,,,,,,,,,,,,,,,,,,,,,
1486977540109407,100063915262618,Sodigaztg,"On va pas se mentir… ce qu’on mange dépend vraiment de l’état du portefeuille. 😂

Alors dis-nous franchement, tu prépares quoi quand tu as de l’argent ? 

#SodigazTogo",,0,"05/30/2026 04:24",N/A,https://www.facebook.com/sodigaztogo/posts/pfbid028JFPQWGgxz97NizAUcE3ZLu4Upeiavawz3QWjiJeL6RSMDGBuWZf43hAUDV2f7trl,0,0,Photos,,,,,Global,1737,1090,24,18,3,3,45,29,16,,,1737,0,1090,0,0,0,0,0,0,0,0,0,0,0,0,0,0,0,0,0,0,0,0,0,,,,,,,,,,,,,,,,,,,,,,,,,,,,,,,,,,,,,,,,,,,,,,,,,,,,,,,,,,,,,,,,,,,,,,,,,,,,,,,,,,,,,,,,,,,,,,,,,,,,,,,,,,,,,,,,,,,,,,,,,,,,,,,,,,,,,,,,,,,,,,,,,,,,,,,,,,,,,,,,,,,,,,,,,,,,,,,,,,,,,,,,,,,,,,,,,,,,,,,,,,
1484118010395360,100063915262618,Sodigaztg,"C’est le matin de l’Aïd. Ces moments de la bonne humeur au tour de la table, on ne les échange contre rien. 

Toute l’équipe Sodigaz Togo vous souhaite une belle et joyeuse fête de Tabaski. Que cette journée soit remplie de paix, de partage et de bénédictions pour vous et vos familles. 🌙

Aïd Moubarak ! 🤲🏾

#SodigazTogo #Tabaski2026 #AïdMoubarak",,0,"05/27/2026 02:35",N/A,https://www.facebook.com/sodigaztogo/posts/pfbid02iLSVoNFiwUfkPDBoUjRqNYX7XnWGRAVPFyGvkZrwgSb2AupCZUEVW73wUPkjTczgl,0,0,Photos,,,,,Global,1367,867,14,13,0,1,16,5,11,,,1367,0,867,0,0,0,0,0,0,0,0,0,0,0,0,0,0,0,0,0,0,0,0,0,,,,,,,,,,,,,,,,,,,,,,,,,,,,,,,,,,,,,,,,,,,,,,,,,,,,,,,,,,,,,,,,,,,,,,,,,,,,,,,,,,,,,,,,,,,,,,,,,,,,,,,,,,,,,,,,,,,,,,,,,,,,,,,,,,,,,,,,,,,,,,,,,,,,,,,,,,,,,,,,,,,,,,,,,,,,,,,,,,,,,,,,,,,,,,,,,,,,,,,,,,
1483187557155072,100063915262618,Sodigaztg,"Si vous avez des collègues comme ça au service, n’hésitez pas à les taguer en commentaire.🤭

#SodigazTogo","Si vous avez des collègues comme ça au service, n’hésitez pas à les taguer en commentaire.🤭

#SodigazTogo",28,"05/26/2026 02:05",uploaded,https://www.facebook.com/reel/977512948020772/,0,0,Vidéos,,,,,Global,639,587,15,15,0,0,7,7,,,,638,0,587,0,323,0,323,0,0,323,0,0,0,0,3103.36,0,2504.543,0,9.128,0,10.48,0,0,0,,,5607.903,9.685,0,0,0,1,1,1,1,0.85,0.76,0.72,0.67,0.64,0.62,0.59,0.59,0.55,0.52,0.51,0.48,0.44,0.43,0.41,0.4,0.37,0.35,0.33,0.3,0.25,0.16,0.12,0.1,0.09,,,,,,,,,,,,,1,1,1,1,1,1,1,1,1,1,1,1,1,1,1,1,0.92,0.9,0.86,0.83,0.77,0.72,0.68,0.63,0.51,0.32,0.25,0.2,0.17,,,,,,,,,,,,,101,67,28,27,29,19,14,13,3,9,5,4,133,26,38,14,9,1,3,7,26,3,2,1,7,,2,5,,,4,,,,,4,14,9,1,,,4,,,,,,,,,1,1,,,,3,,1,,,,,2,,,,,,,,,,,,1,,,,,,,,,,,,,,,,,,,,,,1,,,,,,,,,,,,,,,,
1481514220655739,100063915262618,Sodigaztg,"La Pentecôte, c’est la famille réunie, les repas partagés, les foyers allumés. 

Et chez SODIGAZ, on aime les foyers allumés. 😄 Toute l’équipe vous souhaite une belle fête, remplie de douceur et de bons moments.

Joyeuse Pentecôte ! 🕊️

#SodigazTogo #Pentecote2026",,0,"05/24/2026 03:07",N/A,https://www.facebook.com/sodigaztogo/posts/pfbid0d6kqGdoL28922AvnRugvBcZ38A5SnHw5nQeZbUXXe5rafUGPfvEw9HZjVfeAstdl,0,0,Photos,,,,,Global,435,276,19,16,1,2,15,10,5,,,435,0,276,0,0,0,0,0,0,0,0,0,0,0,0,0,0,0,0,0,0,0,0,0,,,,,,,,,,,,,,,,,,,,,,,,,,,,,,,,,,,,,,,,,,,,,,,,,,,,,,,,,,,,,,,,,,,,,,,,,,,,,,,,,,,,,,,,,,,,,,,,,,,,,,,,,,,,,,,,,,,,,,,,,,,,,,,,,,,,,,,,,,,,,,,,,,,,,,,,,,,,,,,,,,,,,,,,,,,,,,,,,,,,,,,,,,,,,,,,,,,,,,,,,,
1479696014170893,100063915262618,Sodigaztg,"Selon vous… qui vend le meilleur ayimolou de la capitale ? 🤭

On est allés poser la question lors du festival Ayimolou et les réponses étaient très sérieuses. 😂

Regardez la vidéo jusqu’à la fin et dites-nous en commentaire votre meilleure adresse, c’est laquelle ?

#SodigazTogo","Selon vous… qui vend le meilleur ayimolou de la capitale ? 🤭

On est allés poser la question lors du festival Ayimolou et les réponses étaient très sérieuses. 😂

Regardez la vidéo jusqu’à la fin et dites-nous en commentaire votre meilleure adresse, c’est laquelle ?

#SodigazTogo",62,"05/22/2026 04:11",auto,https://www.facebook.com/reel/1739603250724107/,0,0,Vidéos,,,,,Global,330,303,17,16,1,0,8,8,,,,330,0,303,0,159,5,158,5,0,159,0,0,0,0,627.921,0,1718.968,0,5.233,0,9.048,0,0,0,,,2346.889,7.57,0,0,0,0.99,0.99,0.98,0.77,0.65,0.56,0.34,0.29,0.23,0.2,0.18,0.16,0.16,0.16,0.14,0.14,0.13,0.12,0.13,0.13,0.11,0.11,0.09,0.09,0.1,0.09,0.08,0.08,0.08,0.08,0.08,0.08,0.08,0.08,0.08,0.08,0.06,0.06,0.04,0.03,0.03,1,1,1,1,1,1,1,1,1,1,0.93,0.87,0.87,0.83,0.77,0.73,0.67,0.63,0.67,0.67,0.6,0.57,0.5,0.5,0.53,0.47,0.43,0.43,0.43,0.43,0.43,0.43,0.43,0.43,0.43,0.4,0.3,0.3,0.2,0.13,0.13,41,32,25,9,20,7,4,4,4,4,2,4,111,8,2,3,8,3,4,,,1,2,,2,1,,1,,,1,,,,,,8,,1,,,1,,,1,,,,,,,,,,,,,,,,,,,,1,,,,,,,,,,,,,,,,,,,,,,,,,,,,,,,,,,,,,,,,,,,,,,,,
1478023887671439,100063915262618,Sodigaztg,"Une odeur de gaz ne doit jamais être ignorée.

Dans cette vidéo en langue locale kabye, découvrez les bons réflexes à adopter quand vous sentez une fuite de gaz à la maison.

❌ Ne paniquez pas  
❌ N’allumez surtout pas de flamme  
❌ N’utilisez pas d’interrupteur  

Parfois, les gestes les plus simples sont ceux qui évitent le pire.

Regardez la vidéo jusqu’à la fin et partagez-la autour de vous, cela peut aider quelqu’un.

#SodigazTogo","Une odeur de gaz ne doit jamais être ignorée.

Dans cette vidéo en langue locale kabye, découvrez les bons réflexes à adopter quand vous sentez une fuite de gaz à la maison.

❌ Ne paniquez pas  
❌ N’allumez surtout pas de flamme  
❌ N’utilisez pas d’interrupteur  

Parfois, les gestes les plus simples sont ceux qui évitent le pire.

Regardez la vidéo jusqu’à la fin et partagez-la autour de vous, cela peut aider quelqu’un.

#SodigazTogo",60,"05/20/2026 06:04",auto,https://www.facebook.com/reel/1316307087341882/,0,0,Vidéos,,,,,Global,231,242,18,18,0,0,1,1,,,,231,0,242,0,72,0,71,0,0,72,0,0,0,0,201.582,0,646.679,0,2.122,0,5.435,0,0,0,,,848.261,3.963,0,0,0,1,1,1,0.64,0.44,0.4,0.31,0.19,0.15,0.13,0.08,0.08,0.08,0.08,0.08,0.07,0.07,0.07,0.07,0.07,0.06,0.06,0.06,0.06,0.04,0.04,0.04,0.04,0.04,0.03,0.04,0.04,0.03,0.03,0.03,0.03,0.01,0.03,0,0,0,1,1,1,1,1,1,1,1,1,1,1,1,1,1,1,0.83,0.83,0.83,0.83,0.83,0.67,0.67,0.67,0.67,0.5,0.5,0.5,0.5,0.5,0.33,0.5,0.5,0.33,0.33,0.33,0.33,0.17,0.33,0,0,0,,,,,,,,,,,,,,,,,,,,,,,,,,,,,,,,,,,,,,,,,,,,,,,,,,,,,,,,,,,,,,,,,,,,,,,,,,,,,,,,,,,,,,,,,,,,,,,,,,,,,,,,,,,,,,,,,
1472499798223848,100063915262618,Sodigaztg,"En ce jour de l’Ascension, nous vous souhaitons une célébration remplie de paix, de joie et de précieux moments en famille. ❤️

Que cette journée soit belle autour de ceux qui comptent pour vous.

Bonne fête de l’Ascension à tous.

#SodigazTogo",,0,"05/14/2026 03:24",N/A,https://www.facebook.com/sodigaztogo/posts/pfbid0RHsUgoerw2rJgMLnrbivXL76sMup7RW4akKR1dTwwnjJ66hU9uD2N1ZATd9LARTol,0,0,Photos,,,,,Global,377,262,20,17,0,3,4,2,2,,,377,0,262,0,0,0,0,0,0,0,0,0,0,0,0,0,0,0,0,0,0,0,0,0,,,,,,,,,,,,,,,,,,,,,,,,,,,,,,,,,,,,,,,,,,,,,,,,,,,,,,,,,,,,,,,,,,,,,,,,,,,,,,,,,,,,,,,,,,,,,,,,,,,,,,,,,,,,,,,,,,,,,,,,,,,,,,,,,,,,,,,,,,,,,,,,,,,,,,,,,,,,,,,,,,,,,,,,,,,,,,,,,,,,,,,,,,,,,,,,,,,,,,,,,,
1461096469364181,100063915262618,Sodigaztg,"Bonne fête à tous ceux qui travaillent chaque jour avec courage et détermination.

Merci pour vos efforts, votre engagement et votre confiance.

Belle fête des travailleurs à tous. ❤️

#SodigazTogo",,0,"05/01/2026 02:29",N/A,https://www.facebook.com/sodigaztogo/posts/pfbid02mQfs6tLpCgvTDTwU6ke3pBmAmGk5SGCzLdJhjkWvQm5mHLUDJMprp9aV2KJ4kab6l,0,0,Photos,,,,,Global,1143,806,29,26,0,3,22,10,12,,,1143,0,806,0,0,0,0,0,0,0,0,0,0,0,0,0,0,0,0,0,0,0,0,0,,,,,,,,,,,,,,,,,,,,,,,,,,,,,,,,,,,,,,,,,,,,,,,,,,,,,,,,,,,,,,,,,,,,,,,,,,,,,,,,,,,,,,,,,,,,,,,,,,,,,,,,,,,,,,,,,,,,,,,,,,,,,,,,,,,,,,,,,,,,,,,,,,,,,,,,,,,,,,,,,,,,,,,,,,,,,,,,,,,,,,,,,,,,,,,,,,,,,,,,,,
1459340722873089,100063915262618,Sodigaztg,"Le jour où le gaz finit au mauvais moment… là on comprend l’importance du « gaz secours ». 😂

Avoir son petit format 3Kg ou 6Kg à côté, c’est éviter les surprises dans la cuisine. 👌🏾

Et bonne nouvelle ! Des offres exceptionnelles sur les packs complets vous attendent pendant nos lives TikTok chaque jeudi à partir de 15H sur la page SODIGAZ.

Rendez-vous en live ce jeudi à 15H !
Et si ce n’est pas encore fait, abonnez-vous à notre compte TikTok pour ne rien manquer. 

LIEN DE NOTRE PAGE TIKTOK : https://urlr.me/uZqQfD

#SodigazTogo #LiveSodigaz #GazTogo #LiveTiktok","Le jour où le gaz finit au mauvais moment… là on comprend l’importance du « gaz secours ». 😂

Avoir son petit format 3Kg ou 6Kg à côté, c’est éviter les surprises dans la cuisine. 👌🏾

Et bonne nouvelle ! Des offres exceptionnelles sur les packs complets vous attendent pendant nos lives TikTok chaque jeudi à partir de 15H sur la page SODIGAZ.

Rendez-vous en live ce jeudi à 15H !
Et si ce n’est pas encore fait, abonnez-vous à notre compte TikTok pour ne rien manquer. 

LIEN DE NOTRE PAGE TIKTOK : https://urlr.me/uZqQfD

#SodigazTogo #LiveSodigaz #GazTogo #LiveTiktok",19,"04/29/2026 03:51",auto,https://www.facebook.com/reel/721998277631544/,0,0,Vidéos,,,,,Global,513,460,15,15,0,0,7,7,,,,512,0,460,0,220,0,215,0,0,220,0,0,0,0,856.177,0,1680.348,0,3.823,0,7.306,0,0,0,,,2536.525,5.587,0,0,0,1,1,1,1,0.9,0.82,0.63,0.55,0.48,0.44,0.43,0.37,0.34,0.33,0.31,0.27,0.22,0.17,0.14,0.11,0.1,,,,,,,,,,,,,,,,,,,,,1,1,1,1,1,1,1,1,1,1,1,1,1,1,1,1,1,0.86,0.71,0.57,0.5,,,,,,,,,,,,,,,,,,,,,68,49,36,14,15,9,4,6,3,5,5,5,154,12,3,4,4,3,2,2,3,1,1,,3,1,1,,,,1,,,,1,1,7,4,,,,1,,,1,,,,,1,,,1,,,5,,,,,,,,1,,,,,,,1,,,,,,,,,,,,1,,,,,,,,,,,,,,,,,,,,,,,,,,,,,,
1457644326376062,100063915262618,Sodigaztg,"L’indépendance est une flamme que chaque génération doit entretenir.

Chez Sodigaz, nous croyons en un avenir porté par l’unité, le travail et l’engagement pour le développement de notre pays.

Bonne fête de l’Indépendance à toute la nation togolaise. 🇹🇬

#SodigazTogo #FeteDeLIndependance #Togo",,0,"04/27/2026 05:58",N/A,https://www.facebook.com/sodigaztogo/posts/pfbid02E28ykQunHBoM62Ycw9BPztycpQ8KKdxQTKEmarKhQgUvkzcnsHd3QTgHe9hGef24l,0,0,Photos,,,,,Global,3130,2011,41,39,0,2,48,22,26,,,3130,0,2011,0,0,0,0,0,0,0,0,0,0,0,0,0,0,0,0,0,0,0,0,0,,,,,,,,,,,,,,,,,,,,,,,,,,,,,,,,,,,,,,,,,,,,,,,,,,,,,,,,,,,,,,,,,,,,,,,,,,,,,,,,,,,,,,,,,,,,,,,,,,,,,,,,,,,,,,,,,,,,,,,,,,,,,,,,,,,,,,,,,,,,,,,,,,,,,,,,,,,,,,,,,,,,,,,,,,,,,,,,,,,,,,,,,,,,,,,,,,,,,,,,,,
1452104536930041,100063915262618,Sodigaztg,"La semaine commence… et nous aussi. 😄

Motivés, présents, et toujours là pour vous accompagner au quotidien.

Bonne semaine à vous !

#SodigazTg #Motivation #NouvelleSemaine","La semaine commence… et nous aussi. 😄

Motivés, présents, et toujours là pour vous accompagner au quotidien.

Bonne semaine à vous !

#SodigazTg #Motivation #NouvelleSemaine",38,"04/21/2026 02:36",N/A,https://www.facebook.com/reel/1594286101667322/,0,0,Vidéos,,,,,Global,1675,1704,34,31,3,0,155,155,,,,1675,0,1704,0,845,0,840,0,0,845,0,0,0,0,12727.441,0,9702.487,0,14.126,0,19.025,0,0,0,,,22429.928,15.896,0,0,0,1,1,1,1,0.95,0.88,0.82,0.78,0.69,0.67,0.64,0.61,0.59,0.57,0.55,0.54,0.53,0.53,0.52,0.51,0.51,0.5,0.5,0.49,0.48,0.48,0.48,0.47,0.47,0.46,0.46,0.45,0.45,0.44,0.43,0.42,0.38,0.28,0.24,0.2,0.18,1,1,1,1,1,1,1,1,1,1,1,1,1,1,1,1,1,0.98,0.97,0.96,0.95,0.94,0.93,0.92,0.9,0.89,0.89,0.88,0.87,0.87,0.86,0.85,0.84,0.83,0.81,0.79,0.7,0.52,0.44,0.38,0.34,343,208,76,55,61,29,37,9,6,6,3,3,700,7,9,9,27,3,30,3,,24,1,2,1,,,2,,,1,,,,2,1,4,2,8,2,,1,,,,,,,,,,1,,,1,,,,,,1,,,,,,,1,,,,,,,,,,,,,,,,,,,,,,,,,1,1,,,,,,,,,,,,,,,,,,,
1448991367241358,100063915262618,Sodigaztg,"Vous souhaitez investir dans la vente de gaz ? Vous avez besoin de mieux comprendre nos services ?

Contactez-nous directement au 📞 90 22 54 56 pour plus d’infos.

#Sodigaz #Gaz #SodigazTogo #GazTogo","Vous souhaitez investir dans la vente de gaz ? Vous avez besoin de mieux comprendre nos services ?

Contactez-nous directement au 📞 90 22 54 56 pour plus d’infos.

#Sodigaz #Gaz #SodigazTogo #GazTogo",22,"04/17/2026 08:42",auto,https://www.facebook.com/reel/2432898063789653/,0,0,Vidéos,,,,,Global,503,420,20,19,1,0,13,13,,,,504,0,420,0,177,0,173,0,0,177,0,0,0,0,1145.462,0,1588.192,0,5.353,0,7.059,0,0,0,,,2733.654,6.227,0,0,0,1,1,1,0.99,0.9,0.81,0.72,0.66,0.57,0.51,0.46,0.43,0.41,0.4,0.38,0.34,0.34,0.33,0.32,0.31,0.27,0.21,0.19,0.18,0.17,,,,,,,,,,,,,,,,,1,1,1,1,1,1,1,1,0.98,0.98,0.98,0.98,0.98,0.98,1,1,1,0.97,0.93,0.92,0.78,0.63,0.57,0.53,0.5,,,,,,,,,,,,,,,,,54,37,21,9,22,11,6,7,3,3,3,1,137,11,6,2,3,2,2,2,,5,1,,,,,,,,1,,,,,1,1,,,,,,,,1,,,,,,,,,,,,,,,1,,,,,,,,,,,,,1,,,,,,,,,,,,,,,,,,,,,,,,,,,,,,,,,,,,,,,,
1448092177331277,100063915262618,Sodigaztg,"SI TU RATES L’OPPORTUNITÉ DE FAIRE DE BONS PLANS SODIGAZ ÉKANWO ! 🤭

Aujourd’hui on se retrouve en LIVE à 15H ! À part les promos exclusives, on va parler de ce qui vous concerne vraiment :
👉🏾 utilisation du gaz
👉🏾 sécurité
👉🏾 vos préoccupations

C’est le moment de poser toutes vos questions. On vous attend, ne soyez pas en retard. 

LIEN DE NOTRE PAGE TIKTOK : https://www.tiktok.com/@sodigaztg?_r=1&_t=ZS-95aW8OZF8HB 

#SodigazTogo #LiveSodigaz #Securite #LiveTiktok","SI TU RATES L’OPPORTUNITÉ DE FAIRE DE BONS PLANS SODIGAZ ÉKANWO ! 🤭

Aujourd’hui on se retrouve en LIVE à 15H ! À part les promos exclusives, on va parler de ce qui vous concerne vraiment :
👉🏾 utilisation du gaz
👉🏾 sécurité
👉🏾 vos préoccupations

C’est le moment de poser toutes vos questions. On vous attend, ne soyez pas en retard. 

LIEN DE NOTRE PAGE TIKTOK : https://www.tiktok.com/@sodigaztg?_r=1&_t=ZS-95aW8OZF8HB 

#SodigazTogo #LiveSodigaz #Securite #LiveTiktok",14,"04/16/2026 06:47",auto,https://www.facebook.com/reel/1514933893336179/,0,0,Vidéos,,,,,Global,293,244,10,10,0,0,5,5,,,,291,0,244,0,114,0,110,0,0,114,0,0,0,0,547.394,0,761.195,0,4.147,0,6.139,0,0,0,,,1308.589,5.111,0,0,0,0.99,0.99,1,1,0.97,0.89,0.82,0.76,0.69,0.63,0.59,0.45,0.29,0.22,0.19,0.16,0.12,,,,,,,,,,,,,,,,,,,,,,,,,1,1,1,1,1,1,1,1,1,1,1,1,1,1,1,1,1,,,,,,,,,,,,,,,,,,,,,,,,,29,17,20,4,18,4,6,5,1,3,4,3,76,6,15,1,1,,4,2,2,2,,,,,,,,,,,,,,1,1,,,,,,,,1,,1,,,,,,,,,,1,,,,,,,,,,,,,,,,,,,,,,,,,,,,,,,,,,,,,,,,,,,,,,,,,,,,,,,,
1438973458243149,100063915262618,Sodigaztg,"Toute l’équipe Sodigaz vous souhaite une excellente fête de Pâques. 🙏🏽

#SodigazTogo #Paques #Famille",,0,"04/04/2026 23:30",N/A,https://www.facebook.com/sodigaztogo/posts/pfbid0diz7M2AixNYc8LYVZzqjdq4zfpMiPtzbWThwtj1DDHpYSo7YikrKGZoH1kYMHPK1l,0,0,Photos,,,,,Global,570,363,22,21,0,1,17,10,7,,,570,0,363,0,0,0,0,0,0,0,0,0,0,0,0,0,0,0,0,0,0,0,0,0,,,,,,,,,,,,,,,,,,,,,,,,,,,,,,,,,,,,,,,,,,,,,,,,,,,,,,,,,,,,,,,,,,,,,,,,,,,,,,,,,,,,,,,,,,,,,,,,,,,,,,,,,,,,,,,,,,,,,,,,,,,,,,,,,,,,,,,,,,,,,,,,,,,,,,,,,,,,,,,,,,,,,,,,,,,,,,,,,,,,,,,,,,,,,,,,,,,,,,,,,,
1436064948534000,100063915262618,Sodigaztg,"On cherche des restaurateurs passionnés. Ceux qui cuisinent bien… mais qu’on ne voit pas assez. Connais-tu un maquis, un restaurant ou une vendeuse de plats qui mérite plus de visibilité ?
Tague-les en commentaire 👇🏽
 #SodigazTogo",,0,"04/01/2026 11:10",N/A,https://www.facebook.com/sodigaztogo/posts/pfbid0zT4VsnY3XDfTsFFaaR2WqcMxi5Dy8pW6ufYjfM69N8MuwWSCsKaKaimdf6bmuab5l,0,0,Texte,,,,,Global,7651,7212,330,121,132,77,414,414,,,,7651,0,7212,0,0,0,0,0,0,0,0,0,0,0,0,0,0,0,0,0,0,0,0,0,,,,,,,,,,,,,,,,,,,,,,,,,,,,,,,,,,,,,,,,,,,,,,,,,,,,,,,,,,,,,,,,,,,,,,,,,,,,,,,,,,,,,,,,,,,,,,,,,,,,,,,,,,,,,,,,,,,,,,,,,,,,,,,,,,,,,,,,,,,,,,,,,,,,,,,,,,,,,,,,,,,,,,,,,,,,,,,,,,,,,,,,,,,,,,,,,,,,,,,,,,
1435725818567913,100063915262618,Sodigaztg,"On a préparé des crêpes pour toute l’équipe… 😍🥞

Tout le monde était content jusqu’au premier morceau. 😭😂 Poisson d’avril 

On ne va pas mentir, certains ne vont plus jamais nous faire confiance. 🤣

Tu aurais mordu dedans ou pas ? 😅

#SodigazTogo #PoissonDavril  #Prank #Humour","On a préparé des crêpes pour toute l’équipe… 😍🥞

Tout le monde était content jusqu’au premier morceau. 😭😂 Poisson d’avril 

On ne va pas mentir, certains ne vont plus jamais nous faire confiance. 🤣

Tu aurais mordu dedans ou pas ? 😅

#SodigazTogo #PoissonDavril  #Prank #Humour",66,"04/01/2026 03:15",N/A,https://www.facebook.com/reel/1452186386313972/,0,0,Vidéos,,,,,Global,1672,1573,60,56,4,0,77,77,,,,1669,0,1573,0,994,210,988,209,0,994,0,0,0,0,7262.754,0,22817.206,0,13.627,0,23.379,0,0,0,,,30079.96,19.933,0,0,0,0.99,0.99,0.96,0.79,0.69,0.63,0.58,0.56,0.54,0.52,0.5,0.49,0.48,0.47,0.46,0.45,0.44,0.42,0.41,0.4,0.39,0.38,0.36,0.34,0.33,0.33,0.32,0.32,0.31,0.29,0.29,0.28,0.26,0.24,0.23,0.22,0.22,0.21,0.2,0.17,0.11,1,1,1,0.99,1,1,1,1,1,1,0.97,0.95,0.93,0.9,0.88,0.87,0.84,0.82,0.79,0.77,0.75,0.73,0.69,0.66,0.63,0.63,0.63,0.61,0.59,0.57,0.56,0.53,0.5,0.46,0.44,0.43,0.41,0.4,0.39,0.32,0.21,251,200,202,41,138,40,32,24,5,26,23,7,717,40,38,22,36,1,12,12,7,20,2,2,10,2,1,1,,1,1,,,,,2,39,4,4,2,,1,,,,1,,,1,,,,1,,1,1,1,1,,1,,1,4,,,,,,1,,1,,,,,,,1,,,,,1,,,,,,,,,,,,,,,,,,,,,,,,,,,,,,
1428042239336271,100063915262618,Sodigaztg,"Dans cette vidéo (en langue éwé), nous expliquons quelques gestes à éviter lorsque vous utilisez le gaz à la maison, afin de préserver la sécurité de toute la famille.

Prenez le temps de regarder la vidéo et n’hésitez pas à la partager avec vos mamans, vos proches et autour de vous.

La sécurité de nos foyers est l’affaire de tous.

#SodigazTogo #GazTogo #Securite","Dans cette vidéo (en langue éwé), nous expliquons quelques gestes à éviter lorsque vous utilisez le gaz à la maison, afin de préserver la sécurité de toute la famille.

Prenez le temps de regarder la vidéo et n’hésitez pas à la partager avec vos mamans, vos proches et autour de vous.

La sécurité de nos foyers est l’affaire de tous.

#SodigazTogo #GazTogo #Securite",56,"03/23/2026 06:34",N/A,https://www.facebook.com/reel/922222590523687/,0,0,Vidéos,,,,,Global,751,679,37,17,0,20,11,11,,,,751,0,679,0,225,0,219,0,0,225,0,0,0,0,826.032,879.221,2443.553,0,2.951,4.996,10.958,0,0,0,,,4148.806,6.11,0,0,0,1,1,1,0.8,0.65,0.57,0.47,0.39,0.35,0.3,0.28,0.27,0.26,0.24,0.22,0.2,0.17,0.17,0.16,0.16,0.15,0.15,0.15,0.15,0.14,0.14,0.14,0.14,0.14,0.14,0.14,0.14,0.14,0.13,0.13,0.13,0.13,0.13,0.08,0.07,0.05,0.98,0.98,0.98,0.98,0.98,1,1,1,1,1,0.98,1,0.98,0.88,0.82,0.75,0.65,0.65,0.62,0.6,0.57,0.57,0.55,0.55,0.53,0.52,0.52,0.52,0.52,0.52,0.52,0.52,0.52,0.5,0.5,0.5,0.48,0.48,0.32,0.25,0.2,46,47,31,12,30,13,11,6,9,8,5,6,165,8,7,4,3,3,4,3,2,5,,,1,,,,1,,4,,,,,,1,2,,1,,2,,,1,,,,,,,,,,,,1,,,,,,,,,,,,,,1,,,,,,,3,,,,,,,,,,,,,1,,,,2,,,,,,,,,,,,,,,,,,
1424596183014210,100063915262618,Sodigaztg,"Et le hilal apparut.🌙

Symbole de foi, de lumière et de renouveau.

ZENER s’associe à vos prières et à vos joies pour vous souhaiter une belle fête de Ramadan.

#SodigazTogo #Ramadan","Et le hilal apparut.🌙

Symbole de foi, de lumière et de renouveau.

ZENER s’associe à vos prières et à vos joies pour vous souhaiter une belle fête de Ramadan.

#SodigazTogo #Ramadan",7,"03/19/2026 13:16",N/A,https://www.facebook.com/reel/1344579107691565/,0,0,Vidéos,,,,,Global,391,356,18,17,0,1,3,3,,,,387,0,356,0,90,0,85,0,0,90,0,0,0,0,407.512,0,429.114,0,2.384,0,2.805,0,0,0,,,836.626,2.582,0,0,0,1,1,1,1,0.99,0.86,0.66,0.51,0.42,,,,,,,,,,,,,,,,,,,,,,,,,,,,,,,,,1,1,1,1,1,1,1,1,0.95,,,,,,,,,,,,,,,,,,,,,,,,,,,,,,,,,,,,,,,,,,,,,,,,,,,,,,,,,,,,,,,,,,,,,,,,,,,,,,,,,,,,,,,,,,,,,,,,,,,,,,,,,,,,,,,,,,,,,,,,,,,,,,,,,,,,,,,,,,,,,,,,,
1424414469699048,100063915262618,Sodigaztg,"Suivez le live SODIGAZ directement maintenant en cliquant sur ce lien. Des offres exclusives sur nos bouteilles sur nos bouteilles. ",,0,"03/19/2026 08:31",N/A,https://www.facebook.com/sodigaztogo/posts/pfbid02LAAT8LzAbygpBn8P9sxRaEm18WHiegPG946ZqPi2AV6HAtYub6oANVaLQLak52Dil,0,0,Liens,,,,,Global,228,136,12,12,0,0,3,2,,1,,228,0,136,0,0,0,0,0,0,0,0,0,0,0,0,0,0,0,0,0,0,0,0,0,,,,,,,,,,,,,,,,,,,,,,,,,,,,,,,,,,,,,,,,,,,,,,,,,,,,,,,,,,,,,,,,,,,,,,,,,,,,,,,,,,,,,,,,,,,,,,,,,,,,,,,,,,,,,,,,,,,,,,,,,,,,,,,,,,,,,,,,,,,,,,,,,,,,,,,,,,,,,,,,,,,,,,,,,,,,,,,,,,,,,,,,,,,,,,,,,,,,,,,,,,
1424281953045633,100063915262618,Sodigaztg,"Retrouvez-nous en LIVE sur TikTok pour parler gaz: utilisation au quotidien, astuces et conseils.

Ce sera aussi l’occasion de répondre à vos commentaires, vos préoccupations… et découvrir des offres promos exclusives lors du live .

Activez les notifications… et ne manquez pas ça ! 😉

LIEN DU COMPTE TIKTOK : https://www.tiktok.com/@sodigaztg?_r=1&_t=ZS-94opIn8V0qG

LIEN DU LIVE : https://vt.tiktok.com/ZS9RDPoAVJj5r-tVW7Y/

#SodigazTg  #LiveTiktok","Retrouvez-nous en LIVE sur TikTok pour parler gaz: utilisation au quotidien, astuces et conseils.

Ce sera aussi l’occasion de répondre à vos commentaires, vos préoccupations… et découvrir des offres promos exclusives lors du live .

Activez les notifications… et ne manquez pas ça ! 😉

LIEN DU COMPTE TIKTOK : https://www.tiktok.com/@sodigaztg?_r=1&_t=ZS-94opIn8V0qG

LIEN DU LIVE : https://vt.tiktok.com/ZS9RDPoAVJj5r-tVW7Y/

#SodigazTg  #LiveTiktok",17,"03/19/2026 05:20",N/A,https://www.facebook.com/reel/870413092682626/,0,0,Vidéos,,,,,Global,607,511,24,22,1,1,4,4,,,,607,0,511,0,260,0,253,0,0,260,0,0,0,0,1483.074,14.255,1649.685,0,5.15,4.752,7.111,0,0,0,,,3147.014,6.017,0,0,0,1,1,1,1,0.98,0.84,0.75,0.7,0.62,0.52,0.44,0.41,0.38,0.35,0.33,0.3,0.29,0.28,0.23,0.17,0.14,,,,,,,,,,,,,,,,,,,,,1,1,1,1,1,1,1,1,1,1,1,1,1,1,1,1,1,1,1,0.81,0.69,,,,,,,,,,,,,,,,,,,,,82,49,38,20,19,8,14,11,4,4,3,4,148,15,36,13,1,,2,2,6,3,,,4,,,5,1,,2,,,,,1,13,1,3,,,,,,1,,,,,,,,,,,,1,1,,,,,1,,,,,,,,,,,,,,,,,,,,,,,,,,,,,,,,,,,,,,,,,,,,,,,,,,
1423443939796101,100063915262618,Sodigaztg,"La semaine est déjà bien lancée chez Sodigaz.

Dans nos dépôts, les équipes sont à pied d’œuvre pour assurer le remplissage et la disponibilité des bouteilles de gaz. Chaque jour, nos agents travaillent avec rigueur pour que le gaz arrive en toute sécurité dans les foyers.

Sodigaz vous souhaite une excellente semaine.

📞 Contactez-nous au 90 22 54 56 pour plus d’infos.

👉🏾 DISPONIBLE DANS LES STATIONS ZENER ET EN LIVRAISON VIA GOZEM

#Sodigaz #Gaz #SodigazTogo #GazTogo","La semaine est déjà bien lancée chez Sodigaz.

Dans nos dépôts, les équipes sont à pied d’œuvre pour assurer le remplissage et la disponibilité des bouteilles de gaz. Chaque jour, nos agents travaillent avec rigueur pour que le gaz arrive en toute sécurité dans les foyers.

Sodigaz vous souhaite une excellente semaine.

📞 Contactez-nous au 90 22 54 56 pour plus d’infos.

👉🏾 DISPONIBLE DANS LES STATIONS ZENER ET EN LIVRAISON VIA GOZEM

#Sodigaz #Gaz #SodigazTogo #GazTogo",49,"03/18/2026 04:08",N/A,https://www.facebook.com/reel/929203949817427/,0,0,Vidéos,,,,,Global,357,286,22,20,2,0,10,10,,,,356,0,286,0,133,0,127,0,0,133,0,0,0,0,640.736,0,1734.676,0,6.045,0,8.462,0,0,0,,,2375.412,7.637,0,0,0,1,1,0.99,0.88,0.77,0.65,0.48,0.43,0.38,0.33,0.32,0.3,0.29,0.28,0.25,0.24,0.24,0.23,0.21,0.21,0.19,0.19,0.2,0.19,0.17,0.18,0.17,0.17,0.17,0.17,0.17,0.16,0.15,0.15,0.14,0.14,0.13,0.11,0.09,0.07,0.07,1,1,1,1,1,1,1,1,1,1,1,1,1,0.97,0.89,0.86,0.84,0.78,0.76,0.73,0.68,0.68,0.68,0.65,0.62,0.62,0.62,0.62,0.59,0.59,0.59,0.57,0.54,0.51,0.49,0.49,0.46,0.38,0.32,0.24,0.24,42,24,23,9,9,4,9,4,4,2,1,2,113,3,2,1,1,3,,,,,2,,,1,1,,,,2,,,,,1,,,,,,1,,1,,,,,,,,1,,,,,,,,,,,,,,,,,,,,,,,,,,,,,,,,,,,,,,,,,,,,,,,,,,,,,,,,,,,,,
1409027737904388,100063915262618,Sodigaztg,"À PARTAGER MAXIVEMENT AUTOUR DE SOI POUR SENSIBILISER 

Si vous sentez une odeur de gaz, il faut agir vite ! 👇🏾

❌ Ne paniquez pas
❌ N’allumez pas d’allumettes
❌ N’utilisez pas d’interrupteur

Dans cette vidéo, on vous explique clairement les premiers gestes à faire pour rester en sécurité.

Regardez attentivement et partagez autour de vous. La prévention peut éviter beaucoup de problèmes.

#Sodigaz #Gaz #Securite #GazTogo","À PARTAGER MAXIVEMENT AUTOUR DE SOI POUR SENSIBILISER 

Si vous sentez une odeur de gaz, il faut agir vite ! 👇🏾

❌ Ne paniquez pas
❌ N’allumez pas d’allumettes
❌ N’utilisez pas d’interrupteur

Dans cette vidéo, on vous explique clairement les premiers gestes à faire pour rester en sécurité.

Regardez attentivement et partagez autour de vous. La prévention peut éviter beaucoup de problèmes.

#Sodigaz #Gaz #Securite #GazTogo",43,"02/28/2026 05:51",N/A,https://www.facebook.com/reel/1931004140837404/,0,0,Vidéos,,,,,Global,380,281,20,17,0,3,4,4,,,,380,0,281,0,135,0,127,0,0,135,0,0,0,0,509.43,6.186,2258.292,0,5.924,3.093,9.651,0,0,0,,,2773.908,8.614,0,0,0,0.99,1,1,0.95,0.83,0.72,0.64,0.59,0.53,0.44,0.37,0.34,0.33,0.33,0.3,0.3,0.29,0.29,0.29,0.28,0.29,0.28,0.27,0.27,0.27,0.27,0.27,0.27,0.25,0.25,0.24,0.24,0.24,0.24,0.24,0.23,0.23,0.19,0.19,0.17,0.09,0.98,1,1,1,1,1,1,1,1,1,1,1,1,1,1,1,0.95,0.95,0.95,0.93,0.93,0.9,0.88,0.88,0.88,0.88,0.88,0.88,0.83,0.83,0.8,0.8,0.8,0.78,0.78,0.76,0.76,0.63,0.61,0.56,0.29,38,29,22,11,9,3,9,2,2,3,,3,122,,2,1,,,1,1,2,1,,,,1,,,,,1,,,,,,,,,1,,1,,,,,,,,,,,,,,,,,,,,,,,,,,,,,,,,,,,,,,,,,,,,,,,,,,1,,,,,,,,,,,,,,,,,,,,,
1408255924648236,100063915262618,Sodigaztg,"L’amour, ce n’est pas seulement en février; C’est tous les jours! 😊 

C’est préparer à manger même quand on est fatigué. C’est vérifier que tout est sécurisé à la maison. C’est penser au bien-être de sa famille sans forcément le dire.

L’amour, c’est dans les petits gestes simples du quotidien. Merci de nous faire confiance chaque jour.

#Sodigaz #Gaz #GazTogo",,0,"02/27/2026 07:59",N/A,https://www.facebook.com/sodigaztogo/posts/pfbid0YPV3uttXoFtriqXjuh1kzxGmVZ8B6dLj8TCiYVw66HvL79FKzP24ZPsrNtYUeSHKl,0,0,Photos,,,,,Global,688,453,16,14,0,2,12,6,6,,,688,0,453,0,0,0,0,0,0,0,0,0,0,0,0,0,0,0,0,0,0,0,0,0,,,,,,,,,,,,,,,,,,,,,,,,,,,,,,,,,,,,,,,,,,,,,,,,,,,,,,,,,,,,,,,,,,,,,,,,,,,,,,,,,,,,,,,,,,,,,,,,,,,,,,,,,,,,,,,,,,,,,,,,,,,,,,,,,,,,,,,,,,,,,,,,,,,,,,,,,,,,,,,,,,,,,,,,,,,,,,,,,,,,,,,,,,,,,,,,,,,,,,,,,,
1407904074683421,100063915262618,Sodigaztg,"Aimer, ce n’est pas seulement dire « je t’aime ».

C’est aussi penser à la sécurité de ceux qu’on aime, en installant correctement sa bouteille de gaz, pour cuisiner l’esprit tranquille. 

Prendre soin, c’est aussi ça aimer. 🥰 Qui tient ce rôle chez vous ?

#SodigazTg #GazTogo",,0,"02/27/2026 00:03",N/A,https://www.facebook.com/sodigaztogo/posts/pfbid026T1DVV81Jf4t39WUgrGYtHZcjAaT93e6xd65Kb2eY5UR8GY7RsmEx5bkX5TXZ2hjl,0,0,Photos,,,,,Global,704,466,18,16,0,2,13,4,9,,,704,0,466,0,0,0,0,0,0,0,0,0,0,0,0,0,0,0,0,0,0,0,0,0,,,,,,,,,,,,,,,,,,,,,,,,,,,,,,,,,,,,,,,,,,,,,,,,,,,,,,,,,,,,,,,,,,,,,,,,,,,,,,,,,,,,,,,,,,,,,,,,,,,,,,,,,,,,,,,,,,,,,,,,,,,,,,,,,,,,,,,,,,,,,,,,,,,,,,,,,,,,,,,,,,,,,,,,,,,,,,,,,,,,,,,,,,,,,,,,,,,,,,,,,,
1406213381519157,100063915262618,Sodigaztg,"Ton gaz qui finit en pleine cuisson… 😱 Pas de panique !

Avec Gozem, commander ta bouteille devient super simple. Regarde cette vidéo du début jusqu’à la fin pour voir les étapes. 

Fini le stress en cuisine !

📞 Contactez-nous au 90 22 54 56 pour plus d’infos.

👉🏾 DISPONIBLE DANS LES STATIONS ZENER ET EN LIVRAISON VIA GOZEM

#Sodigaz #Gaz #SodigazTogo #GazTogo","Ton gaz qui finit en pleine cuisson… 😱 Pas de panique !

Avec Gozem, commander ta bouteille devient super simple. Regarde cette vidéo du début jusqu’à la fin pour voir les étapes. 

Fini le stress en cuisine !

📞 Contactez-nous au 90 22 54 56 pour plus d’infos.

👉🏾 DISPONIBLE DANS LES STATIONS ZENER ET EN LIVRAISON VIA GOZEM

#Sodigaz #Gaz #SodigazTogo #GazTogo",38,"02/25/2026 02:32",N/A,https://www.facebook.com/reel/2495655034238071/,0,0,Vidéos,,,,,Global,416,240,35,15,0,20,1,1,,,,416,0,240,0,123,0,116,0,0,123,0,0,0,0,898.581,134.786,775.084,0,5.912,2.643,5.168,0,0,0,,,1808.451,5.123,0,0,0,1,1,1,0.99,0.85,0.72,0.61,0.54,0.48,0.45,0.4,0.37,0.34,0.32,0.27,0.24,0.24,0.24,0.23,0.23,0.22,0.2,0.18,0.15,0.14,0.14,0.12,0.11,0.11,0.11,0.11,0.11,0.11,0.11,0.08,0.08,0.08,0.08,0.08,0.07,0.07,1,1,1,1,1,1,1,1,1,1,1,1,1,1,1,1,1,0.97,0.9,0.87,0.87,0.83,0.73,0.63,0.53,0.53,0.5,0.47,0.47,0.43,0.43,0.43,0.43,0.4,0.33,0.33,0.33,0.33,0.33,0.3,0.3,42,15,24,9,7,4,5,5,2,3,4,,94,8,3,4,1,,,,,,,1,,,,,,,,,,,,2,,2,,,,1,,,1,,,1,,,,,,,1,,,,,,,,,,,,,,,,,,1,,,,,,,,,,,,,,,,,1,2,,,,,,,,,,,,,,,,,,,,,,
1401963145277514,100063915262618,Sodigaztg,"Bon mois de Carême à toute la communauté chrétienne.

Que ce temps de prière et de recueillement vous apporte paix, force et renouveau spirituel.
Que ces 40 jours soient remplis de grâce et de bénédictions.

#SodigazTg #jeunechretien #careme",,0,"02/20/2026 06:13",N/A,https://www.facebook.com/sodigaztogo/posts/pfbid031MbBY3fUdgs8UqkwxxzWPNQ5w69FPWZ5yLTiXnT3aadzpfEGNAsRaFwA2cBKqavyl,0,0,Photos,,,,,Global,686,480,20,18,0,2,3,1,2,,,686,0,480,0,0,0,0,0,0,0,0,0,0,0,0,0,0,0,0,0,0,0,0,0,,,,,,,,,,,,,,,,,,,,,,,,,,,,,,,,,,,,,,,,,,,,,,,,,,,,,,,,,,,,,,,,,,,,,,,,,,,,,,,,,,,,,,,,,,,,,,,,,,,,,,,,,,,,,,,,,,,,,,,,,,,,,,,,,,,,,,,,,,,,,,,,,,,,,,,,,,,,,,,,,,,,,,,,,,,,,,,,,,,,,,,,,,,,,,,,,,,,,,,,,,
1401962065277622,100063915262618,Sodigaztg,"Bon mois de Ramadan !🌙

À toute la communauté musulmane, nous souhaitons un mois de Carême rempli de paix, de foi et de bénédictions.
Que ce temps de jeûne, de prière et de partage renforce la solidarité, la patience et l’amour autour de vous.

Et n’oubliez pas, Sodigaz vous accompagne, jour après jour, pour des ruptures de jeûne en toute tranquillité.

#SodigazTg #jeûnemusulman #RamdanKareem #Ramadan",,0,"02/20/2026 06:12",N/A,https://www.facebook.com/sodigaztogo/posts/pfbid0284NwnmRK4WYeQ6XKQUs3pwTm6NNYpnacXwtuFvXU2JCCPkD27ik4wbrgNZsuU8qjl,0,0,Photos,,,,,Global,1081,760,22,20,0,2,11,6,5,,,1081,0,760,0,0,0,0,0,0,0,0,0,0,0,0,0,0,0,0,0,0,0,0,0,,,,,,,,,,,,,,,,,,,,,,,,,,,,,,,,,,,,,,,,,,,,,,,,,,,,,,,,,,,,,,,,,,,,,,,,,,,,,,,,,,,,,,,,,,,,,,,,,,,,,,,,,,,,,,,,,,,,,,,,,,,,,,,,,,,,,,,,,,,,,,,,,,,,,,,,,,,,,,,,,,,,,,,,,,,,,,,,,,,,,,,,,,,,,,,,,,,,,,,,,,
1400930815380747,100063915262618,Sodigaztg,"Petit rappel important 👇🏾
On ne s’assoit pas sur une bouteille de gaz.
On ne la couche pas.
On ne joue pas avec.

Dans cette vidéo, on vous montre les bons gestes et les mauvaises habitudes à éviter pour cuisiner en toute sécurité.

Regardez bien et partagez autour de vous.

#SodigazTg #GazTogo #Securite","Petit rappel important 👇🏾
On ne s’assoit pas sur une bouteille de gaz.
On ne la couche pas.
On ne joue pas avec.

Dans cette vidéo, on vous montre les bons gestes et les mauvaises habitudes à éviter pour cuisiner en toute sécurité.

Regardez bien et partagez autour de vous.

#SodigazTg #GazTogo #Securite",22,"02/19/2026 02:33",N/A,https://www.facebook.com/reel/2340645956446562/,0,0,Vidéos,,,,,Global,523,409,27,25,2,0,7,7,,,,523,0,409,0,200,0,189,0,0,200,0,0,0,0,518.877,0,2816.136,0,7.413,0,7.911,0,0,0,,,3335.013,7.828,0,0,0,0.99,1,0.99,0.99,0.89,0.77,0.68,0.62,0.59,0.56,0.52,0.51,0.48,0.47,0.46,0.44,0.44,0.42,0.42,0.41,0.41,0.41,0.41,0.39,0.29,,,,,,,,,,,,,,,,,1,1,1,1,1,1,1,1,1,1,0.99,0.99,0.99,0.99,0.99,0.99,1,0.98,0.97,0.94,0.94,0.94,0.94,0.9,0.67,,,,,,,,,,,,,,,,,59,39,41,5,22,8,12,5,3,3,2,1,174,8,1,1,3,1,2,,,3,,,,,,1,,,1,,,,,,3,,,,,1,,,,,,,,,,,,,1,,,,,,,,,,,,,,,,,,,,,,,,,,,,,,,,,,,,,,,,,,,,,,,,,,,,,,,,,,
1399174365556392,100063915262618,Sodigaztg,"ZenCard… ZenCard ? C’est quoi exactement ?

La ZenCard est une carte spécialement dédiée à la ZenFamili.
Avec elle, vous avez la possibilité de faire vos achats plus facilement dans les stations Zener.

👉🏾 Achat d’accessoires de gaz
👉🏾 Achat de bouteilles de gaz
👉🏾 Recharges de gaz directement en station

Pour l’avoir, rien de compliqué :
il suffit de passer dans une station Zener. Et elle est disponible au prix de 1 000 F.

Simple, pratique, et pensée pour vous faciliter le quotidien. 👌🏾

#SodigazTg #ZenCard #ZenFamily #Zener #GazTogo","ZenCard… ZenCard ? C’est quoi exactement ?

La ZenCard est une carte spécialement dédiée à la ZenFamili.
Avec elle, vous avez la possibilité de faire vos achats plus facilement dans les stations Zener.

👉🏾 Achat d’accessoires de gaz
👉🏾 Achat de bouteilles de gaz
👉🏾 Recharges de gaz directement en station

Pour l’avoir, rien de compliqué :
il suffit de passer dans une station Zener. Et elle est disponible au prix de 1 000 F.

Simple, pratique, et pensée pour vous faciliter le quotidien. 👌🏾

#SodigazTg #ZenCard #ZenFamily #Zener #GazTogo",7,"02/17/2026 03:40",N/A,https://www.facebook.com/reel/2374427939648566/,0,0,Vidéos,,,,,Global,457,272,25,22,0,3,3,3,,,,457,0,272,0,103,0,94,0,0,103,0,0,0,0,392.34,226.019,511.098,0,3.216,2.791,3.454,0,0,0,,,1129.457,3.217,0,0,0,0.99,1,1,1,0.99,0.83,0.77,0.7,0.6,,,,,,,,,,,,,,,,,,,,,,,,,,,,,,,,,1,1,1,1,1,1,1,1,0.95,,,,,,,,,,,,,,,,,,,,,,,,,,,,,,,,,,,,,,,,,,,,,,,,,,,,,,,,,,,,,,,,,,,,,,,,,,,,,,,,,,,,,,,,,,,,,,,,,,,,,,,,,,,,,,,,,,,,,,,,,,,,,,,,,,,,,,,,,,,,,,,,,
1397285785745250,100063915262618,Sodigaztg,"L’amour, ce n’est pas seulement le 14 février. C’est tous les jours.

C’est prendre soin de sa famille, leur préparer à manger, penser à leur sécurité, et bien servir ses clients au quotidien. 

L’amour se vit dans les petites choses, chaque jour.

#SodigazTg",,0,"02/15/2026 01:47",N/A,https://www.facebook.com/sodigaztogo/posts/pfbid033Bdhg59jvQdUt4SihifnETLSwrCN6axHyK8EYzJ91MzkqNG1ba66yzWKwq1JapjLl,0,0,Photos,,,,,Global,41841,20115,2315,2286,7,22,685,205,480,,,1772,40069,13689,19063,0,0,0,0,0,0,0,0,0,0,0,0,0,0,0,0,0,0,0,0,,,,,,,,,,,,,,,,,,,,,,,,,,,,,,,,,,,,,,,,,,,,,,,,,,,,,,,,,,,,,,,,,,,,,,,,,,,,,,,,,,,,,,,,,,,,,,,,,,,,,,,,,,,,,,,,,,,,,,,,,,,,,,,,,,,,,,,,,,,,,,,,,,,,,,,,,,,,,,,,,,,,,,,,,,,,,,,,,,,,,,,,,,,,,,,,,,,,,,,,,,
1396480005825828,100063915262618,Sodigaztg,"Les filles, soyons honnêtes…

Le 14 février au soir, tu veux que ton homme te prépare quoi exactement ? 🤭

On veut tout savoir en commentaire 👇🏾

#SodigazTg","Les filles, soyons honnêtes…

Le 14 février au soir, tu veux que ton homme te prépare quoi exactement ? 🤭

On veut tout savoir en commentaire 👇🏾

#SodigazTg",7,"02/14/2026 05:06",N/A,https://www.facebook.com/reel/1238462771085720/,0,0,Vidéos,,,,,Global,276,194,25,12,3,10,4,4,,,,276,0,194,0,58,0,54,0,0,58,0,0,0,0,224.624,58.008,341.269,0,2.88,2.149,3.16,0,0,0,,,623.901,2.929,0,0,0,1,1,1,1,0.98,0.81,0.71,0.6,0.53,,,,,,,,,,,,,,,,,,,,,,,,,,,,,,,,,1,1,1,1,1,1,1,1,0.94,,,,,,,,,,,,,,,,,,,,,,,,,,,,,,,,,,,,,,,,,,,,,,,,,,,,,,,,,,,,,,,,,,,,,,,,,,,,,,,,,,,,,,,,,,,,,,,,,,,,,,,,,,,,,,,,,,,,,,,,,,,,,,,,,,,,,,,,,,,,,,,,,
1394528792687616,100063915262618,Sodigaztg,"Aimer, ce n’est pas seulement offrir des cadeaux.

C’est aussi prendre le temps de préparer un bon plat, penser au ventre des clients, et faire les choses avec soin. 

L’amour passe aussi par la cuisine.

#SodigazTg #SaintValentin","Aimer, ce n’est pas seulement offrir des cadeaux.

C’est aussi prendre le temps de préparer un bon plat, penser au ventre des clients, et faire les choses avec soin. 

L’amour passe aussi par la cuisine.

#SodigazTg #SaintValentin",7,"02/12/2026 03:14",N/A,https://www.facebook.com/reel/2104376090356817/,0,0,Vidéos,,,,,Global,247182,85700,272,258,1,13,653,204,,2,447,1259,245784,14965,84962,86534,0,53855,0,86142,392,0,0,0,0,2395.36,311.184,1378.046,784243.499,4.309,4.322,4.819,4.15,0,0,,,788328.089,4.151,0,0,0,1,1,1,1,1,0.85,0.73,0.67,0.62,,,,,,,,,,,,,,,,,,,,,,,,,,,,,,,,,1,1,1,1,1,1,1,1,0.97,,,,,,,,,,,,,,,,,,,,,,,,,,,,,,,,,14287,15152,13306,4340,9580,9425,2715,4864,4223,4317,1992,2100,86226,21,21,10,13,8,7,3,8,4,,173,,,,3,,,6,,,,,,6,5,1,4,,2,,,,1,,1,,,,3,,1,,1,1,1,1,1,1,1,,,,,,,,,,,,,,,,,,,,,,,,,,,,,,,,,,,,,,,,,,,,,,,,,,,
1393691869437975,100063915262618,Sodigaztg,"Dis-nous ton top 3 des repas pour un dîner parfait :

🍽️ Entrée :
🍛 Plat :
🍰 Dessert :

On prend les idées, ça peut inspirer d’autres personnes. Mets ton menu en commentaire. 😄

#SodigazTg",,0,"02/11/2026 04:13",N/A,https://www.facebook.com/sodigaztogo/posts/pfbid02uAHi7GaxJDN1Jhxi5PDm1uVVKHD8geMimix6tEdTEKSz8WRRc1XUh1SH9rLcioXCl,0,0,Photos,,,,,Global,997,597,28,24,3,1,19,14,5,,,997,0,597,0,0,0,0,0,0,0,0,0,0,0,0,0,0,0,0,0,0,0,0,0,,,,,,,,,,,,,,,,,,,,,,,,,,,,,,,,,,,,,,,,,,,,,,,,,,,,,,,,,,,,,,,,,,,,,,,,,,,,,,,,,,,,,,,,,,,,,,,,,,,,,,,,,,,,,,,,,,,,,,,,,,,,,,,,,,,,,,,,,,,,,,,,,,,,,,,,,,,,,,,,,,,,,,,,,,,,,,,,,,,,,,,,,,,,,,,,,,,,,,,,,,
1392904996183329,100063915262618,Sodigaztg,"En tout cas 🤣

Que tu sois team Saint-Valentin ou team « c’est juste une fête commerciale », le 14 février on mange quand même hein.

Et pour bien manger, il faut le gaz. 😌 Vous voyez où on veut en venir…

#SodigazTg",,0,"02/10/2026 06:32",N/A,https://www.facebook.com/sodigaztogo/posts/pfbid02sg1j8Pz6j4h4YhZpmRfWrgTDnnKFTF2dhs5McGqmPnpzezbn6enxKhGzaHecUoeKl,0,0,Photos,,,,,Global,2454,1526,55,43,10,2,84,64,20,,,2454,0,1526,0,0,0,0,0,0,0,0,0,0,0,0,0,0,0,0,0,0,0,0,0,,,,,,,,,,,,,,,,,,,,,,,,,,,,,,,,,,,,,,,,,,,,,,,,,,,,,,,,,,,,,,,,,,,,,,,,,,,,,,,,,,,,,,,,,,,,,,,,,,,,,,,,,,,,,,,,,,,,,,,,,,,,,,,,,,,,,,,,,,,,,,,,,,,,,,,,,,,,,,,,,,,,,,,,,,,,,,,,,,,,,,,,,,,,,,,,,,,,,,,,,,
1388372846636544,100063915262618,Sodigaztg,"Petit rappel rapide 👇🏾
Les prix des recharges de gaz Sodigaz n’ont pas changé.

Dans la vidéo, on vous explique tranquillement les prix selon chaque format de bouteille. Comme ça, pas de doute, pas de confusion. 😉

Regardez la vidéo et si quelque chose n’est pas clair, on est là en commentaire. 

#SodigazTg","Petit rappel rapide 👇🏾
Les prix des recharges de gaz Sodigaz n’ont pas changé.

Dans la vidéo, on vous explique tranquillement les prix selon chaque format de bouteille. Comme ça, pas de doute, pas de confusion. 😉

Regardez la vidéo et si quelque chose n’est pas clair, on est là en commentaire. 

#SodigazTg",28,"02/05/2026 07:44",N/A,https://www.facebook.com/reel/1425883305590227/,0,0,Vidéos,,,,,Global,406,312,13,12,0,1,3,3,,,,406,0,312,0,135,0,131,0,0,135,0,0,0,0,1290.448,0,1875.527,0,8.962,0,10.42,0,0,0,,,3165.975,9.771,0,0,0,1,1,1,1,0.86,0.75,0.69,0.62,0.6,0.57,0.56,0.56,0.55,0.54,0.53,0.53,0.53,0.53,0.5,0.5,0.47,0.46,0.44,0.44,0.44,0.44,0.43,0.4,0.36,,,,,,,,,,,,,1,1,1,1,1,1,1,1,1,1,1,1,1,1,1,1,1,1,0.95,0.93,0.89,0.86,0.84,0.82,0.82,0.82,0.81,0.76,0.66,,,,,,,,,,,,,51,30,16,11,8,4,10,2,1,,1,1,104,14,2,3,1,,,1,3,1,1,,,1,,,,,,,,,,,,1,,,,1,,,,,,,,1,1,,,,,,,,,,,,,,,,,,,,,,,,,,,,,,,,,,,,,,,,,,,,,,,,,,,,,,,,,,,,,,
1386367216837107,100063915262618,Sodigaztg,"Est-ce que tu sais que la Saint-Valentin est dans 12 jours ? 😏

#SodigazTg",,0,"02/03/2026 05:33",N/A,https://www.facebook.com/sodigaztogo/posts/pfbid082Jez8ykrWUVQQi6u8yW2poca51DLRTHrEkjxyXbfgZxdBYgYnbgb39n2bwJd8MGl,0,0,Texte,,,,,Global,673,377,21,18,3,0,9,9,,,,673,0,377,0,0,0,0,0,0,0,0,0,0,0,0,0,0,0,0,0,0,0,0,0,,,,,,,,,,,,,,,,,,,,,,,,,,,,,,,,,,,,,,,,,,,,,,,,,,,,,,,,,,,,,,,,,,,,,,,,,,,,,,,,,,,,,,,,,,,,,,,,,,,,,,,,,,,,,,,,,,,,,,,,,,,,,,,,,,,,,,,,,,,,,,,,,,,,,,,,,,,,,,,,,,,,,,,,,,,,,,,,,,,,,,,,,,,,,,,,,,,,,,,,,,
1385428860264276,100063915262618,Sodigaztg,"Délivrés, libérés… janvier est enfin terminé ! 🤣

On aurait juré qu’il faisait 365 jours ce mois-là. 😮‍💨 Le mois le plus long de l’année est officiellement derrière nous.

Sur ce, on vous souhaite un très bon mois de février la team. ❤️

Que les marmites soient pleines. 🙏🏽

#SodigazTg #GazTogo","Délivrés, libérés… janvier est enfin terminé ! 🤣

On aurait juré qu’il faisait 365 jours ce mois-là. 😮‍💨 Le mois le plus long de l’année est officiellement derrière nous.

Sur ce, on vous souhaite un très bon mois de février la team. ❤️

Que les marmites soient pleines. 🙏🏽

#SodigazTg #GazTogo",10,"02/02/2026 02:53",N/A,https://www.facebook.com/reel/1341284058017319/,0,0,Vidéos,,,,,Global,1123,942,29,29,0,0,9,9,,,,1123,0,942,0,457,0,444,0,0,457,0,0,0,0,3653.855,0,1415.148,0,5.782,0,5.55,0,0,0,,,5069.003,5.714,0,0,0,0.99,0.99,1,1,0.93,0.79,0.69,0.54,0.45,0.4,0.35,0.33,0.31,,,,,,,,,,,,,,,,,,,,,,,,,,,,,1,1,1,1,1,1,1,1,1,1,1,1,0.99,,,,,,,,,,,,,,,,,,,,,,,,,,,,,156,91,55,37,26,32,20,11,9,6,5,1,194,52,34,26,14,18,1,26,14,6,1,,9,2,,7,,1,3,,,,,7,12,4,3,1,,2,,,,1,1,2,,,,,,,1,7,,,,1,,,1,,,,,,3,,2,,,,,1,,,,,,,,,,,,,,,,,,,,,,,,,,,,,,,,,,,,,
1384567650350397,100063915262618,Sodigaztg,"On est bien d’accord ou bien ? 🤭

#Sodigaz #CuisineTogolaise #Togo",,0,"02/01/2026 02:22",N/A,https://www.facebook.com/sodigaztogo/posts/pfbid04xBd4peSXMHtwva1S9odPY9DiY2ueZyk7Q7e9g1svELLYdgFUCHpqWm6VmakKDY3l,0,0,Photos,,,,,Global,3257,1946,65,43,20,2,81,67,14,,,3257,0,1946,0,0,0,0,0,0,0,0,0,0,0,0,0,0,0,0,0,0,0,0,0,,,,,,,,,,,,,,,,,,,,,,,,,,,,,,,,,,,,,,,,,,,,,,,,,,,,,,,,,,,,,,,,,,,,,,,,,,,,,,,,,,,,,,,,,,,,,,,,,,,,,,,,,,,,,,,,,,,,,,,,,,,,,,,,,,,,,,,,,,,,,,,,,,,,,,,,,,,,,,,,,,,,,,,,,,,,,,,,,,,,,,,,,,,,,,,,,,,,,,,,,,
1382035573936938,100063915262618,Sodigaztg,"Janvier n’est pas simple pour tout le monde mais
on doit manger.

Dans ces moments-là, les formats 3 kg et 6 kg
Sodigaz deviennent de vrais alliés. Ils permettent
de tenir jusqu’à la fin du mois, sans trop forcer sur
le budget.

En tout cas, eux sont là quand il faut.😄

👉🏾 DISPONIBLE DANS LES STATIONS ZENER ET EN LIVRAISON VIA GOZEM

#Sodigaz #Gaz #SodigazTogo #GazTogo",,0,"01/29/2026 03:43",N/A,https://www.facebook.com/sodigaztogo/posts/pfbid07ruwVwiEreSUDQZEkTwmsRh6j17PnaBqX7Lcf3ZvgN9N8p2nyZVmh3r7wpc2QCFWl,0,0,Photos,,,,,Global,1911,1161,37,33,2,2,48,31,17,,,1911,0,1161,0,0,0,0,0,0,0,0,0,0,0,0,0,0,0,0,0,0,0,0,0,,,,,,,,,,,,,,,,,,,,,,,,,,,,,,,,,,,,,,,,,,,,,,,,,,,,,,,,,,,,,,,,,,,,,,,,,,,,,,,,,,,,,,,,,,,,,,,,,,,,,,,,,,,,,,,,,,,,,,,,,,,,,,,,,,,,,,,,,,,,,,,,,,,,,,,,,,,,,,,,,,,,,,,,,,,,,,,,,,,,,,,,,,,,,,,,,,,,,,,,,,
1380401140767048,100063915262618,Sodigaztg,"Vous avez des questions sur le gaz ?
Sur la sécurité ? L’utilisation au quotidien ?

Chaque mardi, on se retrouve en live sur la page TikTok de Zener, pour échanger, expliquer et partager des astuces simples autour du gaz.

Pas de jargon, pas de discours compliqué. Juste des conseils utiles pour votre sécurité à la maison.

#Sodigaz #GazTogo #Secutite #Togo",,0,"01/27/2026 07:00",N/A,https://www.facebook.com/sodigaztogo/posts/pfbid032ugtMFKYYEuDhoC7SBoJTzNTQiLEJvXsSb35YHC94Cav1vPmLVH8s5SLNMBStkb2l,0,0,Photos,,,,,Global,830,533,21,20,0,1,12,7,5,,,830,0,533,0,0,0,0,0,0,0,0,0,0,0,0,0,0,0,0,0,0,0,0,0,,,,,,,,,,,,,,,,,,,,,,,,,,,,,,,,,,,,,,,,,,,,,,,,,,,,,,,,,,,,,,,,,,,,,,,,,,,,,,,,,,,,,,,,,,,,,,,,,,,,,,,,,,,,,,,,,,,,,,,,,,,,,,,,,,,,,,,,,,,,,,,,,,,,,,,,,,,,,,,,,,,,,,,,,,,,,,,,,,,,,,,,,,,,,,,,,,,,,,,,,,
1376037824536713,100063915262618,Sodigaztg,"Quand on travaille en cuisine, on ne peut pas se permettre de tomber en panne de gaz en plein service.

Le format 50 kg Sodigaz est pensé pour les restaurants, hôtels et grandes productions. C’est celui qui permet de travailler sereinement, sans interruption, et de se concentrer sur l’essentiel.

Pour les professionnels, c’est un vrai confort au quotidien. 👌🏾

📞 Contactez-nous au 90 22 54 56 pour plus d’infos.

👉🏾 DISPONIBLE DANS LES STATIONS ZENER ET EN LIVRAISON VIA GOZEM

#Sodigaz #Gaz #SodigazTogo #GazTogo",,0,"01/22/2026 08:31",N/A,https://www.facebook.com/sodigaztogo/posts/pfbid0QgbZUaWkuiXXh8ajkPSzVGFs1yefuPLmNE6kzosvHBmu8ToHpBm26DTgdTrhopwRl,0,0,Photos,,,,,Global,1863,1182,23,21,1,1,34,18,16,,,1863,0,1182,0,0,0,0,0,0,0,0,0,0,0,0,0,0,0,0,0,0,0,0,0,,,,,,,,,,,,,,,,,,,,,,,,,,,,,,,,,,,,,,,,,,,,,,,,,,,,,,,,,,,,,,,,,,,,,,,,,,,,,,,,,,,,,,,,,,,,,,,,,,,,,,,,,,,,,,,,,,,,,,,,,,,,,,,,,,,,,,,,,,,,,,,,,,,,,,,,,,,,,,,,,,,,,,,,,,,,,,,,,,,,,,,,,,,,,,,,,,,,,,,,,,
1374933851313777,100063915262618,Sodigaztg,"Si quelque chose vous inquiète, si vous avez une question ou juste besoin de plus d’informations, sur l’ouverture d’une boutique de gaz ou autre, n’hésitez pas à nous écrire ou à nous appeler.

Chez Sodigaz, on préfère échanger plutôt que vous laisser dans le doute. On est là pour vous répondre.

📞 Contactez-nous au 90 22 54 56 pour plus d’infos.

#Sodigaz #Gaz #SodigazTogo #GazTogo",,0,"01/21/2026 03:22",N/A,https://www.facebook.com/sodigaztogo/posts/pfbid02KJui3hxi4yXQ8gbPdAK938K8DF5ShCU4uN2CfLJTGdHYBrZNue1CkWfCXgQzL9m8l,0,0,Photos,,,,,Global,1633,1008,32,29,1,2,58,23,35,,,1633,0,1008,0,0,0,0,0,0,0,0,0,0,0,0,0,0,0,0,0,0,0,0,0,,,,,,,,,,,,,,,,,,,,,,,,,,,,,,,,,,,,,,,,,,,,,,,,,,,,,,,,,,,,,,,,,,,,,,,,,,,,,,,,,,,,,,,,,,,,,,,,,,,,,,,,,,,,,,,,,,,,,,,,,,,,,,,,,,,,,,,,,,,,,,,,,,,,,,,,,,,,,,,,,,,,,,,,,,,,,,,,,,,,,,,,,,,,,,,,,,,,,,,,,,
1373043194836176,100063915262618,Sodigaztg,"À Sodigaz, on ne promet pas la perfection.

Mais on vous promet d’être là.
👉🏽 Un gaz fiable pour tenir la flamme
👉🏽 Des conseils de sécurité
👉🏽 Des équipes engagées
👉🏽 Et une attention constante à votre bien-être

C’est ça, notre engagement.

#Sodigaz #GazTogo #Togo","À Sodigaz, on ne promet pas la perfection.

Mais on vous promet d’être là.
👉🏽 Un gaz fiable pour tenir la flamme
👉🏽 Des conseils de sécurité
👉🏽 Des équipes engagées
👉🏽 Et une attention constante à votre bien-être

C’est ça, notre engagement.

#Sodigaz #GazTogo #Togo",22,"01/19/2026 00:44",N/A,https://www.facebook.com/reel/2061285607744785/,0,0,Vidéos,,,,,Global,1275,1362,22,19,2,1,34,34,,,,1275,0,1362,0,698,0,696,0,0,698,0,0,0,0,4918.747,1.729,3380.473,0,6.464,0.865,9.039,0,0,0,,,8300.949,7.3,0,0,0,0.99,0.99,1,1,0.95,0.85,0.7,0.57,0.51,0.47,0.42,0.38,0.32,0.29,0.27,0.26,0.25,0.24,0.24,0.21,0.19,0.18,0.17,0.15,0.12,,,,,,,,,,,,,,,,,1,1,1,1,1,1,1,1,1,1,1,1,1,1,1,1,1,1,0.98,0.89,0.8,0.77,0.73,0.66,0.49,,,,,,,,,,,,,,,,,266,133,111,49,41,26,25,15,4,9,10,5,554,32,16,11,5,2,5,5,19,2,,1,3,2,3,2,,1,2,1,,,1,,9,3,1,1,,1,,,,,1,1,,,2,1,,,,2,,1,,1,,,2,1,1,1,1,1,,,,,,,,,,,,,,,,,,,,,,,,,,,,,,,,,,,,,,,,,,,,,
1369080308565798,100063915262618,Sodigaztg,"Un gaz bien placé, c’est déjà un geste de sécurité.

Après un remplissage ou un achat, il y a quelques règles simples à respecter pour éviter les risques à la maison.

Dans cette vidéo, on vous montre comment bien installer votre bouteille de gaz. Prenez deux minutes pour regarder.

#Sodigaz #GazTogo #Secutite #Togo","Un gaz bien placé, c’est déjà un geste de sécurité.

Après un remplissage ou un achat, il y a quelques règles simples à respecter pour éviter les risques à la maison.

Dans cette vidéo, on vous montre comment bien installer votre bouteille de gaz. Prenez deux minutes pour regarder.

#Sodigaz #GazTogo #Secutite #Togo",15,"01/14/2026 02:48",N/A,https://www.facebook.com/reel/1432740795210464/,0,0,Vidéos,,,,,Global,1071,892,21,20,1,0,7,7,,,,1071,0,892,0,491,0,489,0,0,491,0,0,0,0,3609.334,0,3495.235,0,7.248,0,8.805,0,0,0,,,7104.569,7.938,0,0,0,1,1,1,1,0.89,0.83,0.77,0.75,0.72,0.71,0.69,0.68,0.58,0.54,0.5,0.31,0.22,,,,,,,,,,,,,,,,,,,,,,,,,1,1,1,1,1,1,1,1,1,1,1,1,1,1,1,1,0.84,,,,,,,,,,,,,,,,,,,,,,,,,178,129,41,32,16,24,34,8,7,11,6,3,321,17,27,15,16,4,2,4,11,3,2,,3,2,1,,,,3,1,,,1,2,2,27,2,,,2,,1,,3,1,1,,,1,,,,,2,5,1,,1,,,,,,,,,,,,,,,,,1,1,1,1,1,1,1,,,,,,,,,,,,,,,,,,,,,,,,,,,,,,
1368306008643228,100063915262618,Sodigaztg,"Derrière chaque bouteille livrée, il y a des hommes et des femmes sur le terrain. Des agents qui se lèvent tôt, qui affrontent le soleil, la pluie, les embouteillages… pour que le gaz arrive chez vous, en toute sécurité.

Chez Sodigaz, on sait que rien ne se fait sans eux. Aujourd’hui, on met juste un peu de lumière sur leur travail.

Merci à nos équipes. 

#Sodigaz #GazTogo #Togo",,0,"01/13/2026 02:23",N/A,https://www.facebook.com/sodigaztogo/posts/pfbid0rpKjRQUokTbxR1tiJ16GjzPnvTzmra7kE8Pyajk7uLkrRjyk4x3zDXmHaGT2dA3jl,0,0,Photos,,,,,Global,15957,8774,163,124,36,3,1474,760,714,,,15957,0,8774,0,0,0,0,0,0,0,0,0,0,0,0,0,0,0,0,0,0,0,0,0,,,,,,,,,,,,,,,,,,,,,,,,,,,,,,,,,,,,,,,,,,,,,,,,,,,,,,,,,,,,,,,,,,,,,,,,,,,,,,,,,,,,,,,,,,,,,,,,,,,,,,,,,,,,,,,,,,,,,,,,,,,,,,,,,,,,,,,,,,,,,,,,,,,,,,,,,,,,,,,,,,,,,,,,,,,,,,,,,,,,,,,,,,,,,,,,,,,,,,,,,,
1366290902178072,100063915262618,Sodigaztg,"COMMENT SAVOIR S’IL Y A UNE FUITE DE GAZ CHEZ VOUS ?

Ça peut arriver à tout le monde… mais détecter une fuite à temps peut vraiment éviter des accidents.

Avant toute chose, ouvrez toutes les fenêtres et portes de la pièce et n’actionnez aucun interrupteur électrique. Même une petite étincelle peut être dangereuse.

Dans cette vidéo, on vous montre les signes à repérer et les bons réflexes à adopter, simplement et efficacement.

Ne laissez rien au hasard.

#Sodigaz #SecuriteGaz #Prévention #BonsReflexes #Togo","COMMENT SAVOIR S’IL Y A UNE FUITE DE GAZ CHEZ VOUS ?

Ça peut arriver à tout le monde… mais détecter une fuite à temps peut vraiment éviter des accidents.

Avant toute chose, ouvrez toutes les fenêtres et portes de la pièce et n’actionnez aucun interrupteur électrique. Même une petite étincelle peut être dangereuse.

Dans cette vidéo, on vous montre les signes à repérer et les bons réflexes à adopter, simplement et efficacement.

Ne laissez rien au hasard.

#Sodigaz #SecuriteGaz #Prévention #BonsReflexes #Togo",31,"01/10/2026 07:41",N/A,https://www.facebook.com/reel/1245456514105598/,0,0,Vidéos,,,,,Global,606,480,21,18,2,1,11,11,,,,605,0,480,0,217,0,203,0,0,217,0,0,0,0,1419.152,36.374,2540.011,0,7.241,2.599,8.09,0,0,0,,,3995.537,7.625,0,0,0,0.98,0.99,0.99,0.99,0.81,0.67,0.58,0.53,0.5,0.45,0.43,0.42,0.41,0.4,0.39,0.38,0.38,0.37,0.37,0.37,0.35,0.35,0.35,0.35,0.35,0.35,0.35,0.34,0.34,0.32,0.32,0.24,0.2,,,,,,,,,1,1,1,1,1,1,1,1,0.99,0.99,0.99,0.99,1,1,1,1,1,0.99,0.96,0.95,0.92,0.92,0.91,0.91,0.91,0.91,0.91,0.89,0.88,0.85,0.84,0.65,0.53,,,,,,,,,51,50,40,12,13,13,12,4,5,6,5,2,175,11,6,4,6,,1,,2,3,,,,1,,,,,,,,,,1,2,1,1,,,,,,,,,,,,,,,,1,2,,,,,,,,,,,,,,,,,,,,,,,,,,,,,,,,,,,,,,,,,,,,,,,,,,,,,,,,,
1365596322247530,100063915262618,Sodigaztg,"3 erreurs à éviter quand on installe sa bouteille de gaz.

Regardez notre vidéo pour voir comment le faire correctement.

#Sodigaz #GazTogo #Togo #ConseilGaz","3 erreurs à éviter quand on installe sa bouteille de gaz.

Regardez notre vidéo pour voir comment le faire correctement.

#Sodigaz #GazTogo #Togo #ConseilGaz",25,"01/09/2026 08:49",N/A,https://www.facebook.com/reel/772829751758111/,0,0,Vidéos,,,,,Global,754,731,20,18,1,1,7,7,,,,754,0,731,0,238,0,233,0,0,238,0,0,0,0,1943.55,22.592,2547.712,0,5.999,7.531,7.792,0,0,0,,,4513.854,6.901,0,0,0,0.99,0.99,0.99,0.99,0.91,0.77,0.68,0.63,0.6,0.58,0.57,0.56,0.54,0.5,0.49,0.46,0.45,0.44,0.44,0.43,0.42,0.41,0.4,0.4,0.38,0.37,0.37,0.29,0.22,,,,,,,,,,,,,1,1,0.99,0.99,0.99,1,1,1,1,1,1,1,1,1,1,1,1,1,0.99,0.95,0.94,0.94,0.91,0.88,0.85,0.84,0.83,0.67,0.5,,,,,,,,,,,,,86,51,33,17,13,15,8,8,,4,1,,196,11,6,1,4,1,2,1,2,1,,1,1,1,,1,,,,,,,,,2,1,,,,,,1,,,,,,,,,,,,2,,,,,,,,,,,1,,1,,,,,1,,,,,,,,,,,,,,,,,,,,,,,,,,,,,,,,,,,,,,,
1364545415685954,100063915262618,Sodigaztg,"Question du jour : Est-ce possible d’échanger ma bouteille de 6 kg foyer contre une autre ou celle en robinet ? 🤔

La réponse est OUI ! Chez Sodigaz, on s’adapte à vos besoins. Vous pouvez venir avec votre bouteille et on vous guide pour l’échange.

Votre sécurité et votre confort passent avant tout ! 

#Sodigaz #GazTogo #Togo #SodigazReponds","Question du jour : Est-ce possible d’échanger ma bouteille de 6 kg foyer contre une autre ou celle en robinet ? 🤔

La réponse est OUI ! Chez Sodigaz, on s’adapte à vos besoins. Vous pouvez venir avec votre bouteille et on vous guide pour l’échange.

Votre sécurité et votre confort passent avant tout ! 

#Sodigaz #GazTogo #Togo #SodigazReponds",23,"01/08/2026 02:19",uploaded,https://www.facebook.com/reel/1540661870536431/,0,0,Vidéos,,,,,Global,817,575,23,20,1,2,16,16,,,,816,0,575,0,250,0,233,0,0,250,0,0,0,0,2372.688,149.397,2442.592,0,6.483,7.115,8.85,0,0,0,,,4964.677,7.488,0,0,0,0.99,0.99,0.99,0.99,0.88,0.72,0.65,0.59,0.57,0.56,0.53,0.51,0.48,0.45,0.44,0.42,0.42,0.4,0.39,0.38,0.37,0.36,0.36,0.32,0.3,,,,,,,,,,,,,,,,,1,1,1,1,1,1,1,1,1,1,1,1,1,1,1,1,1,0.96,0.95,0.91,0.9,0.86,0.86,0.8,0.75,,,,,,,,,,,,,,,,,80,54,35,11,18,15,10,9,7,1,7,,191,24,4,5,3,1,2,2,1,2,,,2,2,,,,,,,,,,,1,3,,,,,,1,,1,,,,,,1,,1,,1,,,,,,,,,,,,,,,,,,,,,,1,,,,,,1,,,,,,,,,,,,,,,,,,,,,,,,,,,,,
1363141015826394,100063915262618,Sodigaztg,"Bon mois de la janviose ! 😅

On entre officiellement dans le mois le plus long de l’année… celui où tout le monde est fauché après les fêtes.

C’est maintenant le bon moment pour charger votre petite bouteille de 3kg ou 6kg, histoire de tenir tout le mois sans stress.

Et pour ceux qui n’ont pas encore une petite bouteille pour seconder leur grande… La 6kg est là pour vous sauver ! Disponible en format foyer ou robinet, selon ce qui vous arrange.

En janvier, on ne joue pas avec la galère hein. 🤭

#Sodigaz #GazTogo #Togo",,0,"01/06/2026 06:10",N/A,https://www.facebook.com/sodigaztogo/posts/pfbid0JRoNN5eM2VYQF7GZufr4tCBfn5MUaGEWdK7nBYuCHNP6GuxjXnUxqFkxdcyhGa2hl,0,0,Photos,,,,,Global,2736,1641,33,28,3,2,68,55,13,,,2736,0,1641,0,0,0,0,0,0,0,0,0,0,0,0,0,0,0,0,0,0,0,0,0,,,,,,,,,,,,,,,,,,,,,,,,,,,,,,,,,,,,,,,,,,,,,,,,,,,,,,,,,,,,,,,,,,,,,,,,,,,,,,,,,,,,,,,,,,,,,,,,,,,,,,,,,,,,,,,,,,,,,,,,,,,,,,,,,,,,,,,,,,,,,,,,,,,,,,,,,,,,,,,,,,,,,,,,,,,,,,,,,,,,,,,,,,,,,,,,,,,,,,,,,,
1359276922879470,100063915262618,Sodigaztg,"Bonne année 2026 à tous !
Que cette nouvelle année soit pleine de rires, de repas délicieux, de moments partagés et… de marmites toujours bien remplies ! ❤️

Chez Sodigaz, on sera là pour vous accompagner dans toutes vos cuisines. Santé, bonheur et gaz plein pour 2026 ! 🥳 

#Sodigaz #GazTogo #Togo #FetesDeFindAnnee",,0,"01/01/2026 02:04",N/A,https://www.facebook.com/sodigaztogo/posts/pfbid02YMQcjb1YtTcrNWDvyNMtu6M6ymqk2QYEHAfbN5N6RpVcggFKEBY6KHZn2mYQ9EyUl,0,0,Photos,,,,,Global,811,507,17,13,2,2,12,8,4,,,811,0,507,0,0,0,0,0,0,0,0,0,0,0,0,0,0,0,0,0,0,0,0,0,,,,,,,,,,,,,,,,,,,,,,,,,,,,,,,,,,,,,,,,,,,,,,,,,,,,,,,,,,,,,,,,,,,,,,,,,,,,,,,,,,,,,,,,,,,,,,,,,,,,,,,,,,,,,,,,,,,,,,,,,,,,,,,,,,,,,,,,,,,,,,,,,,,,,,,,,,,,,,,,,,,,,,,,,,,,,,,,,,,,,,,,,,,,,,,,,,,,,,,,,,
1358516322955530,100063915262618,Sodigaztg,"2025 touche à sa fin… et on voulait juste dire merci à toute la famille Sodigaz.

Merci pour votre confiance, votre fidélité et vos sourires devant vos marmites. 2026 s’annonce encore plus savoureux… ensemble !

Et vous, quel a été votre meilleur moment de cuisine cette année ? Et avec qui l’avez-vous partagé ?

#Sodigaz #GazTogo #Togo #FetesDeFindAnnee",,0,"12/31/2025 06:09",N/A,https://www.facebook.com/sodigaztogo/posts/pfbid05UsWCY61ZE9pJir9y4mQ3ZCr19C46463zKu8cqDqc6mor3ttg4Yvk8TJuqeef2ZQl,0,0,Photos,,,,,Global,452,291,10,9,0,1,4,2,2,,,452,0,291,0,0,0,0,0,0,0,0,0,0,0,0,0,0,0,0,0,0,0,0,0,,,,,,,,,,,,,,,,,,,,,,,,,,,,,,,,,,,,,,,,,,,,,,,,,,,,,,,,,,,,,,,,,,,,,,,,,,,,,,,,,,,,,,,,,,,,,,,,,,,,,,,,,,,,,,,,,,,,,,,,,,,,,,,,,,,,,,,,,,,,,,,,,,,,,,,,,,,,,,,,,,,,,,,,,,,,,,,,,,,,,,,,,,,,,,,,,,,,,,,,,,
1357733733033789,100063915262618,Sodigaztg,"2025 touche à sa fin… et on voulait juste dire merci à toute notre famille Sodigaz.

Merci pour votre confiance, votre fidélité et vos sourires devant vos marmites. 2026 s’annonce encore plus savoureux… ensemble !

Et vous, quel a été votre meilleur moment cuisine cette année ? Et avec qui l’avez-vous partagé ?

#Sodigaz #GazTogo #Togo #FetesDeFindAnnee",,0,"12/30/2025 06:10",N/A,https://www.facebook.com/sodigaztogo/posts/pfbid02rXWCzyMMMKGTUFTCweQnTuWpNam8w9qfRJpSzFumafqtDiPoSoKBTQE8wT1X6Nfal,0,0,Photos,,,,,Global,529,320,19,16,2,1,10,6,4,,,529,0,320,0,0,0,0,0,0,0,0,0,0,0,0,0,0,0,0,0,0,0,0,0,,,,,,,,,,,,,,,,,,,,,,,,,,,,,,,,,,,,,,,,,,,,,,,,,,,,,,,,,,,,,,,,,,,,,,,,,,,,,,,,,,,,,,,,,,,,,,,,,,,,,,,,,,,,,,,,,,,,,,,,,,,,,,,,,,,,,,,,,,,,,,,,,,,,,,,,,,,,,,,,,,,,,,,,,,,,,,,,,,,,,,,,,,,,,,,,,,,,,,,,,,
1354749186665577,100063915262618,Sodigaztg,"Il vous reste du riz blanc de la veille et la sauce est finit ? Ne le gaspillez surtout pas ! 😋
Faites un riz sauté express :
1️⃣ Faites revenir un peu d’ail et d’oignon dans de l’huile.
2️⃣ Ajoutez vos légumes ou restes de viande/ œufs brouillés
3️⃣ Ajoutez le riz, un peu de sauce soja ou curry.
4️⃣ Mélangez bien et laissez chauffer 5 min.
Simple, rapide et délicieux ! 🤤 

#Sodigaz #GazTogo #Togo #RecetteExpress #FetesDeFindAnnee",,0,"12/26/2025 04:26",N/A,https://www.facebook.com/sodigaztogo/posts/pfbid0pVzf8tWv1rygRD1QixK7ruudUS4oimVwTEQJZR37TADT3KZE8jo8F2Dyz9S6yYExl,0,0,Photos,,,,,Global,406,262,13,11,0,2,1,,1,,,406,0,262,0,0,0,0,0,0,0,0,0,0,0,0,0,0,0,0,0,0,0,0,0,,,,,,,,,,,,,,,,,,,,,,,,,,,,,,,,,,,,,,,,,,,,,,,,,,,,,,,,,,,,,,,,,,,,,,,,,,,,,,,,,,,,,,,,,,,,,,,,,,,,,,,,,,,,,,,,,,,,,,,,,,,,,,,,,,,,,,,,,,,,,,,,,,,,,,,,,,,,,,,,,,,,,,,,,,,,,,,,,,,,,,,,,,,,,,,,,,,,,,,,,,
1353417973465365,100063915262618,Sodigaztg,"Ce soir, on cuisine, on danse, on rit, on partage… 🎄

Que vos marmites bouillonnent d’amour et de saveurs. Joyeuse fête de Noël à vous et vos proches ! 

#Sodigaz #GazTogo #Togo #BonneFeteDeNoel #FetesDeFindAnnee",,0,"12/24/2025 08:44",N/A,https://www.facebook.com/sodigaztogo/posts/pfbid02TEuJRLuSN15zX6tZhNkfhMekwqTxoWV3uB3mdzpoJizyvgnQyt7cxmw7Rag4X1SPl,0,0,Photos,,,,,Global,491,309,18,15,1,2,5,2,3,,,491,0,309,0,0,0,0,0,0,0,0,0,0,0,0,0,0,0,0,0,0,0,0,0,,,,,,,,,,,,,,,,,,,,,,,,,,,,,,,,,,,,,,,,,,,,,,,,,,,,,,,,,,,,,,,,,,,,,,,,,,,,,,,,,,,,,,,,,,,,,,,,,,,,,,,,,,,,,,,,,,,,,,,,,,,,,,,,,,,,,,,,,,,,,,,,,,,,,,,,,,,,,,,,,,,,,,,,,,,,,,,,,,,,,,,,,,,,,,,,,,,,,,,,,,
1353303686810127,100063915262618,Sodigaztg,"Noël approche, et si on parlait cuisine facile ? Voici 7 idées de recettes simples à préparer pour vos fêtes :

1️⃣ Poulet rôti 
2️⃣ Riz au lait coco 
3️⃣ Salade festive colorée avec amanda et poulet 
4️⃣ Brochettes de viande marinée
5️⃣ Gratin de légumes 
6️⃣ Poisson au four 
7️⃣ Bûche express au chocolat

On vous donnes les recettes de chacune en commentaire. 😋 Et vous, laquelle vous tente le plus ? 

#Sodigaz #GazTogo #Togo #RecetteNoel #FetesDeFindAnnee",,0,"12/24/2025 05:50",N/A,https://www.facebook.com/sodigaztogo/posts/pfbid02YpGpuSg7GHJAhZj7PXvkwMCjCpoLXfACVg6DQ9XQcLG7d7Cjevq9p9XoFKcMfauNl,0,0,Photos,,,,,Global,666,377,10,7,0,3,16,7,9,,,666,0,377,0,0,0,0,0,0,0,0,0,0,0,0,0,0,0,0,0,0,0,0,0,,,,,,,,,,,,,,,,,,,,,,,,,,,,,,,,,,,,,,,,,,,,,,,,,,,,,,,,,,,,,,,,,,,,,,,,,,,,,,,,,,,,,,,,,,,,,,,,,,,,,,,,,,,,,,,,,,,,,,,,,,,,,,,,,,,,,,,,,,,,,,,,,,,,,,,,,,,,,,,,,,,,,,,,,,,,,,,,,,,,,,,,,,,,,,,,,,,,,,,,,,
1353259576814538,100063915262618,Sodigaztg,"Le Togo s’apprête à vivre la 3ᵉ édition du marathon culinaire.
Un défi d’endurance, de passion et de savoir-faire, où la cuisine devient un véritable exploit.

Pour cette nouvelle édition, Sodigaz est une fois encore au rendez-vous, en assurant l’approvisionnement en gaz de cuisson tout au long du marathon. Parce que pour tenir la flamme de ce défi, il faut une énergie fiable.

#Sodigaz #MarathonCulinaire
#GuinnessRecord #CuisineAfricaine","Le Togo s’apprête à vivre la 3ᵉ édition du marathon culinaire.
Un défi d’endurance, de passion et de savoir-faire, où la cuisine devient un véritable exploit.

Pour cette nouvelle édition, Sodigaz est une fois encore au rendez-vous, en assurant l’approvisionnement en gaz de cuisson tout au long du marathon. Parce que pour tenir la flamme de ce défi, il faut une énergie fiable.

#Sodigaz #MarathonCulinaire
#GuinnessRecord #CuisineAfricaine",34,"12/24/2025 04:50",N/A,https://www.facebook.com/reel/870505665566095/,0,0,Vidéos,,,,,Global,902,990,25,25,0,0,19,19,,,,902,0,990,0,469,0,441,0,0,469,0,0,0,0,3398.774,0,2956.726,0,6.812,0,8.906,0,0,0,,,6355.5,7.648,0,0,0,1,1,1,1,0.88,0.76,0.63,0.55,0.5,0.46,0.42,0.36,0.34,0.31,0.29,0.27,0.26,0.24,0.22,0.2,0.19,0.18,0.17,0.15,0.15,0.14,0.14,0.13,0.13,0.12,0.11,0.1,0.1,0.09,0.08,0.07,0.07,,,,,1,1,1,1,1,1,1,1,1,1,1,1,1,1,1,1,1,0.94,0.85,0.78,0.73,0.69,0.67,0.6,0.59,0.56,0.54,0.52,0.5,0.46,0.44,0.4,0.39,0.38,0.33,0.33,0.29,,,,,146,101,50,46,35,33,21,11,9,6,4,2,377,23,14,13,6,5,4,4,3,2,2,2,2,1,1,1,1,1,1,1,1,1,1,1,1,,,,,,,,,,,,,,,,,,,,,,,,,,,,,,,,,,,,,,,,,,,,,,,,,,,,,,,,,,,,,,,,,,,,,,,,,,,,
1352368970236932,100063915262618,Sodigaztg,"Avouez… en décembre, on a tous ces invités-là dans la maison. 🤭

Sans eux, les fêtes n’ont tout simplement pas la même ambiance ! Et vous… cette année, vous ne voulez surtout pas voir la visite de qui chez vous ? 

#Sodigaz #GazTogo #Togo #Decembre #FetesDeFindAnnee",,0,"12/23/2025 01:18",N/A,https://www.facebook.com/sodigaztogo/posts/pfbid02zJS4bnenb24HTc2PibVYEADRSW9rgP5F1738Sjt4gkYZuFYByUha6yaGytJYsqTBl,0,0,Photos,,,,,Global,507,291,12,11,0,1,26,12,14,,,507,0,291,0,0,0,0,0,0,0,0,0,0,0,0,0,0,0,0,0,0,0,0,0,,,,,,,,,,,,,,,,,,,,,,,,,,,,,,,,,,,,,,,,,,,,,,,,,,,,,,,,,,,,,,,,,,,,,,,,,,,,,,,,,,,,,,,,,,,,,,,,,,,,,,,,,,,,,,,,,,,,,,,,,,,,,,,,,,,,,,,,,,,,,,,,,,,,,,,,,,,,,,,,,,,,,,,,,,,,,,,,,,,,,,,,,,,,,,,,,,,,,,,,,,
1351618986978597,100063915262618,Sodigaztg,"Si tu n’as pas encore commencé tes courses de Noël… tu es officiellement en retard.

Mais rassure-toi : tu n’es pas le seul. 🤭 Chaque année, on se dit qu’on va s’organiser… et chaque année, on se retrouve à la dernière minute en mode mission commando. Courage à tous. 😂🎄

#Sodigaz #GazTogo #Togo #Decembre #FetesDeFindAnnee",,0,"12/22/2025 01:51",N/A,https://www.facebook.com/sodigaztogo/posts/pfbid02H6b3Fa9XEegx9m5Wxe2HzdXAcJsyYsQ9wP3XJumC2sCmwW2G7ustVGoBBd7r4n8vl,0,0,Photos,,,,,Global,774,466,22,18,2,2,17,13,4,,,774,0,466,0,0,0,0,0,0,0,0,0,0,0,0,0,0,0,0,0,0,0,0,0,,,,,,,,,,,,,,,,,,,,,,,,,,,,,,,,,,,,,,,,,,,,,,,,,,,,,,,,,,,,,,,,,,,,,,,,,,,,,,,,,,,,,,,,,,,,,,,,,,,,,,,,,,,,,,,,,,,,,,,,,,,,,,,,,,,,,,,,,,,,,,,,,,,,,,,,,,,,,,,,,,,,,,,,,,,,,,,,,,,,,,,,,,,,,,,,,,,,,,,,,,
1350054707135025,100063915262618,Sodigaztg,"On connaît déjà le menu de plein de Togolais pour le 25 et le 31. 🤣🤭

#Sodigaz #GazTogo #Togo #Decembre #FetesDeFindAnnee",,0,"12/20/2025 01:39",N/A,https://www.facebook.com/sodigaztogo/posts/pfbid0376gUXRFC188qmU8dJgNAtNDQzJBU1Ma2F7X27vULeFFfR2DVbsBTSbPraG34Fm6tl,0,0,Photos,,,,,Global,12143,7217,83,66,15,2,423,290,133,,,12143,0,7217,0,0,0,0,0,0,0,0,0,0,0,0,0,0,0,0,0,0,0,0,0,,,,,,,,,,,,,,,,,,,,,,,,,,,,,,,,,,,,,,,,,,,,,,,,,,,,,,,,,,,,,,,,,,,,,,,,,,,,,,,,,,,,,,,,,,,,,,,,,,,,,,,,,,,,,,,,,,,,,,,,,,,,,,,,,,,,,,,,,,,,,,,,,,,,,,,,,,,,,,,,,,,,,,,,,,,,,,,,,,,,,,,,,,,,,,,,,,,,,,,,,,
1349298143877348,100063915262618,Sodigaztg,"POV : Moi et mon gaz, on est en mode collé-serré tout le reste du mois de décembre. 🤣

Où sont les vrai(e)s cuisinier(e)s de la famille ? Celles et ceux qui passent les fêtes… au fourneau non-stop ? Levez la main si vous êtes là. 🤭

#Sodigaz #GazTogo #Togo #Decembre",,0,"12/19/2025 03:55",N/A,https://www.facebook.com/sodigaztogo/posts/pfbid0eddDHwbCGgusRnryvrNX7SWuxaLq1YbazV3mAoWUXA3tXVTq3aS3Z6sSmiT1kwYCl,0,0,Photos,,,,,Global,1844,1184,21,19,1,1,31,22,9,,,1844,0,1184,0,0,0,0,0,0,0,0,0,0,0,0,0,0,0,0,0,0,0,0,0,,,,,,,,,,,,,,,,,,,,,,,,,,,,,,,,,,,,,,,,,,,,,,,,,,,,,,,,,,,,,,,,,,,,,,,,,,,,,,,,,,,,,,,,,,,,,,,,,,,,,,,,,,,,,,,,,,,,,,,,,,,,,,,,,,,,,,,,,,,,,,,,,,,,,,,,,,,,,,,,,,,,,,,,,,,,,,,,,,,,,,,,,,,,,,,,,,,,,,,,,,
1347652524041910,100063915262618,Sodigaztg,"Vous êtes nombreux à nous demander : Le prix des bouteilles 6kg et 3kg, c'est combien maintenant ? 

On vous donne tous les détails, que ça soit le  pack complet ou le prix des bouteilles simples dans cette vidéo. 👇🏾

#Sodigaz #GazTogo #Togo #SodigazReponds","Vous êtes nombreux à nous demander : Le prix des bouteilles 6kg et 3kg, c'est combien maintenant ? 

On vous donne tous les détails, que ça soit le  pack complet ou le prix des bouteilles simples dans cette vidéo. 👇🏾

#Sodigaz #GazTogo #Togo #SodigazReponds",31,"12/17/2025 05:26",N/A,https://www.facebook.com/reel/864196326344560/,0,0,Vidéos,,,,,Global,1198,783,24,20,3,1,37,37,,,,1197,0,783,0,428,0,386,0,0,428,0,0,0,0,7377.746,0,3902.4,0,13.012,0,10.463,0,0,0,,,11280.146,12,0,0,0,0.98,0.98,0.98,0.98,0.89,0.81,0.74,0.7,0.67,0.65,0.64,0.61,0.58,0.57,0.56,0.55,0.53,0.52,0.51,0.5,0.49,0.47,0.45,0.44,0.43,0.41,0.4,0.39,0.38,0.37,0.36,0.36,0.35,,,,,,,,,1,1,1,1,1,1,1,1,1,1,1,1,1,1,1,1,1,0.98,0.95,0.94,0.91,0.86,0.83,0.82,0.79,0.77,0.74,0.72,0.7,0.68,0.67,0.66,0.65,,,,,,,,,138,91,67,33,26,18,17,16,5,6,5,2,284,84,5,8,4,1,4,2,,,1,5,3,,1,4,,,,1,,,,2,3,3,2,,1,1,,1,2,1,1,1,1,1,1,,,,,,,,,,,,,,,,,,,,,,,,,,,,,,,,,,,,,,,,,,,,,,,,,,,,,,,,,,,,,,
1343761521097677,100063915262618,Sodigaztg,"ENCORE 3 JOURS POUR PROFITER DES PROMOS SUR LES BOUTEILLES DE GAZ. 

📍 Passe nous voir ! Nous sommes sur l’esplanade de la foire.

#Sodigaz #Gaz #GazTogo #Foire #Promo","ENCORE 3 JOURS POUR PROFITER DES PROMOS SUR LES BOUTEILLES DE GAZ. 

📍 Passe nous voir ! Nous sommes sur l’esplanade de la foire.

#Sodigaz #Gaz #GazTogo #Foire #Promo",31,"12/12/2025 04:35",N/A,https://www.facebook.com/reel/866705195752741/,0,0,Vidéos,,,,,Global,648,513,21,15,6,0,15,15,,,,647,0,513,0,266,0,244,0,0,266,0,0,0,0,2988.123,0,2727.048,0,11.905,0,10.176,0,0,0,,,5715.171,11.011,0,0,0,0.99,0.99,0.99,0.99,0.86,0.75,0.65,0.55,0.5,0.48,0.46,0.43,0.42,0.4,0.39,0.39,0.38,0.38,0.37,0.36,0.36,0.35,0.34,0.33,0.32,0.32,0.31,0.3,0.29,0.28,0.23,0.2,0.17,,,,,,,,,1,1,1,1,1,1,1,1,1,1,1,1,1,1,1,1,0.97,0.97,0.96,0.94,0.92,0.9,0.89,0.87,0.85,0.83,0.83,0.79,0.76,0.74,0.63,0.54,0.48,,,,,,,,,91,49,37,17,16,13,17,7,3,6,3,2,200,11,11,8,8,4,1,2,,1,1,1,4,,,1,,,1,,,,,1,3,2,1,1,1,1,1,1,,,,,,,,,,,,,,,,,,,,,,,,,,,,,,,,,,,,,,,,,,,,,,,,,,,,,,,,,,,,,,,,,,,,,
1343095301164299,100063915262618,Sodigaztg,"Si tu ne viens pas au stand Zener pour profiter de notre promo sur les bouteilles de gaz, c’est que tu as ratatataaaaa.

Vous avez encore 4 jours pour venir en profiter. Nous sommes sur l’esplanade de la foire.

📍 Passe nous voir !

#Sodigaz #Gaz #GazTogo #Foire #Promo","Si tu ne viens pas au stand Zener pour profiter de notre promo sur les bouteilles de gaz, c’est que tu as ratatataaaaa.

Vous avez encore 4 jours pour venir en profiter. Nous sommes sur l’esplanade de la foire.

📍 Passe nous voir !

#Sodigaz #Gaz #GazTogo #Foire #Promo",31,"12/11/2025 06:49",N/A,https://www.facebook.com/reel/826403406963901/,0,0,Vidéos,,,,,Global,744,704,20,16,4,0,17,17,,,,743,0,704,0,245,0,223,0,0,245,0,0,0,0,1706.431,0,2788.721,0,5.651,0,8.084,0,0,0,,,4495.152,6.947,0,0,0,1,0.99,0.99,0.99,0.83,0.69,0.61,0.57,0.54,0.49,0.46,0.42,0.41,0.39,0.36,0.36,0.34,0.34,0.33,0.32,0.29,0.29,0.29,0.29,0.27,0.27,0.27,0.26,0.24,0.24,0.23,0.2,0.18,,,,,,,,,1,1,1,1,1,1,1,1,1,1,1,1,1,1,1,1,1,0.99,0.98,0.92,0.85,0.84,0.84,0.84,0.8,0.8,0.78,0.76,0.73,0.71,0.7,0.63,0.55,,,,,,,,,100,40,31,17,15,10,13,7,3,4,1,,196,14,11,3,3,2,1,2,1,1,,,,,1,,,,1,,,,,1,2,2,1,,,,,1,,1,,,1,,,,,,,,,,,,,,,,,,,,,,,,,,,,,,,,,,,,,,,,,,,,,,,,,,,,,,,,,,,,,,,,
1341576544649508,100063915262618,Sodigaztg,"Tu es à la foire ? Voici 5 bonnes raisons de t’arrêter au stand Sodigaz :

Et pour info, les prix foire :
B3A : 9 500 F
B6 pack : 21 000 F
B6EN pack : 20 000 F
B12 : 29 800 F
B25 : 49 500 F

📍 On est là, en plein cœur de la foire. Passe nous voir !

#Sodigaz #Gaz #GazTogo #Foire #Promo","Tu es à la foire ? Voici 5 bonnes raisons de t’arrêter au stand Sodigaz :

Et pour info, les prix foire :
B3A : 9 500 F
B6 pack : 21 000 F
B6EN pack : 20 000 F
B12 : 29 800 F
B25 : 49 500 F

📍 On est là, en plein cœur de la foire. Passe nous voir !

#Sodigaz #Gaz #GazTogo #Foire #Promo",36,"12/09/2025 06:21",N/A,https://www.facebook.com/reel/1308391317641886/,0,0,Vidéos,,,,,Global,9138,8970,35,31,4,0,121,70,,1,50,518,12967,2036,8608,8270,0,5179,0,8081,189,0,0,0,0,1811.342,0,1870.065,216153.553,8.465,0,9.493,17.712,0,0,,,219834.96,17.426,0,0,0,0.47,0.47,0.47,0.47,0.47,0.41,0.37,0.33,0.29,0.27,0.26,0.26,0.25,0.23,0.22,0.22,0.2,0.19,0.17,0.16,0.16,0.16,0.15,0.14,0.14,0.13,0.12,0.11,0.11,0.11,0.1,0.1,0.1,0.1,0.1,0.1,0.09,0.09,0.09,0.09,0.08,1,1,1,1,1,1,1,1,1,1,1,1,1,1,1,1,0.98,0.97,0.96,0.95,0.94,0.93,0.92,0.91,0.9,0.89,0.89,0.88,0.88,0.88,0.87,0.84,0.25,0.21,0.19,0.18,0.16,,,,,1888,1329,1513,442,747,803,240,339,257,353,165,168,8227,14,10,6,4,1,,,,,,1,,,1,,,,1,,,,,,,,1,,,,,1,,,1,,,,,,,,,2,,,,,,,,,,,,,,,,,,,,,,,,,,,,,,,,,,,,,,,,,,,,,,,,,,,,,,,,,
1341574161316413,100063915262618,Sodigaztg,"Dit à ton voisin que quelque chose va se passer …. 🤭

#Sodigaz #Gaz #GazTogo #Foire #Promo","Dit à ton voisin que quelque chose va se passer …. 🤭

#Sodigaz #Gaz #GazTogo #Foire #Promo",65,"12/09/2025 06:17",N/A,https://www.facebook.com/reel/1188739469362615/,0,0,Vidéos,,,,,Global,11044,10470,41,38,2,1,168,97,,,71,702,10335,3402,9639,5717,154,5699,154,5428,289,0,0,0,0,2552.223,4.194,2742.544,89099.075,6.349,2.097,11.925,9.039,0,0,,,94398.036,8.997,0,0,0,0.99,0.99,0.95,0.68,0.55,0.47,0.38,0.31,0.26,0.24,0.19,0.18,0.17,0.16,0.16,0.16,0.15,0.15,0.15,0.14,0.14,0.13,0.13,0.13,0.12,0.11,0.1,0.1,0.09,0.09,0.08,0.07,0.05,0.04,0.03,0.03,0.03,0.02,0.02,0.02,0.02,1,1,1,1,1,1,1,1,1,0.99,0.87,0.8,0.76,0.73,0.72,0.71,0.69,0.68,0.67,0.65,0.63,0.63,0.62,0.61,0.57,0.52,0.48,0.46,0.45,0.41,0.38,0.33,0.25,0.19,0.17,0.14,0.13,0.12,0.11,0.1,0.09,1836,1443,645,520,396,327,84,223,82,81,33,27,5657,5,23,5,4,4,,2,4,,,,6,,,1,,,,,,,,,,2,1,1,,,,2,,,,,,,,,,,,,,,,,,,,,,,,,,,,,,,,,,,,,,,,,,,,,,,,,,,,,,,,,,,,,,,,,,,,,
1339042258236270,100063915262618,Sodigaztg,"PROMOS SPÉCIALES FOIRE !

Si tu es à la foire, ne laisse pas passer ça : 👉 B3A : 9 500 F 👉 B6 : 17 500 F 👉 Pack complet B6 : 21 000 F 👉 B6EN, Pack complet : 20 000 F 👉 B12 : 29 800 F 👉 B25 : 49 500F 👉Détendeur : 1 500 F 👉 Tuyaux : 1 500 F

Ce sont des prix exceptionnels, valables uniquement pendant la foire ! Passe au stand Sodigaz, profite et repars équipé !

#Sodigaz #Gaz #GazTogo #Foire #Promo",,0,"12/05/2025 23:42",N/A,https://www.facebook.com/sodigaztogo/posts/pfbid0w1KJALmMNcek4bospDc94e9T27F5z8mw4gL2XaiEndhs2GPH5bF3Ft2Q2nXi6v3Fl,0,0,Photos,,,,,Global,47925,26767,241,226,12,3,2155,792,1360,3,,1500,46425,18619,26333,0,0,0,0,0,0,0,0,0,0,0,0,0,0,0,0,0,0,0,0,,,,,,,,,,,,,,,,,,,,,,,,,,,,,,,,,,,,,,,,,,,,,,,,,,,,,,,,,,,,,,,,,,,,,,,,,,,,,,,,,,,,,,,,,,,,,,,,,,,,,,,,,,,,,,,,,,,,,,,,,,,,,,,,,,,,,,,,,,,,,,,,,,,,,,,,,,,,,,,,,,,,,,,,,,,,,,,,,,,,,,,,,,,,,,,,,,,,,,,,,,
1336655818474914,100063915262618,Sodigaztg,"Décembre est là ! 🥳

Le dernier mois de l’année… celui où tout le monde court…  De notre côté, l’équipe est déjà sur le terrain, comme toujours, pour que vos fêtes se préparent dans la chaleur, la sécurité et la bonne humeur.

Bon mois de décembre les amis !💙
On est ensemble jusqu’au bout.

#Sodigaz #GazTogo #Togo #Decembre","Décembre est là ! 🥳

Le dernier mois de l’année… celui où tout le monde court…  De notre côté, l’équipe est déjà sur le terrain, comme toujours, pour que vos fêtes se préparent dans la chaleur, la sécurité et la bonne humeur.

Bon mois de décembre les amis !💙
On est ensemble jusqu’au bout.

#Sodigaz #GazTogo #Togo #Decembre",18,"12/03/2025 02:49",N/A,https://www.facebook.com/reel/1140610051476498/,0,0,Vidéos,,,,,Global,3271,3444,42,34,6,2,61,61,,,,3281,0,3444,0,1305,0,1290,0,0,1305,0,0,0,0,13578.299,75.712,7083.071,0,6.634,10.816,10.463,0,0,0,,,20737.082,7.593,0,0,0,0.99,1,1,1,0.94,0.88,0.81,0.72,0.66,0.61,0.59,0.55,0.51,0.49,0.47,0.45,0.43,0.41,0.4,0.4,0.29,,,,,,,,,,,,,,,,,,,,,1,1,1,1,1,1,1,1,1,1,1,1,1,1,1,1,1,1,0.99,0.97,0.72,,,,,,,,,,,,,,,,,,,,,545,329,78,110,40,75,54,11,31,11,7,2,880,97,21,30,42,19,10,35,8,7,6,3,8,3,14,19,,1,2,,,,2,14,22,2,2,1,1,6,1,2,,2,2,13,,,2,,,,,9,,1,,,,,4,,,,,,1,,1,,,,,,,,,2,1,,,,3,1,1,1,1,1,,,,,,,,,,,,,,,,,,,,,,,
1336003568540139,100063915262618,Sodigaztg,"Si vous cherchez de bonnes promos pour vous équiper avant les fêtes…
C’est ici que ça se passe ! 🤭

On est à la foire, et ça nous fait vraiment plaisir de vous y retrouver. Venez juste passer dire bonjour, poser vos questions, regarder les produits… Et profiter de nos prix spéciaux foire. 🤩

On vous attend au stand Sodigaz ! 

#Sodigaz #FoireTogo2000 #FoireInternationaleDeLome #togo",,0,"12/02/2025 05:58",N/A,https://www.facebook.com/sodigaztogo/posts/pfbid0ZFcRBgfz5eivhJZBGyRmcu8zHLqnanvfTCfqaeTo4PnHtrfQssx7mEozYKRNAt9Gl,0,0,Photos,,,,,Global,6137,3197,47,39,7,1,917,419,498,,,6137,0,3197,0,0,0,0,0,0,0,0,0,0,0,0,0,0,0,0,0,0,0,0,0,,,,,,,,,,,,,,,,,,,,,,,,,,,,,,,,,,,,,,,,,,,,,,,,,,,,,,,,,,,,,,,,,,,,,,,,,,,,,,,,,,,,,,,,,,,,,,,,,,,,,,,,,,,,,,,,,,,,,,,,,,,,,,,,,,,,,,,,,,,,,,,,,,,,,,,,,,,,,,,,,,,,,,,,,,,,,,,,,,,,,,,,,,,,,,,,,,,,,,,,,,
1331380262335803,100063915262618,Sodigaztg,"C’est parce qu’on ne sait pas qu’on vous demande. Donc aidez-nous. 🤣

#Sodigaz #GazTogo #Humour #Togo",,0,"11/26/2025 09:04",N/A,https://www.facebook.com/sodigaztogo/posts/pfbid05zuRuWH8hM5r48NVEaDKythvnsaaEhPP2CiE26QUtW7jw6MhkCpkLxQcEELMAzSul,0,0,Photos,,,,,Global,12222,6716,83,44,37,2,658,595,63,,,12222,0,6716,0,0,0,0,0,0,0,0,0,0,0,0,0,0,0,0,0,0,0,1,1,1,1,,,,,,,,,,,,,,,,,,,,,,,,,,,,,,,,,,,,,,,,,,,,,,,,,,,,,,,,,,,,,,,,,,,,,,,,,,,,,,,,,,,,,,,,,,,,,,,,,,,,,,,,,,,,,,,,,,,,,,,,,,,,,,,,,,,,,,,,,,,,,,,,,,,,,,,,,,,,,,,,,,,,,,,,,,,,,,,,,,,,,,,,,,,,,,,,,,,,,,,,
1327887102685119,100063915262618,Sodigaztg,"Bon week-end la famille ! 😄

On vous souhaite deux jours remplis de repos, de bonne humeur… et de bons petits plats.

Profitez bien ! 

#Sodigaz #GazTogo #Togo #WeekEndMood","Bon week-end la famille ! 😄

On vous souhaite deux jours remplis de repos, de bonne humeur… et de bons petits plats.

Profitez bien ! 

#Sodigaz #GazTogo #Togo #WeekEndMood",26,"11/22/2025 05:11",N/A,https://www.facebook.com/reel/762191156879178/,0,0,Vidéos,,,,,Global,656,615,14,12,2,0,3,3,,,,655,0,615,0,227,0,216,0,0,227,0,0,0,0,1204.287,0,2152.235,0,4.348,0,6.877,0,0,0,,,3356.522,5.689,0,0,0,1,1,1,1,0.82,0.68,0.59,0.52,0.47,0.41,0.37,0.34,0.31,0.31,0.3,0.3,0.28,0.26,0.25,0.23,0.2,0.18,0.18,0.15,0.13,0.13,0.12,0.12,0.09,,,,,,,,,,,,,1,1,1,1,1,1,1,1,1,1,1,1,1,1,1,1,1,0.95,0.91,0.83,0.75,0.68,0.66,0.58,0.49,0.49,0.46,0.46,0.35,,,,,,,,,,,,,68,47,43,11,19,8,8,4,2,9,3,3,192,8,5,5,2,1,1,1,,,1,,1,,1,1,,1,,,,,,,1,1,1,,1,,,,,,,,,,,,,,,,,,,,,,1,,,,,,,,1,,,,,,,,,,,,1,,,,,,,,,,,,,,,,,,,,,,,,,,,,,,
1327885469351949,100063915262618,Sodigaztg,"Bon week-end la famille ! 😄

On vous souhaite deux jours remplis de repos, de bonne humeur… et de bons petits plats.

Profitez bien ! 

#Sodigaz #GazTogo #Togo #WeekEndMood","Bon week-end la famille ! 😄

On vous souhaite deux jours remplis de repos, de bonne humeur… et de bons petits plats.

Profitez bien ! 

#Sodigaz #GazTogo #Togo #WeekEndMood",26,"11/22/2025 05:10",N/A,https://www.facebook.com/reel/1205803068063807/,0,0,Vidéos,,,,,Global,676,542,20,15,4,1,15,15,,,,675,0,542,0,226,0,216,0,0,226,0,0,0,0,1394.518,442.41,1828.496,0,5.835,8.849,6.095,0,0,0,,,3665.424,6.223,0,0,0,1,1,1,1,0.86,0.72,0.6,0.55,0.49,0.47,0.45,0.41,0.39,0.39,0.37,0.37,0.35,0.34,0.32,0.3,0.27,0.27,0.26,0.26,0.23,0.23,0.23,0.23,0.19,,,,,,,,,,,,,1,1,1,1,1,1,1,1,1,1,1,1,1,1,1,1,1,0.97,0.94,0.87,0.81,0.78,0.75,0.74,0.7,0.68,0.66,0.66,0.55,,,,,,,,,,,,,43,46,44,12,29,12,11,4,2,11,3,4,183,8,8,9,4,,3,1,,1,1,,,1,,2,,,,,,,,1,,,2,,,,,,,,,,,,1,,,,,1,,,,,,,,,,,,,,,,,,,,,,,,,,,,,,,,,,,,,,,,,,,,,,,,,,,,,,,,,
1327083606098802,100063915262618,Sodigaztg,"300 heures non-stop.
La chef Célia est encore là. La flamme Sodigaz aussi. 😌

À ce niveau-là, ce n’est plus un marathon, c’est une relation sérieuse. 🤭

#Sodigaz #GazOfficiel #TogoWorldGuinessRecord  #WorldGuinessRecord #ChefCelia",,0,"11/21/2025 07:09",N/A,https://www.facebook.com/sodigaztogo/posts/pfbid029owjoFKiSsGq5UKzzq3fcZQeUTQ9GcrVy66kJbi9KmeFKLTXs3HrTBwthPB5sgWml,0,0,Photos,,,,,Global,1736,1110,25,21,2,2,34,22,12,,,1736,0,1110,0,0,0,0,0,0,0,0,0,0,0,0,0,0,0,0,0,0,0,0,0,,,,,,,,,,,,,,,,,,,,,,,,,,,,,,,,,,,,,,,,,,,,,,,,,,,,,,,,,,,,,,,,,,,,,,,,,,,,,,,,,,,,,,,,,,,,,,,,,,,,,,,,,,,,,,,,,,,,,,,,,,,,,,,,,,,,,,,,,,,,,,,,,,,,,,,,,,,,,,,,,,,,,,,,,,,,,,,,,,,,,,,,,,,,,,,,,,,,,,,,,,
1325974626209700,100063915262618,Sodigaztg,"QUESTION DU JOUR AVEC SODIGAZ !","Vous êtes nombreux à nous demander comment devenir distributeur Sodigaz.  La réponse est simple : tout est dans cette vidéo 👇🏾

Regardez et contactez-nous pour rejoindre la grande famille sodigaz.

#Sodigaz #GazTogo #Togo #DistributeurSodigaz",74,"11/20/2025 03:06",mixed,https://www.facebook.com/reel/860517559768843/,0,0,Vidéos,,,,,Global,1237,1108,26,22,2,2,26,26,,,,1234,0,1108,0,443,88,426,88,0,443,0,0,0,0,6845.581,0,6121.124,0,9.548,0,16.194,0,0,0,,,12966.705,11.841,0,0,0,0.99,0.99,0.86,0.65,0.58,0.53,0.47,0.43,0.39,0.37,0.35,0.33,0.31,0.3,0.28,0.28,0.27,0.26,0.25,0.25,0.24,0.24,0.24,0.23,0.22,0.21,0.21,0.2,0.2,0.19,0.19,0.19,0.19,0.17,0.17,0.17,0.16,0.16,0.15,0.15,0.14,0.99,1,1,1,1,1,1,1,1,0.94,0.91,0.87,0.82,0.79,0.75,0.73,0.71,0.69,0.68,0.67,0.66,0.65,0.64,0.62,0.59,0.56,0.55,0.54,0.53,0.53,0.52,0.51,0.5,0.5,0.49,0.48,0.47,0.46,0.44,0.42,0.4,140,106,55,35,27,26,24,2,8,5,6,3,330,59,14,7,3,5,4,2,2,2,,,3,,,,,,1,,,,,2,4,,2,,,1,,,,,,,,,1,,,,,,,,,,,,1,,,,,,,,,,,,,,,,,,,,,,,,,,,,,,,,,,,,,,,,,,,,,,,,,,
1324278499712646,100063915262618,Sodigaztg,"Dans la loge, ça n’a jamais arrêté de tourner ! Et devinez qui tenait la flamme ? Sodigaz, évidemment !

Toujours chaud, toujours prêt. Même quand tout le monde est fatigué sauf… la bouteille. 😌

#Sodigaz #GazOfficiel #TogoWorldGuinessRecord  #WorldGuinessRecord #ChefCelia",,0,"11/18/2025 01:06",N/A,https://www.facebook.com/sodigaztogo/posts/pfbid08Y7tVU2EJGYjHsoBnUA9SYdj6A7icKcsK96SV6cW3fbout27yYtNhi3MkkifBzXSl,0,0,Photos,,,,,Global,1338,872,27,22,3,2,24,12,12,,,1338,0,872,0,0,0,0,0,0,0,0,0,0,0,0,0,0,0,0,0,0,0,0,0,,,,,,,,,,,,,,,,,,,,,,,,,,,,,,,,,,,,,,,,,,,,,,,,,,,,,,,,,,,,,,,,,,,,,,,,,,,,,,,,,,,,,,,,,,,,,,,,,,,,,,,,,,,,,,,,,,,,,,,,,,,,,,,,,,,,,,,,,,,,,,,,,,,,,,,,,,,,,,,,,,,,,,,,,,,,,,,,,,,,,,,,,,,,,,,,,,,,,,,,,,
1320090243464805,100063915262618,Sodigaztg,"Il y a des moments où tu réalises que ton gaz est ton meilleur allié. 

Et toi, c’est dans quelle situation que tu dis merci à ton gaz ? 

👉🏾 TOUTES NOS BOUTEILLES SONT DISPONIBLE EN LIVRAISON VIA GOZEM ET DANS LES STATIONS ZENER

#Sodigaz #GazTogo #Togo #GazQuiSauveLaVie",,0,"11/13/2025 02:12",N/A,https://www.facebook.com/sodigaztogo/posts/pfbid0JXv7EfYprRgYg2f5tcwWcJhNGmoTN7ccGm3wCEqKEZXqbPjpWqtKB38TYCqpRgNdl,0,0,Photos,,,,,Global,671,400,15,11,3,1,36,19,17,,,671,0,400,0,0,0,0,0,0,0,0,0,0,0,0,0,0,0,0,0,0,0,0,0,,,,,,,,,,,,,,,,,,,,,,,,,,,,,,,,,,,,,,,,,,,,,,,,,,,,,,,,,,,,,,,,,,,,,,,,,,,,,,,,,,,,,,,,,,,,,,,,,,,,,,,,,,,,,,,,,,,,,,,,,,,,,,,,,,,,,,,,,,,,,,,,,,,,,,,,,,,,,,,,,,,,,,,,,,,,,,,,,,,,,,,,,,,,,,,,,,,,,,,,,,
1319308466876316,100063915262618,Sodigaztg,"On vous voit tous suivre le Marathon Guinness Records. 😏

Mais dites-nous un peu là… quels sont les 2 premiers plats déjà cuisinés ? 😋 

#Sodigaz #GazOfficiel #TogoWorldGuinessRecord  #WorldGuinessRecord #ChefCelia",,0,"11/12/2025 04:23",N/A,https://www.facebook.com/sodigaztogo/posts/pfbid02C7Q7aucJuywRmvZm6EXXccuyEMmHjtYu7i1GSSj53YRVCryjqUdnfkydhduU5KwFl,0,0,Photos,,,,,Global,866,544,24,19,3,2,18,14,4,,,866,0,544,0,0,0,0,0,0,0,0,0,0,0,0,0,0,0,0,0,0,0,0,0,,,,,,,,,,,,,,,,,,,,,,,,,,,,,,,,,,,,,,,,,,,,,,,,,,,,,,,,,,,,,,,,,,,,,,,,,,,,,,,,,,,,,,,,,,,,,,,,,,,,,,,,,,,,,,,,,,,,,,,,,,,,,,,,,,,,,,,,,,,,,,,,,,,,,,,,,,,,,,,,,,,,,,,,,,,,,,,,,,,,,,,,,,,,,,,,,,,,,,,,,,
1314865150653981,100063915262618,Sodigaztg,"Tu veux savoir les 3 premiers plats du Free Food qui va débuté demain ? Regarde cette vidéo jusqu’à la fin ! 🤭

Aujourd’hui, on vous présente Chef Célia, une passionnée qui met tout son cœur dans ce marathon qui se dévoile encore plus. 

Préparez-vous, demain elle passe aux choses sérieuses. 😏

#Sodigaz #GazOfficiel #TogoWorldGuinessRecord  #WorldGuinessRecord #ChefCelia","Tu veux savoir les 3 premiers plats du Free Food qui va débuté demain ? Regarde cette vidéo jusqu’à la fin ! 🤭

Aujourd’hui, on vous présente Chef Célia, une passionnée qui met tout son cœur dans ce marathon qui se dévoile encore plus. 

Préparez-vous, demain elle passe aux choses sérieuses. 😏

#Sodigaz #GazOfficiel #TogoWorldGuinessRecord  #WorldGuinessRecord #ChefCelia",211,"11/07/2025 10:16",mixed,https://www.facebook.com/reel/1947035799195576/,0,0,Vidéos,,,,,Global,717,696,28,24,3,1,11,11,,,,716,0,696,0,320,38,314,38,0,320,0,0,0,0,5200.653,972.031,4314.514,0,19.262,17.674,12.765,0,0,0,,,10487.198,15.817,0,0,0,1,0.71,0.39,0.28,0.23,0.19,0.15,0.14,0.11,0.11,0.1,0.1,0.09,0.08,0.08,0.08,0.08,0.08,0.08,0.07,0.07,0.07,0.07,0.07,0.07,0.07,0.07,0.06,0.06,0.06,0.06,0.06,0.06,0.06,0.06,0.05,0.05,0.05,0.05,0.04,0.02,1,1,1,0.97,0.81,0.68,0.57,0.52,0.43,0.41,0.39,0.38,0.39,0.35,0.35,0.35,0.35,0.32,0.32,0.31,0.29,0.29,0.29,0.3,0.29,0.29,0.29,0.28,0.26,0.26,0.26,0.26,0.24,0.24,0.24,0.24,0.24,0.24,0.24,0.23,0.14,79,63,59,16,33,17,10,17,5,9,7,2,272,6,1,9,6,,4,2,,4,2,,,1,1,,,,,,,,1,,,1,1,,,2,,,,,,,,,,,,1,1,1,,,,,1,,1,,,,,,1,,,,,,,,,,,,,,,,,,,,,,,,,,,1,,,,,,,,,,,,,,,,,
1313788900761606,100063915262618,Sodigaztg,"La Round 1 du Guiness Records vous a laissé sur votre faim ? 😋 Attendez de voir la Round 2, ça va chauffer fort. 🔥

Préparez vos assiettes et vos cuillères. Alors, qui est chaud pour la suite ? 😎

Revivez les meilleurs moments fun sur le site du Guinness Record avec Sodigaz. 

#Sodigaz #GazOfficiel #TogoWorldGuinessRecord  #WorldGuinessRecord #ChefCelia",,0,"11/06/2025 06:05",N/A,https://www.facebook.com/sodigaztogo/posts/pfbid02ATQN6mCQsthY4Kr6Rvyf3Hcqy9ugHqMFTzgDdAdAfke9DhjUoF4yH3w9bnXG9jJcl,0,0,Photos,,,,,Global,1324,791,26,19,4,3,32,19,13,,,1324,0,791,0,0,0,0,0,0,0,0,0,0,0,0,0,0,0,0,0,0,0,0,0,,,,,,,,,,,,,,,,,,,,,,,,,,,,,,,,,,,,,,,,,,,,,,,,,,,,,,,,,,,,,,,,,,,,,,,,,,,,,,,,,,,,,,,,,,,,,,,,,,,,,,,,,,,,,,,,,,,,,,,,,,,,,,,,,,,,,,,,,,,,,,,,,,,,,,,,,,,,,,,,,,,,,,,,,,,,,,,,,,,,,,,,,,,,,,,,,,,,,,,,,,
1312762367530926,100063915262618,Sodigaztg,"On parie que vous ne saviez pas que votre gaz avait des super-pouvoirs. 🦸🏽‍♂️

Et toi, laquelle est ton héroïne du quotidien ? 

👉🏾 TOUTES NOS BOUTEILLES SONT DISPONIBLE EN LIVRAISON VIA GOZEM ET DANS LES STATIONS ZENER

#Sodigaz #GazTogo #Togo",,0,"11/05/2025 04:35",N/A,https://www.facebook.com/sodigaztogo/posts/pfbid02LCEoQCKtF26ibXmxUvvQpTuJkRgnBiaVx5fCHsQRuEHKPXeQQ58qiLT8ebVFL3Vbl,0,0,Photos,,,,,Global,1315,741,21,17,3,1,116,44,72,,,1315,0,741,0,0,0,0,0,0,0,0,0,0,0,0,0,0,0,0,0,0,0,0,0,,,,,,,,,,,,,,,,,,,,,,,,,,,,,,,,,,,,,,,,,,,,,,,,,,,,,,,,,,,,,,,,,,,,,,,,,,,,,,,,,,,,,,,,,,,,,,,,,,,,,,,,,,,,,,,,,,,,,,,,,,,,,,,,,,,,,,,,,,,,,,,,,,,,,,,,,,,,,,,,,,,,,,,,,,,,,,,,,,,,,,,,,,,,,,,,,,,,,,,,,,
1307237004750129,100063915262618,Sodigaztg,"Le livre que tout le monde veut. 🤣

👉🏾 TOUTES NOS BOUTEILLES SONT DISPONIBLES EN LIVRAISON VIA GOZEM ET DANS LES STATIONS ZENER

#Sodigaz #GazTogo #Humour #Togo",,0,"10/30/2025 06:49",N/A,https://www.facebook.com/sodigaztogo/posts/pfbid0phF5ZmFhe4WAdzfE5yjHjFbtBroiUTgPT9kjCLwoFpjc3dp3TzpQd8TTM5RQPrBal,0,0,Photos,,,,,Global,1262,800,21,16,3,2,27,17,10,,,1262,0,800,0,0,0,0,0,0,0,0,0,0,0,0,0,0,0,0,0,0,0,0,0,,,,,,,,,,,,,,,,,,,,,,,,,,,,,,,,,,,,,,,,,,,,,,,,,,,,,,,,,,,,,,,,,,,,,,,,,,,,,,,,,,,,,,,,,,,,,,,,,,,,,,,,,,,,,,,,,,,,,,,,,,,,,,,,,,,,,,,,,,,,,,,,,,,,,,,,,,,,,,,,,,,,,,,,,,,,,,,,,,,,,,,,,,,,,,,,,,,,,,,,,,
1306249234848906,100063915262618,Sodigaztg,"Aujourd’hui, on met le cap sur le Nord avec le couscous de fonio, simple et délicieux. 🤤

#Sodigaz #TourDuTogo #CuisineLocale",,0,"10/29/2025 06:03",N/A,https://www.facebook.com/sodigaztogo/posts/pfbid0QDBexUSE3p5gLikNw9uBsjZ4tfeBjZdpsgjmU5HF3RXEhjqf5tbH4xt8GBW2p5wml,0,0,Photos,,,,,Global,1262,893,17,16,0,1,17,10,7,,,1262,0,893,0,0,0,0,0,0,0,0,0,0,0,0,0,0,0,0,0,0,0,0,0,,,,,,,,,,,,,,,,,,,,,,,,,,,,,,,,,,,,,,,,,,,,,,,,,,,,,,,,,,,,,,,,,,,,,,,,,,,,,,,,,,,,,,,,,,,,,,,,,,,,,,,,,,,,,,,,,,,,,,,,,,,,,,,,,,,,,,,,,,,,,,,,,,,,,,,,,,,,,,,,,,,,,,,,,,,,,,,,,,,,,,,,,,,,,,,,,,,,,,,,,,
1305255101614986,100063915262618,Sodigaztg,"Nouveaux mariés ou nouvelle petite famille ? 🤭

On a ce qu’il vous faut 😎 : la bouteille de 12,5 kg, pour cuisiner sans stress et profiter de chaque moment ensemble. 

👉🏾 TOUTES NOS BOUTEILLES SONT DISPONIBLES EN LIVRAISON VIA GOZEM ET DANS LES STATIONS ZENER

#Sodigaz #GazTogo #Togo",,0,"10/28/2025 03:34",N/A,https://www.facebook.com/sodigaztogo/posts/pfbid0vdUSAaBKrsMd12tUxELHeUXqruHSCSbf8fQrmto9K3KB9CjyV1tKXTxG6paVT8qKl,0,0,Photos,,,,,Global,9655,7158,448,434,10,4,177,115,15,47,,1800,7855,5177,6123,0,0,0,0,0,0,0,0,0,0,0,0,0,0,0,0,0,0,0,0,,,,,,,,,,,,,,,,,,,,,,,,,,,,,,,,,,,,,,,,,,,,,,,,,,,,,,,,,,,,,,,,,,,,,,,,,,,,,,,,,,,,,,,,,,,,,,,,,,,,,,,,,,,,,,,,,,,,,,,,,,,,,,,,,,,,,,,,,,,,,,,,,,,,,,,,,,,,,,,,,,,,,,,,,,,,,,,,,,,,,,,,,,,,,,,,,,,,,,,,,,
1301571105316719,100063915262618,Sodigaztg,"Quand il y a trop de sel dans la sauce, pas besoin de paniquer, ni de tout jeter. 😱

Il suffit de couper une pomme de terre en deux et de la plonger quelques minutes dans la sauce. Elle va absorber l’excès de sel. 👌🏾 C’est simple, économique et ça sauve les repas !

Vous connaissiez cette astuce ?
Dites-nous celle que votre grand-mère vous a déjà donné en cuisine 👇🏾

#Sodigaz #GazTogo #AstuceCuisine",,0,"10/24/2025 03:50",N/A,https://www.facebook.com/sodigaztogo/posts/pfbid0Tg8ZKP9YFUvSMMbEDE1YT6YS4XHqLMR43o1Cydr172FNaNiMNNtQVVxoGrwuVixNl,0,0,Photos,,,,,Global,1094,647,21,14,5,2,36,21,15,,,1094,0,647,0,0,0,0,0,0,0,0,0,0,0,0,0,0,0,0,0,0,0,0,0,,,,,,,,,,,,,,,,,,,,,,,,,,,,,,,,,,,,,,,,,,,,,,,,,,,,,,,,,,,,,,,,,,,,,,,,,,,,,,,,,,,,,,,,,,,,,,,,,,,,,,,,,,,,,,,,,,,,,,,,,,,,,,,,,,,,,,,,,,,,,,,,,,,,,,,,,,,,,,,,,,,,,,,,,,,,,,,,,,,,,,,,,,,,,,,,,,,,,,,,,,
1299762315497598,100063915262618,Sodigaztg,"Peu importe la situation, on a toujours la bouteille qu’il te faut. 😎

👉🏾 TOUTES NOS BOUTEILLES SONT DISPONIBLES EN LIVRAISON VIA GOZEM ET DANS LES STATIONS ZENER

#Sodigaz #GazTogo #Togo",,0,"10/22/2025 04:54",N/A,https://www.facebook.com/sodigaztogo/posts/pfbid02db1ew1B1kooJwZqmygLX2Luq7emVrmu9sP94CEpUHzYDV1m9GbTup96tMJ1ssN7Wl,0,0,Photos,,,,,Global,16093,12700,155,143,10,2,896,402,454,40,,1568,14525,7911,12019,0,0,0,0,0,0,0,0,0,0,0,0,0,0,0,0,0,0,0,0,,,,,,,,,,,,,,,,,,,,,,,,,,,,,,,,,,,,,,,,,,,,,,,,,,,,,,,,,,,,,,,,,,,,,,,,,,,,,,,,,,,,,,,,,,,,,,,,,,,,,,,,,,,,,,,,,,,,,,,,,,,,,,,,,,,,,,,,,,,,,,,,,,,,,,,,,,,,,,,,,,,,,,,,,,,,,,,,,,,,,,,,,,,,,,,,,,,,,,,,,,
1298719905601839,100063915262618,Sodigaztg,"À Kpalimé comme à Notsé, c’est le plat des bons souvenirs, des repas qu’on partage avec le cœur. 🥰

Et toi, tu préfères ton foufou avec quelle sauce ? 

#Sodigaz #TourDuTogo #CuisineLocale",,0,"10/21/2025 01:23",N/A,https://www.facebook.com/sodigaztogo/posts/pfbid02of4uc78pWj3T1aPYfKBLHgVUv62o6DYN6FFpXkXKekbdJo9ShyVwhFEAjaEFoEUyl,0,0,Photos,,,,,Global,921,575,20,14,3,3,20,12,8,,,921,0,575,0,0,0,0,0,0,0,0,0,0,0,0,0,0,0,0,0,0,0,0,0,,,,,,,,,,,,,,,,,,,,,,,,,,,,,,,,,,,,,,,,,,,,,,,,,,,,,,,,,,,,,,,,,,,,,,,,,,,,,,,,,,,,,,,,,,,,,,,,,,,,,,,,,,,,,,,,,,,,,,,,,,,,,,,,,,,,,,,,,,,,,,,,,,,,,,,,,,,,,,,,,,,,,,,,,,,,,,,,,,,,,,,,,,,,,,,,,,,,,,,,,,
1295228192617677,100063915262618,Sodigaztg,"Ah ça, seuls les vrais togolais vont comprendre.  😂

Complétez en commentaire : “Tu sais que t’es togolais quand…”. On veut rire un peu aujourd’hui. 🤭🇹🇬

#Sodigaz #GazTogo #Togolais #Humour",,0,"10/17/2025 04:37",N/A,https://www.facebook.com/sodigaztogo/posts/pfbid0iiW3AHyG4fFGzJheueBzBgw7aiv1pWwWuqTytYDrjDj6biUD7dteFaj9VQiKkzfnl,0,0,Photos,,,,,Global,728,420,13,10,1,2,5,5,,,,728,0,420,0,0,0,0,0,0,0,0,0,0,0,0,0,0,0,0,0,0,0,0,0,,,,,,,,,,,,,,,,,,,,,,,,,,,,,,,,,,,,,,,,,,,,,,,,,,,,,,,,,,,,,,,,,,,,,,,,,,,,,,,,,,,,,,,,,,,,,,,,,,,,,,,,,,,,,,,,,,,,,,,,,,,,,,,,,,,,,,,,,,,,,,,,,,,,,,,,,,,,,,,,,,,,,,,,,,,,,,,,,,,,,,,,,,,,,,,,,,,,,,,,,,
1294274199379743,100063915262618,Sodigaztg,"Petite, mais toujours prête à te dépanner. 🤭
Voici La Go Skinny — notre bouteille de gaz 3kg, la copine qu’il faut toujours avoir sur le côté ! Elle est facile à transporter et surtout… elle sauve tes plats quand la grande bouteille te lâche. 🫠

Dis-nous, toi, t’as déjà ta Go Skinny à la maison ? 

👉🏾 TOUTES NOS BOUTEILLES SONT DISPONIBLES EN LIVRAISON VIA GOZEM ET DANS LES STATIONS ZENER

#Sodigaz #GazTogo #Togo",,0,"10/16/2025 04:24",N/A,https://www.facebook.com/sodigaztogo/posts/pfbid0zMGnb3XzKLWWeV5fMtX1aG2X76juXNrPUd4vYSPCbkYggdneJWZthphfv8bWsuRMl,0,0,Photos,,,,,Global,12188,9443,413,398,11,4,253,185,66,2,,1174,11014,7054,8837,0,0,0,0,0,0,0,0,0,0,0,0,0,0,0,0,0,0,0,0,,,,,,,,,,,,,,,,,,,,,,,,,,,,,,,,,,,,,,,,,,,,,,,,,,,,,,,,,,,,,,,,,,,,,,,,,,,,,,,,,,,,,,,,,,,,,,,,,,,,,,,,,,,,,,,,,,,,,,,,,,,,,,,,,,,,,,,,,,,,,,,,,,,,,,,,,,,,,,,,,,,,,,,,,,,,,,,,,,,,,,,,,,,,,,,,,,,,,,,,,,
1293264859480677,100063915262618,Sodigaztg,"Aujourd’hui, on met le cap sur la belle ville d’Aneho ! 🇹🇬 

Au menu : le Sifio, ce délicieux plat à base de Gari et de sauce épicée qui sent bon la mer et les bons souvenirs d’enfance. 🤤

Chez nous, cuisiner local, c’est garder le lien avec nos racines. Et c’est encore meilleur quand c’est préparé avec la flamme Sodigaz.🔥

Tague ton ami.e qui adore ce plat ou vient te pointer en commentaire si tu viens d’anecho. 🤭

#Sodigaz #GazTogo #ConsommerLocal #TourDuTogoEnPlat #Aneho",,0,"10/15/2025 03:01",N/A,https://www.facebook.com/sodigaztogo/posts/pfbid02Ys1BUWYUUSnMYLqyAgiCy3evCzdopU74W3Pb7Jep9h9egi7mTaSpoQpQxuG79RMRl,0,0,Photos,,,,,Global,1036,621,16,11,2,3,18,13,5,,,1036,0,621,0,0,0,0,0,0,0,0,0,0,0,0,0,0,0,0,0,0,0,0,0,,,,,,,,,,,,,,,,,,,,,,,,,,,,,,,,,,,,,,,,,,,,,,,,,,,,,,,,,,,,,,,,,,,,,,,,,,,,,,,,,,,,,,,,,,,,,,,,,,,,,,,,,,,,,,,,,,,,,,,,,,,,,,,,,,,,,,,,,,,,,,,,,,,,,,,,,,,,,,,,,,,,,,,,,,,,,,,,,,,,,,,,,,,,,,,,,,,,,,,,,,
1288717023268794,100063915262618,Sodigaztg,"Ce n’est pas toujours le gaz qui te joue des tours. 😅

Parfois c’est juste l’organisation. Dans cette vidéo, on t’explique comment préparer malin, économiser ton temps et ton gaz Sodigaz. 😉

👉🏾 TOUTES NOS BOUTEILLES SONT DISPONIBLES DANS NOS STATIONS ZENER ET EN LIVRAISON VIA GOZEM

#Sodigaz #AstuceCuisine #Economie #GazTogo","Ce n’est pas toujours le gaz qui te joue des tours. 😅

Parfois c’est juste l’organisation. Dans cette vidéo, on t’explique comment préparer malin, économiser ton temps et ton gaz Sodigaz. 😉

👉🏾 TOUTES NOS BOUTEILLES SONT DISPONIBLES DANS NOS STATIONS ZENER ET EN LIVRAISON VIA GOZEM

#Sodigaz #AstuceCuisine #Economie #GazTogo",25,"10/10/2025 06:26",N/A,https://www.facebook.com/reel/1448565126228652/,0,0,Vidéos,,,,,Global,40822,28000,210,174,31,5,622,478,,142,2,3161,37648,9452,25781,17141,0,17086,0,15648,1493,0,0,0,0,14248.992,2947.14,12945.853,324987.22,10.69,11.789,15.001,10.753,0,0,,,355129.205,10.869,0,0,0,0.99,0.99,0.99,0.99,0.99,0.99,0.94,0.94,0.88,0.84,0.81,0.81,0.79,0.78,0.78,0.76,0.74,0.69,0.69,0.67,0.64,0.64,0.62,0.61,0.61,0.6,0.58,0.57,0.57,0.56,0.56,0.56,0.55,0.54,0.52,0.52,0.5,0.48,0.48,0.46,0.45,1,1,1,1,1,1,1,1,1,1,1,1,1,1,1,1,1,1,0.98,0.96,0.95,0.94,0.92,0.91,0.88,0.84,0.81,0.79,0.75,,,,,,,,,,,,,5262,2675,2217,2207,1135,928,448,1182,297,351,228,138,16680,72,54,46,43,8,23,16,8,19,9,8,23,3,2,4,,1,5,3,2,,,5,28,18,13,3,,3,,,,,,2,2,,6,,,,3,6,,2,1,1,,1,,,,,,,,,2,,,,,,,,,,1,,,,1,,,,,,,,,,1,,,,,,,,,,1,,,,1,1,1,1,1
1287556563384840,100063915262618,Sodigaztg,"Votre gaz se vide trop vite ? 😩

Pas de panique, on vous montre comment le faire durer plus longtemps. 

Dans cette vidéo, découvrez 2 erreurs que vous faites à changer qui vont changer votre quotidien. Regardez, essayez dès ce soir.👇🏾

👉🏾 TOUTES NOS BOUTEILLES SONT DISPONIBLE EN LIVRAISON VIA GOZEM ET DANS LES STATIONS ZENER

#Sodigaz #AstuceCuisine #GazTogo #Togo","Votre gaz se vide trop vite ? 😩

Pas de panique, on vous montre comment le faire durer plus longtemps. 

Dans cette vidéo, découvrez 2 erreurs que vous faites à changer qui vont changer votre quotidien. Regardez, essayez dès ce soir.👇🏾

👉🏾 TOUTES NOS BOUTEILLES SONT DISPONIBLE EN LIVRAISON VIA GOZEM ET DANS LES STATIONS ZENER

#Sodigaz #AstuceCuisine #GazTogo #Togo",13,"10/09/2025 03:23",N/A,https://www.facebook.com/reel/1498510304630584/,0,0,Vidéos,,,,,Global,2308,1582,24,23,0,1,13,13,,,,2309,0,1582,0,838,0,811,0,0,838,0,0,0,0,5227.58,142.108,7116.677,0,5.907,4.307,9.183,0,1,1,,,12486.365,7.375,0,0,0,0.99,1,1,1,0.98,0.88,0.82,0.76,0.73,0.71,0.69,0.66,0.65,0.63,0.61,0.59,0.56,,,,,,,,,,,,,,,,,,,,,,,,,1,1,1,1,1,1,1,1,1,1,1,1,1,1,1,1,0.97,,,,,,,,,,,,,,,,,,,,,,,,,248,178,129,67,69,31,25,20,13,20,15,12,586,59,17,26,30,9,5,36,2,2,4,3,5,1,,6,,1,2,,,1,,7,1,3,3,,,1,,,,,1,2,1,,1,1,,,,2,,,,1,,,,,,,,,1,,1,,1,,,,,,,,,,1,,,,1,,,,1,,1,,2,,,,,,,2,1,1,1,1,1,1,,,,,
1285424976931332,100063915262618,Sodigaztg,"Ce n’est pas le goumin qui te fatigue ma sœur… c’est la faim. 🤣

Va préparer quelque chose avant d’accuser ton ex pour rien. 🤭

#Sodigaz #Humour #GazTogo #Togo",,0,"10/07/2025 00:40",N/A,https://www.facebook.com/sodigaztogo/posts/pfbid0JGQdSejjBf1TVn7TzXKDzxQHQQE4fj6qUTMygmr78qhjLC79WV6V9kREyarkEZMXl,0,0,Photos,,,,,Global,917,632,23,18,2,3,15,9,6,,,917,0,632,0,0,0,0,0,0,0,0,0,0,0,0,0,0,0,0,0,0,0,0,0,,,,,,,,,,,,,,,,,,,,,,,,,,,,,,,,,,,,,,,,,,,,,,,,,,,,,,,,,,,,,,,,,,,,,,,,,,,,,,,,,,,,,,,,,,,,,,,,,,,,,,,,,,,,,,,,,,,,,,,,,,,,,,,,,,,,,,,,,,,,,,,,,,,,,,,,,,,,,,,,,,,,,,,,,,,,,,,,,,,,,,,,,,,,,,,,,,,,,,,,,,
1279934710813692,100063915262618,Sodigaztg,"Octobre est là et on vous le dit avec le cœur 💕 : prenez soin de vous.

Un dépistage aujourd’hui peut vous éviter des larmes demain. Parlez-en à vos sœurs, vos mamans, vos copines.

Parce qu’ensemble, on est plus fortes. 

#Sodigaz #CancerDuSein #Prevention #OctobreRose #Togo",,0,"10/01/2025 07:24",N/A,https://www.facebook.com/sodigaztogo/posts/pfbid0SAysqesPQh9mJM8WYPZHB9tthjkupfExK89bYBgrx9UjoKjUzVitC7NU2e1uNUHMl,0,0,Photos,,,,,Global,693,433,16,13,0,3,24,12,12,,,693,0,433,0,0,0,0,0,0,0,0,0,0,0,0,0,0,0,0,0,0,0,0,0,,,,,,,,,,,,,,,,,,,,,,,,,,,,,,,,,,,,,,,,,,,,,,,,,,,,,,,,,,,,,,,,,,,,,,,,,,,,,,,,,,,,,,,,,,,,,,,,,,,,,,,,,,,,,,,,,,,,,,,,,,,,,,,,,,,,,,,,,,,,,,,,,,,,,,,,,,,,,,,,,,,,,,,,,,,,,,,,,,,,,,,,,,,,,,,,,,,,,,,,,,
1278877640919399,100063915262618,Sodigaztg,"On a tous déjà cuisiné sans couvercle… et attendu 1000 ans que ça cuise. 😅

Mets le couvercle! C’est plus rapide et ton gaz dure plus longtemps. 👌🏾

👉🏾 TOUTES NOS BOUTEILLES SONT DISPONIBLES EN LIVRAISON VIA GOZEM ET DANS LES STATIONS ZENER

#Sodigaz #AstuceCuisine #GazTogo #Togo","On a tous déjà cuisiné sans couvercle… et attendu 1000 ans que ça cuise. 😅

Mets le couvercle! C’est plus rapide et ton gaz dure plus longtemps. 👌🏾

👉🏾 TOUTES NOS BOUTEILLES SONT DISPONIBLES EN LIVRAISON VIA GOZEM ET DANS LES STATIONS ZENER

#Sodigaz #AstuceCuisine #GazTogo #Togo",19,"09/30/2025 05:03",N/A,https://www.facebook.com/sodigaztogo/videos/1307320880886984/,0,0,Vidéos,,,,,Global,1516,1216,24,22,0,2,32,32,,,,1512,0,1216,0,761,0,724,0,0,761,0,0,0,0,3926.302,1239.677,6292.47,0,7.05,9.321,10.982,0,0,0,,,11458.449,9.072,0,0,0,0.99,0.99,1,1,0.9,0.84,0.77,0.73,0.69,0.63,0.59,0.52,0.49,0.46,0.43,0.41,0.38,0.35,0.31,0.28,0.25,,,,,,,,,,,,,,,,,,,,,1,1,1,1,1,1,1,1,1,1,1,1,1,1,1,1,1,0.93,0.82,0.74,0.66,,,,,,,,,,,,,,,,,,,,,194,133,132,38,115,39,22,24,7,24,18,6,630,12,10,12,29,4,8,4,,9,,3,6,,,2,,,4,,1,,1,5,8,,1,2,,1,,,,,,3,,,,1,,,1,,,1,,1,,,,,1,,,,,,,,,,1,,,,,,,,,,,,,,,,,,,,,,,,,,,,,,,,,,,,,,
1276269594513537,100063915262618,Sodigaztg,"Chacun a son plat signature quand le salaire tombe. 😂

Et vous, quand vous avez un peu d’argent, quel est le premier plat que vous courez préparer ?

Commentez 👇🏾

#Sodigaz #Cuisine #GazTogo",,0,"09/27/2025 08:21",N/A,https://www.facebook.com/sodigaztogo/posts/pfbid02Babsdkms7aQeXZ6pjfbUzUsqiL3L8VkzGDxTrqbF3MEAFTzAtw8LbzZ4yCyLUm7Ql,0,0,Photos,,,,,Global,576,354,12,10,0,2,9,5,4,,,576,0,354,0,0,0,0,0,0,0,0,0,0,0,0,0,0,0,0,0,0,0,0,0,,,,,,,,,,,,,,,,,,,,,,,,,,,,,,,,,,,,,,,,,,,,,,,,,,,,,,,,,,,,,,,,,,,,,,,,,,,,,,,,,,,,,,,,,,,,,,,,,,,,,,,,,,,,,,,,,,,,,,,,,,,,,,,,,,,,,,,,,,,,,,,,,,,,,,,,,,,,,,,,,,,,,,,,,,,,,,,,,,,,,,,,,,,,,,,,,,,,,,,,,,
1275146647959165,100063915262618,Sodigaztg,"La fête continue. 🥳

L’offre spéciale Agbogbozan est toujours en cours jusqu’au 30 septembre ! Passe dans nos points de vente à Notse (Tegbé & Ancien Grand Marché) et profite avant que ça ne se termine !

#Sodigaz #Promo #Agbogbozan #GazTogo",,0,"09/26/2025 03:20",N/A,https://www.facebook.com/sodigaztogo/posts/pfbid0Yv4bfQaKuEErrQFxprWRYtWcKtD7pFqGw9VPdk3DdPxe4CgDJf7Fw2QijYQgNfN7l,0,0,Photos,,,,,Global,884,542,18,11,1,6,24,12,12,,,884,0,542,0,0,0,0,0,0,0,0,0,0,0,0,0,0,0,0,0,0,0,0,0,,,,,,,,,,,,,,,,,,,,,,,,,,,,,,,,,,,,,,,,,,,,,,,,,,,,,,,,,,,,,,,,,,,,,,,,,,,,,,,,,,,,,,,,,,,,,,,,,,,,,,,,,,,,,,,,,,,,,,,,,,,,,,,,,,,,,,,,,,,,,,,,,,,,,,,,,,,,,,,,,,,,,,,,,,,,,,,,,,,,,,,,,,,,,,,,,,,,,,,,,,
1273478908125939,100063915262618,Sodigaztg,"Ton gaz a fini pile au moment où la sauce commençait à bouillir ? 😩
Pas besoin de courir jusqu’à la station !

Ouvre l’appli Gozem, clique, et ton gaz Sodigaz arrivera chez toi. Lomé est entièrement couverte on t’a dit ! 😉

👉🏾 TOUTES NOS BOUTEILLES SONT DISPONIBLES EN LIVRAISON VIA GOZEM

#Sodigaz #Livraison #GazTogo",,0,"09/24/2025 03:49",N/A,https://www.facebook.com/sodigaztogo/posts/pfbid02t6oZbAfqdDtpNSL7PexdqjYQ5pcgzYkiK7afju8EKz8HZ6eW7sZQpf9CAF1BaW9ml,0,0,Photos,,,,,Global,9233,6248,412,405,4,3,137,80,6,51,,811,8422,4460,5790,0,0,0,0,0,0,0,0,0,0,0,0,0,0,0,0,0,0,0,0,,,,,,,,,,,,,,,,,,,,,,,,,,,,,,,,,,,,,,,,,,,,,,,,,,,,,,,,,,,,,,,,,,,,,,,,,,,,,,,,,,,,,,,,,,,,,,,,,,,,,,,,,,,,,,,,,,,,,,,,,,,,,,,,,,,,,,,,,,,,,,,,,,,,,,,,,,,,,,,,,,,,,,,,,,,,,,,,,,,,,,,,,,,,,,,,,,,,,,,,,,
1271046835035813,100063915262618,Sodigaztg,"Question sérieuse 🤣

Entre ta meilleure amie et une bouteille de gaz Sodigaz qui ne te lâche jamais… tu choisis qui ?

Réponds honnêtement hein, on ne juge pas ! 😂

#Sodigaz #Gaz #GazTogo",,0,"09/21/2025 08:48",N/A,https://www.facebook.com/sodigaztogo/posts/pfbid02jY1MDEP4UMwVb8s7Uxc5LMCJA49UqKeydRXCMnHd7naEms9HmaRn84H3JNEAth2hl,0,0,Photos,,,,,Global,896,537,23,10,11,2,18,16,2,,,896,0,537,0,0,0,0,0,0,0,0,0,0,0,0,0,0,0,0,0,0,0,0,0,,,,,,,,,,,,,,,,,,,,,,,,,,,,,,,,,,,,,,,,,,,,,,,,,,,,,,,,,,,,,,,,,,,,,,,,,,,,,,,,,,,,,,,,,,,,,,,,,,,,,,,,,,,,,,,,,,,,,,,,,,,,,,,,,,,,,,,,,,,,,,,,,,,,,,,,,,,,,,,,,,,,,,,,,,,,,,,,,,,,,,,,,,,,,,,,,,,,,,,,,,
1267215812085582,100063915262618,Sodigaztg,"À l’occasion d’Agbogbozan, Sodigaz est là pour vous accompagner ! 🥳

Promo spéciale du 1er au 30 septembre, dans tous nos points de vente à Notse.

Regardez le visuel, on a tout mis dedans pour que vous ne ratiez rien. 😉

#Sodigaz #Promo #FeteTraditionelle #GazTogo",,0,"09/17/2025 03:28",N/A,https://www.facebook.com/sodigaztogo/posts/pfbid02tyodMp8bB6TcJEzwrNBiYx9mPbKh1xhmtFVqwcGw9CsRJGKrZiLy9j7dvE7156iul,0,0,Photos,,,,,Global,1019,556,21,14,0,7,29,12,17,,,1019,0,556,0,0,0,0,0,0,0,0,0,0,0,0,0,0,0,0,0,0,0,0,0,,,,,,,,,,,,,,,,,,,,,,,,,,,,,,,,,,,,,,,,,,,,,,,,,,,,,,,,,,,,,,,,,,,,,,,,,,,,,,,,,,,,,,,,,,,,,,,,,,,,,,,,,,,,,,,,,,,,,,,,,,,,,,,,,,,,,,,,,,,,,,,,,,,,,,,,,,,,,,,,,,,,,,,,,,,,,,,,,,,,,,,,,,,,,,,,,,,,,,,,,,
1266357365504760,100063915262618,Sodigaztg,"Ce matin, certaines mamans ont chanté l’hymne national avec plus de joie que les enfants eux-mêmes. 😂
La maison redevient calme, la cuisine respire… et même le gaz a l’air de dire : « ouf ! »

Bonne rentrée à tous nos petits champions, et courage aux parents.

#Sodigaz #Gaz #RentreeScolaire #GazTogo",,0,"09/16/2025 03:46",N/A,https://www.facebook.com/sodigaztogo/posts/pfbid0bDByJTbbaihbW621axbV7iA2NJfhmEr8sfsigPGTgNpdg45QjF3yGoMQ724odfxgl,0,0,Photos,,,,,Global,723,418,22,18,2,2,14,7,7,,,723,0,418,0,0,0,0,0,0,0,0,0,0,0,0,0,0,0,0,0,0,0,0,0,,,,,,,,,,,,,,,,,,,,,,,,,,,,,,,,,,,,,,,,,,,,,,,,,,,,,,,,,,,,,,,,,,,,,,,,,,,,,,,,,,,,,,,,,,,,,,,,,,,,,,,,,,,,,,,,,,,,,,,,,,,,,,,,,,,,,,,,,,,,,,,,,,,,,,,,,,,,,,,,,,,,,,,,,,,,,,,,,,,,,,,,,,,,,,,,,,,,,,,,,,
1265512768922553,100063915262618,Sodigaztg,"La rentrée, c’est souvent les dépenses qui s’accumulent… 

Mais bonne nouvelle, 😎 SODIGAZ vous offre un petit coup de pouce. Les packs B03, B06 et même les foyers sont en promo… bref, c’est le moment de remplir vos bouteilles sans vider vos poches.

👉🏾 Tous les détails sont sur le visuel.

#Sodigaz #Gaz #SodigazTogo #GazTogo",,0,"09/15/2025 04:46",N/A,https://www.facebook.com/sodigaztogo/posts/pfbid02EBkPSFKwyjppzBEn2m83UaixYZkCAH5akPKE3U5F44dPaE21KXbg528528zNko5El,0,0,Photos,,,,,Global,2252,1280,40,24,2,14,183,73,110,,,2252,0,1280,0,0,0,0,0,0,0,0,0,0,0,0,0,0,0,0,0,0,0,0,0,,,,,,,,,,,,,,,,,,,,,,,,,,,,,,,,,,,,,,,,,,,,,,,,,,,,,,,,,,,,,,,,,,,,,,,,,,,,,,,,,,,,,,,,,,,,,,,,,,,,,,,,,,,,,,,,,,,,,,,,,,,,,,,,,,,,,,,,,,,,,,,,,,,,,,,,,,,,,,,,,,,,,,,,,,,,,,,,,,,,,,,,,,,,,,,,,,,,,,,,,,
1264022979071532,100063915262618,Sodigaztg,"Parents, on a pensé à vous pour la rentrée.

Au lieu de cuisiner chaque soir dans la précipitation et voir votre bouteille se vider plus vite que prévu, préparez 3 ou 4 plats d’avance le week-end.

Vous avez moins de stress, moins de gaz consommé… et plus de soirées tranquilles. 🙃 Essayez, vous verrez : ça change tout !

👉🏾 TOUTES NOS BOUTEILLES SONT DISPONIBLE DANS LES STATIONS ZENER ET EN LIVRAISON VIA GOZEM

#Sodigaz #AstureRentree #GazTogo",,0,"09/13/2025 09:44",N/A,https://www.facebook.com/sodigaztogo/posts/pfbid02g6G9VncNKsgherTimC2d3WiJkr1TisixEywh29QgoqX7eDdXkfxv7EZgLTmgLrsql,0,0,Photos,,,,,Global,657,401,24,12,4,8,14,12,2,,,657,0,401,0,0,0,0,0,0,0,0,0,0,0,0,0,0,0,0,0,0,0,0,0,,,,,,,,,,,,,,,,,,,,,,,,,,,,,,,,,,,,,,,,,,,,,,,,,,,,,,,,,,,,,,,,,,,,,,,,,,,,,,,,,,,,,,,,,,,,,,,,,,,,,,,,,,,,,,,,,,,,,,,,,,,,,,,,,,,,,,,,,,,,,,,,,,,,,,,,,,,,,,,,,,,,,,,,,,,,,,,,,,,,,,,,,,,,,,,,,,,,,,,,,,
1262953552511808,100063915262618,Sodigaztg,"Qui se rappeles quand mamie était aux fourneaux ? Tu pouvais être dehors en train de jouer, mais dès que l’odeur du djekoumé ou du akoumé avec Adémé traversait la cour… ton ventre sonnait l’alarme direct. 🤭

Et quand tu voulais goûter un peu trop tôt, elle te lançait ce regard qui disait : « Va poser la cuillère sinon je t’attrape ! » 😂❤️

#Sodigaz #Souvenirs #GazTogo",,0,"09/12/2025 04:20",N/A,https://www.facebook.com/sodigaztogo/posts/pfbid02hxvdxCw2DN4nY7FrqPXC1jCEVikJhLYVGSn1DxQVmxSR6DLar5GSY2AbDLdxd8ubl,0,0,Photos,,,,,Global,690,423,28,16,5,7,7,5,2,,,690,0,423,0,0,0,0,0,0,0,0,0,0,0,0,0,0,0,0,0,0,0,0,0,,,,,,,,,,,,,,,,,,,,,,,,,,,,,,,,,,,,,,,,,,,,,,,,,,,,,,,,,,,,,,,,,,,,,,,,,,,,,,,,,,,,,,,,,,,,,,,,,,,,,,,,,,,,,,,,,,,,,,,,,,,,,,,,,,,,,,,,,,,,,,,,,,,,,,,,,,,,,,,,,,,,,,,,,,,,,,,,,,,,,,,,,,,,,,,,,,,,,,,,,,
1261251096015387,100063915262618,Sodigaztg,"Question rapide pour les vrais de vrais : tu sais combien de formats de bouteilles Sodigaz existent ? 😎

Réponds-nous en commentaire.

#Sodigaz #Gaz #SodigazTogo #GazTogo",,0,"09/10/2025 07:10",N/A,https://www.facebook.com/sodigaztogo/posts/pfbid0K8KMPGejT2njRLZnY4EkxzFd56nLpwzg5W597itJUaWhhvK4TKHhw4sG1RoGecUul,0,0,Photos,,,,,Global,1087,671,23,7,15,1,21,18,3,,,1087,0,671,0,0,0,0,0,0,0,0,0,0,0,0,0,0,0,0,0,0,0,0,0,,,,,,,,,,,,,,,,,,,,,,,,,,,,,,,,,,,,,,,,,,,,,,,,,,,,,,,,,,,,,,,,,,,,,,,,,,,,,,,,,,,,,,,,,,,,,,,,,,,,,,,,,,,,,,,,,,,,,,,,,,,,,,,,,,,,,,,,,,,,,,,,,,,,,,,,,,,,,,,,,,,,,,,,,,,,,,,,,,,,,,,,,,,,,,,,,,,,,,,,,,
1260272919446538,100063915262618,Sodigaztg,"Ça t’es déjà arrivé d’être en plein milieu d’une sauce bien lancée… et paf, la grande bouteille dit bye-bye ? 😩

Si oui, ne swipe pas ce post. Nous avons maintenant la solution. C’est le moment de te procurer ta petite 3 ou 6 kg en secours. 

Elle sauve des repas et évite les crises !

📞 Contactez-nous au 90 22 54 56 pour plus d’infos.

👉🏾 DISPONIBLE DANS LES STATIONS ZENER ET EN LIVRAISON VIA GOZEM

#Sodigaz #Gaz #SodigazTogo #GazTogo",,0,"09/09/2025 04:36",N/A,https://www.facebook.com/sodigaztogo/posts/pfbid02ydSjWCa9KTh9TLj4cTTYZ86JKw74CJ8zcu3KPrGLiSM4rtnKZPtXWJjSVEWEYWeAl,0,0,Photos,,,,,Global,19027,13743,518,486,17,15,570,420,13,137,,3145,15882,10262,11968,0,0,0,0,0,0,0,0,0,0,0,0,0,0,0,0,0,0,0,0,,,,,,,,,,,,,,,,,,,,,,,,,,,,,,,,,,,,,,,,,,,,,,,,,,,,,,,,,,,,,,,,,,,,,,,,,,,,,,,,,,,,,,,,,,,,,,,,,,,,,,,,,,,,,,,,,,,,,,,,,,,,,,,,,,,,,,,,,,,,,,,,,,,,,,,,,,,,,,,,,,,,,,,,,,,,,,,,,,,,,,,,,,,,,,,,,,,,,,,,,,
1257912789682551,100063915262618,Sodigaztg,"On passait juste hein … 🤣

Bon week-end les amis !

#Sodigaz #Gaz #SodigazTogo #GazTogo",,0,"09/06/2025 06:31",N/A,https://www.facebook.com/sodigaztogo/posts/pfbid02DjKWoCgVJvoh1nzen56FczQL9V3TDt2SCvrkkxheirtmZF32xoNzEoPTbxAauzYJl,0,0,Photos,,,,,Global,659,438,11,9,0,2,4,1,3,,,659,0,438,0,0,0,0,0,0,0,0,0,0,0,0,0,0,0,0,0,0,0,0,0,,,,,,,,,,,,,,,,,,,,,,,,,,,,,,,,,,,,,,,,,,,,,,,,,,,,,,,,,,,,,,,,,,,,,,,,,,,,,,,,,,,,,,,,,,,,,,,,,,,,,,,,,,,,,,,,,,,,,,,,,,,,,,,,,,,,,,,,,,,,,,,,,,,,,,,,,,,,,,,,,,,,,,,,,,,,,,,,,,,,,,,,,,,,,,,,,,,,,,,,,,
1226852746121889,100063915262618,Sodigaztg,"Tu connais ce moment où il te reste juste 1000F, mais tu dois manger matin, midi, soir ?

Dis-nous : toi, tu peux préparer 
quoi avec 1000F quand c’est chaud comme ça ?

Laisse ton idée en commentaire, ça peut sauver une vie 

#Sodigaz #Gaz #SodigazTogo #GazTogo",,0,"08/01/2025 04:07",N/A,https://www.facebook.com/sodigaztogo/posts/pfbid0KQb9RU79n63uJiw58r4Cxy9PpFFTA4ocSiaGB895LwTGkN7QZ6fF7MiHCXVUUnvsl,0,0,Photos,,,,,Global,752,489,36,10,4,22,6,4,2,,,752,0,489,0,0,0,0,0,0,0,0,0,0,0,0,0,0,0,0,0,0,0,0,0,,,,,,,,,,,,,,,,,,,,,,,,,,,,,,,,,,,,,,,,,,,,,,,,,,,,,,,,,,,,,,,,,,,,,,,,,,,,,,,,,,,,,,,,,,,,,,,,,,,,,,,,,,,,,,,,,,,,,,,,,,,,,,,,,,,,,,,,,,,,,,,,,,,,,,,,,,,,,,,,,,,,,,,,,,,,,,,,,,,,,,,,,,,,,,,,,,,,,,,,,,,
1226852496121914,100063915262618,Sodigaztg,"Tu connais ce moment où il te reste juste 1000F, mais tu dois manger matin, midi, soir ?

Dis-nous : toi, tu peux préparer 
quoi avec 1000F quand c’est chaud comme ça ?

Laisse ton idée en commentaire, ça peut sauver une vie 

#Sodigaz #Gaz #SodigazTogo #GazTogo",,0,"08/01/2025 04:06",N/A,https://www.facebook.com/sodigaztogo/posts/pfbid0epSJC1JtBK8tknsYq6QKtSy6bvKK3W6hMuB66q4TSMg3bvqnn8dryEJkMkm41Nfkl,0,0,Photos,,,,,Global,370,263,11,9,0,2,0,,,,,370,0,263,0,0,0,0,0,0,0,0,0,0,0,0,0,0,0,0,0,0,0,0,0,,,,,,,,,,,,,,,,,,,,,,,,,,,,,,,,,,,,,,,,,,,,,,,,,,,,,,,,,,,,,,,,,,,,,,,,,,,,,,,,,,,,,,,,,,,,,,,,,,,,,,,,,,,,,,,,,,,,,,,,,,,,,,,,,,,,,,,,,,,,,,,,,,,,,,,,,,,,,,,,,,,,,,,,,,,,,,,,,,,,,,,,,,,,,,,,,,,,,,,,,,,
1254546823352481,100063915262618,Sodigaztg,"La petite qui ne va jamais te laisser même quand tu galères. 🤭

Elle ne prend pas de place, elle ne coûte pas un bras et surtout… elle ne te lâche jamais.

📞 Contactez-nous au 90 22 54 56 pour plus d’infos.

👉🏾 DISPONIBLE DANS LES STATIONS ZENER ET EN LIVRAISON VIA GOZEM

#Sodigaz #Gaz #SodigazTogo #GazTogo",,0,"09/02/2025 07:57",N/A,https://www.facebook.com/sodigaztogo/posts/pfbid06xvsHUTWxAkhKTadzcujwHMaSD55kzZ89fEtH8y7dXDBXN2L6ZpAUJvKnNti7DRil,0,0,Photos,,,,,Global,5466,3076,52,37,12,3,199,170,29,,,5466,0,3076,0,0,0,0,0,0,0,0,0,0,0,0,0,0,0,0,0,0,0,0,0,,,,,,,,,,,,,,,,,,,,,,,,,,,,,,,,,,,,,,,,,,,,,,,,,,,,,,,,,,,,,,,,,,,,,,,,,,,,,,,,,,,,,,,,,,,,,,,,,,,,,,,,,,,,,,,,,,,,,,,,,,,,,,,,,,,,,,,,,,,,,,,,,,,,,,,,,,,,,,,,,,,,,,,,,,,,,,,,,,,,,,,,,,,,,,,,,,,,,,,,,,,
1250322317108265,100063915262618,Sodigaztg,"Tu tiens un resto, une pâtisserie, un maquis, ou même un snack de quartier ? Tu fais des gâteaux à la chaîne, ou tu tournes des casseroles du matin au soir ?

Dans ton métier, le gaz ne doit jamais te lâcher. C’est là que la bouteille de 50Kg entre en scène.

Elle te donne : plus d’autonomie, moins de recharges fréquentes et une cuisson continue et stable pour tous tes plats.

Petites ou grandes cuisines, pro ou artisan… Avec la 50Kg, tu cuisines sans stress. Et tu gagnes en productivité.

📞 Contactez-nous au 90 22 54 56 pour plus d’infos.

👉🏾 DISPONIBLE DANS LES STATIONS ZENER ET EN LIVRAISON VIA GOZEM

#Sodigaz #Gaz #SodigazTogo #GazTogo",,0,"08/28/2025 05:41",N/A,https://www.facebook.com/sodigaztogo/posts/pfbid022QRQfPbD1NEXDy9ZnDpt8iUPoJv4BLFTdk5mTsTyPNnu2M6mBVZcm6CBW9jebWrml,0,0,Photos,,,,,Global,2293,1366,35,28,5,2,50,34,16,,,2293,0,1366,0,0,0,0,0,0,0,0,0,0,0,0,0,0,0,0,0,0,0,0,0,,,,,,,,,,,,,,,,,,,,,,,,,,,,,,,,,,,,,,,,,,,,,,,,,,,,,,,,,,,,,,,,,,,,,,,,,,,,,,,,,,,,,,,,,,,,,,,,,,,,,,,,,,,,,,,,,,,,,,,,,,,,,,,,,,,,,,,,,,,,,,,,,,,,,,,,,,,,,,,,,,,,,,,,,,,,,,,,,,,,,,,,,,,,,,,,,,,,,,,,,,,
1249579457182551,100063915262618,Sodigaztg,"Grâce à Sodigaz, la flamme ne s’est jamais arrêtée !

Plus de 3000 plats partagés en 13 jours ! On a vu des sourires, des files interminables et une chef infatigable.

Notre mission ? Fournir l’énergie, soutenir l’événement et partager ces beaux moments avec vous. Et voir ces sourires autour des assiettes, c’est la plus belle récompense ! ❤️

#Sodigaz #TeamSodigaz #LaurenceAssignon f#GuinnessRecord",,0,"08/27/2025 07:15",N/A,https://www.facebook.com/sodigaztogo/posts/pfbid0wbcEMykasw4QmxqzJ6gJUmyHuQfyoTJ2gELdWZYybQgaWuQoqVtck36hHEdAKWwbl,0,0,Photos,,,,,Global,2193,1231,34,31,0,3,124,45,79,,,2193,0,1231,0,0,0,0,0,0,0,0,0,0,0,0,0,0,0,0,0,0,0,0,0,,,,,,,,,,,,,,,,,,,,,,,,,,,,,,,,,,,,,,,,,,,,,,,,,,,,,,,,,,,,,,,,,,,,,,,,,,,,,,,,,,,,,,,,,,,,,,,,,,,,,,,,,,,,,,,,,,,,,,,,,,,,,,,,,,,,,,,,,,,,,,,,,,,,,,,,,,,,,,,,,,,,,,,,,,,,,,,,,,,,,,,,,,,,,,,,,,,,,,,,,,,
1248788247261672,100063915262618,Sodigaztg,"Si tu es passé sur notre stand pendant le Guinness Record, tu sais que ce n’était pas que du sérieux…

On était venus pour vivre l’événement, on est repartis avec des souvenirs plein la tête.

#Sodigaz #TeamSodigaz #GuinnessRecord","Si tu es passé sur notre stand pendant le Guinness Record, tu sais que ce n’était pas que du sérieux…

On était venus pour vivre l’événement, on est repartis avec des souvenirs plein la tête.

#Sodigaz #TeamSodigaz #GuinnessRecord",23,"08/26/2025 09:30",N/A,https://www.facebook.com/sodigaztogo/videos/1133989475292161/,0,0,Vidéos,,,,,Global,279,264,12,11,0,1,4,4,,,,275,0,264,0,120,0,112,0,0,120,0,0,0,0,697.858,26.235,949.464,0,6.979,2.385,7.248,0,0,0,,,1673.557,6.915,0,0,0,0.98,0.98,0.98,0.99,0.89,0.78,0.7,0.6,0.54,0.52,0.48,0.4,0.38,0.33,0.32,0.28,0.27,0.27,0.24,0.24,0.23,0.21,0.19,0.18,0.15,,,,,,,,,,,,,,,,,1,1,1,1,1,1,1,1,1,1,1,1,1,1,1,1,1,1,0.94,0.94,0.88,0.82,0.76,0.7,0.61,,,,,,,,,,,,,,,,,30,17,25,14,9,5,4,11,,1,1,2,108,4,,1,2,,2,,,,,,,1,1,,,,,,,,,,,,,,,,,,1,,,,,,,,,,,,,,,,,,,,,,,,,,,,,,,,,,,,,,,,,,,,,,,,,,,,,,,,,,,,,,,,,,,,,
1246040837536413,100063915262618,Sodigaztg,"On a mis le dos dans l’affaire de Sodigaz et Guinness Records.

Répondez présent si vous êtes passés sur notre stand. 🤭

#Sodigaz #TeamSodigaz #GuinnessRecord","On a mis le dos dans l’affaire de Sodigaz et Guinness Records.

Répondez présent si vous êtes passés sur notre stand. 🤭

#Sodigaz #TeamSodigaz #GuinnessRecord",20,"08/23/2025 05:27",N/A,https://www.facebook.com/sodigaztogo/videos/1765544294079275/,0,0,Vidéos,,,,,Global,306,310,13,13,0,0,4,4,,,,303,0,310,0,119,0,116,0,0,119,0,0,0,0,374.053,0,1130.91,0,3.668,0,6.463,0,0,0,,,1504.963,5.433,0,0,0,0.99,1,1,1,0.81,0.63,0.55,0.45,0.4,0.37,0.34,0.3,0.26,0.24,0.24,0.24,0.22,0.17,0.16,0.15,0.12,,,,,,,,,,,,,,,,,,,,,1,1,1,1,1,1,1,1,1,1,1,1,1,1,1,1,0.93,0.73,0.7,0.67,0.53,,,,,,,,,,,,,,,,,,,,,47,17,17,12,13,5,5,2,,1,,,107,2,1,2,1,,4,,,,,,,,1,,,,,,,,,,,,,,,,,,,,,1,,,,,,,,,,,,,,,,,,,,,,,,,,,,,,,,,,,,,,,,,,,,,,,,,,,,,,,,,,,,,,,,,,
1243351317805365,100063915262618,Sodigaztg,"Sur le site du Guinness Record, on ne fait pas que tenir la flamme : on rigole, on partage, on offre des cadeaux et on garde des souvenirs de folie avec vous ! 😎

Merci à tous ceux qui passent nous voir, qui prennent une photo, qui repartent avec un sourire et parfois un cadeau. 😉 L’aventure continue et la flamme Sodigaz ne faiblit pas une seconde !

#Sodigaz #TeamSodigaz #GuinnessRecord",,0,"08/20/2025 03:17",N/A,https://www.facebook.com/sodigaztogo/posts/pfbid02MmkrC2o2DbcFppdaoYhA5WuAPTi9v87z6v2kT1XScqS4GRavgE26GusD6DJRab3il,0,0,Photos,,,,,Global,1733,1010,38,33,2,3,143,59,84,,,1733,0,1010,0,0,0,0,0,0,0,0,0,0,0,0,0,0,0,0,0,0,0,0,0,,,,,,,,,,,,,,,,,,,,,,,,,,,,,,,,,,,,,,,,,,,,,,,,,,,,,,,,,,,,,,,,,,,,,,,,,,,,,,,,,,,,,,,,,,,,,,,,,,,,,,,,,,,,,,,,,,,,,,,,,,,,,,,,,,,,,,,,,,,,,,,,,,,,,,,,,,,,,,,,,,,,,,,,,,,,,,,,,,,,,,,,,,,,,,,,,,,,,,,,,,,
1242616454545518,100063915262618,Sodigaztg,"Mangez local avec Daba. 😋 

#Sodigaz #GazOfficiel #TogoWorldGuinessRecord #LaurenceAssignon","Mangez local avec Daba. 😋 

#Sodigaz #GazOfficiel #TogoWorldGuinessRecord #LaurenceAssignon",11,"08/19/2025 07:58",mixed,https://www.facebook.com/sodigaztogo/videos/2291597984614801/,0,0,Vidéos,,,,,Global,482,354,12,12,0,0,9,9,,,,480,0,354,0,199,0,191,0,0,199,0,0,0,0,459.826,0,1730.079,0,4.219,0,6.68,0,0,0,,,2189.905,5.95,0,0,0,1,1,1,1,0.93,0.77,0.66,0.63,0.58,0.54,0.51,0.48,0.43,,,,,,,,,,,,,,,,,,,,,,,,,,,,,1,1,1,1,1,1,1,1,1,1,1,1,0.97,,,,,,,,,,,,,,,,,,,,,,,,,,,,,50,49,37,10,17,8,10,6,2,5,2,2,168,6,1,1,7,1,1,,,3,,,1,,,,,,,,,,,,,,,,,2,,,1,,2,1,,,,1,,,1,,,1,,,,,,,,,,,,,,,,,,,,,,,,,1,,,,,,,,,,,,,,,,,,,,,,,,,,,,,,,
1242557711218059,100063915262618,Sodigaztg,"On est avec toi Laurence Assignon ! 💪🏾

#Sodigaz #GazOfficiel #TogoWorldGuinessRecord #LaurenceAssignon","On est avec toi Laurence Assignon ! 💪🏾

#Sodigaz #GazOfficiel #TogoWorldGuinessRecord #LaurenceAssignon",18,"08/19/2025 06:39",N/A,https://www.facebook.com/sodigaztogo/videos/655108710356395/,0,0,Vidéos,,,,,Global,446,279,14,12,2,0,7,7,,,,441,0,279,0,186,0,172,0,0,186,0,0,0,0,1286.306,0,1415.375,0,6.126,0,9.564,0,0,0,,,2701.681,7.546,0,0,0,0.99,0.99,0.99,0.99,0.93,0.77,0.67,0.61,0.58,0.53,0.49,0.45,0.4,0.38,0.37,0.34,0.32,0.32,0.3,0.27,0.22,,,,,,,,,,,,,,,,,,,,,1,1,1,1,1,1,1,1,1,1,1,1,1,1,1,1,1,1,0.93,0.88,0.68,,,,,,,,,,,,,,,,,,,,,48,20,48,20,17,6,5,14,3,2,1,1,142,20,3,1,3,,3,,,,,2,,,2,,,,1,,,,1,,1,1,,,,1,,1,1,,1,1,,,,1,,,,,,,,,,,,,,,,,,,,,,,,,,,,,,,,,,,,,,,,,,,,,,,,,,,,,,,,,,,,,,
1241734857967011,100063915262618,Sodigaztg,"À ton avis, combien de plats ont déjà été cuisinés pendant le record jusqu’à ce jour ? 

Laisse ton chiffre en commentaire, le plus proche gagne une surprise Sodigaz ! 

#Sodigaz #GazOfficiel #TogoWorldGuinessRecord #LaurenceAssignon",,0,"08/18/2025 07:52",N/A,https://www.facebook.com/sodigaztogo/posts/pfbid02WurzKnH4XJXAWu9akryjzNwyLfcov9WQaV3qUrQ3hjTxmgchLyksBR8a1A3QromAl,0,0,Photos,,,,,Global,629,380,20,13,3,4,12,10,2,,,629,0,380,0,0,0,0,0,0,0,0,0,0,0,0,0,0,0,0,0,0,0,0,0,,,,,,,,,,,,,,,,,,,,,,,,,,,,,,,,,,,,,,,,,,,,,,,,,,,,,,,,,,,,,,,,,,,,,,,,,,,,,,,,,,,,,,,,,,,,,,,,,,,,,,,,,,,,,,,,,,,,,,,,,,,,,,,,,,,,,,,,,,,,,,,,,,,,,,,,,,,,,,,,,,,,,,,,,,,,,,,,,,,,,,,,,,,,,,,,,,,,,,,,,,,
1240699064737257,100063915262618,Sodigaztg,"Tous pour le soutien de Laurence Assignon. 💪🏾

#Sodigaz #GazOfficiel #TogoWorldGuinessRecord #LaurenceAssignon","Tous pour le soutien de Laurence Assignon. 💪🏾

#Sodigaz #GazOfficiel #TogoWorldGuinessRecord #LaurenceAssignon",16,"08/17/2025 03:43",N/A,https://www.facebook.com/sodigaztogo/videos/768066285771713/,0,0,Vidéos,,,,,Global,1365,1088,47,43,2,2,57,57,,,,1361,0,1088,0,631,0,595,0,0,631,0,0,0,0,3431.544,100.717,5610.819,0,6.919,4.797,10.315,0,0,0,,,9143.08,8.617,0,0,0,0.99,0.99,0.99,0.99,1,0.85,0.85,0.77,0.72,0.68,0.65,0.65,0.6,0.52,0.48,0.45,0.45,0.43,0.42,0.38,0.36,,,,,,,,,,,,,,,,,,,,,1,1,1,1,1,1,1,1,1,1,1,1,1,1,1,1,0.95,,,,,,,,,,,,,,,,,,,,,,,,,191,114,126,37,67,15,21,21,9,16,8,3,534,13,7,4,20,1,9,1,1,10,1,1,3,1,1,,,1,1,,,,,3,,,5,,,3,,,,1,1,1,1,,,,,,,,,1,,1,,1,,,,,,,,,,,1,,,,1,,,,,,,,,1,,,,,,,,,,,,,,,,,,,,,,,,,,,,1
1240237898116707,100063915262618,Sodigaztg,"Vivisésé togbaaaa ! 😎

#Sodigaz #GazOfficiel #TogoWorldGuinessRecord #LaurenceAssignon","Vivisésé togbaaaa ! 😎

#Sodigaz #GazOfficiel #TogoWorldGuinessRecord #LaurenceAssignon",25,"08/16/2025 14:09",mixed,https://www.facebook.com/sodigaztogo/videos/1992020234883388/,0,0,Vidéos,,,,,Global,690,564,29,21,6,2,19,19,,,,690,0,564,0,360,0,341,0,0,360,0,0,0,0,1974.227,814.187,2325.611,0,7.507,6.729,10.62,0,0,0,,,5114.025,8.48,0,0,0,0.99,0.99,0.99,0.99,0.95,0.88,0.76,0.68,0.62,0.56,0.52,0.48,0.39,0.35,0.32,0.31,0.29,0.28,0.26,0.26,0.25,0.24,0.23,0.21,0.2,0.19,0.18,0.16,0.15,,,,,,,,,,,,,1,1,1,1,1,1,1,1,1,1,1,1,1,1,1,1,1,1,0.96,0.94,0.92,0.85,0.82,0.76,0.74,0.7,0.64,0.59,0.56,,,,,,,,,,,,,101,76,56,23,29,24,11,14,4,12,4,4,279,11,5,7,11,3,9,1,,5,,1,1,2,3,,,,1,,,,1,2,,1,4,3,,,,,1,,1,2,1,,,1,,,1,,,2,,,,,,,,,,,,,,,,,,,1,,,,,,,,,,,,,,,,,,,,,,,,,,,,,,,,,,,,,
1239788498161647,100063915262618,Sodigaztg,"Guinness World Record à Lomé. 🔥

Depuis plus de 100h, la cheffe togolaise Laurence Assignon relève un défi incroyable : cuisiner sans interruption +10 jours pour battre le record mondial.
Zener est fier de l’accompagner avec la marque Sodigaz : bouteille officielle de l’événement.

Nous vous invitons à vivre ce moment unique et à venir découvrir notre stand aux couleurs de Sodigaz, avec la participation spéciale de Daba. Dégustations, animations, jeux concours, dégustation spéciale, bonne humeur garantie.

📍 CETEF – A partir de 14h

#Sodigaz #Zener #EspritZener #FiertéNationale #EnergiePositive #Marquetogolaise #Energie",,0,"08/16/2025 02:41",N/A,https://www.facebook.com/sodigaztogo/posts/pfbid02PB7nwnS21g9ZzD46frs9NrBv4vsAZtB6veFs5EqiTwJSeZwszEiYNSCkdjjeJacGl,0,0,Photos,,,,,Global,1660,995,45,36,5,4,36,25,11,,,1660,0,995,0,0,0,0,0,0,0,0,0,0,0,0,0,0,0,0,0,0,0,0,0,,,,,,,,,,,,,,,,,,,,,,,,,,,,,,,,,,,,,,,,,,,,,,,,,,,,,,,,,,,,,,,,,,,,,,,,,,,,,,,,,,,,,,,,,,,,,,,,,,,,,,,,,,,,,,,,,,,,,,,,,,,,,,,,,,,,,,,,,,,,,,,,,,,,,,,,,,,,,,,,,,,,,,,,,,,,,,,,,,,,,,,,,,,,,,,,,,,,,,,,,,,
1239010838239413,100063915262618,Sodigaztg,"La bouteille qui n’abandonne jamais, notre héros du jour !

Plus forte que Superman, elle tient la flamme même dans les moments les plus chauds. 

Êtes-vous déjà venu soutenir notre championne ?

#Sodigaz #GazOfficiel #TogoWorldGuinessRecord #LaurenceAssignon",,0,"08/15/2025 05:04",N/A,https://www.facebook.com/sodigaztogo/posts/pfbid02TZU8w2rE2VzeQpFkRFnGa33fu9vvUj7HEmvw56v6LTq3rgRpaCage6N6YU9D97Qxl,0,0,Photos,,,,,Global,316,220,12,10,0,2,3,2,1,,,316,0,220,0,0,0,0,0,0,0,0,0,0,0,0,0,0,0,0,0,0,0,0,0,,,,,,,,,,,,,,,,,,,,,,,,,,,,,,,,,,,,,,,,,,,,,,,,,,,,,,,,,,,,,,,,,,,,,,,,,,,,,,,,,,,,,,,,,,,,,,,,,,,,,,,,,,,,,,,,,,,,,,,,,,,,,,,,,,,,,,,,,,,,,,,,,,,,,,,,,,,,,,,,,,,,,,,,,,,,,,,,,,,,,,,,,,,,,,,,,,,,,,,,,,,
1237220305085133,100063915262618,Sodigaztg,"10 jours, des dizaines de plats… Tu penses que ça fait combien exactement ?

Donne ton chiffre en commentaire et tente de deviner le record ! 

#Sodigaz #GazOfficiel #TogoWorldGuinessRecord #LaurenceAssignon",,0,"08/13/2025 04:46",N/A,https://www.facebook.com/sodigaztogo/posts/pfbid02jchifwqNPmA9qyhYSog11T3ShQs5SqXDjJGJ9zv8pr6tgKuqg72WTUr6hhdeBHJGl,0,0,Photos,,,,,Global,630,402,17,13,1,3,8,5,3,,,630,0,402,0,0,0,0,0,0,0,0,0,0,0,0,0,0,0,0,0,0,0,0,0,,,,,,,,,,,,,,,,,,,,,,,,,,,,,,,,,,,,,,,,,,,,,,,,,,,,,,,,,,,,,,,,,,,,,,,,,,,,,,,,,,,,,,,,,,,,,,,,,,,,,,,,,,,,,,,,,,,,,,,,,,,,,,,,,,,,,,,,,,,,,,,,,,,,,,,,,,,,,,,,,,,,,,,,,,,,,,,,,,,,,,,,,,,,,,,,,,,,,,,,,,,
1236601765146987,100063915262618,Sodigaztg,"Quand il faut tenir la flamme pendant 10 jours, on ne rigole pas ! 😎

Avec Sodigaz, c’est la puissance assurée pour battre tous les records. 💪🏾

#Sodigaz #GazOfficiel #TogoWorldGuinessRecord #LaurenceAssignon",,0,"08/12/2025 10:33",N/A,https://www.facebook.com/sodigaztogo/posts/pfbid022zvzCCStXwER6TqeRXZVB2A1VaWV2TR9My2r4rVMm57aK7bycJWTCYgNtuMGXC1jl,0,0,Photos,,,,,Global,812,537,15,12,1,2,10,6,4,,,812,0,537,0,0,0,0,0,0,0,0,0,0,0,0,0,0,0,0,0,0,0,0,0,,,,,,,,,,,,,,,,,,,,,,,,,,,,,,,,,,,,,,,,,,,,,,,,,,,,,,,,,,,,,,,,,,,,,,,,,,,,,,,,,,,,,,,,,,,,,,,,,,,,,,,,,,,,,,,,,,,,,,,,,,,,,,,,,,,,,,,,,,,,,,,,,,,,,,,,,,,,,,,,,,,,,,,,,,,,,,,,,,,,,,,,,,,,,,,,,,,,,,,,,,,
1236394718501025,100063915262618,Sodigaztg,"Pendant que la flamme Sodigaz brûle fort, on veut savoir : Est-ce que vous suivez le Guinness Record ? 👀

Parmi ces spécialités traditionnelles, quel premier plat Mme Laurence Assignon a-t-elle préparé pour ce challenge ?

➡️ Ayimolou
➡️ La pâte
➡️ Le djekoumé
➡️ Le galifoto

Donnez votre réponse en commentaire ! 

#Sodigaz #GazOfficiel #TogoWorldGuinessRecord #LaurenceAssignon",,0,"08/12/2025 05:35",N/A,https://www.facebook.com/sodigaztogo/posts/pfbid09TjySyba8RszqAArju6FtjoY5Vyne9nxLAGxT2SYcz6jakCvH8D9Pg4MGgshuEmpl,0,0,Photos,,,,,Global,3451,2006,65,30,31,4,185,164,21,,,3451,0,2006,0,0,0,0,0,0,0,0,0,0,0,0,0,0,0,0,0,0,0,0,0,,,,,,,,,,,,,,,,,,,,,,,,,,,,,,,,,,,,,,,,,,,,,,,,,,,,,,,,,,,,,,,,,,,,,,,,,,,,,,,,,,,,,,,,,,,,,,,,,,,,,,,,,,,,,,,,,,,,,,,,,,,,,,,,,,,,,,,,,,,,,,,,,,,,,,,,,,,,,,,,,,,,,,,,,,,,,,,,,,,,,,,,,,,,,,,,,,,,,,,,,,,
1235428428597654,100063915262618,Sodigaztg,"Aujourd’hui, on ne cuisine pas juste… on écrit l’Histoire !

On est fiers d’accompagner Laurence Assignon dans sa tentative de Guinness World Record… et elle a décidé de partager ça avec vous. ❤️

Au menu ce soir, deux plats qui font vibrer le Togo : Le Sifio qui réunit les familles & Le Spaghetti rouge.

À 18h, on sort 10 assiettes gratuites sur notre stand Sodigaz… et on veut que ça parte dans la bonne humeur, les rires et les photos souvenirs.

Viens goûter, viens encourager Laurence, viens mettre l’ambiance avec nous. Parce que ce record, c’est aussi celui du Togo… et il se vit ensemble. 🇹🇬

#Sodigaz #GazOfficiel #TogoWorldGuinessRecord #LaurenceAssignon",,0,"08/11/2025 03:34",N/A,https://www.facebook.com/sodigaztogo/posts/pfbid032hEp9NvLYgxG26nw5SptdtdLEs3fgZvarfkWDMywzt32NmDwG32h74NTybTp7i4Jl,0,0,Photos,,,,,Global,4983,2937,97,79,11,7,200,137,63,,,4983,0,2937,0,0,0,0,0,0,0,0,0,0,0,0,0,0,0,0,0,0,0,0,0,,,,,,,,,,,,,,,,,,,,,,,,,,,,,,,,,,,,,,,,,,,,,,,,,,,,,,,,,,,,,,,,,,,,,,,,,,,,,,,,,,,,,,,,,,,,,,,,,,,,,,,,,,,,,,,,,,,,,,,,,,,,,,,,,,,,,,,,,,,,,,,,,,,,,,,,,,,,,,,,,,,,,,,,,,,,,,,,,,,,,,,,,,,,,,,,,,,,,,,,,,,
1233875382086292,100063915262618,Sodigaztg,"Record mondial de cuisine au Togo… devine qui met le feu ? 🤭

Ce dimanche, on entre dans l’histoire. Et nous… on chauffe la scène ! 🔥

#Sodigaz #GazOfficiel #GuinnessRecordTogo",,0,"08/09/2025 07:08",N/A,https://www.facebook.com/sodigaztogo/posts/pfbid02uayG4Jo7x6LcHuQs1mBUjA7zHZ96TdYf7BAhXS81aqBFnJgS3rcaAkNeeVdKH1vsl,0,0,Photos,,,,,Global,3305,2030,62,50,4,8,52,33,19,,,3305,0,2030,0,0,0,0,0,0,0,0,0,0,0,0,0,0,0,0,0,0,0,0,0,,,,,,,,,,,,,,,,,,,,,,,,,,,,,,,,,,,,,,,,,,,,,,,,,,,,,,,,,,,,,,,,,,,,,,,,,,,,,,,,,,,,,,,,,,,,,,,,,,,,,,,,,,,,,,,,,,,,,,,,,,,,,,,,,,,,,,,,,,,,,,,,,,,,,,,,,,,,,,,,,,,,,,,,,,,,,,,,,,,,,,,,,,,,,,,,,,,,,,,,,,,
1232361602237670,100063915262618,Sodigaztg,"Zener est au FESMA 🤩

Les chefs sont à l’honneur sur ce festival et nous, on veille à ce qu’ils ne manquent jamais de gaz pour régaler les papilles ! 😌

Viens découvrir nos solutions gaz, poser des questions, rigoler un peu et peut-être restocker tes bouteilles de gaz 🔥

#Sodigaz #Zener #Energie #Gaz #Festival #FESMA2025",,0,"08/07/2025 12:10",N/A,https://www.facebook.com/sodigaztogo/posts/pfbid02gbK3KhNRGk3ZXYytmf9HY61yMnyW7VNCjRGRQYJQWGpif3xx8RwcENMqrBV7UAS7l,0,0,Photos,,,,,Global,675,470,16,13,1,2,8,5,3,,,675,0,470,0,0,0,0,0,0,0,0,0,0,0,0,0,0,0,0,0,0,0,0,0,,,,,,,,,,,,,,,,,,,,,,,,,,,,,,,,,,,,,,,,,,,,,,,,,,,,,,,,,,,,,,,,,,,,,,,,,,,,,,,,,,,,,,,,,,,,,,,,,,,,,,,,,,,,,,,,,,,,,,,,,,,,,,,,,,,,,,,,,,,,,,,,,,,,,,,,,,,,,,,,,,,,,,,,,,,,,,,,,,,,,,,,,,,,,,,,,,,,,,,,,,,
1232029178937579,100063915262618,Sodigaztg,"Tu viens d’acheter ta bouteille ?

Avant de partir, check ce carrousel pour savoir comment la transporter sans danger.

Ta sécurité, c’est aussi notre priorité. 🙌🏾

👉🏾 DISPONIBLE DANS LES STATIONS ZENER ET EN LIVRAISON VIA GOZEM

#Sodigaz #Gaz #SodigazTogo #GazTogo",,0,"08/07/2025 03:37",N/A,https://www.facebook.com/sodigaztogo/posts/pfbid0Pv9XErhPDw2ACxNhpGZNp3F6cKYFtB4kPX8PTxDNaagui3XiuoynZbRHRfFLWywWl,0,0,Photos,,,,,Global,479,305,16,13,0,3,29,16,13,,,479,0,305,0,0,0,0,0,0,0,0,0,0,0,0,0,0,0,0,0,0,0,0,0,,,,,,,,,,,,,,,,,,,,,,,,,,,,,,,,,,,,,,,,,,,,,,,,,,,,,,,,,,,,,,,,,,,,,,,,,,,,,,,,,,,,,,,,,,,,,,,,,,,,,,,,,,,,,,,,,,,,,,,,,,,,,,,,,,,,,,,,,,,,,,,,,,,,,,,,,,,,,,,,,,,,,,,,,,,,,,,,,,,,,,,,,,,,,,,,,,,,,,,,,,,
1230390092434821,100063915262618,Sodigaztg,"Elle s’appelle Sikavi.
Elle ne parle pas fort, mais elle t’accompagne partout. Petite, légère, toujours dispo quand le budget est serré.

Que tu sois étudiant, jeune actif, ou en mode “on gère comme on peut” :
Sikavi, c’est la femme qu’il te faut. Elle est fidèle, portable et ne te laisse jamais tomber. 😌

Qui a déjà été sauvé par elle ? 

📞 Contactez-nous au 90 22 54 56 pour plus d’infos.

👉🏾 DISPONIBLE DANS LES STATIONS ZENER ET EN LIVRAISON VIA GOZEM

#Sodigaz #Gaz #SodigazTogo #GazTogo",,0,"08/05/2025 04:28",N/A,https://www.facebook.com/sodigaztogo/posts/pfbid0gqcrWEVxUoZLC1AGYUyifZaRz6TpT92M8HdizxGmbKikCgsmuDAKtRkaujtcgothl,0,0,Photos,,,,,Global,1493,1078,24,11,0,13,26,13,13,,,1493,0,1078,0,0,0,0,0,0,0,0,0,0,0,0,0,0,0,0,0,0,0,0,0,,,,,,,,,,,,,,,,,,,,,,,,,,,,,,,,,,,,,,,,,,,,,,,,,,,,,,,,,,,,,,,,,,,,,,,,,,,,,,,,,,,,,,,,,,,,,,,,,,,,,,,,,,,,,,,,,,,,,,,,,,,,,,,,,,,,,,,,,,,,,,,,,,,,,,,,,,,,,,,,,,,,,,,,,,,,,,,,,,,,,,,,,,,,,,,,,,,,,,,,,,,
